/Users/evergreen/miniforge3/envs/py3_12/lib/python3.12/site-packages/requests/__init__.py:113: RequestsDependencyWarning: urllib3 (2.6.2) or chardet (6.0.0.post1)/charset_normalizer (3.4.4) doesn't match a supported version!
  warnings.warn(
/Users/evergreen/miniforge3/envs/py3_12/lib/python3.12/site-packages/pydantic/_internal/_generate_schema.py:2249: UnsupportedFieldAttributeWarning: The 'repr' attribute with value False was provided to the `Field()` function, which has no effect in the context it was used. 'repr' is field-specific metadata, and can only be attached to a model field using `Annotated` metadata or by assignment. This may have happened because an `Annotated` type alias using the `type` statement was used, or if the `Field()` function was attached to a single member of a union type.
  warnings.warn(
/Users/evergreen/miniforge3/envs/py3_12/lib/python3.12/site-packages/pydantic/_internal/_generate_schema.py:2249: UnsupportedFieldAttributeWarning: The 'frozen' attribute with value True was provided to the `Field()` function, which has no effect in the context it was used. 'frozen' is field-specific metadata, and can only be attached to a model field using `Annotated` metadata or by assignment. This may have happened because an `Annotated` type alias using the `type` statement was used, or if the `Field()` function was attached to a single member of a union type.
  warnings.warn(
2026-04-21 00:27:58,118 - nanochat.common - [32m[1mINFO[0m - Distributed world size: 1

                                                       █████                █████
                                                      ░░███                ░░███
     ████████    ██████   ████████    ██████   ██████  ░███████    ██████  ███████
    ░░███░░███  ░░░░░███ ░░███░░███  ███░░███ ███░░███ ░███░░███  ░░░░░███░░░███░
     ░███ ░███   ███████  ░███ ░███ ░███ ░███░███ ░░░  ░███ ░███   ███████  ░███
     ░███ ░███  ███░░███  ░███ ░███ ░███ ░███░███  ███ ░███ ░███  ███░░███  ░███ ███
     ████ █████░░████████ ████ █████░░██████ ░░██████  ████ █████░░███████  ░░█████
    ░░░░ ░░░░░  ░░░░░░░░ ░░░░ ░░░░░  ░░░░░░   ░░░░░░  ░░░░ ░░░░░  ░░░░░░░░   ░░░░░
    
Autodetected device type: mps
COMPUTE_DTYPE: torch.float32 (auto-detected: no CUDA (CPU/MPS))
!!!!!!!!!!!!!!!!!!!!!!!!!!!!!!!!!!!!!!!!!!!!!!!!!!!!!!!!!!!!!!!!!!!!!!!!!!!!!!!!
WARNING: Flash Attention 3 not available, using PyTorch SDPA fallback
WARNING: Training will be less efficient without FA3
WARNING: SDPA has no support for sliding window attention (window_pattern='SSSL'). Your GPU utilization will be terrible.
WARNING: Recommend using --window-pattern L for full context attention without alternating sliding window patterns.
!!!!!!!!!!!!!!!!!!!!!!!!!!!!!!!!!!!!!!!!!!!!!!!!!!!!!!!!!!!!!!!!!!!!!!!!!!!!!!!!
Vocab size: 32,768
Model config:
{
  "sequence_len": 512,
  "vocab_size": 32768,
  "n_layer": 4,
  "n_head": 1,
  "n_kv_head": 1,
  "n_embd": 128,
  "window_pattern": "SSSL",
  "mlp_activation": "relu_squared"
}
Attention c_proj init: gaussian, std=1/sqrt(n_embd)
MLP activation: relu_squared
MLP c_proj init: gaussian, std=1/sqrt(4*n_embd)
Skipping torch.compile on MPS because the Metal backend is still experimental
Parameter counts:
wte                     : 4,194,304
value_embeds            : 8,388,608
lm_head                 : 4,194,304
transformer_matrices    : 786,456
scalars                 : 34
total                   : 17,563,706
Estimated FLOPs per token: 3.126082e+07
Scaling LRs by 0.0442 for batch size 1,024 (reference: 524,288)
Scaling weight decay from 0.280000 to 0.084016 for depth 4
Scaling the LR for the AdamW parameters ∝1/√(128/768) = 2.449490
Using user-provided number of iterations: 1,000
Total number of training tokens: 1,024,000
Tokens : Scaling params ratio: 0.21
Total training FLOPs estimate: 3.201108e+13
Tokens / micro-batch / rank: 1 x 512 = 512
Tokens / micro-batch: 512
Total batch size 1,024 => gradient accumulation steps: 2
step 00000/01000 (0.00%) | loss: 10.397029 | lrm: 0.03 | dt: 604.10ms | tok/sec: 1,695 | bf16_mfu: 0.00 | epoch: 1 pq: 0 rg: 0 | total time: 0.00m
step 00001/01000 (0.10%) | loss: 10.396819 | lrm: 0.05 | dt: 115.87ms | tok/sec: 8,837 | bf16_mfu: 0.00 | epoch: 1 pq: 0 rg: 0 | total time: 0.00m
step 00002/01000 (0.20%) | loss: 10.397423 | lrm: 0.07 | dt: 101.57ms | tok/sec: 10,081 | bf16_mfu: 0.00 | epoch: 1 pq: 0 rg: 0 | total time: 0.00m
step 00003/01000 (0.30%) | loss: 10.397454 | lrm: 0.10 | dt: 101.01ms | tok/sec: 10,137 | bf16_mfu: 0.00 | epoch: 1 pq: 0 rg: 0 | total time: 0.00m
step 00004/01000 (0.40%) | loss: 10.397285 | lrm: 0.12 | dt: 100.61ms | tok/sec: 10,178 | bf16_mfu: 0.00 | epoch: 1 pq: 0 rg: 0 | total time: 0.00m
step 00005/01000 (0.50%) | loss: 10.396828 | lrm: 0.15 | dt: 117.24ms | tok/sec: 8,734 | bf16_mfu: 0.00 | epoch: 1 pq: 0 rg: 1 | total time: 0.00m
step 00006/01000 (0.60%) | loss: 10.395979 | lrm: 0.17 | dt: 100.86ms | tok/sec: 10,152 | bf16_mfu: 0.00 | epoch: 1 pq: 0 rg: 1 | total time: 0.00m
step 00007/01000 (0.70%) | loss: 10.395101 | lrm: 0.20 | dt: 101.98ms | tok/sec: 10,041 | bf16_mfu: 0.00 | epoch: 1 pq: 0 rg: 1 | total time: 0.00m
step 00008/01000 (0.80%) | loss: 10.393972 | lrm: 0.23 | dt: 101.60ms | tok/sec: 10,078 | bf16_mfu: 0.00 | epoch: 1 pq: 0 rg: 1 | total time: 0.00m
step 00009/01000 (0.90%) | loss: 10.392677 | lrm: 0.25 | dt: 100.77ms | tok/sec: 10,161 | bf16_mfu: 0.00 | epoch: 1 pq: 0 rg: 1 | total time: 0.00m
step 00010/01000 (1.00%) | loss: 10.391437 | lrm: 0.28 | dt: 102.95ms | tok/sec: 9,946 | bf16_mfu: 0.00 | epoch: 1 pq: 0 rg: 1 | total time: 0.00m
step 00011/01000 (1.10%) | loss: 10.389248 | lrm: 0.30 | dt: 101.71ms | tok/sec: 10,067 | bf16_mfu: 0.00 | epoch: 1 pq: 0 rg: 1 | total time: 0.00m | eta: 1.7m
step 00012/01000 (1.20%) | loss: 10.385522 | lrm: 0.33 | dt: 102.17ms | tok/sec: 10,022 | bf16_mfu: 0.00 | epoch: 1 pq: 0 rg: 1 | total time: 0.00m | eta: 1.7m
step 00013/01000 (1.30%) | loss: 10.381550 | lrm: 0.35 | dt: 101.92ms | tok/sec: 10,047 | bf16_mfu: 0.00 | epoch: 1 pq: 0 rg: 1 | total time: 0.01m | eta: 1.7m
step 00014/01000 (1.40%) | loss: 10.376689 | lrm: 0.38 | dt: 101.70ms | tok/sec: 10,069 | bf16_mfu: 0.00 | epoch: 1 pq: 0 rg: 1 | total time: 0.01m | eta: 1.7m
step 00015/01000 (1.50%) | loss: 10.370343 | lrm: 0.40 | dt: 102.15ms | tok/sec: 10,024 | bf16_mfu: 0.00 | epoch: 1 pq: 0 rg: 1 | total time: 0.01m | eta: 1.7m
step 00016/01000 (1.60%) | loss: 10.361922 | lrm: 0.42 | dt: 101.62ms | tok/sec: 10,077 | bf16_mfu: 0.00 | epoch: 1 pq: 0 rg: 1 | total time: 0.01m | eta: 1.7m
step 00017/01000 (1.70%) | loss: 10.349344 | lrm: 0.45 | dt: 101.85ms | tok/sec: 10,053 | bf16_mfu: 0.00 | epoch: 1 pq: 0 rg: 1 | total time: 0.01m | eta: 1.7m
step 00018/01000 (1.80%) | loss: 10.333660 | lrm: 0.47 | dt: 101.61ms | tok/sec: 10,077 | bf16_mfu: 0.00 | epoch: 1 pq: 0 rg: 1 | total time: 0.01m | eta: 1.7m
step 00019/01000 (1.90%) | loss: 10.321192 | lrm: 0.50 | dt: 101.45ms | tok/sec: 10,093 | bf16_mfu: 0.00 | epoch: 1 pq: 0 rg: 1 | total time: 0.02m | eta: 1.7m
step 00020/01000 (2.00%) | loss: 10.300665 | lrm: 0.53 | dt: 102.72ms | tok/sec: 9,968 | bf16_mfu: 0.00 | epoch: 1 pq: 0 rg: 1 | total time: 0.02m | eta: 1.7m
step 00021/01000 (2.10%) | loss: 10.277536 | lrm: 0.55 | dt: 105.03ms | tok/sec: 9,749 | bf16_mfu: 0.00 | epoch: 1 pq: 0 rg: 1 | total time: 0.02m | eta: 1.7m
step 00022/01000 (2.20%) | loss: 10.246494 | lrm: 0.57 | dt: 105.29ms | tok/sec: 9,725 | bf16_mfu: 0.00 | epoch: 1 pq: 0 rg: 1 | total time: 0.02m | eta: 1.7m
step 00023/01000 (2.30%) | loss: 10.215135 | lrm: 0.60 | dt: 107.56ms | tok/sec: 9,520 | bf16_mfu: 0.00 | epoch: 1 pq: 0 rg: 1 | total time: 0.02m | eta: 1.7m
step 00024/01000 (2.40%) | loss: 10.184145 | lrm: 0.62 | dt: 115.96ms | tok/sec: 8,830 | bf16_mfu: 0.00 | epoch: 1 pq: 0 rg: 1 | total time: 0.02m | eta: 1.7m
step 00025/01000 (2.50%) | loss: 10.151582 | lrm: 0.65 | dt: 123.10ms | tok/sec: 8,318 | bf16_mfu: 0.00 | epoch: 1 pq: 0 rg: 1 | total time: 0.03m | eta: 1.7m
step 00026/01000 (2.60%) | loss: 10.114198 | lrm: 0.68 | dt: 154.32ms | tok/sec: 6,635 | bf16_mfu: 0.00 | epoch: 1 pq: 0 rg: 1 | total time: 0.03m | eta: 1.8m
step 00027/01000 (2.70%) | loss: 10.062653 | lrm: 0.70 | dt: 666.82ms | tok/sec: 1,535 | bf16_mfu: 0.00 | epoch: 1 pq: 0 rg: 1 | total time: 0.04m | eta: 2.3m
step 00028/01000 (2.80%) | loss: 10.012486 | lrm: 0.72 | dt: 739.45ms | tok/sec: 1,384 | bf16_mfu: 0.00 | epoch: 1 pq: 0 rg: 1 | total time: 0.05m | eta: 2.8m
step 00029/01000 (2.90%) | loss: 9.970826 | lrm: 0.75 | dt: 539.80ms | tok/sec: 1,896 | bf16_mfu: 0.00 | epoch: 1 pq: 0 rg: 1 | total time: 0.06m | eta: 3.1m
step 00030/01000 (3.00%) | loss: 9.904432 | lrm: 0.78 | dt: 217.54ms | tok/sec: 4,707 | bf16_mfu: 0.00 | epoch: 1 pq: 0 rg: 1 | total time: 0.06m | eta: 3.1m
step 00031/01000 (3.10%) | loss: 9.857591 | lrm: 0.80 | dt: 195.16ms | tok/sec: 5,246 | bf16_mfu: 0.00 | epoch: 1 pq: 0 rg: 1 | total time: 0.07m | eta: 3.1m
step 00032/01000 (3.20%) | loss: 9.813209 | lrm: 0.82 | dt: 183.26ms | tok/sec: 5,587 | bf16_mfu: 0.00 | epoch: 1 pq: 0 rg: 1 | total time: 0.07m | eta: 3.1m
step 00033/01000 (3.30%) | loss: 9.743920 | lrm: 0.85 | dt: 187.72ms | tok/sec: 5,454 | bf16_mfu: 0.00 | epoch: 1 pq: 0 rg: 1 | total time: 0.07m | eta: 3.1m
step 00034/01000 (3.40%) | loss: 9.669846 | lrm: 0.88 | dt: 147.56ms | tok/sec: 6,939 | bf16_mfu: 0.00 | epoch: 1 pq: 0 rg: 1 | total time: 0.08m | eta: 3.1m
step 00035/01000 (3.50%) | loss: 9.613651 | lrm: 0.90 | dt: 161.55ms | tok/sec: 6,338 | bf16_mfu: 0.00 | epoch: 1 pq: 0 rg: 1 | total time: 0.08m | eta: 3.1m
step 00036/01000 (3.60%) | loss: 9.583389 | lrm: 0.93 | dt: 161.68ms | tok/sec: 6,333 | bf16_mfu: 0.00 | epoch: 1 pq: 0 rg: 1 | total time: 0.08m | eta: 3.0m
step 00037/01000 (3.70%) | loss: 9.499431 | lrm: 0.95 | dt: 196.59ms | tok/sec: 5,208 | bf16_mfu: 0.00 | epoch: 1 pq: 0 rg: 1 | total time: 0.09m | eta: 3.0m
step 00038/01000 (3.80%) | loss: 9.424383 | lrm: 0.97 | dt: 161.69ms | tok/sec: 6,333 | bf16_mfu: 0.00 | epoch: 1 pq: 0 rg: 1 | total time: 0.09m | eta: 3.0m
step 00039/01000 (3.90%) | loss: 9.365783 | lrm: 1.00 | dt: 176.94ms | tok/sec: 5,787 | bf16_mfu: 0.00 | epoch: 1 pq: 0 rg: 1 | total time: 0.09m | eta: 3.0m
step 00040/01000 (4.00%) | loss: 9.315985 | lrm: 1.00 | dt: 188.08ms | tok/sec: 5,444 | bf16_mfu: 0.00 | epoch: 1 pq: 0 rg: 1 | total time: 0.09m | eta: 3.0m
step 00041/01000 (4.10%) | loss: 9.254997 | lrm: 1.00 | dt: 195.53ms | tok/sec: 5,237 | bf16_mfu: 0.00 | epoch: 1 pq: 0 rg: 1 | total time: 0.10m | eta: 3.0m
step 00042/01000 (4.20%) | loss: 9.182113 | lrm: 1.00 | dt: 206.91ms | tok/sec: 4,948 | bf16_mfu: 0.00 | epoch: 1 pq: 0 rg: 1 | total time: 0.10m | eta: 3.0m
step 00043/01000 (4.30%) | loss: 9.109393 | lrm: 1.00 | dt: 239.51ms | tok/sec: 4,275 | bf16_mfu: 0.00 | epoch: 1 pq: 0 rg: 1 | total time: 0.10m | eta: 3.0m
step 00044/01000 (4.40%) | loss: 9.034271 | lrm: 1.00 | dt: 377.97ms | tok/sec: 2,709 | bf16_mfu: 0.00 | epoch: 1 pq: 0 rg: 1 | total time: 0.11m | eta: 3.1m
step 00045/01000 (4.50%) | loss: 8.991841 | lrm: 1.00 | dt: 689.90ms | tok/sec: 1,484 | bf16_mfu: 0.00 | epoch: 1 pq: 0 rg: 1 | total time: 0.12m | eta: 3.3m
step 00046/01000 (4.60%) | loss: 8.927501 | lrm: 1.00 | dt: 442.34ms | tok/sec: 2,314 | bf16_mfu: 0.00 | epoch: 1 pq: 0 rg: 1 | total time: 0.13m | eta: 3.4m
step 00047/01000 (4.70%) | loss: 8.861894 | lrm: 1.00 | dt: 352.11ms | tok/sec: 2,908 | bf16_mfu: 0.00 | epoch: 1 pq: 0 rg: 1 | total time: 0.14m | eta: 3.5m
step 00048/01000 (4.80%) | loss: 8.818750 | lrm: 1.00 | dt: 320.28ms | tok/sec: 3,197 | bf16_mfu: 0.00 | epoch: 1 pq: 0 rg: 1 | total time: 0.14m | eta: 3.5m
step 00049/01000 (4.90%) | loss: 8.743040 | lrm: 1.00 | dt: 342.47ms | tok/sec: 2,990 | bf16_mfu: 0.00 | epoch: 1 pq: 0 rg: 1 | total time: 0.15m | eta: 3.6m
step 00050/01000 (5.00%) | loss: 8.672414 | lrm: 1.00 | dt: 295.48ms | tok/sec: 3,465 | bf16_mfu: 0.00 | epoch: 1 pq: 0 rg: 1 | total time: 0.15m | eta: 3.6m
step 00051/01000 (5.10%) | loss: 8.622850 | lrm: 1.00 | dt: 264.39ms | tok/sec: 3,873 | bf16_mfu: 0.00 | epoch: 1 pq: 0 rg: 1 | total time: 0.16m | eta: 3.6m
step 00052/01000 (5.20%) | loss: 8.569629 | lrm: 1.00 | dt: 317.80ms | tok/sec: 3,222 | bf16_mfu: 0.00 | epoch: 1 pq: 0 rg: 1 | total time: 0.16m | eta: 3.6m
step 00053/01000 (5.30%) | loss: 8.507835 | lrm: 1.00 | dt: 343.10ms | tok/sec: 2,984 | bf16_mfu: 0.00 | epoch: 1 pq: 0 rg: 1 | total time: 0.17m | eta: 3.7m
step 00054/01000 (5.40%) | loss: 8.467394 | lrm: 1.00 | dt: 329.88ms | tok/sec: 3,104 | bf16_mfu: 0.00 | epoch: 1 pq: 0 rg: 1 | total time: 0.17m | eta: 3.7m
step 00055/01000 (5.50%) | loss: 8.440000 | lrm: 1.00 | dt: 588.51ms | tok/sec: 1,739 | bf16_mfu: 0.00 | epoch: 1 pq: 0 rg: 1 | total time: 0.18m | eta: 3.8m
step 00056/01000 (5.60%) | loss: 8.397129 | lrm: 1.00 | dt: 707.51ms | tok/sec: 1,447 | bf16_mfu: 0.00 | epoch: 1 pq: 0 rg: 1 | total time: 0.19m | eta: 4.0m
step 00057/01000 (5.70%) | loss: 8.359170 | lrm: 1.00 | dt: 660.06ms | tok/sec: 1,551 | bf16_mfu: 0.00 | epoch: 1 pq: 0 rg: 1 | total time: 0.21m | eta: 4.1m
step 00058/01000 (5.80%) | loss: 8.279443 | lrm: 1.00 | dt: 450.35ms | tok/sec: 2,273 | bf16_mfu: 0.00 | epoch: 1 pq: 0 rg: 1 | total time: 0.21m | eta: 4.2m
step 00059/01000 (5.90%) | loss: 8.235679 | lrm: 1.00 | dt: 275.91ms | tok/sec: 3,711 | bf16_mfu: 0.00 | epoch: 1 pq: 0 rg: 1 | total time: 0.22m | eta: 4.2m
step 00060/01000 (6.00%) | loss: 8.175990 | lrm: 1.00 | dt: 352.92ms | tok/sec: 2,901 | bf16_mfu: 0.00 | epoch: 1 pq: 0 rg: 1 | total time: 0.22m | eta: 4.2m
step 00061/01000 (6.10%) | loss: 8.133024 | lrm: 1.00 | dt: 851.66ms | tok/sec: 1,202 | bf16_mfu: 0.00 | epoch: 1 pq: 0 rg: 1 | total time: 0.24m | eta: 4.4m
step 00062/01000 (6.20%) | loss: 8.114370 | lrm: 1.00 | dt: 522.95ms | tok/sec: 1,958 | bf16_mfu: 0.00 | epoch: 1 pq: 0 rg: 1 | total time: 0.25m | eta: 4.4m
step 00063/01000 (6.30%) | loss: 8.104556 | lrm: 1.00 | dt: 758.06ms | tok/sec: 1,350 | bf16_mfu: 0.00 | epoch: 1 pq: 0 rg: 1 | total time: 0.26m | eta: 4.6m
step 00064/01000 (6.40%) | loss: 8.031670 | lrm: 1.00 | dt: 1034.74ms | tok/sec: 989 | bf16_mfu: 0.00 | epoch: 1 pq: 0 rg: 1 | total time: 0.28m | eta: 4.8m
step 00065/01000 (6.50%) | loss: 8.016098 | lrm: 1.00 | dt: 1015.92ms | tok/sec: 1,007 | bf16_mfu: 0.00 | epoch: 1 pq: 0 rg: 1 | total time: 0.29m | eta: 5.0m
step 00066/01000 (6.60%) | loss: 7.994476 | lrm: 1.00 | dt: 765.56ms | tok/sec: 1,337 | bf16_mfu: 0.00 | epoch: 1 pq: 0 rg: 1 | total time: 0.31m | eta: 5.1m
step 00067/01000 (6.70%) | loss: 7.957150 | lrm: 1.00 | dt: 654.54ms | tok/sec: 1,564 | bf16_mfu: 0.00 | epoch: 1 pq: 0 rg: 1 | total time: 0.32m | eta: 5.2m
step 00068/01000 (6.80%) | loss: 7.938624 | lrm: 1.00 | dt: 720.42ms | tok/sec: 1,421 | bf16_mfu: 0.00 | epoch: 1 pq: 0 rg: 1 | total time: 0.33m | eta: 5.3m
step 00069/01000 (6.90%) | loss: 7.907640 | lrm: 1.00 | dt: 1042.36ms | tok/sec: 982 | bf16_mfu: 0.00 | epoch: 1 pq: 0 rg: 1 | total time: 0.35m | eta: 5.5m
step 00070/01000 (7.00%) | loss: 7.882429 | lrm: 1.00 | dt: 1033.01ms | tok/sec: 991 | bf16_mfu: 0.00 | epoch: 1 pq: 0 rg: 1 | total time: 0.36m | eta: 5.6m
step 00071/01000 (7.10%) | loss: 7.877066 | lrm: 1.00 | dt: 1016.93ms | tok/sec: 1,006 | bf16_mfu: 0.00 | epoch: 1 pq: 0 rg: 1 | total time: 0.38m | eta: 5.8m
step 00072/01000 (7.20%) | loss: 7.985636 | lrm: 1.00 | dt: 1081.17ms | tok/sec: 947 | bf16_mfu: 0.00 | epoch: 1 pq: 0 rg: 1 | total time: 0.40m | eta: 6.0m
step 00073/01000 (7.30%) | loss: 7.949240 | lrm: 1.00 | dt: 1082.95ms | tok/sec: 945 | bf16_mfu: 0.00 | epoch: 1 pq: 0 rg: 1 | total time: 0.42m | eta: 6.1m
step 00074/01000 (7.40%) | loss: 7.899037 | lrm: 1.00 | dt: 1417.01ms | tok/sec: 722 | bf16_mfu: 0.00 | epoch: 1 pq: 0 rg: 1 | total time: 0.44m | eta: 6.4m
step 00075/01000 (7.50%) | loss: 7.918149 | lrm: 1.00 | dt: 703.71ms | tok/sec: 1,455 | bf16_mfu: 0.00 | epoch: 1 pq: 0 rg: 1 | total time: 0.45m | eta: 6.4m
step 00076/01000 (7.60%) | loss: 7.865321 | lrm: 1.00 | dt: 695.00ms | tok/sec: 1,473 | bf16_mfu: 0.00 | epoch: 1 pq: 0 rg: 1 | total time: 0.46m | eta: 6.5m
step 00077/01000 (7.70%) | loss: 7.875130 | lrm: 1.00 | dt: 878.91ms | tok/sec: 1,165 | bf16_mfu: 0.00 | epoch: 1 pq: 0 rg: 1 | total time: 0.48m | eta: 6.6m
step 00078/01000 (7.80%) | loss: 7.830825 | lrm: 1.00 | dt: 1033.84ms | tok/sec: 990 | bf16_mfu: 0.00 | epoch: 1 pq: 0 rg: 1 | total time: 0.50m | eta: 6.7m
step 00079/01000 (7.90%) | loss: 7.825743 | lrm: 1.00 | dt: 889.30ms | tok/sec: 1,151 | bf16_mfu: 0.00 | epoch: 1 pq: 0 rg: 1 | total time: 0.51m | eta: 6.8m
step 00080/01000 (8.00%) | loss: 7.799900 | lrm: 1.00 | dt: 528.10ms | tok/sec: 1,939 | bf16_mfu: 0.00 | epoch: 1 pq: 0 rg: 1 | total time: 0.52m | eta: 6.8m
step 00081/01000 (8.10%) | loss: 7.829757 | lrm: 1.00 | dt: 517.79ms | tok/sec: 1,977 | bf16_mfu: 0.00 | epoch: 1 pq: 0 rg: 1 | total time: 0.53m | eta: 6.8m
step 00082/01000 (8.20%) | loss: 7.853462 | lrm: 1.00 | dt: 700.15ms | tok/sec: 1,462 | bf16_mfu: 0.00 | epoch: 1 pq: 0 rg: 1 | total time: 0.54m | eta: 6.9m
step 00083/01000 (8.30%) | loss: 7.865555 | lrm: 1.00 | dt: 614.86ms | tok/sec: 1,665 | bf16_mfu: 0.00 | epoch: 1 pq: 0 rg: 1 | total time: 0.55m | eta: 6.9m
step 00084/01000 (8.40%) | loss: 7.853252 | lrm: 1.00 | dt: 1267.45ms | tok/sec: 807 | bf16_mfu: 0.00 | epoch: 1 pq: 0 rg: 1 | total time: 0.57m | eta: 7.1m
step 00085/01000 (8.50%) | loss: 7.836315 | lrm: 1.00 | dt: 315.10ms | tok/sec: 3,249 | bf16_mfu: 0.00 | epoch: 1 pq: 0 rg: 1 | total time: 0.58m | eta: 7.0m
step 00086/01000 (8.60%) | loss: 7.841962 | lrm: 1.00 | dt: 296.61ms | tok/sec: 3,452 | bf16_mfu: 0.00 | epoch: 1 pq: 0 rg: 1 | total time: 0.58m | eta: 7.0m
step 00087/01000 (8.70%) | loss: 7.845145 | lrm: 1.00 | dt: 333.80ms | tok/sec: 3,067 | bf16_mfu: 0.00 | epoch: 1 pq: 0 rg: 1 | total time: 0.59m | eta: 7.0m
step 00088/01000 (8.80%) | loss: 7.846395 | lrm: 1.00 | dt: 450.84ms | tok/sec: 2,271 | bf16_mfu: 0.00 | epoch: 1 pq: 0 rg: 1 | total time: 0.59m | eta: 6.9m
step 00089/01000 (8.90%) | loss: 7.816341 | lrm: 1.00 | dt: 730.62ms | tok/sec: 1,401 | bf16_mfu: 0.00 | epoch: 1 pq: 0 rg: 1 | total time: 0.61m | eta: 7.0m
step 00090/01000 (9.00%) | loss: 7.788484 | lrm: 1.00 | dt: 851.49ms | tok/sec: 1,202 | bf16_mfu: 0.00 | epoch: 1 pq: 0 rg: 1 | total time: 0.62m | eta: 7.1m
step 00091/01000 (9.10%) | loss: 7.799332 | lrm: 1.00 | dt: 535.87ms | tok/sec: 1,910 | bf16_mfu: 0.00 | epoch: 1 pq: 0 rg: 1 | total time: 0.63m | eta: 7.1m
step 00092/01000 (9.20%) | loss: 7.790159 | lrm: 1.00 | dt: 456.26ms | tok/sec: 2,244 | bf16_mfu: 0.00 | epoch: 1 pq: 0 rg: 1 | total time: 0.64m | eta: 7.1m
step 00093/01000 (9.30%) | loss: 7.825879 | lrm: 1.00 | dt: 260.72ms | tok/sec: 3,927 | bf16_mfu: 0.00 | epoch: 1 pq: 0 rg: 1 | total time: 0.64m | eta: 7.0m
step 00094/01000 (9.40%) | loss: 7.834457 | lrm: 1.00 | dt: 318.96ms | tok/sec: 3,210 | bf16_mfu: 0.00 | epoch: 1 pq: 0 rg: 1 | total time: 0.65m | eta: 7.0m
step 00095/01000 (9.50%) | loss: 7.830897 | lrm: 1.00 | dt: 284.07ms | tok/sec: 3,604 | bf16_mfu: 0.00 | epoch: 1 pq: 0 rg: 1 | total time: 0.65m | eta: 6.9m
step 00096/01000 (9.60%) | loss: 7.783278 | lrm: 1.00 | dt: 277.87ms | tok/sec: 3,685 | bf16_mfu: 0.00 | epoch: 1 pq: 0 rg: 1 | total time: 0.66m | eta: 6.9m
step 00097/01000 (9.70%) | loss: 7.795045 | lrm: 1.00 | dt: 371.10ms | tok/sec: 2,759 | bf16_mfu: 0.00 | epoch: 1 pq: 0 rg: 1 | total time: 0.66m | eta: 6.9m
step 00098/01000 (9.80%) | loss: 7.782473 | lrm: 1.00 | dt: 512.45ms | tok/sec: 1,998 | bf16_mfu: 0.00 | epoch: 1 pq: 0 rg: 1 | total time: 0.67m | eta: 6.9m
step 00099/01000 (9.90%) | loss: 7.760221 | lrm: 1.00 | dt: 420.27ms | tok/sec: 2,436 | bf16_mfu: 0.00 | epoch: 1 pq: 0 rg: 1 | total time: 0.68m | eta: 6.9m
step 00100/01000 (10.00%) | loss: 7.791077 | lrm: 1.00 | dt: 407.83ms | tok/sec: 2,510 | bf16_mfu: 0.00 | epoch: 1 pq: 0 rg: 1 | total time: 0.68m | eta: 6.8m
step 00101/01000 (10.10%) | loss: 7.811902 | lrm: 1.00 | dt: 314.49ms | tok/sec: 3,256 | bf16_mfu: 0.00 | epoch: 1 pq: 0 rg: 1 | total time: 0.69m | eta: 6.8m
step 00102/01000 (10.20%) | loss: 7.780611 | lrm: 1.00 | dt: 373.68ms | tok/sec: 2,740 | bf16_mfu: 0.00 | epoch: 1 pq: 0 rg: 1 | total time: 0.70m | eta: 6.8m
step 00103/01000 (10.30%) | loss: 7.750828 | lrm: 1.00 | dt: 769.96ms | tok/sec: 1,329 | bf16_mfu: 0.00 | epoch: 1 pq: 0 rg: 1 | total time: 0.71m | eta: 6.8m
step 00104/01000 (10.40%) | loss: 7.756097 | lrm: 1.00 | dt: 268.54ms | tok/sec: 3,813 | bf16_mfu: 0.00 | epoch: 1 pq: 0 rg: 1 | total time: 0.71m | eta: 6.8m
step 00105/01000 (10.50%) | loss: 7.797604 | lrm: 1.00 | dt: 233.62ms | tok/sec: 4,383 | bf16_mfu: 0.00 | epoch: 1 pq: 0 rg: 1 | total time: 0.72m | eta: 6.8m
step 00106/01000 (10.60%) | loss: 7.802243 | lrm: 1.00 | dt: 256.65ms | tok/sec: 3,989 | bf16_mfu: 0.00 | epoch: 1 pq: 0 rg: 1 | total time: 0.72m | eta: 6.7m
step 00107/01000 (10.70%) | loss: 7.792276 | lrm: 1.00 | dt: 286.52ms | tok/sec: 3,573 | bf16_mfu: 0.00 | epoch: 1 pq: 0 rg: 1 | total time: 0.73m | eta: 6.7m
step 00108/01000 (10.80%) | loss: 7.759674 | lrm: 1.00 | dt: 169.74ms | tok/sec: 6,032 | bf16_mfu: 0.00 | epoch: 1 pq: 0 rg: 1 | total time: 0.73m | eta: 6.6m
step 00109/01000 (10.90%) | loss: 7.722451 | lrm: 1.00 | dt: 238.97ms | tok/sec: 4,285 | bf16_mfu: 0.00 | epoch: 1 pq: 0 rg: 1 | total time: 0.73m | eta: 6.6m
step 00110/01000 (11.00%) | loss: 7.719383 | lrm: 1.00 | dt: 344.20ms | tok/sec: 2,975 | bf16_mfu: 0.00 | epoch: 1 pq: 0 rg: 1 | total time: 0.74m | eta: 6.6m
step 00111/01000 (11.10%) | loss: 7.747324 | lrm: 1.00 | dt: 368.74ms | tok/sec: 2,777 | bf16_mfu: 0.00 | epoch: 1 pq: 0 rg: 1 | total time: 0.74m | eta: 6.6m
step 00112/01000 (11.20%) | loss: 7.746138 | lrm: 1.00 | dt: 310.24ms | tok/sec: 3,300 | bf16_mfu: 0.00 | epoch: 1 pq: 0 rg: 1 | total time: 0.75m | eta: 6.5m
step 00113/01000 (11.30%) | loss: 7.723026 | lrm: 1.00 | dt: 355.81ms | tok/sec: 2,877 | bf16_mfu: 0.00 | epoch: 1 pq: 0 rg: 1 | total time: 0.76m | eta: 6.5m
step 00114/01000 (11.40%) | loss: 7.717667 | lrm: 1.00 | dt: 392.40ms | tok/sec: 2,609 | bf16_mfu: 0.00 | epoch: 1 pq: 0 rg: 1 | total time: 0.76m | eta: 6.5m
step 00115/01000 (11.50%) | loss: 7.681777 | lrm: 1.00 | dt: 353.81ms | tok/sec: 2,894 | bf16_mfu: 0.00 | epoch: 1 pq: 0 rg: 1 | total time: 0.77m | eta: 6.5m
step 00116/01000 (11.60%) | loss: 7.691960 | lrm: 1.00 | dt: 253.26ms | tok/sec: 4,043 | bf16_mfu: 0.00 | epoch: 1 pq: 0 rg: 1 | total time: 0.77m | eta: 6.4m
step 00117/01000 (11.70%) | loss: 7.631316 | lrm: 1.00 | dt: 300.92ms | tok/sec: 3,402 | bf16_mfu: 0.00 | epoch: 1 pq: 0 rg: 1 | total time: 0.78m | eta: 6.4m
step 00118/01000 (11.80%) | loss: 7.596419 | lrm: 1.00 | dt: 307.95ms | tok/sec: 3,325 | bf16_mfu: 0.00 | epoch: 1 pq: 0 rg: 1 | total time: 0.78m | eta: 6.4m
step 00119/01000 (11.90%) | loss: 7.614819 | lrm: 1.00 | dt: 206.76ms | tok/sec: 4,952 | bf16_mfu: 0.00 | epoch: 1 pq: 0 rg: 1 | total time: 0.79m | eta: 6.4m
step 00120/01000 (12.00%) | loss: 7.639329 | lrm: 1.00 | dt: 224.92ms | tok/sec: 4,552 | bf16_mfu: 0.00 | epoch: 1 pq: 0 rg: 1 | total time: 0.79m | eta: 6.3m
step 00121/01000 (12.10%) | loss: 7.655925 | lrm: 1.00 | dt: 276.70ms | tok/sec: 3,700 | bf16_mfu: 0.00 | epoch: 1 pq: 0 rg: 1 | total time: 0.79m | eta: 6.3m
step 00122/01000 (12.20%) | loss: 7.644480 | lrm: 1.00 | dt: 264.54ms | tok/sec: 3,870 | bf16_mfu: 0.00 | epoch: 1 pq: 0 rg: 1 | total time: 0.80m | eta: 6.3m
step 00123/01000 (12.30%) | loss: 7.627433 | lrm: 1.00 | dt: 291.98ms | tok/sec: 3,507 | bf16_mfu: 0.00 | epoch: 1 pq: 0 rg: 1 | total time: 0.80m | eta: 6.2m
step 00124/01000 (12.40%) | loss: 7.626969 | lrm: 1.00 | dt: 279.42ms | tok/sec: 3,664 | bf16_mfu: 0.00 | epoch: 1 pq: 0 rg: 1 | total time: 0.81m | eta: 6.2m
step 00125/01000 (12.50%) | loss: 7.625882 | lrm: 1.00 | dt: 293.22ms | tok/sec: 3,492 | bf16_mfu: 0.00 | epoch: 1 pq: 0 rg: 1 | total time: 0.81m | eta: 6.2m
step 00126/01000 (12.60%) | loss: 7.609933 | lrm: 1.00 | dt: 287.06ms | tok/sec: 3,567 | bf16_mfu: 0.00 | epoch: 1 pq: 0 rg: 1 | total time: 0.82m | eta: 6.2m
step 00127/01000 (12.70%) | loss: 7.592291 | lrm: 1.00 | dt: 224.65ms | tok/sec: 4,558 | bf16_mfu: 0.00 | epoch: 1 pq: 0 rg: 1 | total time: 0.82m | eta: 6.1m
step 00128/01000 (12.80%) | loss: 7.595920 | lrm: 1.00 | dt: 262.37ms | tok/sec: 3,902 | bf16_mfu: 0.00 | epoch: 1 pq: 0 rg: 1 | total time: 0.83m | eta: 6.1m
step 00129/01000 (12.90%) | loss: 7.604669 | lrm: 1.00 | dt: 280.12ms | tok/sec: 3,655 | bf16_mfu: 0.00 | epoch: 1 pq: 0 rg: 1 | total time: 0.83m | eta: 6.1m
step 00130/01000 (13.00%) | loss: 7.632015 | lrm: 1.00 | dt: 349.49ms | tok/sec: 2,930 | bf16_mfu: 0.00 | epoch: 1 pq: 0 rg: 1 | total time: 0.84m | eta: 6.1m
step 00131/01000 (13.10%) | loss: 7.632693 | lrm: 1.00 | dt: 220.03ms | tok/sec: 4,653 | bf16_mfu: 0.00 | epoch: 1 pq: 0 rg: 1 | total time: 0.84m | eta: 6.0m
step 00132/01000 (13.20%) | loss: 7.599880 | lrm: 1.00 | dt: 182.09ms | tok/sec: 5,623 | bf16_mfu: 0.00 | epoch: 1 pq: 0 rg: 1 | total time: 0.84m | eta: 6.0m
step 00133/01000 (13.30%) | loss: 7.579138 | lrm: 1.00 | dt: 215.17ms | tok/sec: 4,759 | bf16_mfu: 0.00 | epoch: 1 pq: 0 rg: 1 | total time: 0.85m | eta: 6.0m
step 00134/01000 (13.40%) | loss: 7.548399 | lrm: 1.00 | dt: 231.18ms | tok/sec: 4,429 | bf16_mfu: 0.00 | epoch: 1 pq: 0 rg: 1 | total time: 0.85m | eta: 5.9m
step 00135/01000 (13.50%) | loss: 7.510633 | lrm: 1.00 | dt: 220.65ms | tok/sec: 4,640 | bf16_mfu: 0.00 | epoch: 1 pq: 0 rg: 1 | total time: 0.85m | eta: 5.9m
step 00136/01000 (13.60%) | loss: 7.505502 | lrm: 1.00 | dt: 514.84ms | tok/sec: 1,988 | bf16_mfu: 0.00 | epoch: 1 pq: 0 rg: 1 | total time: 0.86m | eta: 5.9m
step 00137/01000 (13.70%) | loss: 7.561306 | lrm: 1.00 | dt: 159.84ms | tok/sec: 6,406 | bf16_mfu: 0.00 | epoch: 1 pq: 0 rg: 1 | total time: 0.87m | eta: 5.9m
step 00138/01000 (13.80%) | loss: 7.545791 | lrm: 1.00 | dt: 141.08ms | tok/sec: 7,258 | bf16_mfu: 0.00 | epoch: 1 pq: 0 rg: 1 | total time: 0.87m | eta: 5.8m
step 00139/01000 (13.90%) | loss: 7.518279 | lrm: 1.00 | dt: 161.88ms | tok/sec: 6,325 | bf16_mfu: 0.00 | epoch: 1 pq: 0 rg: 1 | total time: 0.87m | eta: 5.8m
step 00140/01000 (14.00%) | loss: 7.563549 | lrm: 1.00 | dt: 165.55ms | tok/sec: 6,185 | bf16_mfu: 0.00 | epoch: 1 pq: 0 rg: 1 | total time: 0.87m | eta: 5.8m
step 00141/01000 (14.10%) | loss: 7.594306 | lrm: 1.00 | dt: 166.74ms | tok/sec: 6,141 | bf16_mfu: 0.00 | epoch: 1 pq: 0 rg: 1 | total time: 0.88m | eta: 5.7m
step 00142/01000 (14.20%) | loss: 7.554932 | lrm: 1.00 | dt: 165.87ms | tok/sec: 6,173 | bf16_mfu: 0.00 | epoch: 1 pq: 0 rg: 1 | total time: 0.88m | eta: 5.7m
step 00143/01000 (14.30%) | loss: 7.563059 | lrm: 1.00 | dt: 169.02ms | tok/sec: 6,058 | bf16_mfu: 0.00 | epoch: 1 pq: 0 rg: 1 | total time: 0.88m | eta: 5.7m
step 00144/01000 (14.40%) | loss: 7.573432 | lrm: 1.00 | dt: 181.95ms | tok/sec: 5,628 | bf16_mfu: 0.00 | epoch: 1 pq: 0 rg: 1 | total time: 0.88m | eta: 5.7m
step 00145/01000 (14.50%) | loss: 7.540846 | lrm: 1.00 | dt: 194.82ms | tok/sec: 5,256 | bf16_mfu: 0.00 | epoch: 1 pq: 0 rg: 1 | total time: 0.89m | eta: 5.6m
step 00146/01000 (14.60%) | loss: 7.523362 | lrm: 1.00 | dt: 226.40ms | tok/sec: 4,522 | bf16_mfu: 0.00 | epoch: 1 pq: 0 rg: 1 | total time: 0.89m | eta: 5.6m
step 00147/01000 (14.70%) | loss: 7.524578 | lrm: 1.00 | dt: 224.91ms | tok/sec: 4,552 | bf16_mfu: 0.00 | epoch: 1 pq: 0 rg: 1 | total time: 0.90m | eta: 5.6m
step 00148/01000 (14.80%) | loss: 7.520628 | lrm: 1.00 | dt: 240.03ms | tok/sec: 4,266 | bf16_mfu: 0.00 | epoch: 1 pq: 0 rg: 1 | total time: 0.90m | eta: 5.6m
step 00149/01000 (14.90%) | loss: 7.513216 | lrm: 1.00 | dt: 246.47ms | tok/sec: 4,154 | bf16_mfu: 0.00 | epoch: 1 pq: 0 rg: 1 | total time: 0.90m | eta: 5.5m
step 00150/01000 (15.00%) | loss: 7.482070 | lrm: 1.00 | dt: 248.75ms | tok/sec: 4,116 | bf16_mfu: 0.00 | epoch: 1 pq: 0 rg: 1 | total time: 0.91m | eta: 5.5m
step 00151/01000 (15.10%) | loss: 7.435362 | lrm: 1.00 | dt: 303.42ms | tok/sec: 3,374 | bf16_mfu: 0.00 | epoch: 1 pq: 0 rg: 1 | total time: 0.91m | eta: 5.5m
step 00152/01000 (15.20%) | loss: 7.443324 | lrm: 1.00 | dt: 261.68ms | tok/sec: 3,913 | bf16_mfu: 0.00 | epoch: 1 pq: 0 rg: 1 | total time: 0.92m | eta: 5.5m
step 00153/01000 (15.30%) | loss: 7.433515 | lrm: 1.00 | dt: 208.46ms | tok/sec: 4,912 | bf16_mfu: 0.00 | epoch: 1 pq: 0 rg: 1 | total time: 0.92m | eta: 5.5m
step 00154/01000 (15.40%) | loss: 7.405831 | lrm: 1.00 | dt: 288.15ms | tok/sec: 3,553 | bf16_mfu: 0.00 | epoch: 1 pq: 0 rg: 1 | total time: 0.93m | eta: 5.4m
step 00155/01000 (15.50%) | loss: 7.354329 | lrm: 1.00 | dt: 286.54ms | tok/sec: 3,573 | bf16_mfu: 0.00 | epoch: 1 pq: 0 rg: 1 | total time: 0.93m | eta: 5.4m
step 00156/01000 (15.60%) | loss: 7.414338 | lrm: 1.00 | dt: 243.73ms | tok/sec: 4,201 | bf16_mfu: 0.00 | epoch: 1 pq: 0 rg: 1 | total time: 0.93m | eta: 5.4m
step 00157/01000 (15.70%) | loss: 7.466991 | lrm: 1.00 | dt: 256.74ms | tok/sec: 3,988 | bf16_mfu: 0.00 | epoch: 1 pq: 0 rg: 1 | total time: 0.94m | eta: 5.4m
step 00158/01000 (15.80%) | loss: 7.478615 | lrm: 1.00 | dt: 337.64ms | tok/sec: 3,032 | bf16_mfu: 0.00 | epoch: 1 pq: 0 rg: 1 | total time: 0.94m | eta: 5.4m
step 00159/01000 (15.90%) | loss: 7.460657 | lrm: 1.00 | dt: 257.01ms | tok/sec: 3,984 | bf16_mfu: 0.00 | epoch: 1 pq: 0 rg: 1 | total time: 0.95m | eta: 5.4m
step 00160/01000 (16.00%) | loss: 7.504460 | lrm: 1.00 | dt: 224.43ms | tok/sec: 4,562 | bf16_mfu: 0.00 | epoch: 1 pq: 0 rg: 1 | total time: 0.95m | eta: 5.3m
step 00161/01000 (16.10%) | loss: 7.459178 | lrm: 1.00 | dt: 245.05ms | tok/sec: 4,178 | bf16_mfu: 0.00 | epoch: 1 pq: 0 rg: 1 | total time: 0.96m | eta: 5.3m
step 00162/01000 (16.20%) | loss: 7.393930 | lrm: 1.00 | dt: 259.58ms | tok/sec: 3,944 | bf16_mfu: 0.00 | epoch: 1 pq: 0 rg: 1 | total time: 0.96m | eta: 5.3m
step 00163/01000 (16.30%) | loss: 7.459774 | lrm: 1.00 | dt: 212.40ms | tok/sec: 4,821 | bf16_mfu: 0.00 | epoch: 1 pq: 0 rg: 1 | total time: 0.96m | eta: 5.3m
step 00164/01000 (16.40%) | loss: 7.447935 | lrm: 1.00 | dt: 255.79ms | tok/sec: 4,003 | bf16_mfu: 0.00 | epoch: 1 pq: 0 rg: 1 | total time: 0.97m | eta: 5.3m
step 00165/01000 (16.50%) | loss: 7.450949 | lrm: 1.00 | dt: 226.71ms | tok/sec: 4,516 | bf16_mfu: 0.00 | epoch: 1 pq: 0 rg: 1 | total time: 0.97m | eta: 5.2m
step 00166/01000 (16.60%) | loss: 7.462136 | lrm: 1.00 | dt: 248.24ms | tok/sec: 4,125 | bf16_mfu: 0.00 | epoch: 1 pq: 0 rg: 1 | total time: 0.98m | eta: 5.2m
step 00167/01000 (16.70%) | loss: 7.473512 | lrm: 1.00 | dt: 262.66ms | tok/sec: 3,898 | bf16_mfu: 0.00 | epoch: 1 pq: 0 rg: 1 | total time: 0.98m | eta: 5.2m
step 00168/01000 (16.80%) | loss: 7.458109 | lrm: 1.00 | dt: 239.10ms | tok/sec: 4,282 | bf16_mfu: 0.00 | epoch: 1 pq: 0 rg: 1 | total time: 0.98m | eta: 5.2m
step 00169/01000 (16.90%) | loss: 7.502926 | lrm: 1.00 | dt: 224.49ms | tok/sec: 4,561 | bf16_mfu: 0.00 | epoch: 1 pq: 0 rg: 1 | total time: 0.99m | eta: 5.2m
step 00170/01000 (17.00%) | loss: 7.561152 | lrm: 1.00 | dt: 273.42ms | tok/sec: 3,745 | bf16_mfu: 0.00 | epoch: 1 pq: 0 rg: 1 | total time: 0.99m | eta: 5.2m
step 00171/01000 (17.10%) | loss: 7.549459 | lrm: 1.00 | dt: 592.92ms | tok/sec: 1,727 | bf16_mfu: 0.00 | epoch: 1 pq: 0 rg: 1 | total time: 1.00m | eta: 5.2m
step 00172/01000 (17.20%) | loss: 7.552349 | lrm: 1.00 | dt: 248.64ms | tok/sec: 4,118 | bf16_mfu: 0.00 | epoch: 1 pq: 0 rg: 1 | total time: 1.01m | eta: 5.1m
step 00173/01000 (17.30%) | loss: 7.533426 | lrm: 1.00 | dt: 236.02ms | tok/sec: 4,338 | bf16_mfu: 0.00 | epoch: 1 pq: 0 rg: 1 | total time: 1.01m | eta: 5.1m
step 00174/01000 (17.40%) | loss: 7.482263 | lrm: 1.00 | dt: 184.42ms | tok/sec: 5,552 | bf16_mfu: 0.00 | epoch: 1 pq: 0 rg: 1 | total time: 1.01m | eta: 5.1m
step 00175/01000 (17.50%) | loss: 7.486396 | lrm: 1.00 | dt: 247.01ms | tok/sec: 4,145 | bf16_mfu: 0.00 | epoch: 1 pq: 0 rg: 1 | total time: 1.02m | eta: 5.1m
step 00176/01000 (17.60%) | loss: 7.495682 | lrm: 1.00 | dt: 182.40ms | tok/sec: 5,614 | bf16_mfu: 0.00 | epoch: 1 pq: 0 rg: 1 | total time: 1.02m | eta: 5.1m
step 00177/01000 (17.70%) | loss: 7.495487 | lrm: 1.00 | dt: 216.06ms | tok/sec: 4,739 | bf16_mfu: 0.00 | epoch: 1 pq: 0 rg: 1 | total time: 1.02m | eta: 5.1m
step 00178/01000 (17.80%) | loss: 7.556974 | lrm: 1.00 | dt: 219.11ms | tok/sec: 4,673 | bf16_mfu: 0.00 | epoch: 1 pq: 0 rg: 1 | total time: 1.03m | eta: 5.0m
step 00179/01000 (17.90%) | loss: 7.570926 | lrm: 1.00 | dt: 223.35ms | tok/sec: 4,584 | bf16_mfu: 0.00 | epoch: 1 pq: 0 rg: 1 | total time: 1.03m | eta: 5.0m
step 00180/01000 (18.00%) | loss: 7.541147 | lrm: 1.00 | dt: 221.81ms | tok/sec: 4,616 | bf16_mfu: 0.00 | epoch: 1 pq: 0 rg: 1 | total time: 1.04m | eta: 5.0m
step 00181/01000 (18.10%) | loss: 7.523170 | lrm: 1.00 | dt: 244.30ms | tok/sec: 4,191 | bf16_mfu: 0.00 | epoch: 1 pq: 0 rg: 1 | total time: 1.04m | eta: 5.0m
step 00182/01000 (18.20%) | loss: 7.433418 | lrm: 1.00 | dt: 253.08ms | tok/sec: 4,046 | bf16_mfu: 0.00 | epoch: 1 pq: 0 rg: 1 | total time: 1.04m | eta: 5.0m
step 00183/01000 (18.30%) | loss: 7.393101 | lrm: 1.00 | dt: 241.61ms | tok/sec: 4,238 | bf16_mfu: 0.00 | epoch: 1 pq: 0 rg: 1 | total time: 1.05m | eta: 5.0m
step 00184/01000 (18.40%) | loss: 7.345809 | lrm: 1.00 | dt: 254.78ms | tok/sec: 4,019 | bf16_mfu: 0.00 | epoch: 1 pq: 0 rg: 1 | total time: 1.05m | eta: 4.9m
step 00185/01000 (18.50%) | loss: 7.343339 | lrm: 1.00 | dt: 244.70ms | tok/sec: 4,184 | bf16_mfu: 0.00 | epoch: 1 pq: 0 rg: 1 | total time: 1.06m | eta: 4.9m
step 00186/01000 (18.60%) | loss: 7.359532 | lrm: 1.00 | dt: 252.65ms | tok/sec: 4,053 | bf16_mfu: 0.00 | epoch: 1 pq: 0 rg: 1 | total time: 1.06m | eta: 4.9m
step 00187/01000 (18.70%) | loss: 7.333849 | lrm: 1.00 | dt: 237.28ms | tok/sec: 4,315 | bf16_mfu: 0.00 | epoch: 1 pq: 0 rg: 1 | total time: 1.06m | eta: 4.9m
step 00188/01000 (18.80%) | loss: 7.369146 | lrm: 1.00 | dt: 232.77ms | tok/sec: 4,399 | bf16_mfu: 0.00 | epoch: 1 pq: 0 rg: 1 | total time: 1.07m | eta: 4.9m
step 00189/01000 (18.90%) | loss: 7.332702 | lrm: 1.00 | dt: 212.41ms | tok/sec: 4,820 | bf16_mfu: 0.00 | epoch: 1 pq: 0 rg: 1 | total time: 1.07m | eta: 4.9m
step 00190/01000 (19.00%) | loss: 7.270862 | lrm: 1.00 | dt: 234.70ms | tok/sec: 4,363 | bf16_mfu: 0.00 | epoch: 1 pq: 0 rg: 1 | total time: 1.08m | eta: 4.8m
step 00191/01000 (19.10%) | loss: 7.265805 | lrm: 1.00 | dt: 234.97ms | tok/sec: 4,357 | bf16_mfu: 0.00 | epoch: 1 pq: 0 rg: 1 | total time: 1.08m | eta: 4.8m
step 00192/01000 (19.20%) | loss: 7.304510 | lrm: 1.00 | dt: 245.93ms | tok/sec: 4,163 | bf16_mfu: 0.00 | epoch: 1 pq: 0 rg: 1 | total time: 1.08m | eta: 4.8m
step 00193/01000 (19.30%) | loss: 7.275610 | lrm: 1.00 | dt: 272.42ms | tok/sec: 3,758 | bf16_mfu: 0.00 | epoch: 1 pq: 0 rg: 1 | total time: 1.09m | eta: 4.8m
step 00194/01000 (19.40%) | loss: 7.241440 | lrm: 1.00 | dt: 283.17ms | tok/sec: 3,616 | bf16_mfu: 0.00 | epoch: 1 pq: 0 rg: 1 | total time: 1.09m | eta: 4.8m
step 00195/01000 (19.50%) | loss: 7.263985 | lrm: 1.00 | dt: 262.29ms | tok/sec: 3,904 | bf16_mfu: 0.00 | epoch: 1 pq: 0 rg: 1 | total time: 1.10m | eta: 4.8m
step 00196/01000 (19.60%) | loss: 7.262780 | lrm: 1.00 | dt: 269.90ms | tok/sec: 3,794 | bf16_mfu: 0.00 | epoch: 1 pq: 0 rg: 1 | total time: 1.10m | eta: 4.8m
step 00197/01000 (19.70%) | loss: 7.262352 | lrm: 1.00 | dt: 197.39ms | tok/sec: 5,187 | bf16_mfu: 0.00 | epoch: 1 pq: 0 rg: 1 | total time: 1.11m | eta: 4.7m
step 00198/01000 (19.80%) | loss: 7.233801 | lrm: 1.00 | dt: 248.39ms | tok/sec: 4,122 | bf16_mfu: 0.00 | epoch: 1 pq: 0 rg: 1 | total time: 1.11m | eta: 4.7m
step 00199/01000 (19.90%) | loss: 7.242451 | lrm: 1.00 | dt: 258.26ms | tok/sec: 3,964 | bf16_mfu: 0.00 | epoch: 1 pq: 0 rg: 1 | total time: 1.11m | eta: 4.7m
step 00200/01000 (20.00%) | loss: 7.231653 | lrm: 1.00 | dt: 492.41ms | tok/sec: 2,079 | bf16_mfu: 0.00 | epoch: 1 pq: 0 rg: 1 | total time: 1.12m | eta: 4.7m
step 00201/01000 (20.10%) | loss: 7.244571 | lrm: 1.00 | dt: 221.68ms | tok/sec: 4,619 | bf16_mfu: 0.00 | epoch: 1 pq: 0 rg: 1 | total time: 1.13m | eta: 4.7m
step 00202/01000 (20.20%) | loss: 7.197008 | lrm: 1.00 | dt: 216.58ms | tok/sec: 4,728 | bf16_mfu: 0.00 | epoch: 1 pq: 0 rg: 1 | total time: 1.13m | eta: 4.7m
step 00203/01000 (20.30%) | loss: 7.225195 | lrm: 1.00 | dt: 250.26ms | tok/sec: 4,091 | bf16_mfu: 0.00 | epoch: 1 pq: 0 rg: 1 | total time: 1.13m | eta: 4.7m
step 00204/01000 (20.40%) | loss: 7.222034 | lrm: 1.00 | dt: 234.82ms | tok/sec: 4,360 | bf16_mfu: 0.00 | epoch: 1 pq: 0 rg: 1 | total time: 1.14m | eta: 4.7m
step 00205/01000 (20.50%) | loss: 7.218862 | lrm: 1.00 | dt: 261.23ms | tok/sec: 3,919 | bf16_mfu: 0.00 | epoch: 1 pq: 0 rg: 1 | total time: 1.14m | eta: 4.7m
step 00206/01000 (20.60%) | loss: 7.204845 | lrm: 1.00 | dt: 271.97ms | tok/sec: 3,765 | bf16_mfu: 0.00 | epoch: 1 pq: 0 rg: 1 | total time: 1.15m | eta: 4.6m
step 00207/01000 (20.70%) | loss: 7.217978 | lrm: 1.00 | dt: 307.53ms | tok/sec: 3,329 | bf16_mfu: 0.00 | epoch: 1 pq: 0 rg: 1 | total time: 1.15m | eta: 4.6m
step 00208/01000 (20.80%) | loss: 7.206439 | lrm: 1.00 | dt: 231.23ms | tok/sec: 4,428 | bf16_mfu: 0.00 | epoch: 1 pq: 0 rg: 1 | total time: 1.16m | eta: 4.6m
step 00209/01000 (20.90%) | loss: 7.178755 | lrm: 1.00 | dt: 221.81ms | tok/sec: 4,616 | bf16_mfu: 0.00 | epoch: 1 pq: 0 rg: 1 | total time: 1.16m | eta: 4.6m
step 00210/01000 (21.00%) | loss: 7.170612 | lrm: 1.00 | dt: 237.55ms | tok/sec: 4,310 | bf16_mfu: 0.00 | epoch: 1 pq: 0 rg: 1 | total time: 1.16m | eta: 4.6m
step 00211/01000 (21.10%) | loss: 7.208067 | lrm: 1.00 | dt: 284.41ms | tok/sec: 3,600 | bf16_mfu: 0.00 | epoch: 1 pq: 0 rg: 1 | total time: 1.17m | eta: 4.6m
step 00212/01000 (21.20%) | loss: 7.212930 | lrm: 1.00 | dt: 255.43ms | tok/sec: 4,008 | bf16_mfu: 0.00 | epoch: 1 pq: 0 rg: 1 | total time: 1.17m | eta: 4.6m
step 00213/01000 (21.30%) | loss: 7.221671 | lrm: 1.00 | dt: 253.06ms | tok/sec: 4,046 | bf16_mfu: 0.00 | epoch: 1 pq: 0 rg: 1 | total time: 1.18m | eta: 4.6m
step 00214/01000 (21.40%) | loss: 7.252844 | lrm: 1.00 | dt: 187.55ms | tok/sec: 5,459 | bf16_mfu: 0.00 | epoch: 1 pq: 0 rg: 1 | total time: 1.18m | eta: 4.5m
step 00215/01000 (21.50%) | loss: 7.185156 | lrm: 1.00 | dt: 207.82ms | tok/sec: 4,927 | bf16_mfu: 0.00 | epoch: 1 pq: 0 rg: 1 | total time: 1.18m | eta: 4.5m
step 00216/01000 (21.60%) | loss: 7.150301 | lrm: 1.00 | dt: 203.08ms | tok/sec: 5,042 | bf16_mfu: 0.00 | epoch: 1 pq: 0 rg: 1 | total time: 1.19m | eta: 4.5m
step 00217/01000 (21.70%) | loss: 7.192904 | lrm: 1.00 | dt: 190.69ms | tok/sec: 5,370 | bf16_mfu: 0.00 | epoch: 1 pq: 0 rg: 1 | total time: 1.19m | eta: 4.5m
step 00218/01000 (21.80%) | loss: 7.214518 | lrm: 1.00 | dt: 212.07ms | tok/sec: 4,828 | bf16_mfu: 0.00 | epoch: 1 pq: 0 rg: 1 | total time: 1.19m | eta: 4.5m
step 00219/01000 (21.90%) | loss: 7.273745 | lrm: 1.00 | dt: 198.10ms | tok/sec: 5,169 | bf16_mfu: 0.00 | epoch: 1 pq: 0 rg: 1 | total time: 1.20m | eta: 4.5m
step 00220/01000 (22.00%) | loss: 7.300092 | lrm: 1.00 | dt: 203.55ms | tok/sec: 5,030 | bf16_mfu: 0.00 | epoch: 1 pq: 0 rg: 1 | total time: 1.20m | eta: 4.5m
step 00221/01000 (22.10%) | loss: 7.284800 | lrm: 1.00 | dt: 198.64ms | tok/sec: 5,155 | bf16_mfu: 0.00 | epoch: 1 pq: 0 rg: 1 | total time: 1.20m | eta: 4.4m
step 00222/01000 (22.20%) | loss: 7.296345 | lrm: 1.00 | dt: 196.92ms | tok/sec: 5,200 | bf16_mfu: 0.00 | epoch: 1 pq: 0 rg: 1 | total time: 1.21m | eta: 4.4m
step 00223/01000 (22.30%) | loss: 7.280693 | lrm: 1.00 | dt: 212.44ms | tok/sec: 4,820 | bf16_mfu: 0.00 | epoch: 1 pq: 0 rg: 1 | total time: 1.21m | eta: 4.4m
step 00224/01000 (22.40%) | loss: 7.304439 | lrm: 1.00 | dt: 196.73ms | tok/sec: 5,205 | bf16_mfu: 0.00 | epoch: 1 pq: 0 rg: 1 | total time: 1.21m | eta: 4.4m
step 00225/01000 (22.50%) | loss: 7.327035 | lrm: 1.00 | dt: 206.10ms | tok/sec: 4,968 | bf16_mfu: 0.00 | epoch: 1 pq: 0 rg: 1 | total time: 1.22m | eta: 4.4m
step 00226/01000 (22.60%) | loss: 7.335677 | lrm: 1.00 | dt: 196.70ms | tok/sec: 5,205 | bf16_mfu: 0.00 | epoch: 1 pq: 0 rg: 1 | total time: 1.22m | eta: 4.4m
step 00227/01000 (22.70%) | loss: 7.302625 | lrm: 1.00 | dt: 193.52ms | tok/sec: 5,291 | bf16_mfu: 0.00 | epoch: 1 pq: 0 rg: 1 | total time: 1.22m | eta: 4.4m
step 00228/01000 (22.80%) | loss: 7.381754 | lrm: 1.00 | dt: 215.32ms | tok/sec: 4,755 | bf16_mfu: 0.00 | epoch: 1 pq: 0 rg: 1 | total time: 1.23m | eta: 4.3m
step 00229/01000 (22.90%) | loss: 7.365878 | lrm: 1.00 | dt: 257.71ms | tok/sec: 3,973 | bf16_mfu: 0.00 | epoch: 1 pq: 0 rg: 1 | total time: 1.23m | eta: 4.3m
step 00230/01000 (23.00%) | loss: 7.410574 | lrm: 1.00 | dt: 251.01ms | tok/sec: 4,079 | bf16_mfu: 0.00 | epoch: 1 pq: 0 rg: 1 | total time: 1.24m | eta: 4.3m
step 00231/01000 (23.10%) | loss: 7.351668 | lrm: 1.00 | dt: 237.59ms | tok/sec: 4,309 | bf16_mfu: 0.00 | epoch: 1 pq: 0 rg: 1 | total time: 1.24m | eta: 4.3m
step 00232/01000 (23.20%) | loss: 7.320779 | lrm: 1.00 | dt: 466.23ms | tok/sec: 2,196 | bf16_mfu: 0.00 | epoch: 1 pq: 0 rg: 1 | total time: 1.25m | eta: 4.3m
step 00233/01000 (23.30%) | loss: 7.326731 | lrm: 1.00 | dt: 162.88ms | tok/sec: 6,286 | bf16_mfu: 0.00 | epoch: 1 pq: 0 rg: 1 | total time: 1.25m | eta: 4.3m
step 00234/01000 (23.40%) | loss: 7.348140 | lrm: 1.00 | dt: 143.00ms | tok/sec: 7,160 | bf16_mfu: 0.00 | epoch: 1 pq: 0 rg: 1 | total time: 1.25m | eta: 4.3m
step 00235/01000 (23.50%) | loss: 7.331692 | lrm: 1.00 | dt: 164.60ms | tok/sec: 6,221 | bf16_mfu: 0.00 | epoch: 1 pq: 0 rg: 1 | total time: 1.25m | eta: 4.3m
step 00236/01000 (23.60%) | loss: 7.313052 | lrm: 1.00 | dt: 168.16ms | tok/sec: 6,089 | bf16_mfu: 0.00 | epoch: 1 pq: 0 rg: 1 | total time: 1.26m | eta: 4.3m
step 00237/01000 (23.70%) | loss: 7.267708 | lrm: 1.00 | dt: 176.51ms | tok/sec: 5,801 | bf16_mfu: 0.00 | epoch: 1 pq: 0 rg: 1 | total time: 1.26m | eta: 4.2m
step 00238/01000 (23.80%) | loss: 7.282109 | lrm: 1.00 | dt: 223.86ms | tok/sec: 4,574 | bf16_mfu: 0.00 | epoch: 1 pq: 0 rg: 1 | total time: 1.26m | eta: 4.2m
step 00239/01000 (23.90%) | loss: 7.266870 | lrm: 1.00 | dt: 298.44ms | tok/sec: 3,431 | bf16_mfu: 0.00 | epoch: 1 pq: 0 rg: 1 | total time: 1.27m | eta: 4.2m
step 00240/01000 (24.00%) | loss: 7.291809 | lrm: 1.00 | dt: 275.70ms | tok/sec: 3,714 | bf16_mfu: 0.00 | epoch: 1 pq: 0 rg: 1 | total time: 1.27m | eta: 4.2m
step 00241/01000 (24.10%) | loss: 7.332060 | lrm: 1.00 | dt: 249.45ms | tok/sec: 4,105 | bf16_mfu: 0.00 | epoch: 1 pq: 0 rg: 1 | total time: 1.28m | eta: 4.2m
step 00242/01000 (24.20%) | loss: 7.270991 | lrm: 1.00 | dt: 270.55ms | tok/sec: 3,784 | bf16_mfu: 0.00 | epoch: 1 pq: 0 rg: 1 | total time: 1.28m | eta: 4.2m
step 00243/01000 (24.30%) | loss: 7.305651 | lrm: 1.00 | dt: 221.53ms | tok/sec: 4,622 | bf16_mfu: 0.00 | epoch: 1 pq: 0 rg: 1 | total time: 1.29m | eta: 4.2m
step 00244/01000 (24.40%) | loss: 7.323795 | lrm: 1.00 | dt: 256.76ms | tok/sec: 3,988 | bf16_mfu: 0.00 | epoch: 1 pq: 0 rg: 1 | total time: 1.29m | eta: 4.2m
step 00245/01000 (24.50%) | loss: 7.280081 | lrm: 1.00 | dt: 282.98ms | tok/sec: 3,618 | bf16_mfu: 0.00 | epoch: 1 pq: 0 rg: 1 | total time: 1.30m | eta: 4.2m
step 00246/01000 (24.60%) | loss: 7.268967 | lrm: 1.00 | dt: 268.70ms | tok/sec: 3,810 | bf16_mfu: 0.00 | epoch: 1 pq: 0 rg: 1 | total time: 1.30m | eta: 4.2m
step 00247/01000 (24.70%) | loss: 7.242251 | lrm: 1.00 | dt: 242.00ms | tok/sec: 4,231 | bf16_mfu: 0.00 | epoch: 1 pq: 0 rg: 1 | total time: 1.30m | eta: 4.1m
step 00248/01000 (24.80%) | loss: 7.236252 | lrm: 1.00 | dt: 222.52ms | tok/sec: 4,601 | bf16_mfu: 0.00 | epoch: 1 pq: 0 rg: 1 | total time: 1.31m | eta: 4.1m
step 00249/01000 (24.90%) | loss: 7.254629 | lrm: 1.00 | dt: 338.50ms | tok/sec: 3,025 | bf16_mfu: 0.00 | epoch: 1 pq: 0 rg: 2 | total time: 1.31m | eta: 4.1m
step 00250/01000 (25.00%) | loss: 7.285342 | lrm: 1.00 | dt: 223.69ms | tok/sec: 4,577 | bf16_mfu: 0.00 | epoch: 1 pq: 0 rg: 2 | total time: 1.32m | eta: 4.1m
step 00251/01000 (25.10%) | loss: 7.239503 | lrm: 1.00 | dt: 212.50ms | tok/sec: 4,818 | bf16_mfu: 0.00 | epoch: 1 pq: 0 rg: 2 | total time: 1.32m | eta: 4.1m
step 00252/01000 (25.20%) | loss: 7.240646 | lrm: 1.00 | dt: 269.35ms | tok/sec: 3,801 | bf16_mfu: 0.00 | epoch: 1 pq: 0 rg: 2 | total time: 1.32m | eta: 4.1m
step 00253/01000 (25.30%) | loss: 7.264016 | lrm: 1.00 | dt: 257.93ms | tok/sec: 3,970 | bf16_mfu: 0.00 | epoch: 1 pq: 0 rg: 2 | total time: 1.33m | eta: 4.1m
step 00254/01000 (25.40%) | loss: 7.183249 | lrm: 1.00 | dt: 219.35ms | tok/sec: 4,668 | bf16_mfu: 0.00 | epoch: 1 pq: 0 rg: 2 | total time: 1.33m | eta: 4.1m
step 00255/01000 (25.50%) | loss: 7.148064 | lrm: 1.00 | dt: 212.93ms | tok/sec: 4,809 | bf16_mfu: 0.00 | epoch: 1 pq: 0 rg: 2 | total time: 1.34m | eta: 4.1m
step 00256/01000 (25.60%) | loss: 7.138703 | lrm: 1.00 | dt: 251.06ms | tok/sec: 4,078 | bf16_mfu: 0.00 | epoch: 1 pq: 0 rg: 2 | total time: 1.34m | eta: 4.1m
step 00257/01000 (25.70%) | loss: 7.120380 | lrm: 1.00 | dt: 298.32ms | tok/sec: 3,432 | bf16_mfu: 0.00 | epoch: 1 pq: 0 rg: 2 | total time: 1.35m | eta: 4.0m
step 00258/01000 (25.80%) | loss: 7.107332 | lrm: 1.00 | dt: 310.83ms | tok/sec: 3,294 | bf16_mfu: 0.00 | epoch: 1 pq: 0 rg: 2 | total time: 1.35m | eta: 4.0m
step 00259/01000 (25.90%) | loss: 7.101754 | lrm: 1.00 | dt: 486.66ms | tok/sec: 2,104 | bf16_mfu: 0.00 | epoch: 1 pq: 0 rg: 2 | total time: 1.36m | eta: 4.0m
step 00260/01000 (26.00%) | loss: 7.128666 | lrm: 1.00 | dt: 254.46ms | tok/sec: 4,024 | bf16_mfu: 0.00 | epoch: 1 pq: 0 rg: 2 | total time: 1.36m | eta: 4.0m
step 00261/01000 (26.10%) | loss: 7.127344 | lrm: 1.00 | dt: 213.93ms | tok/sec: 4,786 | bf16_mfu: 0.00 | epoch: 1 pq: 0 rg: 2 | total time: 1.37m | eta: 4.0m
step 00262/01000 (26.20%) | loss: 7.083933 | lrm: 1.00 | dt: 184.26ms | tok/sec: 5,557 | bf16_mfu: 0.00 | epoch: 1 pq: 0 rg: 2 | total time: 1.37m | eta: 4.0m
step 00263/01000 (26.30%) | loss: 7.059850 | lrm: 1.00 | dt: 183.46ms | tok/sec: 5,581 | bf16_mfu: 0.00 | epoch: 1 pq: 0 rg: 2 | total time: 1.37m | eta: 4.0m
step 00264/01000 (26.40%) | loss: 7.068251 | lrm: 1.00 | dt: 206.70ms | tok/sec: 4,954 | bf16_mfu: 0.00 | epoch: 1 pq: 0 rg: 2 | total time: 1.38m | eta: 4.0m
step 00265/01000 (26.50%) | loss: 7.039619 | lrm: 1.00 | dt: 183.58ms | tok/sec: 5,577 | bf16_mfu: 0.00 | epoch: 1 pq: 0 rg: 2 | total time: 1.38m | eta: 4.0m
step 00266/01000 (26.60%) | loss: 6.992037 | lrm: 1.00 | dt: 170.23ms | tok/sec: 6,015 | bf16_mfu: 0.00 | epoch: 1 pq: 0 rg: 2 | total time: 1.38m | eta: 4.0m
step 00267/01000 (26.70%) | loss: 7.065946 | lrm: 1.00 | dt: 174.84ms | tok/sec: 5,856 | bf16_mfu: 0.00 | epoch: 1 pq: 0 rg: 2 | total time: 1.38m | eta: 3.9m
step 00268/01000 (26.80%) | loss: 7.120518 | lrm: 1.00 | dt: 179.72ms | tok/sec: 5,697 | bf16_mfu: 0.00 | epoch: 1 pq: 0 rg: 2 | total time: 1.39m | eta: 3.9m
step 00269/01000 (26.90%) | loss: 7.145003 | lrm: 1.00 | dt: 198.04ms | tok/sec: 5,170 | bf16_mfu: 0.00 | epoch: 1 pq: 0 rg: 2 | total time: 1.39m | eta: 3.9m
step 00270/01000 (27.00%) | loss: 7.120791 | lrm: 1.00 | dt: 197.21ms | tok/sec: 5,192 | bf16_mfu: 0.00 | epoch: 1 pq: 0 rg: 2 | total time: 1.39m | eta: 3.9m
step 00271/01000 (27.10%) | loss: 7.120874 | lrm: 1.00 | dt: 205.20ms | tok/sec: 4,990 | bf16_mfu: 0.00 | epoch: 1 pq: 0 rg: 2 | total time: 1.40m | eta: 3.9m
step 00272/01000 (27.20%) | loss: 7.140206 | lrm: 1.00 | dt: 260.33ms | tok/sec: 3,933 | bf16_mfu: 0.00 | epoch: 1 pq: 0 rg: 2 | total time: 1.40m | eta: 3.9m
step 00273/01000 (27.30%) | loss: 7.163906 | lrm: 1.00 | dt: 246.53ms | tok/sec: 4,153 | bf16_mfu: 0.00 | epoch: 1 pq: 0 rg: 2 | total time: 1.41m | eta: 3.9m
step 00274/01000 (27.40%) | loss: 7.182422 | lrm: 1.00 | dt: 249.66ms | tok/sec: 4,101 | bf16_mfu: 0.00 | epoch: 1 pq: 0 rg: 2 | total time: 1.41m | eta: 3.9m
step 00275/01000 (27.50%) | loss: 7.165699 | lrm: 1.00 | dt: 273.58ms | tok/sec: 3,743 | bf16_mfu: 0.00 | epoch: 1 pq: 0 rg: 2 | total time: 1.42m | eta: 3.9m
step 00276/01000 (27.60%) | loss: 7.202753 | lrm: 1.00 | dt: 312.13ms | tok/sec: 3,280 | bf16_mfu: 0.00 | epoch: 1 pq: 0 rg: 2 | total time: 1.42m | eta: 3.9m
step 00277/01000 (27.70%) | loss: 7.208944 | lrm: 1.00 | dt: 271.54ms | tok/sec: 3,771 | bf16_mfu: 0.00 | epoch: 1 pq: 0 rg: 2 | total time: 1.42m | eta: 3.9m
step 00278/01000 (27.80%) | loss: 7.212622 | lrm: 1.00 | dt: 249.17ms | tok/sec: 4,109 | bf16_mfu: 0.00 | epoch: 1 pq: 0 rg: 2 | total time: 1.43m | eta: 3.8m
step 00279/01000 (27.90%) | loss: 7.167750 | lrm: 1.00 | dt: 258.16ms | tok/sec: 3,966 | bf16_mfu: 0.00 | epoch: 1 pq: 0 rg: 2 | total time: 1.43m | eta: 3.8m
step 00280/01000 (28.00%) | loss: 7.152018 | lrm: 1.00 | dt: 248.52ms | tok/sec: 4,120 | bf16_mfu: 0.00 | epoch: 1 pq: 0 rg: 2 | total time: 1.44m | eta: 3.8m
step 00281/01000 (28.10%) | loss: 7.200467 | lrm: 1.00 | dt: 265.64ms | tok/sec: 3,854 | bf16_mfu: 0.00 | epoch: 1 pq: 0 rg: 2 | total time: 1.44m | eta: 3.8m
step 00282/01000 (28.20%) | loss: 7.131649 | lrm: 1.00 | dt: 227.62ms | tok/sec: 4,498 | bf16_mfu: 0.00 | epoch: 1 pq: 0 rg: 2 | total time: 1.45m | eta: 3.8m
step 00283/01000 (28.30%) | loss: 7.151287 | lrm: 1.00 | dt: 216.37ms | tok/sec: 4,732 | bf16_mfu: 0.00 | epoch: 1 pq: 0 rg: 2 | total time: 1.45m | eta: 3.8m
step 00284/01000 (28.40%) | loss: 7.096790 | lrm: 1.00 | dt: 224.08ms | tok/sec: 4,569 | bf16_mfu: 0.00 | epoch: 1 pq: 0 rg: 2 | total time: 1.45m | eta: 3.8m
step 00285/01000 (28.50%) | loss: 7.101798 | lrm: 1.00 | dt: 226.13ms | tok/sec: 4,528 | bf16_mfu: 0.00 | epoch: 1 pq: 0 rg: 2 | total time: 1.46m | eta: 3.8m
step 00286/01000 (28.60%) | loss: 7.062023 | lrm: 1.00 | dt: 262.02ms | tok/sec: 3,908 | bf16_mfu: 0.00 | epoch: 1 pq: 0 rg: 2 | total time: 1.46m | eta: 3.8m
step 00287/01000 (28.70%) | loss: 7.090483 | lrm: 1.00 | dt: 290.76ms | tok/sec: 3,521 | bf16_mfu: 0.00 | epoch: 1 pq: 0 rg: 2 | total time: 1.47m | eta: 3.8m
step 00288/01000 (28.80%) | loss: 7.010607 | lrm: 1.00 | dt: 230.06ms | tok/sec: 4,451 | bf16_mfu: 0.00 | epoch: 1 pq: 0 rg: 2 | total time: 1.47m | eta: 3.8m
step 00289/01000 (28.90%) | loss: 7.006060 | lrm: 1.00 | dt: 223.05ms | tok/sec: 4,590 | bf16_mfu: 0.00 | epoch: 1 pq: 0 rg: 2 | total time: 1.47m | eta: 3.8m
step 00290/01000 (29.00%) | loss: 7.054905 | lrm: 1.00 | dt: 294.02ms | tok/sec: 3,482 | bf16_mfu: 0.00 | epoch: 1 pq: 0 rg: 2 | total time: 1.48m | eta: 3.7m
step 00291/01000 (29.10%) | loss: 6.958614 | lrm: 1.00 | dt: 340.56ms | tok/sec: 3,006 | bf16_mfu: 0.00 | epoch: 1 pq: 0 rg: 2 | total time: 1.48m | eta: 3.7m
step 00292/01000 (29.20%) | loss: 6.933765 | lrm: 1.00 | dt: 664.80ms | tok/sec: 1,540 | bf16_mfu: 0.00 | epoch: 1 pq: 0 rg: 2 | total time: 1.50m | eta: 3.8m
step 00293/01000 (29.30%) | loss: 6.917734 | lrm: 1.00 | dt: 264.41ms | tok/sec: 3,872 | bf16_mfu: 0.00 | epoch: 1 pq: 0 rg: 2 | total time: 1.50m | eta: 3.7m
step 00294/01000 (29.40%) | loss: 6.845703 | lrm: 1.00 | dt: 254.06ms | tok/sec: 4,030 | bf16_mfu: 0.00 | epoch: 1 pq: 0 rg: 2 | total time: 1.50m | eta: 3.7m
step 00295/01000 (29.50%) | loss: 6.833102 | lrm: 1.00 | dt: 207.92ms | tok/sec: 4,924 | bf16_mfu: 0.00 | epoch: 1 pq: 0 rg: 2 | total time: 1.51m | eta: 3.7m
step 00296/01000 (29.60%) | loss: 6.933287 | lrm: 1.00 | dt: 195.50ms | tok/sec: 5,237 | bf16_mfu: 0.00 | epoch: 1 pq: 0 rg: 2 | total time: 1.51m | eta: 3.7m
step 00297/01000 (29.70%) | loss: 6.947440 | lrm: 1.00 | dt: 238.27ms | tok/sec: 4,297 | bf16_mfu: 0.00 | epoch: 1 pq: 0 rg: 2 | total time: 1.51m | eta: 3.7m
step 00298/01000 (29.80%) | loss: 6.912681 | lrm: 1.00 | dt: 243.59ms | tok/sec: 4,203 | bf16_mfu: 0.00 | epoch: 1 pq: 0 rg: 2 | total time: 1.52m | eta: 3.7m
step 00299/01000 (29.90%) | loss: 6.966562 | lrm: 1.00 | dt: 238.57ms | tok/sec: 4,292 | bf16_mfu: 0.00 | epoch: 1 pq: 0 rg: 2 | total time: 1.52m | eta: 3.7m
step 00300/01000 (30.00%) | loss: 6.955156 | lrm: 1.00 | dt: 257.66ms | tok/sec: 3,974 | bf16_mfu: 0.00 | epoch: 1 pq: 0 rg: 2 | total time: 1.53m | eta: 3.7m
step 00301/01000 (30.10%) | loss: 7.064902 | lrm: 1.00 | dt: 288.14ms | tok/sec: 3,553 | bf16_mfu: 0.00 | epoch: 1 pq: 0 rg: 2 | total time: 1.53m | eta: 3.7m
step 00302/01000 (30.20%) | loss: 7.002986 | lrm: 1.00 | dt: 311.57ms | tok/sec: 3,286 | bf16_mfu: 0.00 | epoch: 1 pq: 0 rg: 2 | total time: 1.54m | eta: 3.7m
step 00303/01000 (30.30%) | loss: 7.009917 | lrm: 1.00 | dt: 303.08ms | tok/sec: 3,378 | bf16_mfu: 0.00 | epoch: 1 pq: 0 rg: 2 | total time: 1.54m | eta: 3.7m
step 00304/01000 (30.40%) | loss: 7.108868 | lrm: 1.00 | dt: 300.05ms | tok/sec: 3,412 | bf16_mfu: 0.00 | epoch: 1 pq: 0 rg: 2 | total time: 1.55m | eta: 3.7m
step 00305/01000 (30.50%) | loss: 7.043643 | lrm: 1.00 | dt: 222.11ms | tok/sec: 4,610 | bf16_mfu: 0.00 | epoch: 1 pq: 0 rg: 2 | total time: 1.55m | eta: 3.7m
step 00306/01000 (30.60%) | loss: 7.044231 | lrm: 1.00 | dt: 246.59ms | tok/sec: 4,152 | bf16_mfu: 0.00 | epoch: 1 pq: 0 rg: 2 | total time: 1.55m | eta: 3.6m
step 00307/01000 (30.70%) | loss: 7.006173 | lrm: 1.00 | dt: 254.48ms | tok/sec: 4,023 | bf16_mfu: 0.00 | epoch: 1 pq: 0 rg: 2 | total time: 1.56m | eta: 3.6m
step 00308/01000 (30.80%) | loss: 6.984762 | lrm: 1.00 | dt: 262.34ms | tok/sec: 3,903 | bf16_mfu: 0.00 | epoch: 1 pq: 0 rg: 2 | total time: 1.56m | eta: 3.6m
step 00309/01000 (30.90%) | loss: 7.048369 | lrm: 1.00 | dt: 288.81ms | tok/sec: 3,545 | bf16_mfu: 0.00 | epoch: 1 pq: 0 rg: 2 | total time: 1.57m | eta: 3.6m
step 00310/01000 (31.00%) | loss: 7.075195 | lrm: 1.00 | dt: 308.07ms | tok/sec: 3,323 | bf16_mfu: 0.00 | epoch: 1 pq: 0 rg: 2 | total time: 1.57m | eta: 3.6m
step 00311/01000 (31.10%) | loss: 7.160419 | lrm: 1.00 | dt: 229.35ms | tok/sec: 4,464 | bf16_mfu: 0.00 | epoch: 1 pq: 0 rg: 2 | total time: 1.58m | eta: 3.6m
step 00312/01000 (31.20%) | loss: 7.091617 | lrm: 1.00 | dt: 212.07ms | tok/sec: 4,828 | bf16_mfu: 0.00 | epoch: 1 pq: 0 rg: 2 | total time: 1.58m | eta: 3.6m
step 00313/01000 (31.30%) | loss: 7.158365 | lrm: 1.00 | dt: 218.83ms | tok/sec: 4,679 | bf16_mfu: 0.00 | epoch: 1 pq: 0 rg: 2 | total time: 1.58m | eta: 3.6m
step 00314/01000 (31.40%) | loss: 7.131641 | lrm: 1.00 | dt: 207.12ms | tok/sec: 4,943 | bf16_mfu: 0.00 | epoch: 1 pq: 0 rg: 2 | total time: 1.59m | eta: 3.6m
step 00315/01000 (31.50%) | loss: 7.093299 | lrm: 1.00 | dt: 214.53ms | tok/sec: 4,773 | bf16_mfu: 0.00 | epoch: 1 pq: 0 rg: 2 | total time: 1.59m | eta: 3.6m
step 00316/01000 (31.60%) | loss: 7.112188 | lrm: 1.00 | dt: 201.86ms | tok/sec: 5,072 | bf16_mfu: 0.00 | epoch: 1 pq: 0 rg: 2 | total time: 1.59m | eta: 3.6m
step 00317/01000 (31.70%) | loss: 7.135641 | lrm: 1.00 | dt: 199.80ms | tok/sec: 5,125 | bf16_mfu: 0.00 | epoch: 1 pq: 0 rg: 2 | total time: 1.60m | eta: 3.6m
step 00318/01000 (31.80%) | loss: 7.125160 | lrm: 1.00 | dt: 208.97ms | tok/sec: 4,900 | bf16_mfu: 0.00 | epoch: 1 pq: 0 rg: 2 | total time: 1.60m | eta: 3.5m
step 00319/01000 (31.90%) | loss: 7.142018 | lrm: 1.00 | dt: 200.16ms | tok/sec: 5,115 | bf16_mfu: 0.00 | epoch: 1 pq: 0 rg: 2 | total time: 1.60m | eta: 3.5m
step 00320/01000 (32.00%) | loss: 7.175022 | lrm: 1.00 | dt: 209.77ms | tok/sec: 4,881 | bf16_mfu: 0.00 | epoch: 1 pq: 0 rg: 2 | total time: 1.61m | eta: 3.5m
step 00321/01000 (32.10%) | loss: 7.118308 | lrm: 1.00 | dt: 217.95ms | tok/sec: 4,698 | bf16_mfu: 0.00 | epoch: 1 pq: 0 rg: 2 | total time: 1.61m | eta: 3.5m
step 00322/01000 (32.20%) | loss: 7.102995 | lrm: 1.00 | dt: 213.31ms | tok/sec: 4,800 | bf16_mfu: 0.00 | epoch: 1 pq: 0 rg: 2 | total time: 1.62m | eta: 3.5m
step 00323/01000 (32.30%) | loss: 7.070079 | lrm: 1.00 | dt: 588.46ms | tok/sec: 1,740 | bf16_mfu: 0.00 | epoch: 1 pq: 0 rg: 2 | total time: 1.63m | eta: 3.5m
step 00324/01000 (32.40%) | loss: 7.119825 | lrm: 1.00 | dt: 210.94ms | tok/sec: 4,854 | bf16_mfu: 0.00 | epoch: 1 pq: 0 rg: 2 | total time: 1.63m | eta: 3.5m
step 00325/01000 (32.50%) | loss: 7.099812 | lrm: 1.00 | dt: 235.72ms | tok/sec: 4,344 | bf16_mfu: 0.00 | epoch: 1 pq: 0 rg: 2 | total time: 1.63m | eta: 3.5m
step 00326/01000 (32.60%) | loss: 7.021162 | lrm: 1.00 | dt: 257.36ms | tok/sec: 3,978 | bf16_mfu: 0.00 | epoch: 1 pq: 0 rg: 2 | total time: 1.64m | eta: 3.5m
step 00327/01000 (32.70%) | loss: 7.077170 | lrm: 1.00 | dt: 240.92ms | tok/sec: 4,250 | bf16_mfu: 0.00 | epoch: 1 pq: 0 rg: 2 | total time: 1.64m | eta: 3.5m
step 00328/01000 (32.80%) | loss: 7.320104 | lrm: 1.00 | dt: 252.75ms | tok/sec: 4,051 | bf16_mfu: 0.00 | epoch: 1 pq: 0 rg: 2 | total time: 1.65m | eta: 3.5m
step 00329/01000 (32.90%) | loss: 7.286025 | lrm: 1.00 | dt: 261.18ms | tok/sec: 3,920 | bf16_mfu: 0.00 | epoch: 1 pq: 0 rg: 2 | total time: 1.65m | eta: 3.5m
step 00330/01000 (33.00%) | loss: 7.276212 | lrm: 1.00 | dt: 222.38ms | tok/sec: 4,604 | bf16_mfu: 0.00 | epoch: 1 pq: 0 rg: 2 | total time: 1.65m | eta: 3.5m
step 00331/01000 (33.10%) | loss: 7.292503 | lrm: 1.00 | dt: 275.36ms | tok/sec: 3,718 | bf16_mfu: 0.00 | epoch: 1 pq: 0 rg: 2 | total time: 1.66m | eta: 3.5m
step 00332/01000 (33.20%) | loss: 7.286781 | lrm: 1.00 | dt: 324.66ms | tok/sec: 3,154 | bf16_mfu: 0.00 | epoch: 1 pq: 0 rg: 2 | total time: 1.66m | eta: 3.5m
step 00333/01000 (33.30%) | loss: 7.290598 | lrm: 1.00 | dt: 249.59ms | tok/sec: 4,102 | bf16_mfu: 0.00 | epoch: 1 pq: 0 rg: 2 | total time: 1.67m | eta: 3.4m
step 00334/01000 (33.40%) | loss: 7.269576 | lrm: 1.00 | dt: 208.56ms | tok/sec: 4,909 | bf16_mfu: 0.00 | epoch: 1 pq: 0 rg: 2 | total time: 1.67m | eta: 3.4m
step 00335/01000 (33.50%) | loss: 7.297891 | lrm: 1.00 | dt: 279.54ms | tok/sec: 3,663 | bf16_mfu: 0.00 | epoch: 1 pq: 0 rg: 2 | total time: 1.68m | eta: 3.4m
step 00336/01000 (33.60%) | loss: 7.286372 | lrm: 1.00 | dt: 342.47ms | tok/sec: 2,990 | bf16_mfu: 0.00 | epoch: 1 pq: 0 rg: 2 | total time: 1.68m | eta: 3.4m
step 00337/01000 (33.70%) | loss: 7.261711 | lrm: 1.00 | dt: 340.52ms | tok/sec: 3,007 | bf16_mfu: 0.00 | epoch: 1 pq: 0 rg: 2 | total time: 1.69m | eta: 3.4m
step 00338/01000 (33.80%) | loss: 7.202128 | lrm: 1.00 | dt: 252.18ms | tok/sec: 4,060 | bf16_mfu: 0.00 | epoch: 1 pq: 0 rg: 2 | total time: 1.69m | eta: 3.4m
step 00339/01000 (33.90%) | loss: 7.151109 | lrm: 1.00 | dt: 252.35ms | tok/sec: 4,057 | bf16_mfu: 0.00 | epoch: 1 pq: 0 rg: 2 | total time: 1.70m | eta: 3.4m
step 00340/01000 (34.00%) | loss: 7.097364 | lrm: 1.00 | dt: 285.00ms | tok/sec: 3,593 | bf16_mfu: 0.00 | epoch: 1 pq: 0 rg: 2 | total time: 1.70m | eta: 3.4m
step 00341/01000 (34.10%) | loss: 7.061599 | lrm: 1.00 | dt: 272.50ms | tok/sec: 3,757 | bf16_mfu: 0.00 | epoch: 1 pq: 0 rg: 2 | total time: 1.70m | eta: 3.4m
step 00342/01000 (34.20%) | loss: 7.060452 | lrm: 1.00 | dt: 345.70ms | tok/sec: 2,962 | bf16_mfu: 0.00 | epoch: 1 pq: 0 rg: 2 | total time: 1.71m | eta: 3.4m
step 00343/01000 (34.30%) | loss: 6.983797 | lrm: 1.00 | dt: 208.53ms | tok/sec: 4,910 | bf16_mfu: 0.00 | epoch: 1 pq: 0 rg: 2 | total time: 1.71m | eta: 3.4m
step 00344/01000 (34.40%) | loss: 7.002208 | lrm: 1.00 | dt: 339.80ms | tok/sec: 3,013 | bf16_mfu: 0.00 | epoch: 1 pq: 0 rg: 2 | total time: 1.72m | eta: 3.4m
step 00345/01000 (34.50%) | loss: 6.957575 | lrm: 1.00 | dt: 183.41ms | tok/sec: 5,583 | bf16_mfu: 0.00 | epoch: 1 pq: 0 rg: 2 | total time: 1.72m | eta: 3.4m
step 00346/01000 (34.60%) | loss: 7.018328 | lrm: 1.00 | dt: 249.41ms | tok/sec: 4,105 | bf16_mfu: 0.00 | epoch: 1 pq: 0 rg: 2 | total time: 1.73m | eta: 3.4m
step 00347/01000 (34.70%) | loss: 7.042766 | lrm: 1.00 | dt: 227.04ms | tok/sec: 4,510 | bf16_mfu: 0.00 | epoch: 1 pq: 0 rg: 2 | total time: 1.73m | eta: 3.4m
step 00348/01000 (34.80%) | loss: 7.121022 | lrm: 1.00 | dt: 454.22ms | tok/sec: 2,254 | bf16_mfu: 0.00 | epoch: 1 pq: 0 rg: 2 | total time: 1.74m | eta: 3.4m
step 00349/01000 (34.90%) | loss: 7.084662 | lrm: 1.00 | dt: 167.54ms | tok/sec: 6,111 | bf16_mfu: 0.00 | epoch: 1 pq: 0 rg: 2 | total time: 1.74m | eta: 3.3m
step 00350/01000 (35.00%) | loss: 7.044535 | lrm: 1.00 | dt: 147.23ms | tok/sec: 6,955 | bf16_mfu: 0.00 | epoch: 1 pq: 0 rg: 2 | total time: 1.74m | eta: 3.3m
step 00351/01000 (35.10%) | loss: 7.030821 | lrm: 1.00 | dt: 169.06ms | tok/sec: 6,057 | bf16_mfu: 0.00 | epoch: 1 pq: 0 rg: 2 | total time: 1.75m | eta: 3.3m
step 00352/01000 (35.20%) | loss: 7.181143 | lrm: 1.00 | dt: 174.44ms | tok/sec: 5,870 | bf16_mfu: 0.00 | epoch: 1 pq: 0 rg: 2 | total time: 1.75m | eta: 3.3m
step 00353/01000 (35.30%) | loss: 7.194634 | lrm: 1.00 | dt: 184.18ms | tok/sec: 5,559 | bf16_mfu: 0.00 | epoch: 1 pq: 0 rg: 2 | total time: 1.75m | eta: 3.3m
step 00354/01000 (35.40%) | loss: 7.201549 | lrm: 1.00 | dt: 220.48ms | tok/sec: 4,644 | bf16_mfu: 0.00 | epoch: 1 pq: 0 rg: 2 | total time: 1.76m | eta: 3.3m
step 00355/01000 (35.50%) | loss: 7.072352 | lrm: 1.00 | dt: 230.00ms | tok/sec: 4,452 | bf16_mfu: 0.00 | epoch: 1 pq: 0 rg: 2 | total time: 1.76m | eta: 3.3m
step 00356/01000 (35.60%) | loss: 7.096501 | lrm: 1.00 | dt: 254.92ms | tok/sec: 4,016 | bf16_mfu: 0.00 | epoch: 1 pq: 0 rg: 2 | total time: 1.76m | eta: 3.3m
step 00357/01000 (35.70%) | loss: 7.065111 | lrm: 1.00 | dt: 253.43ms | tok/sec: 4,040 | bf16_mfu: 0.00 | epoch: 1 pq: 0 rg: 2 | total time: 1.77m | eta: 3.3m
step 00358/01000 (35.80%) | loss: 7.038145 | lrm: 1.00 | dt: 251.78ms | tok/sec: 4,067 | bf16_mfu: 0.00 | epoch: 1 pq: 0 rg: 2 | total time: 1.77m | eta: 3.3m
step 00359/01000 (35.90%) | loss: 7.042578 | lrm: 1.00 | dt: 274.43ms | tok/sec: 3,731 | bf16_mfu: 0.00 | epoch: 1 pq: 0 rg: 2 | total time: 1.78m | eta: 3.3m
step 00360/01000 (36.00%) | loss: 7.065522 | lrm: 1.00 | dt: 266.56ms | tok/sec: 3,841 | bf16_mfu: 0.00 | epoch: 1 pq: 0 rg: 2 | total time: 1.78m | eta: 3.3m
step 00361/01000 (36.10%) | loss: 7.052377 | lrm: 1.00 | dt: 270.85ms | tok/sec: 3,780 | bf16_mfu: 0.00 | epoch: 1 pq: 0 rg: 2 | total time: 1.79m | eta: 3.3m
step 00362/01000 (36.20%) | loss: 7.088470 | lrm: 1.00 | dt: 255.49ms | tok/sec: 4,007 | bf16_mfu: 0.00 | epoch: 1 pq: 0 rg: 2 | total time: 1.79m | eta: 3.2m
step 00363/01000 (36.30%) | loss: 7.051246 | lrm: 1.00 | dt: 245.90ms | tok/sec: 4,164 | bf16_mfu: 0.00 | epoch: 1 pq: 0 rg: 2 | total time: 1.79m | eta: 3.2m
step 00364/01000 (36.40%) | loss: 7.041898 | lrm: 1.00 | dt: 435.26ms | tok/sec: 2,352 | bf16_mfu: 0.00 | epoch: 1 pq: 0 rg: 2 | total time: 1.80m | eta: 3.2m
step 00365/01000 (36.50%) | loss: 7.071655 | lrm: 1.00 | dt: 169.25ms | tok/sec: 6,050 | bf16_mfu: 0.00 | epoch: 1 pq: 0 rg: 2 | total time: 1.80m | eta: 3.2m
step 00366/01000 (36.60%) | loss: 7.101790 | lrm: 1.00 | dt: 218.41ms | tok/sec: 4,688 | bf16_mfu: 0.00 | epoch: 1 pq: 0 rg: 2 | total time: 1.81m | eta: 3.2m
step 00367/01000 (36.70%) | loss: 7.083741 | lrm: 1.00 | dt: 237.48ms | tok/sec: 4,312 | bf16_mfu: 0.00 | epoch: 1 pq: 0 rg: 2 | total time: 1.81m | eta: 3.2m
step 00368/01000 (36.80%) | loss: 7.118195 | lrm: 1.00 | dt: 250.12ms | tok/sec: 4,094 | bf16_mfu: 0.00 | epoch: 1 pq: 0 rg: 2 | total time: 1.82m | eta: 3.2m
step 00369/01000 (36.90%) | loss: 7.080355 | lrm: 1.00 | dt: 262.54ms | tok/sec: 3,900 | bf16_mfu: 0.00 | epoch: 1 pq: 0 rg: 2 | total time: 1.82m | eta: 3.2m
step 00370/01000 (37.00%) | loss: 6.966818 | lrm: 1.00 | dt: 262.89ms | tok/sec: 3,895 | bf16_mfu: 0.00 | epoch: 1 pq: 0 rg: 2 | total time: 1.82m | eta: 3.2m
step 00371/01000 (37.10%) | loss: 7.003497 | lrm: 1.00 | dt: 261.02ms | tok/sec: 3,923 | bf16_mfu: 0.00 | epoch: 1 pq: 0 rg: 2 | total time: 1.83m | eta: 3.2m
step 00372/01000 (37.20%) | loss: 7.074573 | lrm: 1.00 | dt: 247.29ms | tok/sec: 4,140 | bf16_mfu: 0.00 | epoch: 1 pq: 0 rg: 2 | total time: 1.83m | eta: 3.2m
step 00373/01000 (37.30%) | loss: 7.077989 | lrm: 1.00 | dt: 254.24ms | tok/sec: 4,027 | bf16_mfu: 0.00 | epoch: 1 pq: 0 rg: 2 | total time: 1.84m | eta: 3.2m
step 00374/01000 (37.40%) | loss: 6.996723 | lrm: 1.00 | dt: 264.50ms | tok/sec: 3,871 | bf16_mfu: 0.00 | epoch: 1 pq: 0 rg: 2 | total time: 1.84m | eta: 3.2m
step 00375/01000 (37.50%) | loss: 6.998630 | lrm: 1.00 | dt: 240.08ms | tok/sec: 4,265 | bf16_mfu: 0.00 | epoch: 1 pq: 0 rg: 2 | total time: 1.85m | eta: 3.2m
step 00376/01000 (37.60%) | loss: 6.989791 | lrm: 1.00 | dt: 513.96ms | tok/sec: 1,992 | bf16_mfu: 0.00 | epoch: 1 pq: 0 rg: 2 | total time: 1.85m | eta: 3.2m
step 00377/01000 (37.70%) | loss: 6.997376 | lrm: 1.00 | dt: 238.96ms | tok/sec: 4,285 | bf16_mfu: 0.00 | epoch: 1 pq: 0 rg: 2 | total time: 1.86m | eta: 3.2m
step 00378/01000 (37.80%) | loss: 6.946153 | lrm: 1.00 | dt: 262.17ms | tok/sec: 3,905 | bf16_mfu: 0.00 | epoch: 1 pq: 0 rg: 2 | total time: 1.86m | eta: 3.1m
step 00379/01000 (37.90%) | loss: 6.843928 | lrm: 1.00 | dt: 290.20ms | tok/sec: 3,528 | bf16_mfu: 0.00 | epoch: 1 pq: 0 rg: 2 | total time: 1.87m | eta: 3.1m
step 00380/01000 (38.00%) | loss: 6.854424 | lrm: 1.00 | dt: 270.87ms | tok/sec: 3,780 | bf16_mfu: 0.00 | epoch: 1 pq: 0 rg: 2 | total time: 1.87m | eta: 3.1m
step 00381/01000 (38.10%) | loss: 6.840998 | lrm: 1.00 | dt: 272.38ms | tok/sec: 3,759 | bf16_mfu: 0.00 | epoch: 1 pq: 0 rg: 2 | total time: 1.88m | eta: 3.1m
step 00382/01000 (38.20%) | loss: 6.875310 | lrm: 1.00 | dt: 253.65ms | tok/sec: 4,037 | bf16_mfu: 0.00 | epoch: 1 pq: 0 rg: 2 | total time: 1.88m | eta: 3.1m
step 00383/01000 (38.30%) | loss: 6.852194 | lrm: 1.00 | dt: 313.96ms | tok/sec: 3,261 | bf16_mfu: 0.00 | epoch: 1 pq: 0 rg: 2 | total time: 1.89m | eta: 3.1m
step 00384/01000 (38.40%) | loss: 6.863096 | lrm: 1.00 | dt: 329.16ms | tok/sec: 3,110 | bf16_mfu: 0.00 | epoch: 1 pq: 0 rg: 2 | total time: 1.89m | eta: 3.1m
step 00385/01000 (38.50%) | loss: 6.859980 | lrm: 1.00 | dt: 175.65ms | tok/sec: 5,829 | bf16_mfu: 0.00 | epoch: 1 pq: 0 rg: 2 | total time: 1.89m | eta: 3.1m
step 00386/01000 (38.60%) | loss: 6.880069 | lrm: 1.00 | dt: 206.06ms | tok/sec: 4,969 | bf16_mfu: 0.00 | epoch: 1 pq: 0 rg: 2 | total time: 1.90m | eta: 3.1m
step 00387/01000 (38.70%) | loss: 6.918601 | lrm: 1.00 | dt: 245.50ms | tok/sec: 4,171 | bf16_mfu: 0.00 | epoch: 1 pq: 0 rg: 2 | total time: 1.90m | eta: 3.1m
step 00388/01000 (38.80%) | loss: 6.925516 | lrm: 1.00 | dt: 252.99ms | tok/sec: 4,047 | bf16_mfu: 0.00 | epoch: 1 pq: 0 rg: 2 | total time: 1.91m | eta: 3.1m
step 00389/01000 (38.90%) | loss: 6.982610 | lrm: 1.00 | dt: 289.61ms | tok/sec: 3,535 | bf16_mfu: 0.00 | epoch: 1 pq: 0 rg: 2 | total time: 1.91m | eta: 3.1m
step 00390/01000 (39.00%) | loss: 6.966920 | lrm: 1.00 | dt: 284.09ms | tok/sec: 3,604 | bf16_mfu: 0.00 | epoch: 1 pq: 0 rg: 2 | total time: 1.92m | eta: 3.1m
step 00391/01000 (39.10%) | loss: 6.960846 | lrm: 1.00 | dt: 271.82ms | tok/sec: 3,767 | bf16_mfu: 0.00 | epoch: 1 pq: 0 rg: 2 | total time: 1.92m | eta: 3.1m
step 00392/01000 (39.20%) | loss: 6.985331 | lrm: 1.00 | dt: 250.72ms | tok/sec: 4,084 | bf16_mfu: 0.00 | epoch: 1 pq: 0 rg: 2 | total time: 1.92m | eta: 3.1m
step 00393/01000 (39.30%) | loss: 6.977785 | lrm: 1.00 | dt: 186.48ms | tok/sec: 5,491 | bf16_mfu: 0.00 | epoch: 1 pq: 0 rg: 2 | total time: 1.93m | eta: 3.1m
step 00394/01000 (39.40%) | loss: 6.970024 | lrm: 1.00 | dt: 226.74ms | tok/sec: 4,516 | bf16_mfu: 0.00 | epoch: 1 pq: 0 rg: 2 | total time: 1.93m | eta: 3.0m
step 00395/01000 (39.50%) | loss: 6.962981 | lrm: 1.00 | dt: 230.09ms | tok/sec: 4,450 | bf16_mfu: 0.00 | epoch: 1 pq: 0 rg: 2 | total time: 1.94m | eta: 3.0m
step 00396/01000 (39.60%) | loss: 6.925602 | lrm: 1.00 | dt: 293.44ms | tok/sec: 3,489 | bf16_mfu: 0.00 | epoch: 1 pq: 0 rg: 2 | total time: 1.94m | eta: 3.0m
step 00397/01000 (39.70%) | loss: 6.925092 | lrm: 1.00 | dt: 243.34ms | tok/sec: 4,208 | bf16_mfu: 0.00 | epoch: 1 pq: 0 rg: 2 | total time: 1.94m | eta: 3.0m
step 00398/01000 (39.80%) | loss: 6.939373 | lrm: 1.00 | dt: 236.87ms | tok/sec: 4,323 | bf16_mfu: 0.00 | epoch: 1 pq: 0 rg: 2 | total time: 1.95m | eta: 3.0m
step 00399/01000 (39.90%) | loss: 6.925243 | lrm: 1.00 | dt: 237.21ms | tok/sec: 4,316 | bf16_mfu: 0.00 | epoch: 1 pq: 0 rg: 2 | total time: 1.95m | eta: 3.0m
step 00400/01000 (40.00%) | loss: 6.928035 | lrm: 1.00 | dt: 226.88ms | tok/sec: 4,513 | bf16_mfu: 0.00 | epoch: 1 pq: 0 rg: 2 | total time: 1.96m | eta: 3.0m
step 00401/01000 (40.10%) | loss: 6.916188 | lrm: 1.00 | dt: 230.87ms | tok/sec: 4,435 | bf16_mfu: 0.00 | epoch: 1 pq: 0 rg: 2 | total time: 1.96m | eta: 3.0m
step 00402/01000 (40.20%) | loss: 6.947239 | lrm: 1.00 | dt: 231.99ms | tok/sec: 4,413 | bf16_mfu: 0.00 | epoch: 1 pq: 0 rg: 2 | total time: 1.96m | eta: 3.0m
step 00403/01000 (40.30%) | loss: 6.980524 | lrm: 1.00 | dt: 462.22ms | tok/sec: 2,215 | bf16_mfu: 0.00 | epoch: 1 pq: 0 rg: 2 | total time: 1.97m | eta: 3.0m
step 00404/01000 (40.40%) | loss: 6.978186 | lrm: 1.00 | dt: 185.39ms | tok/sec: 5,523 | bf16_mfu: 0.00 | epoch: 1 pq: 0 rg: 2 | total time: 1.97m | eta: 3.0m
step 00405/01000 (40.50%) | loss: 6.943720 | lrm: 1.00 | dt: 190.58ms | tok/sec: 5,373 | bf16_mfu: 0.00 | epoch: 1 pq: 0 rg: 2 | total time: 1.98m | eta: 3.0m
step 00406/01000 (40.60%) | loss: 6.954457 | lrm: 1.00 | dt: 255.33ms | tok/sec: 4,010 | bf16_mfu: 0.00 | epoch: 1 pq: 0 rg: 2 | total time: 1.98m | eta: 3.0m
step 00407/01000 (40.70%) | loss: 6.954058 | lrm: 1.00 | dt: 252.84ms | tok/sec: 4,049 | bf16_mfu: 0.00 | epoch: 1 pq: 0 rg: 2 | total time: 1.99m | eta: 3.0m
step 00408/01000 (40.80%) | loss: 6.902703 | lrm: 1.00 | dt: 281.06ms | tok/sec: 3,643 | bf16_mfu: 0.00 | epoch: 1 pq: 0 rg: 2 | total time: 1.99m | eta: 3.0m
step 00409/01000 (40.90%) | loss: 6.895893 | lrm: 1.00 | dt: 287.89ms | tok/sec: 3,556 | bf16_mfu: 0.00 | epoch: 1 pq: 0 rg: 2 | total time: 2.00m | eta: 3.0m
step 00410/01000 (41.00%) | loss: 6.934381 | lrm: 1.00 | dt: 255.57ms | tok/sec: 4,006 | bf16_mfu: 0.00 | epoch: 1 pq: 0 rg: 2 | total time: 2.00m | eta: 2.9m
step 00411/01000 (41.10%) | loss: 6.909846 | lrm: 1.00 | dt: 216.67ms | tok/sec: 4,726 | bf16_mfu: 0.00 | epoch: 1 pq: 0 rg: 2 | total time: 2.00m | eta: 2.9m
step 00412/01000 (41.20%) | loss: 6.926757 | lrm: 1.00 | dt: 328.52ms | tok/sec: 3,117 | bf16_mfu: 0.00 | epoch: 1 pq: 0 rg: 2 | total time: 2.01m | eta: 2.9m
step 00413/01000 (41.30%) | loss: 6.913590 | lrm: 1.00 | dt: 236.14ms | tok/sec: 4,336 | bf16_mfu: 0.00 | epoch: 1 pq: 0 rg: 2 | total time: 2.01m | eta: 2.9m
step 00414/01000 (41.40%) | loss: 6.923175 | lrm: 1.00 | dt: 274.17ms | tok/sec: 3,734 | bf16_mfu: 0.00 | epoch: 1 pq: 0 rg: 2 | total time: 2.02m | eta: 2.9m
step 00415/01000 (41.50%) | loss: 6.935472 | lrm: 1.00 | dt: 389.46ms | tok/sec: 2,629 | bf16_mfu: 0.00 | epoch: 1 pq: 0 rg: 2 | total time: 2.02m | eta: 2.9m
step 00416/01000 (41.60%) | loss: 6.906859 | lrm: 1.00 | dt: 213.58ms | tok/sec: 4,794 | bf16_mfu: 0.00 | epoch: 1 pq: 0 rg: 2 | total time: 2.03m | eta: 2.9m
step 00417/01000 (41.70%) | loss: 6.901249 | lrm: 1.00 | dt: 260.62ms | tok/sec: 3,929 | bf16_mfu: 0.00 | epoch: 1 pq: 0 rg: 2 | total time: 2.03m | eta: 2.9m
step 00418/01000 (41.80%) | loss: 6.946971 | lrm: 1.00 | dt: 261.72ms | tok/sec: 3,912 | bf16_mfu: 0.00 | epoch: 1 pq: 0 rg: 2 | total time: 2.04m | eta: 2.9m
step 00419/01000 (41.90%) | loss: 6.985126 | lrm: 1.00 | dt: 246.58ms | tok/sec: 4,152 | bf16_mfu: 0.00 | epoch: 1 pq: 0 rg: 2 | total time: 2.04m | eta: 2.9m
step 00420/01000 (42.00%) | loss: 7.006172 | lrm: 1.00 | dt: 191.29ms | tok/sec: 5,353 | bf16_mfu: 0.00 | epoch: 1 pq: 0 rg: 2 | total time: 2.04m | eta: 2.9m
step 00421/01000 (42.10%) | loss: 7.049041 | lrm: 1.00 | dt: 223.91ms | tok/sec: 4,573 | bf16_mfu: 0.00 | epoch: 1 pq: 0 rg: 2 | total time: 2.05m | eta: 2.9m
step 00422/01000 (42.20%) | loss: 7.144886 | lrm: 1.00 | dt: 255.90ms | tok/sec: 4,001 | bf16_mfu: 0.00 | epoch: 1 pq: 0 rg: 2 | total time: 2.05m | eta: 2.9m
step 00423/01000 (42.30%) | loss: 7.038187 | lrm: 1.00 | dt: 220.03ms | tok/sec: 4,653 | bf16_mfu: 0.00 | epoch: 1 pq: 0 rg: 2 | total time: 2.06m | eta: 2.9m
step 00424/01000 (42.40%) | loss: 7.005059 | lrm: 1.00 | dt: 219.16ms | tok/sec: 4,672 | bf16_mfu: 0.00 | epoch: 1 pq: 0 rg: 2 | total time: 2.06m | eta: 2.9m
step 00425/01000 (42.50%) | loss: 7.036453 | lrm: 1.00 | dt: 187.88ms | tok/sec: 5,450 | bf16_mfu: 0.00 | epoch: 1 pq: 0 rg: 2 | total time: 2.06m | eta: 2.9m
step 00426/01000 (42.60%) | loss: 6.945394 | lrm: 1.00 | dt: 240.19ms | tok/sec: 4,263 | bf16_mfu: 0.00 | epoch: 1 pq: 0 rg: 2 | total time: 2.07m | eta: 2.9m
step 00427/01000 (42.70%) | loss: 6.967292 | lrm: 1.00 | dt: 208.28ms | tok/sec: 4,916 | bf16_mfu: 0.00 | epoch: 1 pq: 0 rg: 2 | total time: 2.07m | eta: 2.8m
step 00428/01000 (42.80%) | loss: 6.874168 | lrm: 1.00 | dt: 216.94ms | tok/sec: 4,720 | bf16_mfu: 0.00 | epoch: 1 pq: 0 rg: 2 | total time: 2.07m | eta: 2.8m
step 00429/01000 (42.90%) | loss: 6.831912 | lrm: 1.00 | dt: 230.80ms | tok/sec: 4,436 | bf16_mfu: 0.00 | epoch: 1 pq: 0 rg: 2 | total time: 2.08m | eta: 2.8m
step 00430/01000 (43.00%) | loss: 6.794677 | lrm: 1.00 | dt: 563.77ms | tok/sec: 1,816 | bf16_mfu: 0.00 | epoch: 1 pq: 0 rg: 2 | total time: 2.09m | eta: 2.8m
step 00431/01000 (43.10%) | loss: 6.786455 | lrm: 1.00 | dt: 178.69ms | tok/sec: 5,730 | bf16_mfu: 0.00 | epoch: 1 pq: 0 rg: 2 | total time: 2.09m | eta: 2.8m
step 00432/01000 (43.20%) | loss: 6.735891 | lrm: 1.00 | dt: 166.67ms | tok/sec: 6,144 | bf16_mfu: 0.00 | epoch: 1 pq: 0 rg: 2 | total time: 2.09m | eta: 2.8m
step 00433/01000 (43.30%) | loss: 6.791186 | lrm: 1.00 | dt: 195.07ms | tok/sec: 5,249 | bf16_mfu: 0.00 | epoch: 1 pq: 0 rg: 2 | total time: 2.10m | eta: 2.8m
step 00434/01000 (43.40%) | loss: 6.840919 | lrm: 1.00 | dt: 188.70ms | tok/sec: 5,426 | bf16_mfu: 0.00 | epoch: 1 pq: 0 rg: 2 | total time: 2.10m | eta: 2.8m
step 00435/01000 (43.50%) | loss: 6.801726 | lrm: 1.00 | dt: 198.00ms | tok/sec: 5,171 | bf16_mfu: 0.00 | epoch: 1 pq: 0 rg: 2 | total time: 2.10m | eta: 2.8m
step 00436/01000 (43.60%) | loss: 6.808269 | lrm: 1.00 | dt: 206.58ms | tok/sec: 4,956 | bf16_mfu: 0.00 | epoch: 1 pq: 0 rg: 2 | total time: 2.11m | eta: 2.8m
step 00437/01000 (43.70%) | loss: 6.910410 | lrm: 1.00 | dt: 219.22ms | tok/sec: 4,671 | bf16_mfu: 0.00 | epoch: 1 pq: 0 rg: 2 | total time: 2.11m | eta: 2.8m
step 00438/01000 (43.80%) | loss: 6.913138 | lrm: 1.00 | dt: 220.91ms | tok/sec: 4,635 | bf16_mfu: 0.00 | epoch: 1 pq: 0 rg: 2 | total time: 2.11m | eta: 2.8m
step 00439/01000 (43.90%) | loss: 6.849642 | lrm: 1.00 | dt: 221.02ms | tok/sec: 4,632 | bf16_mfu: 0.00 | epoch: 1 pq: 0 rg: 2 | total time: 2.12m | eta: 2.8m
step 00440/01000 (44.00%) | loss: 6.863587 | lrm: 1.00 | dt: 220.36ms | tok/sec: 4,646 | bf16_mfu: 0.00 | epoch: 1 pq: 0 rg: 2 | total time: 2.12m | eta: 2.8m
step 00441/01000 (44.10%) | loss: 6.829620 | lrm: 1.00 | dt: 229.25ms | tok/sec: 4,466 | bf16_mfu: 0.00 | epoch: 1 pq: 0 rg: 2 | total time: 2.12m | eta: 2.8m
step 00442/01000 (44.20%) | loss: 6.839826 | lrm: 1.00 | dt: 241.46ms | tok/sec: 4,240 | bf16_mfu: 0.00 | epoch: 1 pq: 0 rg: 2 | total time: 2.13m | eta: 2.7m
step 00443/01000 (44.30%) | loss: 6.802044 | lrm: 1.00 | dt: 248.04ms | tok/sec: 4,128 | bf16_mfu: 0.00 | epoch: 1 pq: 0 rg: 2 | total time: 2.13m | eta: 2.7m
step 00444/01000 (44.40%) | loss: 6.843960 | lrm: 1.00 | dt: 248.11ms | tok/sec: 4,127 | bf16_mfu: 0.00 | epoch: 1 pq: 0 rg: 2 | total time: 2.14m | eta: 2.7m
step 00445/01000 (44.50%) | loss: 6.860252 | lrm: 1.00 | dt: 256.31ms | tok/sec: 3,995 | bf16_mfu: 0.00 | epoch: 1 pq: 0 rg: 2 | total time: 2.14m | eta: 2.7m
step 00446/01000 (44.60%) | loss: 6.865856 | lrm: 1.00 | dt: 316.00ms | tok/sec: 3,240 | bf16_mfu: 0.00 | epoch: 1 pq: 0 rg: 2 | total time: 2.15m | eta: 2.7m
step 00447/01000 (44.70%) | loss: 6.827894 | lrm: 1.00 | dt: 370.73ms | tok/sec: 2,762 | bf16_mfu: 0.00 | epoch: 1 pq: 0 rg: 2 | total time: 2.15m | eta: 2.7m
step 00448/01000 (44.80%) | loss: 6.848865 | lrm: 1.00 | dt: 365.86ms | tok/sec: 2,798 | bf16_mfu: 0.00 | epoch: 1 pq: 0 rg: 2 | total time: 2.16m | eta: 2.7m
step 00449/01000 (44.90%) | loss: 6.910307 | lrm: 1.00 | dt: 467.52ms | tok/sec: 2,190 | bf16_mfu: 0.00 | epoch: 1 pq: 0 rg: 2 | total time: 2.17m | eta: 2.7m
step 00450/01000 (45.00%) | loss: 6.937338 | lrm: 1.00 | dt: 252.82ms | tok/sec: 4,050 | bf16_mfu: 0.00 | epoch: 1 pq: 0 rg: 2 | total time: 2.17m | eta: 2.7m
step 00451/01000 (45.10%) | loss: 6.938396 | lrm: 1.00 | dt: 226.81ms | tok/sec: 4,514 | bf16_mfu: 0.00 | epoch: 1 pq: 0 rg: 2 | total time: 2.17m | eta: 2.7m
step 00452/01000 (45.20%) | loss: 6.999507 | lrm: 1.00 | dt: 242.45ms | tok/sec: 4,223 | bf16_mfu: 0.00 | epoch: 1 pq: 0 rg: 2 | total time: 2.18m | eta: 2.7m
step 00453/01000 (45.30%) | loss: 7.031116 | lrm: 1.00 | dt: 210.20ms | tok/sec: 4,871 | bf16_mfu: 0.00 | epoch: 1 pq: 0 rg: 2 | total time: 2.18m | eta: 2.7m
step 00454/01000 (45.40%) | loss: 7.052480 | lrm: 1.00 | dt: 229.09ms | tok/sec: 4,469 | bf16_mfu: 0.00 | epoch: 1 pq: 0 rg: 2 | total time: 2.19m | eta: 2.7m
step 00455/01000 (45.50%) | loss: 7.018810 | lrm: 1.00 | dt: 209.53ms | tok/sec: 4,887 | bf16_mfu: 0.00 | epoch: 1 pq: 0 rg: 2 | total time: 2.19m | eta: 2.7m
step 00456/01000 (45.60%) | loss: 6.977522 | lrm: 1.00 | dt: 249.78ms | tok/sec: 4,099 | bf16_mfu: 0.00 | epoch: 1 pq: 0 rg: 2 | total time: 2.19m | eta: 2.7m
step 00457/01000 (45.70%) | loss: 7.021607 | lrm: 1.00 | dt: 248.07ms | tok/sec: 4,127 | bf16_mfu: 0.00 | epoch: 1 pq: 0 rg: 2 | total time: 2.20m | eta: 2.7m
step 00458/01000 (45.80%) | loss: 6.985792 | lrm: 1.00 | dt: 240.67ms | tok/sec: 4,254 | bf16_mfu: 0.00 | epoch: 1 pq: 0 rg: 2 | total time: 2.20m | eta: 2.7m
step 00459/01000 (45.90%) | loss: 6.976619 | lrm: 1.00 | dt: 273.61ms | tok/sec: 3,742 | bf16_mfu: 0.00 | epoch: 1 pq: 0 rg: 2 | total time: 2.21m | eta: 2.7m
step 00460/01000 (46.00%) | loss: 6.920029 | lrm: 1.00 | dt: 316.64ms | tok/sec: 3,233 | bf16_mfu: 0.00 | epoch: 1 pq: 0 rg: 2 | total time: 2.21m | eta: 2.7m
step 00461/01000 (46.10%) | loss: 6.864818 | lrm: 1.00 | dt: 358.83ms | tok/sec: 2,853 | bf16_mfu: 0.00 | epoch: 1 pq: 0 rg: 2 | total time: 2.22m | eta: 2.6m
step 00462/01000 (46.20%) | loss: 6.883627 | lrm: 1.00 | dt: 344.66ms | tok/sec: 2,971 | bf16_mfu: 0.00 | epoch: 1 pq: 0 rg: 2 | total time: 2.22m | eta: 2.6m
step 00463/01000 (46.30%) | loss: 6.844677 | lrm: 1.00 | dt: 265.72ms | tok/sec: 3,853 | bf16_mfu: 0.00 | epoch: 1 pq: 0 rg: 2 | total time: 2.23m | eta: 2.6m
step 00464/01000 (46.40%) | loss: 6.710320 | lrm: 1.00 | dt: 263.47ms | tok/sec: 3,886 | bf16_mfu: 0.00 | epoch: 1 pq: 0 rg: 2 | total time: 2.23m | eta: 2.6m
step 00465/01000 (46.50%) | loss: 6.734779 | lrm: 1.00 | dt: 309.87ms | tok/sec: 3,304 | bf16_mfu: 0.00 | epoch: 1 pq: 0 rg: 2 | total time: 2.24m | eta: 2.6m
step 00466/01000 (46.60%) | loss: 6.769318 | lrm: 1.00 | dt: 364.29ms | tok/sec: 2,810 | bf16_mfu: 0.00 | epoch: 1 pq: 0 rg: 2 | total time: 2.24m | eta: 2.6m
step 00467/01000 (46.70%) | loss: 6.823185 | lrm: 1.00 | dt: 179.59ms | tok/sec: 5,701 | bf16_mfu: 0.00 | epoch: 1 pq: 0 rg: 2 | total time: 2.25m | eta: 2.6m
step 00468/01000 (46.80%) | loss: 6.851775 | lrm: 1.00 | dt: 177.46ms | tok/sec: 5,770 | bf16_mfu: 0.00 | epoch: 1 pq: 0 rg: 2 | total time: 2.25m | eta: 2.6m
step 00469/01000 (46.90%) | loss: 6.882109 | lrm: 1.00 | dt: 177.63ms | tok/sec: 5,764 | bf16_mfu: 0.00 | epoch: 1 pq: 0 rg: 2 | total time: 2.25m | eta: 2.6m
step 00470/01000 (47.00%) | loss: 6.919242 | lrm: 1.00 | dt: 185.72ms | tok/sec: 5,513 | bf16_mfu: 0.00 | epoch: 1 pq: 0 rg: 2 | total time: 2.25m | eta: 2.6m
step 00471/01000 (47.10%) | loss: 6.937689 | lrm: 1.00 | dt: 209.04ms | tok/sec: 4,898 | bf16_mfu: 0.00 | epoch: 1 pq: 0 rg: 2 | total time: 2.26m | eta: 2.6m
step 00472/01000 (47.20%) | loss: 6.928170 | lrm: 1.00 | dt: 194.52ms | tok/sec: 5,264 | bf16_mfu: 0.00 | epoch: 1 pq: 0 rg: 2 | total time: 2.26m | eta: 2.6m
step 00473/01000 (47.30%) | loss: 6.965969 | lrm: 1.00 | dt: 191.43ms | tok/sec: 5,349 | bf16_mfu: 0.00 | epoch: 1 pq: 0 rg: 2 | total time: 2.26m | eta: 2.6m
step 00474/01000 (47.40%) | loss: 6.899700 | lrm: 1.00 | dt: 205.40ms | tok/sec: 4,985 | bf16_mfu: 0.00 | epoch: 1 pq: 0 rg: 2 | total time: 2.27m | eta: 2.6m
step 00475/01000 (47.50%) | loss: 6.862316 | lrm: 1.00 | dt: 197.09ms | tok/sec: 5,195 | bf16_mfu: 0.00 | epoch: 1 pq: 0 rg: 2 | total time: 2.27m | eta: 2.6m
step 00476/01000 (47.60%) | loss: 6.829583 | lrm: 1.00 | dt: 211.45ms | tok/sec: 4,842 | bf16_mfu: 0.00 | epoch: 1 pq: 0 rg: 2 | total time: 2.27m | eta: 2.6m
step 00477/01000 (47.70%) | loss: 6.820120 | lrm: 1.00 | dt: 205.16ms | tok/sec: 4,991 | bf16_mfu: 0.00 | epoch: 1 pq: 0 rg: 2 | total time: 2.28m | eta: 2.6m
step 00478/01000 (47.80%) | loss: 6.808224 | lrm: 1.00 | dt: 306.55ms | tok/sec: 3,340 | bf16_mfu: 0.00 | epoch: 1 pq: 0 rg: 2 | total time: 2.28m | eta: 2.5m
step 00479/01000 (47.90%) | loss: 6.848939 | lrm: 1.00 | dt: 365.62ms | tok/sec: 2,800 | bf16_mfu: 0.00 | epoch: 1 pq: 0 rg: 2 | total time: 2.29m | eta: 2.5m
step 00480/01000 (48.00%) | loss: 6.831829 | lrm: 1.00 | dt: 171.11ms | tok/sec: 5,984 | bf16_mfu: 0.00 | epoch: 1 pq: 0 rg: 2 | total time: 2.29m | eta: 2.5m
step 00481/01000 (48.10%) | loss: 6.832713 | lrm: 1.00 | dt: 165.30ms | tok/sec: 6,194 | bf16_mfu: 0.00 | epoch: 1 pq: 0 rg: 2 | total time: 2.29m | eta: 2.5m
step 00482/01000 (48.20%) | loss: 6.807254 | lrm: 1.00 | dt: 176.82ms | tok/sec: 5,791 | bf16_mfu: 0.00 | epoch: 1 pq: 0 rg: 2 | total time: 2.30m | eta: 2.5m
step 00483/01000 (48.30%) | loss: 6.858171 | lrm: 1.00 | dt: 189.28ms | tok/sec: 5,410 | bf16_mfu: 0.00 | epoch: 1 pq: 0 rg: 2 | total time: 2.30m | eta: 2.5m
step 00484/01000 (48.40%) | loss: 6.835998 | lrm: 1.00 | dt: 226.39ms | tok/sec: 4,523 | bf16_mfu: 0.00 | epoch: 1 pq: 0 rg: 2 | total time: 2.30m | eta: 2.5m
step 00485/01000 (48.50%) | loss: 6.820737 | lrm: 1.00 | dt: 230.85ms | tok/sec: 4,435 | bf16_mfu: 0.00 | epoch: 1 pq: 0 rg: 2 | total time: 2.31m | eta: 2.5m
step 00486/01000 (48.60%) | loss: 6.862066 | lrm: 1.00 | dt: 253.47ms | tok/sec: 4,039 | bf16_mfu: 0.00 | epoch: 1 pq: 0 rg: 2 | total time: 2.31m | eta: 2.5m
step 00487/01000 (48.70%) | loss: 6.956754 | lrm: 1.00 | dt: 292.59ms | tok/sec: 3,499 | bf16_mfu: 0.00 | epoch: 1 pq: 0 rg: 2 | total time: 2.32m | eta: 2.5m
step 00488/01000 (48.80%) | loss: 6.978993 | lrm: 1.00 | dt: 271.06ms | tok/sec: 3,777 | bf16_mfu: 0.00 | epoch: 1 pq: 0 rg: 2 | total time: 2.32m | eta: 2.5m
step 00489/01000 (48.90%) | loss: 6.993113 | lrm: 1.00 | dt: 297.02ms | tok/sec: 3,447 | bf16_mfu: 0.00 | epoch: 1 pq: 0 rg: 2 | total time: 2.33m | eta: 2.5m
step 00490/01000 (49.00%) | loss: 7.004235 | lrm: 1.00 | dt: 368.36ms | tok/sec: 2,779 | bf16_mfu: 0.00 | epoch: 1 pq: 0 rg: 2 | total time: 2.33m | eta: 2.5m
step 00491/01000 (49.10%) | loss: 6.883889 | lrm: 1.00 | dt: 211.27ms | tok/sec: 4,846 | bf16_mfu: 0.00 | epoch: 1 pq: 0 rg: 2 | total time: 2.34m | eta: 2.5m
step 00492/01000 (49.20%) | loss: 6.853744 | lrm: 1.00 | dt: 220.35ms | tok/sec: 4,647 | bf16_mfu: 0.00 | epoch: 1 pq: 0 rg: 2 | total time: 2.34m | eta: 2.5m
step 00493/01000 (49.30%) | loss: 6.755719 | lrm: 1.00 | dt: 298.12ms | tok/sec: 3,434 | bf16_mfu: 0.00 | epoch: 1 pq: 0 rg: 2 | total time: 2.35m | eta: 2.5m
step 00494/01000 (49.40%) | loss: 6.703654 | lrm: 1.00 | dt: 265.35ms | tok/sec: 3,859 | bf16_mfu: 0.00 | epoch: 1 pq: 0 rg: 2 | total time: 2.35m | eta: 2.5m
step 00495/01000 (49.50%) | loss: 6.728774 | lrm: 1.00 | dt: 265.69ms | tok/sec: 3,854 | bf16_mfu: 0.00 | epoch: 1 pq: 0 rg: 2 | total time: 2.35m | eta: 2.5m
step 00496/01000 (49.60%) | loss: 6.607385 | lrm: 1.00 | dt: 263.27ms | tok/sec: 3,889 | bf16_mfu: 0.00 | epoch: 1 pq: 0 rg: 2 | total time: 2.36m | eta: 2.4m
step 00497/01000 (49.70%) | loss: 6.633252 | lrm: 1.00 | dt: 252.48ms | tok/sec: 4,055 | bf16_mfu: 0.00 | epoch: 1 pq: 0 rg: 2 | total time: 2.36m | eta: 2.4m
step 00498/01000 (49.80%) | loss: 6.598222 | lrm: 1.00 | dt: 263.58ms | tok/sec: 3,884 | bf16_mfu: 0.00 | epoch: 1 pq: 0 rg: 2 | total time: 2.37m | eta: 2.4m
step 00499/01000 (49.90%) | loss: 6.659586 | lrm: 1.00 | dt: 273.30ms | tok/sec: 3,746 | bf16_mfu: 0.00 | epoch: 1 pq: 0 rg: 2 | total time: 2.37m | eta: 2.4m
step 00500/01000 (50.00%) | loss: 6.689383 | lrm: 1.00 | dt: 538.77ms | tok/sec: 1,900 | bf16_mfu: 0.00 | epoch: 1 pq: 0 rg: 2 | total time: 2.38m | eta: 2.4m
step 00501/01000 (50.10%) | loss: 6.792325 | lrm: 1.00 | dt: 222.57ms | tok/sec: 4,600 | bf16_mfu: 0.00 | epoch: 1 pq: 0 rg: 2 | total time: 2.38m | eta: 2.4m
step 00502/01000 (50.20%) | loss: 6.781497 | lrm: 1.00 | dt: 235.45ms | tok/sec: 4,349 | bf16_mfu: 0.00 | epoch: 1 pq: 0 rg: 2 | total time: 2.39m | eta: 2.4m
step 00503/01000 (50.30%) | loss: 6.792346 | lrm: 1.00 | dt: 249.29ms | tok/sec: 4,107 | bf16_mfu: 0.00 | epoch: 1 pq: 0 rg: 2 | total time: 2.39m | eta: 2.4m
step 00504/01000 (50.40%) | loss: 6.779221 | lrm: 1.00 | dt: 258.03ms | tok/sec: 3,968 | bf16_mfu: 0.00 | epoch: 1 pq: 0 rg: 2 | total time: 2.40m | eta: 2.4m
step 00505/01000 (50.50%) | loss: 6.734151 | lrm: 1.00 | dt: 239.84ms | tok/sec: 4,269 | bf16_mfu: 0.00 | epoch: 1 pq: 0 rg: 2 | total time: 2.40m | eta: 2.4m
step 00506/01000 (50.60%) | loss: 6.774466 | lrm: 1.00 | dt: 300.88ms | tok/sec: 3,403 | bf16_mfu: 0.00 | epoch: 1 pq: 0 rg: 2 | total time: 2.41m | eta: 2.4m
step 00507/01000 (50.70%) | loss: 6.760034 | lrm: 1.00 | dt: 215.61ms | tok/sec: 4,749 | bf16_mfu: 0.00 | epoch: 1 pq: 0 rg: 2 | total time: 2.41m | eta: 2.4m
step 00508/01000 (50.80%) | loss: 6.714225 | lrm: 1.00 | dt: 221.83ms | tok/sec: 4,616 | bf16_mfu: 0.00 | epoch: 1 pq: 0 rg: 2 | total time: 2.41m | eta: 2.4m
step 00509/01000 (50.90%) | loss: 6.726523 | lrm: 1.00 | dt: 262.17ms | tok/sec: 3,905 | bf16_mfu: 0.00 | epoch: 1 pq: 0 rg: 2 | total time: 2.42m | eta: 2.4m
step 00510/01000 (51.00%) | loss: 6.727896 | lrm: 1.00 | dt: 273.08ms | tok/sec: 3,749 | bf16_mfu: 0.00 | epoch: 1 pq: 0 rg: 2 | total time: 2.42m | eta: 2.4m
step 00511/01000 (51.10%) | loss: 6.716755 | lrm: 1.00 | dt: 240.37ms | tok/sec: 4,260 | bf16_mfu: 0.00 | epoch: 1 pq: 0 rg: 2 | total time: 2.43m | eta: 2.4m
step 00512/01000 (51.20%) | loss: 6.697184 | lrm: 1.00 | dt: 246.06ms | tok/sec: 4,161 | bf16_mfu: 0.00 | epoch: 1 pq: 0 rg: 2 | total time: 2.43m | eta: 2.4m
step 00513/01000 (51.30%) | loss: 6.731115 | lrm: 1.00 | dt: 253.20ms | tok/sec: 4,044 | bf16_mfu: 0.00 | epoch: 1 pq: 0 rg: 2 | total time: 2.43m | eta: 2.4m
step 00514/01000 (51.40%) | loss: 6.725807 | lrm: 1.00 | dt: 362.65ms | tok/sec: 2,823 | bf16_mfu: 0.00 | epoch: 1 pq: 0 rg: 2 | total time: 2.44m | eta: 2.4m
step 00515/01000 (51.50%) | loss: 6.736351 | lrm: 1.00 | dt: 166.87ms | tok/sec: 6,136 | bf16_mfu: 0.00 | epoch: 1 pq: 0 rg: 2 | total time: 2.44m | eta: 2.3m
step 00516/01000 (51.60%) | loss: 6.746566 | lrm: 1.00 | dt: 153.11ms | tok/sec: 6,688 | bf16_mfu: 0.00 | epoch: 1 pq: 0 rg: 2 | total time: 2.45m | eta: 2.3m
step 00517/01000 (51.70%) | loss: 6.761201 | lrm: 1.00 | dt: 171.53ms | tok/sec: 5,969 | bf16_mfu: 0.00 | epoch: 1 pq: 0 rg: 2 | total time: 2.45m | eta: 2.3m
step 00518/01000 (51.80%) | loss: 6.827516 | lrm: 1.00 | dt: 218.33ms | tok/sec: 4,690 | bf16_mfu: 0.00 | epoch: 1 pq: 0 rg: 2 | total time: 2.45m | eta: 2.3m
step 00519/01000 (51.90%) | loss: 6.756129 | lrm: 1.00 | dt: 240.03ms | tok/sec: 4,266 | bf16_mfu: 0.00 | epoch: 1 pq: 0 rg: 2 | total time: 2.46m | eta: 2.3m
step 00520/01000 (52.00%) | loss: 6.783909 | lrm: 1.00 | dt: 230.63ms | tok/sec: 4,440 | bf16_mfu: 0.00 | epoch: 1 pq: 0 rg: 2 | total time: 2.46m | eta: 2.3m
step 00521/01000 (52.10%) | loss: 6.774972 | lrm: 1.00 | dt: 200.01ms | tok/sec: 5,119 | bf16_mfu: 0.00 | epoch: 1 pq: 0 rg: 2 | total time: 2.46m | eta: 2.3m
step 00522/01000 (52.20%) | loss: 6.749546 | lrm: 1.00 | dt: 218.21ms | tok/sec: 4,692 | bf16_mfu: 0.00 | epoch: 1 pq: 0 rg: 2 | total time: 2.47m | eta: 2.3m
step 00523/01000 (52.30%) | loss: 6.756422 | lrm: 1.00 | dt: 211.82ms | tok/sec: 4,834 | bf16_mfu: 0.00 | epoch: 1 pq: 0 rg: 2 | total time: 2.47m | eta: 2.3m
step 00524/01000 (52.40%) | loss: 6.751869 | lrm: 1.00 | dt: 221.99ms | tok/sec: 4,612 | bf16_mfu: 0.00 | epoch: 1 pq: 0 rg: 2 | total time: 2.47m | eta: 2.3m
step 00525/01000 (52.50%) | loss: 6.665508 | lrm: 1.00 | dt: 222.99ms | tok/sec: 4,592 | bf16_mfu: 0.00 | epoch: 1 pq: 0 rg: 2 | total time: 2.48m | eta: 2.3m
step 00526/01000 (52.60%) | loss: 6.676077 | lrm: 1.00 | dt: 251.55ms | tok/sec: 4,070 | bf16_mfu: 0.00 | epoch: 1 pq: 0 rg: 2 | total time: 2.48m | eta: 2.3m
step 00527/01000 (52.70%) | loss: 6.740219 | lrm: 1.00 | dt: 260.39ms | tok/sec: 3,932 | bf16_mfu: 0.00 | epoch: 1 pq: 0 rg: 2 | total time: 2.49m | eta: 2.3m
step 00528/01000 (52.80%) | loss: 6.757570 | lrm: 1.00 | dt: 199.85ms | tok/sec: 5,123 | bf16_mfu: 0.00 | epoch: 1 pq: 0 rg: 2 | total time: 2.49m | eta: 2.3m
step 00529/01000 (52.90%) | loss: 6.729710 | lrm: 1.00 | dt: 226.94ms | tok/sec: 4,512 | bf16_mfu: 0.00 | epoch: 1 pq: 0 rg: 2 | total time: 2.49m | eta: 2.3m
step 00530/01000 (53.00%) | loss: 6.732003 | lrm: 1.00 | dt: 355.58ms | tok/sec: 2,879 | bf16_mfu: 0.00 | epoch: 1 pq: 0 rg: 2 | total time: 2.50m | eta: 2.3m
step 00531/01000 (53.10%) | loss: 6.777090 | lrm: 1.00 | dt: 368.13ms | tok/sec: 2,781 | bf16_mfu: 0.00 | epoch: 1 pq: 0 rg: 2 | total time: 2.51m | eta: 2.3m
step 00532/01000 (53.20%) | loss: 6.813022 | lrm: 1.00 | dt: 182.57ms | tok/sec: 5,608 | bf16_mfu: 0.00 | epoch: 1 pq: 0 rg: 2 | total time: 2.51m | eta: 2.2m
step 00533/01000 (53.30%) | loss: 6.758706 | lrm: 1.00 | dt: 189.32ms | tok/sec: 5,408 | bf16_mfu: 0.00 | epoch: 1 pq: 0 rg: 2 | total time: 2.51m | eta: 2.2m
step 00534/01000 (53.40%) | loss: 6.764687 | lrm: 1.00 | dt: 219.94ms | tok/sec: 4,655 | bf16_mfu: 0.00 | epoch: 1 pq: 0 rg: 2 | total time: 2.52m | eta: 2.2m
step 00535/01000 (53.50%) | loss: 6.757510 | lrm: 1.00 | dt: 263.65ms | tok/sec: 3,883 | bf16_mfu: 0.00 | epoch: 1 pq: 0 rg: 2 | total time: 2.52m | eta: 2.2m
step 00536/01000 (53.60%) | loss: 6.788221 | lrm: 1.00 | dt: 247.81ms | tok/sec: 4,132 | bf16_mfu: 0.00 | epoch: 1 pq: 0 rg: 2 | total time: 2.52m | eta: 2.2m
step 00537/01000 (53.70%) | loss: 6.825024 | lrm: 1.00 | dt: 246.78ms | tok/sec: 4,149 | bf16_mfu: 0.00 | epoch: 1 pq: 0 rg: 2 | total time: 2.53m | eta: 2.2m
step 00538/01000 (53.80%) | loss: 6.806043 | lrm: 1.00 | dt: 223.69ms | tok/sec: 4,577 | bf16_mfu: 0.00 | epoch: 1 pq: 0 rg: 2 | total time: 2.53m | eta: 2.2m
step 00539/01000 (53.90%) | loss: 6.833421 | lrm: 1.00 | dt: 230.70ms | tok/sec: 4,438 | bf16_mfu: 0.00 | epoch: 1 pq: 0 rg: 2 | total time: 2.54m | eta: 2.2m
step 00540/01000 (54.00%) | loss: 6.855365 | lrm: 1.00 | dt: 268.13ms | tok/sec: 3,819 | bf16_mfu: 0.00 | epoch: 1 pq: 0 rg: 2 | total time: 2.54m | eta: 2.2m
step 00541/01000 (54.10%) | loss: 6.787426 | lrm: 1.00 | dt: 262.76ms | tok/sec: 3,897 | bf16_mfu: 0.00 | epoch: 1 pq: 0 rg: 2 | total time: 2.54m | eta: 2.2m
step 00542/01000 (54.20%) | loss: 6.734552 | lrm: 1.00 | dt: 328.17ms | tok/sec: 3,120 | bf16_mfu: 0.00 | epoch: 1 pq: 0 rg: 2 | total time: 2.55m | eta: 2.2m
step 00543/01000 (54.30%) | loss: 6.784890 | lrm: 1.00 | dt: 267.78ms | tok/sec: 3,824 | bf16_mfu: 0.00 | epoch: 1 pq: 0 rg: 2 | total time: 2.55m | eta: 2.2m
step 00544/01000 (54.40%) | loss: 6.809171 | lrm: 1.00 | dt: 273.12ms | tok/sec: 3,749 | bf16_mfu: 0.00 | epoch: 1 pq: 0 rg: 2 | total time: 2.56m | eta: 2.2m
step 00545/01000 (54.50%) | loss: 6.838648 | lrm: 1.00 | dt: 241.72ms | tok/sec: 4,236 | bf16_mfu: 0.00 | epoch: 1 pq: 0 rg: 2 | total time: 2.56m | eta: 2.2m
step 00546/01000 (54.60%) | loss: 6.831916 | lrm: 1.00 | dt: 299.17ms | tok/sec: 3,422 | bf16_mfu: 0.00 | epoch: 1 pq: 0 rg: 2 | total time: 2.57m | eta: 2.2m
step 00547/01000 (54.70%) | loss: 6.811083 | lrm: 1.00 | dt: 284.03ms | tok/sec: 3,605 | bf16_mfu: 0.00 | epoch: 1 pq: 0 rg: 2 | total time: 2.57m | eta: 2.2m
step 00548/01000 (54.80%) | loss: 6.851384 | lrm: 1.00 | dt: 269.64ms | tok/sec: 3,797 | bf16_mfu: 0.00 | epoch: 1 pq: 0 rg: 2 | total time: 2.58m | eta: 2.2m
step 00549/01000 (54.90%) | loss: 6.800709 | lrm: 1.00 | dt: 224.43ms | tok/sec: 4,562 | bf16_mfu: 0.00 | epoch: 1 pq: 0 rg: 2 | total time: 2.58m | eta: 2.2m
step 00550/01000 (55.00%) | loss: 6.745651 | lrm: 1.00 | dt: 227.52ms | tok/sec: 4,500 | bf16_mfu: 0.00 | epoch: 1 pq: 0 rg: 2 | total time: 2.58m | eta: 2.2m
step 00551/01000 (55.10%) | loss: 6.736062 | lrm: 1.00 | dt: 226.70ms | tok/sec: 4,516 | bf16_mfu: 0.00 | epoch: 1 pq: 0 rg: 2 | total time: 2.59m | eta: 2.1m
step 00552/01000 (55.20%) | loss: 6.688108 | lrm: 1.00 | dt: 561.67ms | tok/sec: 1,823 | bf16_mfu: 0.00 | epoch: 1 pq: 0 rg: 2 | total time: 2.60m | eta: 2.1m
step 00553/01000 (55.30%) | loss: 6.697851 | lrm: 1.00 | dt: 180.52ms | tok/sec: 5,672 | bf16_mfu: 0.00 | epoch: 1 pq: 0 rg: 2 | total time: 2.60m | eta: 2.1m
step 00554/01000 (55.40%) | loss: 6.711911 | lrm: 1.00 | dt: 183.11ms | tok/sec: 5,592 | bf16_mfu: 0.00 | epoch: 1 pq: 0 rg: 2 | total time: 2.60m | eta: 2.1m
step 00555/01000 (55.50%) | loss: 6.681863 | lrm: 1.00 | dt: 184.27ms | tok/sec: 5,557 | bf16_mfu: 0.00 | epoch: 1 pq: 0 rg: 2 | total time: 2.61m | eta: 2.1m
step 00556/01000 (55.60%) | loss: 6.621797 | lrm: 1.00 | dt: 179.38ms | tok/sec: 5,708 | bf16_mfu: 0.00 | epoch: 1 pq: 0 rg: 2 | total time: 2.61m | eta: 2.1m
step 00557/01000 (55.70%) | loss: 6.628739 | lrm: 1.00 | dt: 182.73ms | tok/sec: 5,603 | bf16_mfu: 0.00 | epoch: 1 pq: 0 rg: 2 | total time: 2.61m | eta: 2.1m
step 00558/01000 (55.80%) | loss: 6.597334 | lrm: 1.00 | dt: 200.65ms | tok/sec: 5,103 | bf16_mfu: 0.00 | epoch: 1 pq: 0 rg: 2 | total time: 2.62m | eta: 2.1m
step 00559/01000 (55.90%) | loss: 6.633003 | lrm: 1.00 | dt: 171.94ms | tok/sec: 5,955 | bf16_mfu: 0.00 | epoch: 1 pq: 0 rg: 2 | total time: 2.62m | eta: 2.1m
step 00560/01000 (56.00%) | loss: 6.673573 | lrm: 1.00 | dt: 180.13ms | tok/sec: 5,684 | bf16_mfu: 0.00 | epoch: 1 pq: 0 rg: 2 | total time: 2.62m | eta: 2.1m
step 00561/01000 (56.10%) | loss: 6.704526 | lrm: 1.00 | dt: 195.00ms | tok/sec: 5,251 | bf16_mfu: 0.00 | epoch: 1 pq: 0 rg: 2 | total time: 2.63m | eta: 2.1m
step 00562/01000 (56.20%) | loss: 6.712537 | lrm: 1.00 | dt: 202.79ms | tok/sec: 5,049 | bf16_mfu: 0.00 | epoch: 1 pq: 0 rg: 2 | total time: 2.63m | eta: 2.1m
step 00563/01000 (56.30%) | loss: 6.716279 | lrm: 1.00 | dt: 219.68ms | tok/sec: 4,661 | bf16_mfu: 0.00 | epoch: 1 pq: 0 rg: 2 | total time: 2.63m | eta: 2.1m
step 00564/01000 (56.40%) | loss: 6.759646 | lrm: 1.00 | dt: 216.44ms | tok/sec: 4,731 | bf16_mfu: 0.00 | epoch: 1 pq: 0 rg: 2 | total time: 2.64m | eta: 2.1m
step 00565/01000 (56.50%) | loss: 6.822192 | lrm: 1.00 | dt: 226.93ms | tok/sec: 4,512 | bf16_mfu: 0.00 | epoch: 1 pq: 0 rg: 2 | total time: 2.64m | eta: 2.1m
step 00566/01000 (56.60%) | loss: 6.784209 | lrm: 1.00 | dt: 249.28ms | tok/sec: 4,107 | bf16_mfu: 0.00 | epoch: 1 pq: 0 rg: 2 | total time: 2.64m | eta: 2.1m
step 00567/01000 (56.70%) | loss: 6.762591 | lrm: 1.00 | dt: 254.80ms | tok/sec: 4,018 | bf16_mfu: 0.00 | epoch: 1 pq: 0 rg: 2 | total time: 2.65m | eta: 2.1m
step 00568/01000 (56.80%) | loss: 6.827973 | lrm: 1.00 | dt: 242.33ms | tok/sec: 4,225 | bf16_mfu: 0.00 | epoch: 1 pq: 0 rg: 2 | total time: 2.65m | eta: 2.1m
step 00569/01000 (56.90%) | loss: 6.827785 | lrm: 1.00 | dt: 244.34ms | tok/sec: 4,190 | bf16_mfu: 0.00 | epoch: 1 pq: 0 rg: 2 | total time: 2.66m | eta: 2.0m
step 00570/01000 (57.00%) | loss: 6.818804 | lrm: 1.00 | dt: 248.76ms | tok/sec: 4,116 | bf16_mfu: 0.00 | epoch: 1 pq: 0 rg: 2 | total time: 2.66m | eta: 2.0m
step 00571/01000 (57.10%) | loss: 6.759956 | lrm: 1.00 | dt: 304.37ms | tok/sec: 3,364 | bf16_mfu: 0.00 | epoch: 1 pq: 0 rg: 2 | total time: 2.67m | eta: 2.0m
step 00572/01000 (57.20%) | loss: 6.752560 | lrm: 1.00 | dt: 285.11ms | tok/sec: 3,591 | bf16_mfu: 0.00 | epoch: 1 pq: 0 rg: 2 | total time: 2.67m | eta: 2.0m
step 00573/01000 (57.30%) | loss: 6.726871 | lrm: 1.00 | dt: 324.92ms | tok/sec: 3,151 | bf16_mfu: 0.00 | epoch: 1 pq: 0 rg: 2 | total time: 2.68m | eta: 2.0m
step 00574/01000 (57.40%) | loss: 6.756406 | lrm: 1.00 | dt: 181.81ms | tok/sec: 5,632 | bf16_mfu: 0.00 | epoch: 1 pq: 0 rg: 2 | total time: 2.68m | eta: 2.0m
step 00575/01000 (57.50%) | loss: 6.745388 | lrm: 1.00 | dt: 231.96ms | tok/sec: 4,414 | bf16_mfu: 0.00 | epoch: 1 pq: 0 rg: 2 | total time: 2.68m | eta: 2.0m
step 00576/01000 (57.60%) | loss: 6.721610 | lrm: 1.00 | dt: 245.07ms | tok/sec: 4,178 | bf16_mfu: 0.00 | epoch: 1 pq: 0 rg: 2 | total time: 2.69m | eta: 2.0m
step 00577/01000 (57.70%) | loss: 6.751324 | lrm: 1.00 | dt: 244.95ms | tok/sec: 4,180 | bf16_mfu: 0.00 | epoch: 1 pq: 0 rg: 2 | total time: 2.69m | eta: 2.0m
step 00578/01000 (57.80%) | loss: 6.713738 | lrm: 1.00 | dt: 250.35ms | tok/sec: 4,090 | bf16_mfu: 0.00 | epoch: 1 pq: 0 rg: 2 | total time: 2.70m | eta: 2.0m
step 00579/01000 (57.90%) | loss: 6.700771 | lrm: 1.00 | dt: 223.03ms | tok/sec: 4,591 | bf16_mfu: 0.00 | epoch: 1 pq: 0 rg: 2 | total time: 2.70m | eta: 2.0m
step 00580/01000 (58.00%) | loss: 6.694112 | lrm: 1.00 | dt: 213.57ms | tok/sec: 4,794 | bf16_mfu: 0.00 | epoch: 1 pq: 0 rg: 2 | total time: 2.70m | eta: 2.0m
step 00581/01000 (58.10%) | loss: 6.780095 | lrm: 1.00 | dt: 252.00ms | tok/sec: 4,063 | bf16_mfu: 0.00 | epoch: 1 pq: 0 rg: 2 | total time: 2.71m | eta: 2.0m
step 00582/01000 (58.20%) | loss: 6.729697 | lrm: 1.00 | dt: 231.96ms | tok/sec: 4,414 | bf16_mfu: 0.00 | epoch: 1 pq: 0 rg: 2 | total time: 2.71m | eta: 2.0m
step 00583/01000 (58.30%) | loss: 6.784581 | lrm: 1.00 | dt: 394.23ms | tok/sec: 2,597 | bf16_mfu: 0.00 | epoch: 1 pq: 0 rg: 2 | total time: 2.72m | eta: 2.0m
step 00584/01000 (58.40%) | loss: 6.777910 | lrm: 1.00 | dt: 264.41ms | tok/sec: 3,872 | bf16_mfu: 0.00 | epoch: 1 pq: 0 rg: 2 | total time: 2.72m | eta: 2.0m
step 00585/01000 (58.50%) | loss: 6.772205 | lrm: 1.00 | dt: 247.18ms | tok/sec: 4,142 | bf16_mfu: 0.00 | epoch: 1 pq: 0 rg: 2 | total time: 2.73m | eta: 2.0m
step 00586/01000 (58.60%) | loss: 6.829177 | lrm: 1.00 | dt: 280.96ms | tok/sec: 3,644 | bf16_mfu: 0.00 | epoch: 1 pq: 0 rg: 2 | total time: 2.73m | eta: 2.0m
step 00587/01000 (58.70%) | loss: 6.808462 | lrm: 1.00 | dt: 229.32ms | tok/sec: 4,465 | bf16_mfu: 0.00 | epoch: 1 pq: 0 rg: 2 | total time: 2.73m | eta: 2.0m
step 00588/01000 (58.80%) | loss: 6.829866 | lrm: 1.00 | dt: 278.56ms | tok/sec: 3,675 | bf16_mfu: 0.00 | epoch: 1 pq: 0 rg: 2 | total time: 2.74m | eta: 2.0m
step 00589/01000 (58.90%) | loss: 6.802434 | lrm: 1.00 | dt: 205.03ms | tok/sec: 4,994 | bf16_mfu: 0.00 | epoch: 1 pq: 0 rg: 2 | total time: 2.74m | eta: 1.9m
step 00590/01000 (59.00%) | loss: 6.815183 | lrm: 1.00 | dt: 199.50ms | tok/sec: 5,132 | bf16_mfu: 0.00 | epoch: 1 pq: 0 rg: 2 | total time: 2.75m | eta: 1.9m
step 00591/01000 (59.10%) | loss: 6.878317 | lrm: 1.00 | dt: 217.56ms | tok/sec: 4,706 | bf16_mfu: 0.00 | epoch: 1 pq: 0 rg: 2 | total time: 2.75m | eta: 1.9m
step 00592/01000 (59.20%) | loss: 6.867165 | lrm: 1.00 | dt: 214.89ms | tok/sec: 4,765 | bf16_mfu: 0.00 | epoch: 1 pq: 0 rg: 2 | total time: 2.75m | eta: 1.9m
step 00593/01000 (59.30%) | loss: 6.834741 | lrm: 1.00 | dt: 218.89ms | tok/sec: 4,678 | bf16_mfu: 0.00 | epoch: 1 pq: 0 rg: 2 | total time: 2.76m | eta: 1.9m
step 00594/01000 (59.40%) | loss: 6.833122 | lrm: 1.00 | dt: 219.66ms | tok/sec: 4,661 | bf16_mfu: 0.00 | epoch: 1 pq: 0 rg: 2 | total time: 2.76m | eta: 1.9m
step 00595/01000 (59.50%) | loss: 6.862902 | lrm: 1.00 | dt: 219.08ms | tok/sec: 4,674 | bf16_mfu: 0.00 | epoch: 1 pq: 0 rg: 2 | total time: 2.76m | eta: 1.9m
step 00596/01000 (59.60%) | loss: 6.907225 | lrm: 1.00 | dt: 236.41ms | tok/sec: 4,331 | bf16_mfu: 0.00 | epoch: 1 pq: 0 rg: 2 | total time: 2.77m | eta: 1.9m
step 00597/01000 (59.70%) | loss: 6.888289 | lrm: 1.00 | dt: 293.58ms | tok/sec: 3,488 | bf16_mfu: 0.00 | epoch: 1 pq: 0 rg: 2 | total time: 2.77m | eta: 1.9m
step 00598/01000 (59.80%) | loss: 6.936534 | lrm: 1.00 | dt: 247.77ms | tok/sec: 4,132 | bf16_mfu: 0.00 | epoch: 1 pq: 0 rg: 2 | total time: 2.78m | eta: 1.9m
step 00599/01000 (59.90%) | loss: 6.980688 | lrm: 1.00 | dt: 219.69ms | tok/sec: 4,661 | bf16_mfu: 0.00 | epoch: 1 pq: 0 rg: 2 | total time: 2.78m | eta: 1.9m
step 00600/01000 (60.00%) | loss: 7.033403 | lrm: 1.00 | dt: 244.71ms | tok/sec: 4,184 | bf16_mfu: 0.00 | epoch: 1 pq: 0 rg: 2 | total time: 2.78m | eta: 1.9m
step 00601/01000 (60.10%) | loss: 6.981324 | lrm: 1.00 | dt: 241.79ms | tok/sec: 4,235 | bf16_mfu: 0.00 | epoch: 1 pq: 0 rg: 2 | total time: 2.79m | eta: 1.9m
step 00602/01000 (60.20%) | loss: 6.915648 | lrm: 1.00 | dt: 240.28ms | tok/sec: 4,261 | bf16_mfu: 0.00 | epoch: 1 pq: 0 rg: 2 | total time: 2.79m | eta: 1.9m
step 00603/01000 (60.30%) | loss: 6.923561 | lrm: 1.00 | dt: 221.44ms | tok/sec: 4,624 | bf16_mfu: 0.00 | epoch: 1 pq: 0 rg: 2 | total time: 2.80m | eta: 1.9m
step 00604/01000 (60.40%) | loss: 6.930382 | lrm: 1.00 | dt: 482.19ms | tok/sec: 2,123 | bf16_mfu: 0.00 | epoch: 1 pq: 0 rg: 2 | total time: 2.80m | eta: 1.9m
step 00605/01000 (60.50%) | loss: 6.908422 | lrm: 1.00 | dt: 225.79ms | tok/sec: 4,535 | bf16_mfu: 0.00 | epoch: 1 pq: 0 rg: 2 | total time: 2.81m | eta: 1.9m
step 00606/01000 (60.60%) | loss: 6.891066 | lrm: 1.00 | dt: 168.89ms | tok/sec: 6,063 | bf16_mfu: 0.00 | epoch: 1 pq: 0 rg: 2 | total time: 2.81m | eta: 1.9m
step 00607/01000 (60.70%) | loss: 6.919434 | lrm: 1.00 | dt: 183.10ms | tok/sec: 5,592 | bf16_mfu: 0.00 | epoch: 1 pq: 0 rg: 2 | total time: 2.81m | eta: 1.9m
step 00608/01000 (60.80%) | loss: 6.923792 | lrm: 1.00 | dt: 190.33ms | tok/sec: 5,380 | bf16_mfu: 0.00 | epoch: 1 pq: 0 rg: 2 | total time: 2.82m | eta: 1.8m
step 00609/01000 (60.90%) | loss: 6.912252 | lrm: 1.00 | dt: 179.66ms | tok/sec: 5,699 | bf16_mfu: 0.00 | epoch: 1 pq: 0 rg: 2 | total time: 2.82m | eta: 1.8m
step 00610/01000 (61.00%) | loss: 6.943078 | lrm: 1.00 | dt: 186.87ms | tok/sec: 5,479 | bf16_mfu: 0.00 | epoch: 1 pq: 0 rg: 2 | total time: 2.82m | eta: 1.8m
step 00611/01000 (61.10%) | loss: 6.922911 | lrm: 1.00 | dt: 178.97ms | tok/sec: 5,721 | bf16_mfu: 0.00 | epoch: 1 pq: 0 rg: 2 | total time: 2.83m | eta: 1.8m
step 00612/01000 (61.20%) | loss: 6.843347 | lrm: 1.00 | dt: 181.35ms | tok/sec: 5,646 | bf16_mfu: 0.00 | epoch: 1 pq: 0 rg: 2 | total time: 2.83m | eta: 1.8m
step 00613/01000 (61.30%) | loss: 6.797567 | lrm: 1.00 | dt: 201.27ms | tok/sec: 5,087 | bf16_mfu: 0.00 | epoch: 1 pq: 0 rg: 2 | total time: 2.83m | eta: 1.8m
step 00614/01000 (61.40%) | loss: 6.674585 | lrm: 1.00 | dt: 174.40ms | tok/sec: 5,871 | bf16_mfu: 0.00 | epoch: 1 pq: 0 rg: 2 | total time: 2.84m | eta: 1.8m
step 00615/01000 (61.50%) | loss: 6.685861 | lrm: 1.00 | dt: 181.41ms | tok/sec: 5,644 | bf16_mfu: 0.00 | epoch: 1 pq: 0 rg: 2 | total time: 2.84m | eta: 1.8m
step 00616/01000 (61.60%) | loss: 6.582637 | lrm: 1.00 | dt: 231.72ms | tok/sec: 4,419 | bf16_mfu: 0.00 | epoch: 1 pq: 0 rg: 2 | total time: 2.84m | eta: 1.8m
step 00617/01000 (61.70%) | loss: 6.545784 | lrm: 1.00 | dt: 246.42ms | tok/sec: 4,155 | bf16_mfu: 0.00 | epoch: 1 pq: 0 rg: 2 | total time: 2.85m | eta: 1.8m
step 00618/01000 (61.80%) | loss: 6.638640 | lrm: 1.00 | dt: 304.18ms | tok/sec: 3,366 | bf16_mfu: 0.00 | epoch: 1 pq: 0 rg: 3 | total time: 2.85m | eta: 1.8m
step 00619/01000 (61.90%) | loss: 6.660320 | lrm: 1.00 | dt: 253.36ms | tok/sec: 4,041 | bf16_mfu: 0.00 | epoch: 1 pq: 0 rg: 3 | total time: 2.86m | eta: 1.8m
step 00620/01000 (62.00%) | loss: 6.698683 | lrm: 1.00 | dt: 294.37ms | tok/sec: 3,478 | bf16_mfu: 0.00 | epoch: 1 pq: 0 rg: 3 | total time: 2.86m | eta: 1.8m
step 00621/01000 (62.10%) | loss: 6.741053 | lrm: 1.00 | dt: 248.78ms | tok/sec: 4,116 | bf16_mfu: 0.00 | epoch: 1 pq: 0 rg: 3 | total time: 2.86m | eta: 1.8m
step 00622/01000 (62.20%) | loss: 6.703232 | lrm: 1.00 | dt: 223.74ms | tok/sec: 4,576 | bf16_mfu: 0.00 | epoch: 1 pq: 0 rg: 3 | total time: 2.87m | eta: 1.8m
step 00623/01000 (62.30%) | loss: 6.725190 | lrm: 1.00 | dt: 288.23ms | tok/sec: 3,552 | bf16_mfu: 0.00 | epoch: 1 pq: 0 rg: 3 | total time: 2.87m | eta: 1.8m
step 00624/01000 (62.40%) | loss: 6.748877 | lrm: 1.00 | dt: 292.79ms | tok/sec: 3,497 | bf16_mfu: 0.00 | epoch: 1 pq: 0 rg: 3 | total time: 2.88m | eta: 1.8m
step 00625/01000 (62.50%) | loss: 6.725492 | lrm: 1.00 | dt: 269.09ms | tok/sec: 3,805 | bf16_mfu: 0.00 | epoch: 1 pq: 0 rg: 3 | total time: 2.88m | eta: 1.8m
step 00626/01000 (62.60%) | loss: 6.802113 | lrm: 1.00 | dt: 219.53ms | tok/sec: 4,664 | bf16_mfu: 0.00 | epoch: 1 pq: 0 rg: 3 | total time: 2.89m | eta: 1.8m
step 00627/01000 (62.70%) | loss: 6.780759 | lrm: 1.00 | dt: 234.10ms | tok/sec: 4,374 | bf16_mfu: 0.00 | epoch: 1 pq: 0 rg: 3 | total time: 2.89m | eta: 1.7m
step 00628/01000 (62.80%) | loss: 6.709017 | lrm: 1.00 | dt: 248.85ms | tok/sec: 4,114 | bf16_mfu: 0.00 | epoch: 1 pq: 0 rg: 3 | total time: 2.89m | eta: 1.7m
step 00629/01000 (62.90%) | loss: 6.711386 | lrm: 1.00 | dt: 255.82ms | tok/sec: 4,002 | bf16_mfu: 0.00 | epoch: 1 pq: 0 rg: 3 | total time: 2.90m | eta: 1.7m
step 00630/01000 (63.00%) | loss: 6.751088 | lrm: 1.00 | dt: 256.86ms | tok/sec: 3,986 | bf16_mfu: 0.00 | epoch: 1 pq: 0 rg: 3 | total time: 2.90m | eta: 1.7m
step 00631/01000 (63.10%) | loss: 6.748346 | lrm: 1.00 | dt: 226.89ms | tok/sec: 4,513 | bf16_mfu: 0.00 | epoch: 1 pq: 0 rg: 3 | total time: 2.91m | eta: 1.7m
step 00632/01000 (63.20%) | loss: 6.708623 | lrm: 1.00 | dt: 242.60ms | tok/sec: 4,220 | bf16_mfu: 0.00 | epoch: 1 pq: 0 rg: 3 | total time: 2.91m | eta: 1.7m
step 00633/01000 (63.30%) | loss: 6.734648 | lrm: 1.00 | dt: 189.29ms | tok/sec: 5,409 | bf16_mfu: 0.00 | epoch: 1 pq: 0 rg: 3 | total time: 2.91m | eta: 1.7m
step 00634/01000 (63.40%) | loss: 6.707795 | lrm: 1.00 | dt: 216.47ms | tok/sec: 4,730 | bf16_mfu: 0.00 | epoch: 1 pq: 0 rg: 3 | total time: 2.92m | eta: 1.7m
step 00635/01000 (63.50%) | loss: 6.668219 | lrm: 1.00 | dt: 202.62ms | tok/sec: 5,053 | bf16_mfu: 0.00 | epoch: 1 pq: 0 rg: 3 | total time: 2.92m | eta: 1.7m
step 00636/01000 (63.60%) | loss: 6.723778 | lrm: 1.00 | dt: 385.07ms | tok/sec: 2,659 | bf16_mfu: 0.00 | epoch: 1 pq: 0 rg: 3 | total time: 2.93m | eta: 1.7m
step 00637/01000 (63.70%) | loss: 6.628294 | lrm: 1.00 | dt: 156.53ms | tok/sec: 6,541 | bf16_mfu: 0.00 | epoch: 1 pq: 0 rg: 3 | total time: 2.93m | eta: 1.7m
step 00638/01000 (63.80%) | loss: 6.614380 | lrm: 1.00 | dt: 166.08ms | tok/sec: 6,165 | bf16_mfu: 0.00 | epoch: 1 pq: 0 rg: 3 | total time: 2.93m | eta: 1.7m
step 00639/01000 (63.90%) | loss: 6.615299 | lrm: 1.00 | dt: 170.35ms | tok/sec: 6,011 | bf16_mfu: 0.00 | epoch: 1 pq: 0 rg: 3 | total time: 2.94m | eta: 1.7m
step 00640/01000 (64.00%) | loss: 6.556592 | lrm: 1.00 | dt: 219.31ms | tok/sec: 4,669 | bf16_mfu: 0.00 | epoch: 1 pq: 0 rg: 3 | total time: 2.94m | eta: 1.7m
step 00641/01000 (64.10%) | loss: 6.528539 | lrm: 1.00 | dt: 212.46ms | tok/sec: 4,819 | bf16_mfu: 0.00 | epoch: 1 pq: 0 rg: 3 | total time: 2.94m | eta: 1.7m
step 00642/01000 (64.20%) | loss: 6.608538 | lrm: 1.00 | dt: 230.66ms | tok/sec: 4,439 | bf16_mfu: 0.00 | epoch: 1 pq: 0 rg: 3 | total time: 2.95m | eta: 1.7m
step 00643/01000 (64.30%) | loss: 6.603874 | lrm: 1.00 | dt: 228.50ms | tok/sec: 4,481 | bf16_mfu: 0.00 | epoch: 1 pq: 0 rg: 3 | total time: 2.95m | eta: 1.7m
step 00644/01000 (64.40%) | loss: 6.595372 | lrm: 1.00 | dt: 216.07ms | tok/sec: 4,739 | bf16_mfu: 0.00 | epoch: 1 pq: 0 rg: 3 | total time: 2.95m | eta: 1.7m
step 00645/01000 (64.50%) | loss: 6.617333 | lrm: 1.00 | dt: 221.44ms | tok/sec: 4,624 | bf16_mfu: 0.00 | epoch: 1 pq: 0 rg: 3 | total time: 2.96m | eta: 1.7m
step 00646/01000 (64.60%) | loss: 6.659100 | lrm: 1.00 | dt: 214.12ms | tok/sec: 4,782 | bf16_mfu: 0.00 | epoch: 1 pq: 0 rg: 3 | total time: 2.96m | eta: 1.6m
step 00647/01000 (64.70%) | loss: 6.684249 | lrm: 1.00 | dt: 222.30ms | tok/sec: 4,606 | bf16_mfu: 0.00 | epoch: 1 pq: 0 rg: 3 | total time: 2.96m | eta: 1.6m
step 00648/01000 (64.80%) | loss: 6.687344 | lrm: 1.00 | dt: 227.21ms | tok/sec: 4,506 | bf16_mfu: 0.00 | epoch: 1 pq: 0 rg: 3 | total time: 2.97m | eta: 1.6m
step 00649/01000 (64.90%) | loss: 6.703507 | lrm: 1.00 | dt: 223.73ms | tok/sec: 4,576 | bf16_mfu: 0.00 | epoch: 1 pq: 0 rg: 3 | total time: 2.97m | eta: 1.6m
step 00650/01000 (65.00%) | loss: 6.728103 | lrm: 1.00 | dt: 234.28ms | tok/sec: 4,370 | bf16_mfu: 0.00 | epoch: 1 pq: 0 rg: 3 | total time: 2.98m | eta: 1.6m
step 00651/01000 (65.10%) | loss: 6.756494 | lrm: 1.00 | dt: 228.07ms | tok/sec: 4,489 | bf16_mfu: 0.00 | epoch: 1 pq: 0 rg: 3 | total time: 2.98m | eta: 1.6m
step 00652/01000 (65.20%) | loss: 6.743742 | lrm: 1.00 | dt: 347.91ms | tok/sec: 2,943 | bf16_mfu: 0.00 | epoch: 1 pq: 0 rg: 3 | total time: 2.99m | eta: 1.6m
step 00653/01000 (65.30%) | loss: 6.753109 | lrm: 1.00 | dt: 243.75ms | tok/sec: 4,200 | bf16_mfu: 0.00 | epoch: 1 pq: 0 rg: 3 | total time: 2.99m | eta: 1.6m
step 00654/01000 (65.40%) | loss: 6.770260 | lrm: 1.00 | dt: 190.86ms | tok/sec: 5,365 | bf16_mfu: 0.00 | epoch: 1 pq: 0 rg: 3 | total time: 2.99m | eta: 1.6m
step 00655/01000 (65.50%) | loss: 6.775132 | lrm: 1.00 | dt: 211.42ms | tok/sec: 4,843 | bf16_mfu: 0.00 | epoch: 1 pq: 0 rg: 3 | total time: 3.00m | eta: 1.6m
step 00656/01000 (65.60%) | loss: 6.766876 | lrm: 1.00 | dt: 269.23ms | tok/sec: 3,803 | bf16_mfu: 0.00 | epoch: 1 pq: 0 rg: 3 | total time: 3.00m | eta: 1.6m
step 00657/01000 (65.70%) | loss: 6.774650 | lrm: 1.00 | dt: 179.13ms | tok/sec: 5,716 | bf16_mfu: 0.00 | epoch: 1 pq: 0 rg: 3 | total time: 3.00m | eta: 1.6m
step 00658/01000 (65.80%) | loss: 6.778761 | lrm: 1.00 | dt: 365.78ms | tok/sec: 2,799 | bf16_mfu: 0.00 | epoch: 1 pq: 0 rg: 3 | total time: 3.01m | eta: 1.6m
step 00659/01000 (65.90%) | loss: 6.722503 | lrm: 1.00 | dt: 151.58ms | tok/sec: 6,755 | bf16_mfu: 0.00 | epoch: 1 pq: 0 rg: 3 | total time: 3.01m | eta: 1.6m
step 00660/01000 (66.00%) | loss: 6.687420 | lrm: 1.00 | dt: 145.57ms | tok/sec: 7,034 | bf16_mfu: 0.00 | epoch: 1 pq: 0 rg: 3 | total time: 3.02m | eta: 1.6m
step 00661/01000 (66.10%) | loss: 6.707927 | lrm: 1.00 | dt: 194.52ms | tok/sec: 5,264 | bf16_mfu: 0.00 | epoch: 1 pq: 0 rg: 3 | total time: 3.02m | eta: 1.6m
step 00662/01000 (66.20%) | loss: 6.754675 | lrm: 1.00 | dt: 214.37ms | tok/sec: 4,776 | bf16_mfu: 0.00 | epoch: 1 pq: 0 rg: 3 | total time: 3.02m | eta: 1.6m
step 00663/01000 (66.30%) | loss: 6.788121 | lrm: 1.00 | dt: 241.01ms | tok/sec: 4,248 | bf16_mfu: 0.00 | epoch: 1 pq: 0 rg: 3 | total time: 3.03m | eta: 1.6m
step 00664/01000 (66.40%) | loss: 6.786090 | lrm: 1.00 | dt: 249.89ms | tok/sec: 4,097 | bf16_mfu: 0.00 | epoch: 1 pq: 0 rg: 3 | total time: 3.03m | eta: 1.6m
step 00665/01000 (66.50%) | loss: 6.738468 | lrm: 1.00 | dt: 302.23ms | tok/sec: 3,388 | bf16_mfu: 0.00 | epoch: 1 pq: 0 rg: 3 | total time: 3.04m | eta: 1.6m
step 00666/01000 (66.60%) | loss: 6.701614 | lrm: 1.00 | dt: 244.07ms | tok/sec: 4,195 | bf16_mfu: 0.00 | epoch: 1 pq: 0 rg: 3 | total time: 3.04m | eta: 1.5m
step 00667/01000 (66.70%) | loss: 6.675291 | lrm: 1.00 | dt: 192.56ms | tok/sec: 5,317 | bf16_mfu: 0.00 | epoch: 1 pq: 0 rg: 3 | total time: 3.04m | eta: 1.5m
step 00668/01000 (66.80%) | loss: 6.680943 | lrm: 1.00 | dt: 218.24ms | tok/sec: 4,692 | bf16_mfu: 0.00 | epoch: 1 pq: 0 rg: 3 | total time: 3.05m | eta: 1.5m
step 00669/01000 (66.90%) | loss: 6.673909 | lrm: 1.00 | dt: 274.17ms | tok/sec: 3,734 | bf16_mfu: 0.00 | epoch: 1 pq: 0 rg: 3 | total time: 3.05m | eta: 1.5m
step 00670/01000 (67.00%) | loss: 6.656230 | lrm: 1.00 | dt: 232.12ms | tok/sec: 4,411 | bf16_mfu: 0.00 | epoch: 1 pq: 0 rg: 3 | total time: 3.05m | eta: 1.5m
step 00671/01000 (67.10%) | loss: 6.701723 | lrm: 1.00 | dt: 205.04ms | tok/sec: 4,994 | bf16_mfu: 0.00 | epoch: 1 pq: 0 rg: 3 | total time: 3.06m | eta: 1.5m
step 00672/01000 (67.20%) | loss: 6.702433 | lrm: 1.00 | dt: 247.92ms | tok/sec: 4,130 | bf16_mfu: 0.00 | epoch: 1 pq: 0 rg: 3 | total time: 3.06m | eta: 1.5m
step 00673/01000 (67.30%) | loss: 6.676026 | lrm: 1.00 | dt: 263.32ms | tok/sec: 3,888 | bf16_mfu: 0.00 | epoch: 1 pq: 0 rg: 3 | total time: 3.07m | eta: 1.5m
step 00674/01000 (67.40%) | loss: 6.723825 | lrm: 1.00 | dt: 253.63ms | tok/sec: 4,037 | bf16_mfu: 0.00 | epoch: 1 pq: 0 rg: 3 | total time: 3.07m | eta: 1.5m
step 00675/01000 (67.50%) | loss: 6.721148 | lrm: 1.00 | dt: 329.00ms | tok/sec: 3,112 | bf16_mfu: 0.00 | epoch: 1 pq: 0 rg: 3 | total time: 3.08m | eta: 1.5m
step 00676/01000 (67.60%) | loss: 6.814978 | lrm: 1.00 | dt: 258.56ms | tok/sec: 3,960 | bf16_mfu: 0.00 | epoch: 1 pq: 0 rg: 3 | total time: 3.08m | eta: 1.5m
step 00677/01000 (67.70%) | loss: 6.781673 | lrm: 1.00 | dt: 237.83ms | tok/sec: 4,305 | bf16_mfu: 0.00 | epoch: 1 pq: 0 rg: 3 | total time: 3.08m | eta: 1.5m
step 00678/01000 (67.80%) | loss: 6.755244 | lrm: 1.00 | dt: 223.33ms | tok/sec: 4,585 | bf16_mfu: 0.00 | epoch: 1 pq: 0 rg: 3 | total time: 3.09m | eta: 1.5m
step 00679/01000 (67.90%) | loss: 6.767491 | lrm: 1.00 | dt: 247.47ms | tok/sec: 4,137 | bf16_mfu: 0.00 | epoch: 1 pq: 0 rg: 3 | total time: 3.09m | eta: 1.5m
step 00680/01000 (68.00%) | loss: 6.836324 | lrm: 1.00 | dt: 263.52ms | tok/sec: 3,885 | bf16_mfu: 0.00 | epoch: 1 pq: 0 rg: 3 | total time: 3.10m | eta: 1.5m
step 00681/01000 (68.10%) | loss: 6.787795 | lrm: 1.00 | dt: 227.43ms | tok/sec: 4,502 | bf16_mfu: 0.00 | epoch: 1 pq: 0 rg: 3 | total time: 3.10m | eta: 1.5m
step 00682/01000 (68.20%) | loss: 6.800154 | lrm: 1.00 | dt: 177.04ms | tok/sec: 5,784 | bf16_mfu: 0.00 | epoch: 1 pq: 0 rg: 3 | total time: 3.10m | eta: 1.5m
step 00683/01000 (68.30%) | loss: 6.760518 | lrm: 1.00 | dt: 199.57ms | tok/sec: 5,131 | bf16_mfu: 0.00 | epoch: 1 pq: 0 rg: 3 | total time: 3.11m | eta: 1.5m
step 00684/01000 (68.40%) | loss: 6.711345 | lrm: 1.00 | dt: 193.83ms | tok/sec: 5,283 | bf16_mfu: 0.00 | epoch: 1 pq: 0 rg: 3 | total time: 3.11m | eta: 1.5m
step 00685/01000 (68.50%) | loss: 6.643493 | lrm: 1.00 | dt: 189.86ms | tok/sec: 5,393 | bf16_mfu: 0.00 | epoch: 1 pq: 0 rg: 3 | total time: 3.11m | eta: 1.5m
step 00686/01000 (68.60%) | loss: 6.699856 | lrm: 1.00 | dt: 240.45ms | tok/sec: 4,258 | bf16_mfu: 0.00 | epoch: 1 pq: 0 rg: 3 | total time: 3.12m | eta: 1.4m
step 00687/01000 (68.70%) | loss: 6.670748 | lrm: 1.00 | dt: 606.45ms | tok/sec: 1,688 | bf16_mfu: 0.00 | epoch: 1 pq: 0 rg: 3 | total time: 3.13m | eta: 1.4m
step 00688/01000 (68.80%) | loss: 6.693761 | lrm: 1.00 | dt: 172.29ms | tok/sec: 5,943 | bf16_mfu: 0.00 | epoch: 1 pq: 0 rg: 3 | total time: 3.13m | eta: 1.4m
step 00689/01000 (68.90%) | loss: 6.718511 | lrm: 1.00 | dt: 182.75ms | tok/sec: 5,603 | bf16_mfu: 0.00 | epoch: 1 pq: 0 rg: 3 | total time: 3.13m | eta: 1.4m
step 00690/01000 (69.00%) | loss: 6.669927 | lrm: 1.00 | dt: 177.89ms | tok/sec: 5,756 | bf16_mfu: 0.00 | epoch: 1 pq: 0 rg: 3 | total time: 3.14m | eta: 1.4m
step 00691/01000 (69.10%) | loss: 6.718577 | lrm: 1.00 | dt: 174.09ms | tok/sec: 5,882 | bf16_mfu: 0.00 | epoch: 1 pq: 0 rg: 3 | total time: 3.14m | eta: 1.4m
step 00692/01000 (69.20%) | loss: 6.669239 | lrm: 1.00 | dt: 177.79ms | tok/sec: 5,759 | bf16_mfu: 0.00 | epoch: 1 pq: 0 rg: 3 | total time: 3.14m | eta: 1.4m
step 00693/01000 (69.30%) | loss: 6.696304 | lrm: 1.00 | dt: 167.32ms | tok/sec: 6,119 | bf16_mfu: 0.00 | epoch: 1 pq: 0 rg: 3 | total time: 3.14m | eta: 1.4m
step 00694/01000 (69.40%) | loss: 6.660727 | lrm: 1.00 | dt: 169.83ms | tok/sec: 6,029 | bf16_mfu: 0.00 | epoch: 1 pq: 0 rg: 3 | total time: 3.15m | eta: 1.4m
step 00695/01000 (69.50%) | loss: 6.665402 | lrm: 1.00 | dt: 169.24ms | tok/sec: 6,050 | bf16_mfu: 0.00 | epoch: 1 pq: 0 rg: 3 | total time: 3.15m | eta: 1.4m
step 00696/01000 (69.60%) | loss: 6.734199 | lrm: 1.00 | dt: 169.56ms | tok/sec: 6,039 | bf16_mfu: 0.00 | epoch: 1 pq: 0 rg: 3 | total time: 3.15m | eta: 1.4m
step 00697/01000 (69.70%) | loss: 6.613125 | lrm: 1.00 | dt: 186.60ms | tok/sec: 5,487 | bf16_mfu: 0.00 | epoch: 1 pq: 0 rg: 3 | total time: 3.16m | eta: 1.4m
step 00698/01000 (69.80%) | loss: 6.670185 | lrm: 1.00 | dt: 185.97ms | tok/sec: 5,506 | bf16_mfu: 0.00 | epoch: 1 pq: 0 rg: 3 | total time: 3.16m | eta: 1.4m
step 00699/01000 (69.90%) | loss: 6.685978 | lrm: 1.00 | dt: 196.77ms | tok/sec: 5,204 | bf16_mfu: 0.00 | epoch: 1 pq: 0 rg: 3 | total time: 3.16m | eta: 1.4m
step 00700/01000 (70.00%) | loss: 6.719649 | lrm: 1.00 | dt: 219.59ms | tok/sec: 4,663 | bf16_mfu: 0.00 | epoch: 1 pq: 0 rg: 3 | total time: 3.17m | eta: 1.4m
step 00701/01000 (70.10%) | loss: 6.668088 | lrm: 1.00 | dt: 215.90ms | tok/sec: 4,742 | bf16_mfu: 0.00 | epoch: 1 pq: 0 rg: 3 | total time: 3.17m | eta: 1.4m
step 00702/01000 (70.20%) | loss: 6.664431 | lrm: 1.00 | dt: 190.72ms | tok/sec: 5,369 | bf16_mfu: 0.00 | epoch: 1 pq: 0 rg: 3 | total time: 3.17m | eta: 1.4m
step 00703/01000 (70.30%) | loss: 6.697325 | lrm: 1.00 | dt: 221.42ms | tok/sec: 4,624 | bf16_mfu: 0.00 | epoch: 1 pq: 0 rg: 3 | total time: 3.18m | eta: 1.4m
step 00704/01000 (70.40%) | loss: 6.715870 | lrm: 1.00 | dt: 225.05ms | tok/sec: 4,550 | bf16_mfu: 0.00 | epoch: 1 pq: 0 rg: 3 | total time: 3.18m | eta: 1.4m
step 00705/01000 (70.50%) | loss: 6.681131 | lrm: 1.00 | dt: 259.15ms | tok/sec: 3,951 | bf16_mfu: 0.00 | epoch: 1 pq: 0 rg: 3 | total time: 3.19m | eta: 1.4m
step 00706/01000 (70.60%) | loss: 6.551282 | lrm: 1.00 | dt: 295.95ms | tok/sec: 3,460 | bf16_mfu: 0.00 | epoch: 1 pq: 0 rg: 3 | total time: 3.19m | eta: 1.3m
step 00707/01000 (70.70%) | loss: 6.517785 | lrm: 1.00 | dt: 247.43ms | tok/sec: 4,138 | bf16_mfu: 0.00 | epoch: 1 pq: 0 rg: 3 | total time: 3.19m | eta: 1.3m
step 00708/01000 (70.80%) | loss: 6.578753 | lrm: 1.00 | dt: 348.51ms | tok/sec: 2,938 | bf16_mfu: 0.00 | epoch: 1 pq: 0 rg: 3 | total time: 3.20m | eta: 1.3m
step 00709/01000 (70.90%) | loss: 6.579712 | lrm: 1.00 | dt: 494.71ms | tok/sec: 2,069 | bf16_mfu: 0.00 | epoch: 1 pq: 0 rg: 3 | total time: 3.21m | eta: 1.3m
step 00710/01000 (71.00%) | loss: 6.549441 | lrm: 1.00 | dt: 240.85ms | tok/sec: 4,251 | bf16_mfu: 0.00 | epoch: 1 pq: 0 rg: 3 | total time: 3.21m | eta: 1.3m
step 00711/01000 (71.10%) | loss: 6.510795 | lrm: 1.00 | dt: 220.92ms | tok/sec: 4,635 | bf16_mfu: 0.00 | epoch: 1 pq: 0 rg: 3 | total time: 3.22m | eta: 1.3m
step 00712/01000 (71.20%) | loss: 6.559837 | lrm: 1.00 | dt: 184.99ms | tok/sec: 5,535 | bf16_mfu: 0.00 | epoch: 1 pq: 0 rg: 3 | total time: 3.22m | eta: 1.3m
step 00713/01000 (71.30%) | loss: 6.566202 | lrm: 1.00 | dt: 219.91ms | tok/sec: 4,656 | bf16_mfu: 0.00 | epoch: 1 pq: 0 rg: 3 | total time: 3.22m | eta: 1.3m
step 00714/01000 (71.40%) | loss: 6.593152 | lrm: 1.00 | dt: 182.54ms | tok/sec: 5,609 | bf16_mfu: 0.00 | epoch: 1 pq: 0 rg: 3 | total time: 3.23m | eta: 1.3m
step 00715/01000 (71.50%) | loss: 6.555085 | lrm: 1.00 | dt: 190.47ms | tok/sec: 5,376 | bf16_mfu: 0.00 | epoch: 1 pq: 0 rg: 3 | total time: 3.23m | eta: 1.3m
step 00716/01000 (71.60%) | loss: 6.598029 | lrm: 1.00 | dt: 202.88ms | tok/sec: 5,047 | bf16_mfu: 0.00 | epoch: 1 pq: 0 rg: 3 | total time: 3.23m | eta: 1.3m
step 00717/01000 (71.70%) | loss: 6.577830 | lrm: 1.00 | dt: 233.20ms | tok/sec: 4,391 | bf16_mfu: 0.00 | epoch: 1 pq: 0 rg: 3 | total time: 3.24m | eta: 1.3m
step 00718/01000 (71.80%) | loss: 6.587895 | lrm: 1.00 | dt: 234.45ms | tok/sec: 4,367 | bf16_mfu: 0.00 | epoch: 1 pq: 0 rg: 3 | total time: 3.24m | eta: 1.3m
step 00719/01000 (71.90%) | loss: 6.606300 | lrm: 1.00 | dt: 246.06ms | tok/sec: 4,161 | bf16_mfu: 0.00 | epoch: 1 pq: 0 rg: 3 | total time: 3.24m | eta: 1.3m
step 00720/01000 (72.00%) | loss: 6.601642 | lrm: 1.00 | dt: 222.95ms | tok/sec: 4,592 | bf16_mfu: 0.00 | epoch: 1 pq: 0 rg: 3 | total time: 3.25m | eta: 1.3m
step 00721/01000 (72.10%) | loss: 6.609762 | lrm: 1.00 | dt: 266.47ms | tok/sec: 3,842 | bf16_mfu: 0.00 | epoch: 1 pq: 0 rg: 3 | total time: 3.25m | eta: 1.3m
step 00722/01000 (72.20%) | loss: 6.584943 | lrm: 1.00 | dt: 322.52ms | tok/sec: 3,175 | bf16_mfu: 0.00 | epoch: 1 pq: 0 rg: 3 | total time: 3.26m | eta: 1.3m
step 00723/01000 (72.30%) | loss: 6.577018 | lrm: 1.00 | dt: 261.59ms | tok/sec: 3,914 | bf16_mfu: 0.00 | epoch: 1 pq: 0 rg: 3 | total time: 3.26m | eta: 1.3m
step 00724/01000 (72.40%) | loss: 6.549423 | lrm: 1.00 | dt: 292.08ms | tok/sec: 3,505 | bf16_mfu: 0.00 | epoch: 1 pq: 0 rg: 3 | total time: 3.27m | eta: 1.3m
step 00725/01000 (72.50%) | loss: 6.487641 | lrm: 1.00 | dt: 285.35ms | tok/sec: 3,588 | bf16_mfu: 0.00 | epoch: 1 pq: 0 rg: 3 | total time: 3.27m | eta: 1.3m
step 00726/01000 (72.60%) | loss: 6.583299 | lrm: 1.00 | dt: 215.94ms | tok/sec: 4,742 | bf16_mfu: 0.00 | epoch: 1 pq: 0 rg: 3 | total time: 3.28m | eta: 1.3m
step 00727/01000 (72.70%) | loss: 6.577514 | lrm: 1.00 | dt: 260.15ms | tok/sec: 3,936 | bf16_mfu: 0.00 | epoch: 1 pq: 0 rg: 3 | total time: 3.28m | eta: 1.2m
step 00728/01000 (72.80%) | loss: 6.569078 | lrm: 1.00 | dt: 196.26ms | tok/sec: 5,217 | bf16_mfu: 0.00 | epoch: 1 pq: 0 rg: 3 | total time: 3.28m | eta: 1.2m
step 00729/01000 (72.90%) | loss: 6.495796 | lrm: 1.00 | dt: 191.14ms | tok/sec: 5,357 | bf16_mfu: 0.00 | epoch: 1 pq: 0 rg: 3 | total time: 3.29m | eta: 1.2m
step 00730/01000 (73.00%) | loss: 6.491826 | lrm: 1.00 | dt: 190.93ms | tok/sec: 5,363 | bf16_mfu: 0.00 | epoch: 1 pq: 0 rg: 3 | total time: 3.29m | eta: 1.2m
step 00731/01000 (73.10%) | loss: 6.574356 | lrm: 1.00 | dt: 205.85ms | tok/sec: 4,974 | bf16_mfu: 0.00 | epoch: 1 pq: 0 rg: 3 | total time: 3.29m | eta: 1.2m
step 00732/01000 (73.20%) | loss: 6.594567 | lrm: 1.00 | dt: 187.24ms | tok/sec: 5,468 | bf16_mfu: 0.00 | epoch: 1 pq: 0 rg: 3 | total time: 3.30m | eta: 1.2m
step 00733/01000 (73.30%) | loss: 6.570369 | lrm: 1.00 | dt: 228.93ms | tok/sec: 4,472 | bf16_mfu: 0.00 | epoch: 1 pq: 0 rg: 3 | total time: 3.30m | eta: 1.2m
step 00734/01000 (73.40%) | loss: 6.608542 | lrm: 1.00 | dt: 230.78ms | tok/sec: 4,437 | bf16_mfu: 0.00 | epoch: 1 pq: 0 rg: 3 | total time: 3.30m | eta: 1.2m
step 00735/01000 (73.50%) | loss: 6.652249 | lrm: 1.00 | dt: 182.82ms | tok/sec: 5,601 | bf16_mfu: 0.00 | epoch: 1 pq: 0 rg: 3 | total time: 3.31m | eta: 1.2m
step 00736/01000 (73.60%) | loss: 6.691220 | lrm: 1.00 | dt: 185.42ms | tok/sec: 5,522 | bf16_mfu: 0.00 | epoch: 1 pq: 0 rg: 3 | total time: 3.31m | eta: 1.2m
step 00737/01000 (73.70%) | loss: 6.694223 | lrm: 1.00 | dt: 186.29ms | tok/sec: 5,496 | bf16_mfu: 0.00 | epoch: 1 pq: 0 rg: 3 | total time: 3.31m | eta: 1.2m
step 00738/01000 (73.80%) | loss: 6.664081 | lrm: 1.00 | dt: 365.51ms | tok/sec: 2,801 | bf16_mfu: 0.00 | epoch: 1 pq: 0 rg: 3 | total time: 3.32m | eta: 1.2m
step 00739/01000 (73.90%) | loss: 6.641551 | lrm: 1.00 | dt: 160.99ms | tok/sec: 6,360 | bf16_mfu: 0.00 | epoch: 1 pq: 0 rg: 3 | total time: 3.32m | eta: 1.2m
step 00740/01000 (74.00%) | loss: 6.667079 | lrm: 1.00 | dt: 176.01ms | tok/sec: 5,817 | bf16_mfu: 0.00 | epoch: 1 pq: 0 rg: 3 | total time: 3.32m | eta: 1.2m
step 00741/01000 (74.10%) | loss: 6.634862 | lrm: 1.00 | dt: 173.87ms | tok/sec: 5,889 | bf16_mfu: 0.00 | epoch: 1 pq: 0 rg: 3 | total time: 3.33m | eta: 1.2m
step 00742/01000 (74.20%) | loss: 6.627455 | lrm: 1.00 | dt: 204.78ms | tok/sec: 5,000 | bf16_mfu: 0.00 | epoch: 1 pq: 0 rg: 3 | total time: 3.33m | eta: 1.2m
step 00743/01000 (74.30%) | loss: 6.605878 | lrm: 1.00 | dt: 218.96ms | tok/sec: 4,676 | bf16_mfu: 0.00 | epoch: 1 pq: 0 rg: 3 | total time: 3.33m | eta: 1.2m
step 00744/01000 (74.40%) | loss: 6.537464 | lrm: 1.00 | dt: 203.27ms | tok/sec: 5,037 | bf16_mfu: 0.00 | epoch: 1 pq: 0 rg: 3 | total time: 3.34m | eta: 1.2m
step 00745/01000 (74.50%) | loss: 6.551252 | lrm: 1.00 | dt: 218.56ms | tok/sec: 4,685 | bf16_mfu: 0.00 | epoch: 1 pq: 0 rg: 3 | total time: 3.34m | eta: 1.2m
step 00746/01000 (74.60%) | loss: 6.583986 | lrm: 1.00 | dt: 213.34ms | tok/sec: 4,799 | bf16_mfu: 0.00 | epoch: 1 pq: 0 rg: 3 | total time: 3.34m | eta: 1.2m
step 00747/01000 (74.70%) | loss: 6.550300 | lrm: 1.00 | dt: 211.80ms | tok/sec: 4,834 | bf16_mfu: 0.00 | epoch: 1 pq: 0 rg: 3 | total time: 3.35m | eta: 1.1m
step 00748/01000 (74.80%) | loss: 6.501907 | lrm: 1.00 | dt: 222.67ms | tok/sec: 4,598 | bf16_mfu: 0.00 | epoch: 1 pq: 0 rg: 3 | total time: 3.35m | eta: 1.1m
step 00749/01000 (74.90%) | loss: 6.558591 | lrm: 1.00 | dt: 216.99ms | tok/sec: 4,719 | bf16_mfu: 0.00 | epoch: 1 pq: 0 rg: 3 | total time: 3.36m | eta: 1.1m
step 00750/01000 (75.00%) | loss: 6.493602 | lrm: 1.00 | dt: 268.63ms | tok/sec: 3,811 | bf16_mfu: 0.00 | epoch: 1 pq: 0 rg: 3 | total time: 3.36m | eta: 1.1m
step 00751/01000 (75.10%) | loss: 6.511797 | lrm: 1.00 | dt: 218.76ms | tok/sec: 4,680 | bf16_mfu: 0.00 | epoch: 1 pq: 0 rg: 3 | total time: 3.36m | eta: 1.1m
step 00752/01000 (75.20%) | loss: 6.528566 | lrm: 1.00 | dt: 225.32ms | tok/sec: 4,544 | bf16_mfu: 0.00 | epoch: 1 pq: 0 rg: 3 | total time: 3.37m | eta: 1.1m
step 00753/01000 (75.30%) | loss: 6.554187 | lrm: 1.00 | dt: 219.02ms | tok/sec: 4,675 | bf16_mfu: 0.00 | epoch: 1 pq: 0 rg: 3 | total time: 3.37m | eta: 1.1m
step 00754/01000 (75.40%) | loss: 6.579124 | lrm: 1.00 | dt: 226.53ms | tok/sec: 4,520 | bf16_mfu: 0.00 | epoch: 1 pq: 0 rg: 3 | total time: 3.38m | eta: 1.1m
step 00755/01000 (75.50%) | loss: 6.667165 | lrm: 1.00 | dt: 245.31ms | tok/sec: 4,174 | bf16_mfu: 0.00 | epoch: 1 pq: 0 rg: 3 | total time: 3.38m | eta: 1.1m
step 00756/01000 (75.60%) | loss: 6.621063 | lrm: 1.00 | dt: 235.82ms | tok/sec: 4,342 | bf16_mfu: 0.00 | epoch: 1 pq: 0 rg: 3 | total time: 3.38m | eta: 1.1m
step 00757/01000 (75.70%) | loss: 6.653643 | lrm: 1.00 | dt: 249.63ms | tok/sec: 4,102 | bf16_mfu: 0.00 | epoch: 1 pq: 0 rg: 3 | total time: 3.39m | eta: 1.1m
step 00758/01000 (75.80%) | loss: 6.664051 | lrm: 1.00 | dt: 301.77ms | tok/sec: 3,393 | bf16_mfu: 0.00 | epoch: 1 pq: 0 rg: 3 | total time: 3.39m | eta: 1.1m
step 00759/01000 (75.90%) | loss: 6.675564 | lrm: 1.00 | dt: 216.20ms | tok/sec: 4,736 | bf16_mfu: 0.00 | epoch: 1 pq: 0 rg: 3 | total time: 3.40m | eta: 1.1m
step 00760/01000 (76.00%) | loss: 6.613270 | lrm: 1.00 | dt: 538.27ms | tok/sec: 1,902 | bf16_mfu: 0.00 | epoch: 1 pq: 0 rg: 3 | total time: 3.40m | eta: 1.1m
step 00761/01000 (76.10%) | loss: 6.601690 | lrm: 1.00 | dt: 235.55ms | tok/sec: 4,347 | bf16_mfu: 0.00 | epoch: 1 pq: 0 rg: 3 | total time: 3.41m | eta: 1.1m
step 00762/01000 (76.20%) | loss: 6.560284 | lrm: 1.00 | dt: 239.12ms | tok/sec: 4,282 | bf16_mfu: 0.00 | epoch: 1 pq: 0 rg: 3 | total time: 3.41m | eta: 1.1m
step 00763/01000 (76.30%) | loss: 6.524935 | lrm: 1.00 | dt: 247.55ms | tok/sec: 4,136 | bf16_mfu: 0.00 | epoch: 1 pq: 0 rg: 3 | total time: 3.42m | eta: 1.1m
step 00764/01000 (76.40%) | loss: 6.530458 | lrm: 1.00 | dt: 189.91ms | tok/sec: 5,392 | bf16_mfu: 0.00 | epoch: 1 pq: 0 rg: 3 | total time: 3.42m | eta: 1.1m
step 00765/01000 (76.50%) | loss: 6.616793 | lrm: 1.00 | dt: 203.27ms | tok/sec: 5,037 | bf16_mfu: 0.00 | epoch: 1 pq: 0 rg: 3 | total time: 3.42m | eta: 1.1m
step 00766/01000 (76.60%) | loss: 6.541125 | lrm: 1.00 | dt: 180.65ms | tok/sec: 5,668 | bf16_mfu: 0.00 | epoch: 1 pq: 0 rg: 3 | total time: 3.43m | eta: 1.1m
step 00767/01000 (76.70%) | loss: 6.519009 | lrm: 1.00 | dt: 179.93ms | tok/sec: 5,691 | bf16_mfu: 0.00 | epoch: 1 pq: 0 rg: 3 | total time: 3.43m | eta: 1.1m
step 00768/01000 (76.80%) | loss: 6.568476 | lrm: 1.00 | dt: 195.90ms | tok/sec: 5,227 | bf16_mfu: 0.00 | epoch: 1 pq: 0 rg: 3 | total time: 3.43m | eta: 1.1m
step 00769/01000 (76.90%) | loss: 6.561084 | lrm: 1.00 | dt: 230.92ms | tok/sec: 4,434 | bf16_mfu: 0.00 | epoch: 1 pq: 0 rg: 3 | total time: 3.44m | eta: 1.0m
step 00770/01000 (77.00%) | loss: 6.561878 | lrm: 1.00 | dt: 229.52ms | tok/sec: 4,461 | bf16_mfu: 0.00 | epoch: 1 pq: 0 rg: 3 | total time: 3.44m | eta: 1.0m
step 00771/01000 (77.10%) | loss: 6.556431 | lrm: 1.00 | dt: 254.64ms | tok/sec: 4,021 | bf16_mfu: 0.00 | epoch: 1 pq: 0 rg: 3 | total time: 3.44m | eta: 1.0m
step 00772/01000 (77.20%) | loss: 6.565337 | lrm: 1.00 | dt: 277.93ms | tok/sec: 3,684 | bf16_mfu: 0.00 | epoch: 1 pq: 0 rg: 3 | total time: 3.45m | eta: 1.0m
step 00773/01000 (77.30%) | loss: 6.568466 | lrm: 1.00 | dt: 256.18ms | tok/sec: 3,997 | bf16_mfu: 0.00 | epoch: 1 pq: 0 rg: 3 | total time: 3.45m | eta: 1.0m
step 00774/01000 (77.40%) | loss: 6.548682 | lrm: 1.00 | dt: 306.28ms | tok/sec: 3,343 | bf16_mfu: 0.00 | epoch: 1 pq: 0 rg: 3 | total time: 3.46m | eta: 1.0m
step 00775/01000 (77.50%) | loss: 6.584124 | lrm: 1.00 | dt: 187.78ms | tok/sec: 5,453 | bf16_mfu: 0.00 | epoch: 1 pq: 0 rg: 3 | total time: 3.46m | eta: 1.0m
step 00776/01000 (77.60%) | loss: 6.570379 | lrm: 1.00 | dt: 227.26ms | tok/sec: 4,505 | bf16_mfu: 0.00 | epoch: 1 pq: 0 rg: 3 | total time: 3.47m | eta: 1.0m
step 00777/01000 (77.70%) | loss: 6.576364 | lrm: 1.00 | dt: 231.08ms | tok/sec: 4,431 | bf16_mfu: 0.00 | epoch: 1 pq: 0 rg: 3 | total time: 3.47m | eta: 1.0m
step 00778/01000 (77.80%) | loss: 6.596314 | lrm: 1.00 | dt: 241.96ms | tok/sec: 4,232 | bf16_mfu: 0.00 | epoch: 1 pq: 0 rg: 3 | total time: 3.47m | eta: 1.0m
step 00779/01000 (77.90%) | loss: 6.618077 | lrm: 1.00 | dt: 262.00ms | tok/sec: 3,908 | bf16_mfu: 0.00 | epoch: 1 pq: 0 rg: 3 | total time: 3.48m | eta: 1.0m
step 00780/01000 (78.00%) | loss: 6.677197 | lrm: 1.00 | dt: 322.93ms | tok/sec: 3,170 | bf16_mfu: 0.00 | epoch: 1 pq: 0 rg: 3 | total time: 3.48m | eta: 1.0m
step 00781/01000 (78.10%) | loss: 6.671848 | lrm: 1.00 | dt: 198.57ms | tok/sec: 5,157 | bf16_mfu: 0.00 | epoch: 1 pq: 0 rg: 3 | total time: 3.49m | eta: 1.0m
step 00782/01000 (78.20%) | loss: 6.711448 | lrm: 1.00 | dt: 203.78ms | tok/sec: 5,024 | bf16_mfu: 0.00 | epoch: 1 pq: 0 rg: 3 | total time: 3.49m | eta: 1.0m
step 00783/01000 (78.30%) | loss: 6.668227 | lrm: 1.00 | dt: 199.42ms | tok/sec: 5,134 | bf16_mfu: 0.00 | epoch: 1 pq: 0 rg: 3 | total time: 3.49m | eta: 1.0m
step 00784/01000 (78.40%) | loss: 6.627553 | lrm: 1.00 | dt: 187.92ms | tok/sec: 5,449 | bf16_mfu: 0.00 | epoch: 1 pq: 0 rg: 3 | total time: 3.50m | eta: 1.0m
step 00785/01000 (78.50%) | loss: 6.643252 | lrm: 1.00 | dt: 202.76ms | tok/sec: 5,050 | bf16_mfu: 0.00 | epoch: 1 pq: 0 rg: 3 | total time: 3.50m | eta: 1.0m
step 00786/01000 (78.60%) | loss: 6.591972 | lrm: 1.00 | dt: 195.82ms | tok/sec: 5,229 | bf16_mfu: 0.00 | epoch: 1 pq: 0 rg: 3 | total time: 3.50m | eta: 1.0m
step 00787/01000 (78.70%) | loss: 6.655069 | lrm: 1.00 | dt: 186.90ms | tok/sec: 5,478 | bf16_mfu: 0.00 | epoch: 1 pq: 0 rg: 3 | total time: 3.51m | eta: 1.0m
step 00788/01000 (78.80%) | loss: 6.625117 | lrm: 1.00 | dt: 187.18ms | tok/sec: 5,470 | bf16_mfu: 0.00 | epoch: 1 pq: 0 rg: 3 | total time: 3.51m | eta: 1.0m
step 00789/01000 (78.90%) | loss: 6.631405 | lrm: 1.00 | dt: 184.50ms | tok/sec: 5,550 | bf16_mfu: 0.00 | epoch: 1 pq: 0 rg: 3 | total time: 3.51m | eta: 1.0m
step 00790/01000 (79.00%) | loss: 6.652530 | lrm: 1.00 | dt: 376.56ms | tok/sec: 2,719 | bf16_mfu: 0.00 | epoch: 1 pq: 0 rg: 3 | total time: 3.52m | eta: 0.9m
step 00791/01000 (79.10%) | loss: 6.564281 | lrm: 1.00 | dt: 166.83ms | tok/sec: 6,137 | bf16_mfu: 0.00 | epoch: 1 pq: 0 rg: 3 | total time: 3.52m | eta: 0.9m
step 00792/01000 (79.20%) | loss: 6.631988 | lrm: 1.00 | dt: 175.66ms | tok/sec: 5,829 | bf16_mfu: 0.00 | epoch: 1 pq: 0 rg: 3 | total time: 3.52m | eta: 0.9m
step 00793/01000 (79.30%) | loss: 6.585053 | lrm: 1.00 | dt: 172.37ms | tok/sec: 5,940 | bf16_mfu: 0.00 | epoch: 1 pq: 0 rg: 3 | total time: 3.53m | eta: 0.9m
step 00794/01000 (79.40%) | loss: 6.606643 | lrm: 1.00 | dt: 176.04ms | tok/sec: 5,816 | bf16_mfu: 0.00 | epoch: 1 pq: 0 rg: 3 | total time: 3.53m | eta: 0.9m
step 00795/01000 (79.50%) | loss: 6.559343 | lrm: 1.00 | dt: 191.54ms | tok/sec: 5,346 | bf16_mfu: 0.00 | epoch: 1 pq: 0 rg: 3 | total time: 3.53m | eta: 0.9m
step 00796/01000 (79.60%) | loss: 6.630193 | lrm: 1.00 | dt: 185.02ms | tok/sec: 5,534 | bf16_mfu: 0.00 | epoch: 1 pq: 0 rg: 3 | total time: 3.54m | eta: 0.9m
step 00797/01000 (79.70%) | loss: 6.632619 | lrm: 1.00 | dt: 222.45ms | tok/sec: 4,603 | bf16_mfu: 0.00 | epoch: 1 pq: 0 rg: 3 | total time: 3.54m | eta: 0.9m
step 00798/01000 (79.80%) | loss: 6.636841 | lrm: 1.00 | dt: 185.57ms | tok/sec: 5,518 | bf16_mfu: 0.00 | epoch: 1 pq: 0 rg: 3 | total time: 3.54m | eta: 0.9m
step 00799/01000 (79.90%) | loss: 6.632768 | lrm: 1.00 | dt: 197.45ms | tok/sec: 5,186 | bf16_mfu: 0.00 | epoch: 1 pq: 0 rg: 3 | total time: 3.55m | eta: 0.9m
step 00800/01000 (80.00%) | loss: 6.635870 | lrm: 1.00 | dt: 219.90ms | tok/sec: 4,656 | bf16_mfu: 0.00 | epoch: 1 pq: 0 rg: 3 | total time: 3.55m | eta: 0.9m
step 00801/01000 (80.10%) | loss: 6.632189 | lrm: 1.00 | dt: 225.94ms | tok/sec: 4,532 | bf16_mfu: 0.00 | epoch: 1 pq: 0 rg: 3 | total time: 3.55m | eta: 0.9m
step 00802/01000 (80.20%) | loss: 6.669818 | lrm: 1.00 | dt: 194.07ms | tok/sec: 5,276 | bf16_mfu: 0.00 | epoch: 1 pq: 0 rg: 3 | total time: 3.56m | eta: 0.9m
step 00803/01000 (80.30%) | loss: 6.670291 | lrm: 1.00 | dt: 236.15ms | tok/sec: 4,336 | bf16_mfu: 0.00 | epoch: 1 pq: 0 rg: 3 | total time: 3.56m | eta: 0.9m
step 00804/01000 (80.40%) | loss: 6.698883 | lrm: 1.00 | dt: 251.96ms | tok/sec: 4,064 | bf16_mfu: 0.00 | epoch: 1 pq: 0 rg: 3 | total time: 3.57m | eta: 0.9m
step 00805/01000 (80.50%) | loss: 6.680009 | lrm: 1.00 | dt: 271.89ms | tok/sec: 3,766 | bf16_mfu: 0.00 | epoch: 1 pq: 0 rg: 3 | total time: 3.57m | eta: 0.9m
step 00806/01000 (80.60%) | loss: 6.704637 | lrm: 1.00 | dt: 246.43ms | tok/sec: 4,155 | bf16_mfu: 0.00 | epoch: 1 pq: 0 rg: 3 | total time: 3.57m | eta: 0.9m
step 00807/01000 (80.70%) | loss: 6.712649 | lrm: 1.00 | dt: 268.09ms | tok/sec: 3,819 | bf16_mfu: 0.00 | epoch: 1 pq: 0 rg: 3 | total time: 3.58m | eta: 0.9m
step 00808/01000 (80.80%) | loss: 6.718774 | lrm: 1.00 | dt: 261.30ms | tok/sec: 3,918 | bf16_mfu: 0.00 | epoch: 1 pq: 0 rg: 3 | total time: 3.58m | eta: 0.9m
step 00809/01000 (80.90%) | loss: 6.651829 | lrm: 1.00 | dt: 278.66ms | tok/sec: 3,674 | bf16_mfu: 0.00 | epoch: 1 pq: 0 rg: 3 | total time: 3.59m | eta: 0.9m
step 00810/01000 (81.00%) | loss: 6.637517 | lrm: 1.00 | dt: 277.80ms | tok/sec: 3,686 | bf16_mfu: 0.00 | epoch: 1 pq: 0 rg: 3 | total time: 3.59m | eta: 0.9m
step 00811/01000 (81.10%) | loss: 6.654460 | lrm: 1.00 | dt: 188.80ms | tok/sec: 5,423 | bf16_mfu: 0.00 | epoch: 1 pq: 0 rg: 3 | total time: 3.60m | eta: 0.8m
step 00812/01000 (81.20%) | loss: 6.694703 | lrm: 1.00 | dt: 522.42ms | tok/sec: 1,960 | bf16_mfu: 0.00 | epoch: 1 pq: 0 rg: 3 | total time: 3.60m | eta: 0.8m
step 00813/01000 (81.30%) | loss: 6.730206 | lrm: 1.00 | dt: 217.40ms | tok/sec: 4,710 | bf16_mfu: 0.00 | epoch: 1 pq: 0 rg: 3 | total time: 3.61m | eta: 0.8m
step 00814/01000 (81.40%) | loss: 6.719221 | lrm: 1.00 | dt: 205.71ms | tok/sec: 4,977 | bf16_mfu: 0.00 | epoch: 1 pq: 0 rg: 3 | total time: 3.61m | eta: 0.8m
step 00815/01000 (81.50%) | loss: 6.854794 | lrm: 1.00 | dt: 233.18ms | tok/sec: 4,391 | bf16_mfu: 0.00 | epoch: 1 pq: 0 rg: 3 | total time: 3.61m | eta: 0.8m
step 00816/01000 (81.60%) | loss: 6.808032 | lrm: 1.00 | dt: 191.44ms | tok/sec: 5,349 | bf16_mfu: 0.00 | epoch: 1 pq: 0 rg: 3 | total time: 3.62m | eta: 0.8m
step 00817/01000 (81.70%) | loss: 6.831085 | lrm: 1.00 | dt: 189.34ms | tok/sec: 5,408 | bf16_mfu: 0.00 | epoch: 1 pq: 0 rg: 3 | total time: 3.62m | eta: 0.8m
step 00818/01000 (81.80%) | loss: 6.818931 | lrm: 1.00 | dt: 202.33ms | tok/sec: 5,061 | bf16_mfu: 0.00 | epoch: 1 pq: 0 rg: 3 | total time: 3.62m | eta: 0.8m
step 00819/01000 (81.90%) | loss: 6.812696 | lrm: 1.00 | dt: 241.33ms | tok/sec: 4,243 | bf16_mfu: 0.00 | epoch: 1 pq: 0 rg: 3 | total time: 3.63m | eta: 0.8m
step 00820/01000 (82.00%) | loss: 6.851903 | lrm: 1.00 | dt: 219.30ms | tok/sec: 4,669 | bf16_mfu: 0.00 | epoch: 1 pq: 0 rg: 3 | total time: 3.63m | eta: 0.8m
step 00821/01000 (82.10%) | loss: 6.832177 | lrm: 1.00 | dt: 281.61ms | tok/sec: 3,636 | bf16_mfu: 0.00 | epoch: 1 pq: 0 rg: 3 | total time: 3.64m | eta: 0.8m
step 00822/01000 (82.20%) | loss: 6.800898 | lrm: 1.00 | dt: 208.80ms | tok/sec: 4,904 | bf16_mfu: 0.00 | epoch: 1 pq: 0 rg: 3 | total time: 3.64m | eta: 0.8m
step 00823/01000 (82.30%) | loss: 6.755822 | lrm: 1.00 | dt: 220.14ms | tok/sec: 4,651 | bf16_mfu: 0.00 | epoch: 1 pq: 0 rg: 3 | total time: 3.64m | eta: 0.8m
step 00824/01000 (82.40%) | loss: 6.703608 | lrm: 1.00 | dt: 227.86ms | tok/sec: 4,494 | bf16_mfu: 0.00 | epoch: 1 pq: 0 rg: 3 | total time: 3.65m | eta: 0.8m
step 00825/01000 (82.50%) | loss: 6.722963 | lrm: 1.00 | dt: 236.32ms | tok/sec: 4,333 | bf16_mfu: 0.00 | epoch: 1 pq: 0 rg: 3 | total time: 3.65m | eta: 0.8m
step 00826/01000 (82.60%) | loss: 6.767157 | lrm: 1.00 | dt: 302.33ms | tok/sec: 3,387 | bf16_mfu: 0.00 | epoch: 1 pq: 0 rg: 3 | total time: 3.66m | eta: 0.8m
step 00827/01000 (82.70%) | loss: 6.855391 | lrm: 1.00 | dt: 258.87ms | tok/sec: 3,955 | bf16_mfu: 0.00 | epoch: 1 pq: 0 rg: 3 | total time: 3.66m | eta: 0.8m
step 00828/01000 (82.80%) | loss: 6.814585 | lrm: 1.00 | dt: 239.82ms | tok/sec: 4,269 | bf16_mfu: 0.00 | epoch: 1 pq: 0 rg: 3 | total time: 3.67m | eta: 0.8m
step 00829/01000 (82.90%) | loss: 6.834280 | lrm: 1.00 | dt: 190.91ms | tok/sec: 5,363 | bf16_mfu: 0.00 | epoch: 1 pq: 0 rg: 3 | total time: 3.67m | eta: 0.8m
step 00830/01000 (83.00%) | loss: 6.811639 | lrm: 1.00 | dt: 213.82ms | tok/sec: 4,789 | bf16_mfu: 0.00 | epoch: 1 pq: 0 rg: 3 | total time: 3.67m | eta: 0.8m
step 00831/01000 (83.10%) | loss: 6.799627 | lrm: 1.00 | dt: 226.05ms | tok/sec: 4,529 | bf16_mfu: 0.00 | epoch: 1 pq: 0 rg: 3 | total time: 3.68m | eta: 0.8m
step 00832/01000 (83.20%) | loss: 6.747957 | lrm: 1.00 | dt: 231.96ms | tok/sec: 4,414 | bf16_mfu: 0.00 | epoch: 1 pq: 0 rg: 3 | total time: 3.68m | eta: 0.8m
step 00833/01000 (83.30%) | loss: 6.628681 | lrm: 1.00 | dt: 240.16ms | tok/sec: 4,263 | bf16_mfu: 0.00 | epoch: 1 pq: 0 rg: 3 | total time: 3.68m | eta: 0.7m
step 00834/01000 (83.40%) | loss: 6.627845 | lrm: 1.00 | dt: 200.16ms | tok/sec: 5,115 | bf16_mfu: 0.00 | epoch: 1 pq: 0 rg: 3 | total time: 3.69m | eta: 0.7m
step 00835/01000 (83.50%) | loss: 6.634591 | lrm: 1.00 | dt: 185.68ms | tok/sec: 5,514 | bf16_mfu: 0.00 | epoch: 1 pq: 0 rg: 3 | total time: 3.69m | eta: 0.7m
step 00836/01000 (83.60%) | loss: 6.603638 | lrm: 1.00 | dt: 191.16ms | tok/sec: 5,356 | bf16_mfu: 0.00 | epoch: 1 pq: 0 rg: 3 | total time: 3.69m | eta: 0.7m
step 00837/01000 (83.70%) | loss: 6.659515 | lrm: 1.00 | dt: 185.38ms | tok/sec: 5,523 | bf16_mfu: 0.00 | epoch: 1 pq: 0 rg: 3 | total time: 3.70m | eta: 0.7m
step 00838/01000 (83.80%) | loss: 6.686894 | lrm: 1.00 | dt: 213.29ms | tok/sec: 4,800 | bf16_mfu: 0.00 | epoch: 1 pq: 0 rg: 3 | total time: 3.70m | eta: 0.7m
step 00839/01000 (83.90%) | loss: 6.663218 | lrm: 1.00 | dt: 203.48ms | tok/sec: 5,032 | bf16_mfu: 0.00 | epoch: 1 pq: 0 rg: 3 | total time: 3.70m | eta: 0.7m
step 00840/01000 (84.00%) | loss: 6.683236 | lrm: 1.00 | dt: 209.16ms | tok/sec: 4,895 | bf16_mfu: 0.00 | epoch: 1 pq: 0 rg: 3 | total time: 3.71m | eta: 0.7m
step 00841/01000 (84.10%) | loss: 6.639817 | lrm: 1.00 | dt: 203.27ms | tok/sec: 5,037 | bf16_mfu: 0.00 | epoch: 1 pq: 0 rg: 3 | total time: 3.71m | eta: 0.7m
step 00842/01000 (84.20%) | loss: 6.651707 | lrm: 1.00 | dt: 192.07ms | tok/sec: 5,331 | bf16_mfu: 0.00 | epoch: 1 pq: 0 rg: 3 | total time: 3.71m | eta: 0.7m
step 00843/01000 (84.30%) | loss: 6.653135 | lrm: 1.00 | dt: 367.66ms | tok/sec: 2,785 | bf16_mfu: 0.00 | epoch: 1 pq: 0 rg: 3 | total time: 3.72m | eta: 0.7m
step 00844/01000 (84.40%) | loss: 6.679161 | lrm: 1.00 | dt: 169.47ms | tok/sec: 6,042 | bf16_mfu: 0.00 | epoch: 1 pq: 0 rg: 3 | total time: 3.72m | eta: 0.7m
step 00845/01000 (84.50%) | loss: 6.688183 | lrm: 1.00 | dt: 163.71ms | tok/sec: 6,254 | bf16_mfu: 0.00 | epoch: 1 pq: 0 rg: 3 | total time: 3.72m | eta: 0.7m
step 00846/01000 (84.60%) | loss: 6.605041 | lrm: 1.00 | dt: 183.14ms | tok/sec: 5,591 | bf16_mfu: 0.00 | epoch: 1 pq: 0 rg: 3 | total time: 3.73m | eta: 0.7m
step 00847/01000 (84.70%) | loss: 6.638357 | lrm: 1.00 | dt: 185.11ms | tok/sec: 5,531 | bf16_mfu: 0.00 | epoch: 1 pq: 0 rg: 3 | total time: 3.73m | eta: 0.7m
step 00848/01000 (84.80%) | loss: 6.665536 | lrm: 1.00 | dt: 227.37ms | tok/sec: 4,503 | bf16_mfu: 0.00 | epoch: 1 pq: 0 rg: 3 | total time: 3.73m | eta: 0.7m
step 00849/01000 (84.90%) | loss: 6.729657 | lrm: 1.00 | dt: 255.59ms | tok/sec: 4,006 | bf16_mfu: 0.00 | epoch: 1 pq: 0 rg: 3 | total time: 3.74m | eta: 0.7m
step 00850/01000 (85.00%) | loss: 6.702665 | lrm: 1.00 | dt: 280.65ms | tok/sec: 3,648 | bf16_mfu: 0.00 | epoch: 1 pq: 0 rg: 3 | total time: 3.74m | eta: 0.7m
step 00851/01000 (85.10%) | loss: 6.682517 | lrm: 1.00 | dt: 234.39ms | tok/sec: 4,368 | bf16_mfu: 0.00 | epoch: 1 pq: 0 rg: 3 | total time: 3.75m | eta: 0.7m
step 00852/01000 (85.20%) | loss: 6.651533 | lrm: 1.00 | dt: 217.43ms | tok/sec: 4,709 | bf16_mfu: 0.00 | epoch: 1 pq: 0 rg: 3 | total time: 3.75m | eta: 0.7m
step 00853/01000 (85.30%) | loss: 6.707880 | lrm: 1.00 | dt: 239.17ms | tok/sec: 4,281 | bf16_mfu: 0.00 | epoch: 1 pq: 0 rg: 3 | total time: 3.76m | eta: 0.7m
step 00854/01000 (85.40%) | loss: 6.731753 | lrm: 1.00 | dt: 268.35ms | tok/sec: 3,815 | bf16_mfu: 0.00 | epoch: 1 pq: 0 rg: 3 | total time: 3.76m | eta: 0.7m
step 00855/01000 (85.50%) | loss: 6.719370 | lrm: 1.00 | dt: 260.77ms | tok/sec: 3,926 | bf16_mfu: 0.00 | epoch: 1 pq: 0 rg: 3 | total time: 3.76m | eta: 0.6m
step 00856/01000 (85.60%) | loss: 6.733039 | lrm: 1.00 | dt: 266.03ms | tok/sec: 3,849 | bf16_mfu: 0.00 | epoch: 1 pq: 0 rg: 3 | total time: 3.77m | eta: 0.6m
step 00857/01000 (85.70%) | loss: 6.690450 | lrm: 1.00 | dt: 194.19ms | tok/sec: 5,273 | bf16_mfu: 0.00 | epoch: 1 pq: 0 rg: 3 | total time: 3.77m | eta: 0.6m
step 00858/01000 (85.80%) | loss: 6.724501 | lrm: 1.00 | dt: 188.80ms | tok/sec: 5,423 | bf16_mfu: 0.00 | epoch: 1 pq: 0 rg: 3 | total time: 3.77m | eta: 0.6m
step 00859/01000 (85.90%) | loss: 6.776117 | lrm: 1.00 | dt: 254.92ms | tok/sec: 4,016 | bf16_mfu: 0.00 | epoch: 1 pq: 0 rg: 3 | total time: 3.78m | eta: 0.6m
step 00860/01000 (86.00%) | loss: 6.798462 | lrm: 1.00 | dt: 264.07ms | tok/sec: 3,877 | bf16_mfu: 0.00 | epoch: 1 pq: 0 rg: 3 | total time: 3.78m | eta: 0.6m
step 00861/01000 (86.10%) | loss: 6.791830 | lrm: 1.00 | dt: 232.38ms | tok/sec: 4,406 | bf16_mfu: 0.00 | epoch: 1 pq: 0 rg: 3 | total time: 3.79m | eta: 0.6m
step 00862/01000 (86.20%) | loss: 6.842061 | lrm: 1.00 | dt: 213.71ms | tok/sec: 4,791 | bf16_mfu: 0.00 | epoch: 1 pq: 0 rg: 3 | total time: 3.79m | eta: 0.6m
step 00863/01000 (86.30%) | loss: 6.833464 | lrm: 1.00 | dt: 258.91ms | tok/sec: 3,955 | bf16_mfu: 0.00 | epoch: 1 pq: 0 rg: 3 | total time: 3.80m | eta: 0.6m
step 00864/01000 (86.40%) | loss: 6.839203 | lrm: 1.00 | dt: 507.68ms | tok/sec: 2,017 | bf16_mfu: 0.00 | epoch: 1 pq: 0 rg: 3 | total time: 3.80m | eta: 0.6m
step 00865/01000 (86.50%) | loss: 6.786337 | lrm: 1.00 | dt: 223.19ms | tok/sec: 4,588 | bf16_mfu: 0.00 | epoch: 1 pq: 0 rg: 3 | total time: 3.81m | eta: 0.6m
step 00866/01000 (86.60%) | loss: 6.780108 | lrm: 1.00 | dt: 263.68ms | tok/sec: 3,883 | bf16_mfu: 0.00 | epoch: 1 pq: 0 rg: 3 | total time: 3.81m | eta: 0.6m
step 00867/01000 (86.70%) | loss: 6.691737 | lrm: 1.00 | dt: 213.09ms | tok/sec: 4,805 | bf16_mfu: 0.00 | epoch: 1 pq: 0 rg: 3 | total time: 3.82m | eta: 0.6m
step 00868/01000 (86.80%) | loss: 6.631760 | lrm: 1.00 | dt: 213.25ms | tok/sec: 4,801 | bf16_mfu: 0.00 | epoch: 1 pq: 0 rg: 3 | total time: 3.82m | eta: 0.6m
step 00869/01000 (86.90%) | loss: 6.621695 | lrm: 1.00 | dt: 169.31ms | tok/sec: 6,048 | bf16_mfu: 0.00 | epoch: 1 pq: 0 rg: 3 | total time: 3.82m | eta: 0.6m
step 00870/01000 (87.00%) | loss: 6.591768 | lrm: 1.00 | dt: 169.15ms | tok/sec: 6,053 | bf16_mfu: 0.00 | epoch: 1 pq: 0 rg: 3 | total time: 3.82m | eta: 0.6m
step 00871/01000 (87.10%) | loss: 6.571884 | lrm: 1.00 | dt: 164.68ms | tok/sec: 6,218 | bf16_mfu: 0.00 | epoch: 1 pq: 0 rg: 3 | total time: 3.83m | eta: 0.6m
step 00872/01000 (87.20%) | loss: 6.518410 | lrm: 1.00 | dt: 167.76ms | tok/sec: 6,103 | bf16_mfu: 0.00 | epoch: 1 pq: 0 rg: 3 | total time: 3.83m | eta: 0.6m
step 00873/01000 (87.30%) | loss: 6.510601 | lrm: 1.00 | dt: 194.41ms | tok/sec: 5,267 | bf16_mfu: 0.00 | epoch: 1 pq: 0 rg: 3 | total time: 3.83m | eta: 0.6m
step 00874/01000 (87.40%) | loss: 6.447155 | lrm: 1.00 | dt: 180.94ms | tok/sec: 5,659 | bf16_mfu: 0.00 | epoch: 1 pq: 0 rg: 3 | total time: 3.84m | eta: 0.6m
step 00875/01000 (87.50%) | loss: 6.499146 | lrm: 1.00 | dt: 186.93ms | tok/sec: 5,477 | bf16_mfu: 0.00 | epoch: 1 pq: 0 rg: 3 | total time: 3.84m | eta: 0.6m
step 00876/01000 (87.60%) | loss: 6.551032 | lrm: 1.00 | dt: 194.19ms | tok/sec: 5,273 | bf16_mfu: 0.00 | epoch: 1 pq: 0 rg: 3 | total time: 3.84m | eta: 0.6m
step 00877/01000 (87.70%) | loss: 6.615985 | lrm: 1.00 | dt: 202.69ms | tok/sec: 5,052 | bf16_mfu: 0.00 | epoch: 1 pq: 0 rg: 3 | total time: 3.85m | eta: 0.5m
step 00878/01000 (87.80%) | loss: 6.595820 | lrm: 1.00 | dt: 223.10ms | tok/sec: 4,589 | bf16_mfu: 0.00 | epoch: 1 pq: 0 rg: 3 | total time: 3.85m | eta: 0.5m
step 00879/01000 (87.90%) | loss: 6.596083 | lrm: 1.00 | dt: 218.76ms | tok/sec: 4,680 | bf16_mfu: 0.00 | epoch: 1 pq: 0 rg: 3 | total time: 3.85m | eta: 0.5m
step 00880/01000 (88.00%) | loss: 6.649014 | lrm: 1.00 | dt: 235.18ms | tok/sec: 4,354 | bf16_mfu: 0.00 | epoch: 1 pq: 0 rg: 3 | total time: 3.86m | eta: 0.5m
step 00881/01000 (88.10%) | loss: 6.590864 | lrm: 1.00 | dt: 236.04ms | tok/sec: 4,338 | bf16_mfu: 0.00 | epoch: 1 pq: 0 rg: 3 | total time: 3.86m | eta: 0.5m
step 00882/01000 (88.20%) | loss: 6.594208 | lrm: 1.00 | dt: 243.76ms | tok/sec: 4,200 | bf16_mfu: 0.00 | epoch: 1 pq: 0 rg: 3 | total time: 3.87m | eta: 0.5m
step 00883/01000 (88.30%) | loss: 6.584503 | lrm: 1.00 | dt: 232.44ms | tok/sec: 4,405 | bf16_mfu: 0.00 | epoch: 1 pq: 0 rg: 3 | total time: 3.87m | eta: 0.5m
step 00884/01000 (88.40%) | loss: 6.576649 | lrm: 1.00 | dt: 239.22ms | tok/sec: 4,280 | bf16_mfu: 0.00 | epoch: 1 pq: 0 rg: 3 | total time: 3.87m | eta: 0.5m
step 00885/01000 (88.50%) | loss: 6.667358 | lrm: 1.00 | dt: 225.43ms | tok/sec: 4,542 | bf16_mfu: 0.00 | epoch: 1 pq: 0 rg: 3 | total time: 3.88m | eta: 0.5m
step 00886/01000 (88.60%) | loss: 6.655953 | lrm: 1.00 | dt: 276.89ms | tok/sec: 3,698 | bf16_mfu: 0.00 | epoch: 1 pq: 0 rg: 3 | total time: 3.88m | eta: 0.5m
step 00887/01000 (88.70%) | loss: 6.619520 | lrm: 1.00 | dt: 160.45ms | tok/sec: 6,382 | bf16_mfu: 0.00 | epoch: 1 pq: 0 rg: 3 | total time: 3.88m | eta: 0.5m
step 00888/01000 (88.80%) | loss: 6.616666 | lrm: 1.00 | dt: 194.83ms | tok/sec: 5,255 | bf16_mfu: 0.00 | epoch: 1 pq: 0 rg: 3 | total time: 3.89m | eta: 0.5m
step 00889/01000 (88.90%) | loss: 6.649369 | lrm: 1.00 | dt: 178.04ms | tok/sec: 5,751 | bf16_mfu: 0.00 | epoch: 1 pq: 0 rg: 3 | total time: 3.89m | eta: 0.5m
step 00890/01000 (89.00%) | loss: 6.716157 | lrm: 1.00 | dt: 176.94ms | tok/sec: 5,787 | bf16_mfu: 0.00 | epoch: 1 pq: 0 rg: 3 | total time: 3.89m | eta: 0.5m
step 00891/01000 (89.10%) | loss: 6.701412 | lrm: 1.00 | dt: 176.27ms | tok/sec: 5,809 | bf16_mfu: 0.00 | epoch: 1 pq: 0 rg: 3 | total time: 3.90m | eta: 0.5m
step 00892/01000 (89.20%) | loss: 6.690138 | lrm: 1.00 | dt: 207.82ms | tok/sec: 4,927 | bf16_mfu: 0.00 | epoch: 1 pq: 0 rg: 3 | total time: 3.90m | eta: 0.5m
step 00893/01000 (89.30%) | loss: 6.625651 | lrm: 1.00 | dt: 201.75ms | tok/sec: 5,075 | bf16_mfu: 0.00 | epoch: 1 pq: 0 rg: 3 | total time: 3.90m | eta: 0.5m
step 00894/01000 (89.40%) | loss: 6.630060 | lrm: 1.00 | dt: 358.61ms | tok/sec: 2,855 | bf16_mfu: 0.00 | epoch: 1 pq: 0 rg: 3 | total time: 3.91m | eta: 0.5m
step 00895/01000 (89.50%) | loss: 6.581822 | lrm: 1.00 | dt: 167.34ms | tok/sec: 6,119 | bf16_mfu: 0.00 | epoch: 1 pq: 0 rg: 3 | total time: 3.91m | eta: 0.5m
step 00896/01000 (89.60%) | loss: 6.541919 | lrm: 1.00 | dt: 179.49ms | tok/sec: 5,704 | bf16_mfu: 0.00 | epoch: 1 pq: 0 rg: 3 | total time: 3.92m | eta: 0.5m
step 00897/01000 (89.70%) | loss: 6.583934 | lrm: 1.00 | dt: 173.92ms | tok/sec: 5,887 | bf16_mfu: 0.00 | epoch: 1 pq: 0 rg: 3 | total time: 3.92m | eta: 0.5m
step 00898/01000 (89.80%) | loss: 6.603023 | lrm: 1.00 | dt: 239.71ms | tok/sec: 4,271 | bf16_mfu: 0.00 | epoch: 1 pq: 0 rg: 3 | total time: 3.92m | eta: 0.5m
step 00899/01000 (89.90%) | loss: 6.592427 | lrm: 1.00 | dt: 196.14ms | tok/sec: 5,220 | bf16_mfu: 0.00 | epoch: 1 pq: 0 rg: 3 | total time: 3.93m | eta: 0.4m
step 00900/01000 (90.00%) | loss: 6.660720 | lrm: 1.00 | dt: 265.26ms | tok/sec: 3,860 | bf16_mfu: 0.00 | epoch: 1 pq: 0 rg: 3 | total time: 3.93m | eta: 0.4m
step 00901/01000 (90.10%) | loss: 6.614441 | lrm: 0.99 | dt: 217.72ms | tok/sec: 4,703 | bf16_mfu: 0.00 | epoch: 1 pq: 0 rg: 3 | total time: 3.93m | eta: 0.4m
step 00902/01000 (90.20%) | loss: 6.631306 | lrm: 0.98 | dt: 214.64ms | tok/sec: 4,770 | bf16_mfu: 0.00 | epoch: 1 pq: 0 rg: 3 | total time: 3.94m | eta: 0.4m
step 00903/01000 (90.30%) | loss: 6.670731 | lrm: 0.97 | dt: 251.34ms | tok/sec: 4,074 | bf16_mfu: 0.00 | epoch: 1 pq: 0 rg: 3 | total time: 3.94m | eta: 0.4m
step 00904/01000 (90.40%) | loss: 6.723499 | lrm: 0.96 | dt: 244.95ms | tok/sec: 4,180 | bf16_mfu: 0.00 | epoch: 1 pq: 0 rg: 3 | total time: 3.95m | eta: 0.4m
step 00905/01000 (90.50%) | loss: 6.667332 | lrm: 0.95 | dt: 208.26ms | tok/sec: 4,916 | bf16_mfu: 0.00 | epoch: 1 pq: 0 rg: 3 | total time: 3.95m | eta: 0.4m
step 00906/01000 (90.60%) | loss: 6.592180 | lrm: 0.94 | dt: 256.23ms | tok/sec: 3,996 | bf16_mfu: 0.00 | epoch: 1 pq: 0 rg: 3 | total time: 3.95m | eta: 0.4m
step 00907/01000 (90.70%) | loss: 6.607186 | lrm: 0.93 | dt: 275.66ms | tok/sec: 3,714 | bf16_mfu: 0.00 | epoch: 1 pq: 0 rg: 3 | total time: 3.96m | eta: 0.4m
step 00908/01000 (90.80%) | loss: 6.649333 | lrm: 0.92 | dt: 264.85ms | tok/sec: 3,866 | bf16_mfu: 0.00 | epoch: 1 pq: 0 rg: 3 | total time: 3.96m | eta: 0.4m
step 00909/01000 (90.90%) | loss: 6.722397 | lrm: 0.91 | dt: 219.07ms | tok/sec: 4,674 | bf16_mfu: 0.00 | epoch: 1 pq: 0 rg: 3 | total time: 3.97m | eta: 0.4m
step 00910/01000 (91.00%) | loss: 6.698684 | lrm: 0.91 | dt: 229.49ms | tok/sec: 4,462 | bf16_mfu: 0.00 | epoch: 1 pq: 0 rg: 3 | total time: 3.97m | eta: 0.4m
step 00911/01000 (91.10%) | loss: 6.679782 | lrm: 0.90 | dt: 270.84ms | tok/sec: 3,780 | bf16_mfu: 0.00 | epoch: 1 pq: 0 rg: 3 | total time: 3.97m | eta: 0.4m
step 00912/01000 (91.20%) | loss: 6.756140 | lrm: 0.89 | dt: 250.39ms | tok/sec: 4,089 | bf16_mfu: 0.00 | epoch: 1 pq: 0 rg: 3 | total time: 3.98m | eta: 0.4m
step 00913/01000 (91.30%) | loss: 6.764056 | lrm: 0.88 | dt: 260.44ms | tok/sec: 3,931 | bf16_mfu: 0.00 | epoch: 1 pq: 0 rg: 3 | total time: 3.98m | eta: 0.4m
step 00914/01000 (91.40%) | loss: 6.692273 | lrm: 0.87 | dt: 267.94ms | tok/sec: 3,821 | bf16_mfu: 0.00 | epoch: 1 pq: 0 rg: 3 | total time: 3.99m | eta: 0.4m
step 00915/01000 (91.50%) | loss: 6.571706 | lrm: 0.86 | dt: 236.16ms | tok/sec: 4,336 | bf16_mfu: 0.00 | epoch: 1 pq: 0 rg: 3 | total time: 3.99m | eta: 0.4m2026-04-21 00:32:19,682 - nanochat.checkpoint_manager - [32m[1mINFO[0m - Saved model parameters to: /Users/evergreen/.cache/nanochat/base_checkpoints/d4/model_001000.pt
2026-04-21 00:32:19,684 - nanochat.checkpoint_manager - [32m[1mINFO[0m - Saved metadata to: /Users/evergreen/.cache/nanochat/base_checkpoints/d4/meta_001000.json
2026-04-21 00:32:19,984 - nanochat.checkpoint_manager - [32m[1mINFO[0m - Saved optimizer state to: /Users/evergreen/.cache/nanochat/base_checkpoints/d4/optim_001000_rank0.pt

step 00916/01000 (91.60%) | loss: 6.553543 | lrm: 0.85 | dt: 511.71ms | tok/sec: 2,001 | bf16_mfu: 0.00 | epoch: 1 pq: 0 rg: 3 | total time: 4.00m | eta: 0.4m
step 00917/01000 (91.70%) | loss: 6.491385 | lrm: 0.84 | dt: 166.02ms | tok/sec: 6,167 | bf16_mfu: 0.00 | epoch: 1 pq: 0 rg: 3 | total time: 4.00m | eta: 0.4m
step 00918/01000 (91.80%) | loss: 6.537403 | lrm: 0.83 | dt: 145.24ms | tok/sec: 7,050 | bf16_mfu: 0.00 | epoch: 1 pq: 0 rg: 3 | total time: 4.00m | eta: 0.4m
step 00919/01000 (91.90%) | loss: 6.552636 | lrm: 0.82 | dt: 159.97ms | tok/sec: 6,401 | bf16_mfu: 0.00 | epoch: 1 pq: 0 rg: 3 | total time: 4.01m | eta: 0.4m
step 00920/01000 (92.00%) | loss: 6.527572 | lrm: 0.81 | dt: 174.54ms | tok/sec: 5,866 | bf16_mfu: 0.00 | epoch: 1 pq: 0 rg: 3 | total time: 4.01m | eta: 0.4m
step 00921/01000 (92.10%) | loss: 6.612952 | lrm: 0.80 | dt: 167.44ms | tok/sec: 6,115 | bf16_mfu: 0.00 | epoch: 1 pq: 0 rg: 3 | total time: 4.01m | eta: 0.3m
step 00922/01000 (92.20%) | loss: 6.589579 | lrm: 0.79 | dt: 179.36ms | tok/sec: 5,709 | bf16_mfu: 0.00 | epoch: 1 pq: 0 rg: 3 | total time: 4.02m | eta: 0.3m
step 00923/01000 (92.30%) | loss: 6.607737 | lrm: 0.78 | dt: 164.29ms | tok/sec: 6,232 | bf16_mfu: 0.00 | epoch: 1 pq: 0 rg: 3 | total time: 4.02m | eta: 0.3m
step 00924/01000 (92.40%) | loss: 6.625091 | lrm: 0.77 | dt: 167.87ms | tok/sec: 6,100 | bf16_mfu: 0.00 | epoch: 1 pq: 0 rg: 3 | total time: 4.02m | eta: 0.3m
step 00925/01000 (92.50%) | loss: 6.592708 | lrm: 0.76 | dt: 177.79ms | tok/sec: 5,759 | bf16_mfu: 0.00 | epoch: 1 pq: 0 rg: 3 | total time: 4.02m | eta: 0.3m
step 00926/01000 (92.60%) | loss: 6.637445 | lrm: 0.75 | dt: 179.19ms | tok/sec: 5,714 | bf16_mfu: 0.00 | epoch: 1 pq: 0 rg: 3 | total time: 4.03m | eta: 0.3m
step 00927/01000 (92.70%) | loss: 6.650313 | lrm: 0.74 | dt: 182.20ms | tok/sec: 5,620 | bf16_mfu: 0.00 | epoch: 1 pq: 0 rg: 3 | total time: 4.03m | eta: 0.3m
step 00928/01000 (92.80%) | loss: 6.718043 | lrm: 0.73 | dt: 242.14ms | tok/sec: 4,228 | bf16_mfu: 0.00 | epoch: 1 pq: 0 rg: 3 | total time: 4.03m | eta: 0.3m
step 00929/01000 (92.90%) | loss: 6.681597 | lrm: 0.72 | dt: 217.94ms | tok/sec: 4,698 | bf16_mfu: 0.00 | epoch: 1 pq: 0 rg: 3 | total time: 4.04m | eta: 0.3m
step 00930/01000 (93.00%) | loss: 6.693006 | lrm: 0.71 | dt: 239.87ms | tok/sec: 4,269 | bf16_mfu: 0.00 | epoch: 1 pq: 0 rg: 3 | total time: 4.04m | eta: 0.3m
step 00931/01000 (93.10%) | loss: 6.684235 | lrm: 0.71 | dt: 226.98ms | tok/sec: 4,511 | bf16_mfu: 0.00 | epoch: 1 pq: 0 rg: 3 | total time: 4.05m | eta: 0.3m
step 00932/01000 (93.20%) | loss: 6.939453 | lrm: 0.70 | dt: 234.67ms | tok/sec: 4,363 | bf16_mfu: 0.00 | epoch: 1 pq: 0 rg: 3 | total time: 4.05m | eta: 0.3m
step 00933/01000 (93.30%) | loss: 6.871425 | lrm: 0.69 | dt: 244.91ms | tok/sec: 4,181 | bf16_mfu: 0.00 | epoch: 1 pq: 0 rg: 3 | total time: 4.05m | eta: 0.3m
step 00934/01000 (93.40%) | loss: 6.898538 | lrm: 0.68 | dt: 247.44ms | tok/sec: 4,138 | bf16_mfu: 0.00 | epoch: 1 pq: 0 rg: 3 | total time: 4.06m | eta: 0.3m
step 00935/01000 (93.50%) | loss: 6.888302 | lrm: 0.67 | dt: 249.55ms | tok/sec: 4,103 | bf16_mfu: 0.00 | epoch: 1 pq: 0 rg: 3 | total time: 4.06m | eta: 0.3m
step 00936/01000 (93.60%) | loss: 6.841990 | lrm: 0.66 | dt: 245.36ms | tok/sec: 4,173 | bf16_mfu: 0.00 | epoch: 1 pq: 0 rg: 3 | total time: 4.07m | eta: 0.3m
step 00937/01000 (93.70%) | loss: 6.835244 | lrm: 0.65 | dt: 269.71ms | tok/sec: 3,796 | bf16_mfu: 0.00 | epoch: 1 pq: 0 rg: 3 | total time: 4.07m | eta: 0.3m
step 00938/01000 (93.80%) | loss: 6.785285 | lrm: 0.64 | dt: 195.35ms | tok/sec: 5,241 | bf16_mfu: 0.00 | epoch: 1 pq: 0 rg: 3 | total time: 4.07m | eta: 0.3m
step 00939/01000 (93.90%) | loss: 6.785673 | lrm: 0.63 | dt: 233.15ms | tok/sec: 4,391 | bf16_mfu: 0.00 | epoch: 1 pq: 0 rg: 3 | total time: 4.08m | eta: 0.3m
step 00940/01000 (94.00%) | loss: 6.711468 | lrm: 0.62 | dt: 212.60ms | tok/sec: 4,816 | bf16_mfu: 0.00 | epoch: 1 pq: 0 rg: 3 | total time: 4.08m | eta: 0.3m
step 00941/01000 (94.10%) | loss: 6.637038 | lrm: 0.61 | dt: 190.81ms | tok/sec: 5,366 | bf16_mfu: 0.00 | epoch: 1 pq: 0 rg: 3 | total time: 4.08m | eta: 0.3m
step 00942/01000 (94.20%) | loss: 6.603633 | lrm: 0.60 | dt: 195.39ms | tok/sec: 5,240 | bf16_mfu: 0.00 | epoch: 1 pq: 0 rg: 3 | total time: 4.09m | eta: 0.3m
step 00943/01000 (94.30%) | loss: 6.535315 | lrm: 0.59 | dt: 193.74ms | tok/sec: 5,285 | bf16_mfu: 0.00 | epoch: 1 pq: 0 rg: 3 | total time: 4.09m | eta: 0.2m
step 00944/01000 (94.40%) | loss: 6.543800 | lrm: 0.58 | dt: 202.53ms | tok/sec: 5,055 | bf16_mfu: 0.00 | epoch: 1 pq: 0 rg: 3 | total time: 4.09m | eta: 0.2m
step 00945/01000 (94.50%) | loss: 6.558132 | lrm: 0.57 | dt: 210.15ms | tok/sec: 4,872 | bf16_mfu: 0.00 | epoch: 1 pq: 0 rg: 3 | total time: 4.10m | eta: 0.2m
step 00946/01000 (94.60%) | loss: 6.523143 | lrm: 0.56 | dt: 222.05ms | tok/sec: 4,611 | bf16_mfu: 0.00 | epoch: 1 pq: 0 rg: 3 | total time: 4.10m | eta: 0.2m
step 00947/01000 (94.70%) | loss: 6.522050 | lrm: 0.55 | dt: 206.26ms | tok/sec: 4,964 | bf16_mfu: 0.00 | epoch: 1 pq: 0 rg: 3 | total time: 4.11m | eta: 0.2m
step 00948/01000 (94.80%) | loss: 6.518917 | lrm: 0.54 | dt: 404.05ms | tok/sec: 2,534 | bf16_mfu: 0.00 | epoch: 1 pq: 0 rg: 3 | total time: 4.11m | eta: 0.2m
step 00949/01000 (94.90%) | loss: 6.508979 | lrm: 0.53 | dt: 227.84ms | tok/sec: 4,494 | bf16_mfu: 0.00 | epoch: 1 pq: 0 rg: 3 | total time: 4.12m | eta: 0.2m
step 00950/01000 (95.00%) | loss: 6.521037 | lrm: 0.53 | dt: 214.71ms | tok/sec: 4,769 | bf16_mfu: 0.00 | epoch: 1 pq: 0 rg: 3 | total time: 4.12m | eta: 0.2m
step 00951/01000 (95.10%) | loss: 6.515608 | lrm: 0.52 | dt: 202.27ms | tok/sec: 5,062 | bf16_mfu: 0.00 | epoch: 1 pq: 0 rg: 3 | total time: 4.12m | eta: 0.2m
step 00952/01000 (95.20%) | loss: 6.587953 | lrm: 0.51 | dt: 263.52ms | tok/sec: 3,885 | bf16_mfu: 0.00 | epoch: 1 pq: 0 rg: 3 | total time: 4.13m | eta: 0.2m
step 00953/01000 (95.30%) | loss: 6.564154 | lrm: 0.50 | dt: 204.94ms | tok/sec: 4,996 | bf16_mfu: 0.00 | epoch: 1 pq: 0 rg: 3 | total time: 4.13m | eta: 0.2m
step 00954/01000 (95.40%) | loss: 6.567622 | lrm: 0.49 | dt: 240.53ms | tok/sec: 4,257 | bf16_mfu: 0.00 | epoch: 1 pq: 0 rg: 3 | total time: 4.13m | eta: 0.2m
step 00955/01000 (95.50%) | loss: 6.595787 | lrm: 0.48 | dt: 248.82ms | tok/sec: 4,115 | bf16_mfu: 0.00 | epoch: 1 pq: 0 rg: 3 | total time: 4.14m | eta: 0.2m
step 00956/01000 (95.60%) | loss: 6.576342 | lrm: 0.47 | dt: 184.88ms | tok/sec: 5,538 | bf16_mfu: 0.00 | epoch: 1 pq: 0 rg: 3 | total time: 4.14m | eta: 0.2m
step 00957/01000 (95.70%) | loss: 6.498386 | lrm: 0.46 | dt: 241.89ms | tok/sec: 4,233 | bf16_mfu: 0.00 | epoch: 1 pq: 0 rg: 3 | total time: 4.15m | eta: 0.2m
step 00958/01000 (95.80%) | loss: 6.529156 | lrm: 0.45 | dt: 276.66ms | tok/sec: 3,701 | bf16_mfu: 0.00 | epoch: 1 pq: 0 rg: 3 | total time: 4.15m | eta: 0.2m
step 00959/01000 (95.90%) | loss: 6.527074 | lrm: 0.44 | dt: 237.86ms | tok/sec: 4,305 | bf16_mfu: 0.00 | epoch: 1 pq: 0 rg: 3 | total time: 4.15m | eta: 0.2m
step 00960/01000 (96.00%) | loss: 6.528129 | lrm: 0.43 | dt: 267.65ms | tok/sec: 3,825 | bf16_mfu: 0.00 | epoch: 1 pq: 0 rg: 3 | total time: 4.16m | eta: 0.2m
step 00961/01000 (96.10%) | loss: 6.528104 | lrm: 0.42 | dt: 235.97ms | tok/sec: 4,339 | bf16_mfu: 0.00 | epoch: 1 pq: 0 rg: 3 | total time: 4.16m | eta: 0.2m
step 00962/01000 (96.20%) | loss: 6.410314 | lrm: 0.41 | dt: 230.45ms | tok/sec: 4,443 | bf16_mfu: 0.00 | epoch: 1 pq: 0 rg: 3 | total time: 4.17m | eta: 0.2m
step 00963/01000 (96.30%) | loss: 6.456645 | lrm: 0.40 | dt: 241.91ms | tok/sec: 4,233 | bf16_mfu: 0.00 | epoch: 1 pq: 0 rg: 3 | total time: 4.17m | eta: 0.2m
step 00964/01000 (96.40%) | loss: 6.463604 | lrm: 0.39 | dt: 265.75ms | tok/sec: 3,853 | bf16_mfu: 0.00 | epoch: 1 pq: 0 rg: 3 | total time: 4.17m | eta: 0.2m
step 00965/01000 (96.50%) | loss: 6.484918 | lrm: 0.38 | dt: 623.52ms | tok/sec: 1,642 | bf16_mfu: 0.00 | epoch: 1 pq: 0 rg: 3 | total time: 4.19m | eta: 0.2m
step 00966/01000 (96.60%) | loss: 6.426407 | lrm: 0.37 | dt: 308.93ms | tok/sec: 3,314 | bf16_mfu: 0.00 | epoch: 1 pq: 0 rg: 3 | total time: 4.19m | eta: 0.1m
step 00967/01000 (96.70%) | loss: 6.409827 | lrm: 0.36 | dt: 182.26ms | tok/sec: 5,618 | bf16_mfu: 0.00 | epoch: 1 pq: 0 rg: 3 | total time: 4.19m | eta: 0.1m
step 00968/01000 (96.80%) | loss: 6.373526 | lrm: 0.35 | dt: 373.86ms | tok/sec: 2,738 | bf16_mfu: 0.00 | epoch: 1 pq: 0 rg: 3 | total time: 4.20m | eta: 0.1m
step 00969/01000 (96.90%) | loss: 6.389836 | lrm: 0.34 | dt: 130.04ms | tok/sec: 7,874 | bf16_mfu: 0.00 | epoch: 1 pq: 0 rg: 3 | total time: 4.20m | eta: 0.1m
step 00970/01000 (97.00%) | loss: 6.338911 | lrm: 0.33 | dt: 134.43ms | tok/sec: 7,617 | bf16_mfu: 0.00 | epoch: 1 pq: 0 rg: 3 | total time: 4.20m | eta: 0.1m
step 00971/01000 (97.10%) | loss: 6.348649 | lrm: 0.33 | dt: 142.15ms | tok/sec: 7,203 | bf16_mfu: 0.00 | epoch: 1 pq: 0 rg: 3 | total time: 4.21m | eta: 0.1m
step 00972/01000 (97.20%) | loss: 6.407308 | lrm: 0.32 | dt: 138.60ms | tok/sec: 7,388 | bf16_mfu: 0.00 | epoch: 1 pq: 0 rg: 3 | total time: 4.21m | eta: 0.1m
step 00973/01000 (97.30%) | loss: 6.375669 | lrm: 0.31 | dt: 138.14ms | tok/sec: 7,412 | bf16_mfu: 0.00 | epoch: 1 pq: 0 rg: 3 | total time: 4.21m | eta: 0.1m
step 00974/01000 (97.40%) | loss: 6.349771 | lrm: 0.30 | dt: 137.87ms | tok/sec: 7,427 | bf16_mfu: 0.00 | epoch: 1 pq: 0 rg: 3 | total time: 4.21m | eta: 0.1m
step 00975/01000 (97.50%) | loss: 6.361488 | lrm: 0.29 | dt: 159.54ms | tok/sec: 6,418 | bf16_mfu: 0.00 | epoch: 1 pq: 0 rg: 3 | total time: 4.22m | eta: 0.1m
step 00976/01000 (97.60%) | loss: 6.344386 | lrm: 0.28 | dt: 173.78ms | tok/sec: 5,892 | bf16_mfu: 0.00 | epoch: 1 pq: 0 rg: 3 | total time: 4.22m | eta: 0.1m
step 00977/01000 (97.70%) | loss: 6.299533 | lrm: 0.27 | dt: 301.47ms | tok/sec: 3,396 | bf16_mfu: 0.00 | epoch: 1 pq: 0 rg: 3 | total time: 4.22m | eta: 0.1m
step 00978/01000 (97.80%) | loss: 6.350334 | lrm: 0.26 | dt: 322.57ms | tok/sec: 3,174 | bf16_mfu: 0.00 | epoch: 1 pq: 0 rg: 3 | total time: 4.23m | eta: 0.1m
step 00979/01000 (97.90%) | loss: 6.405737 | lrm: 0.25 | dt: 241.57ms | tok/sec: 4,238 | bf16_mfu: 0.00 | epoch: 1 pq: 0 rg: 3 | total time: 4.23m | eta: 0.1m
step 00980/01000 (98.00%) | loss: 6.352571 | lrm: 0.24 | dt: 237.90ms | tok/sec: 4,304 | bf16_mfu: 0.00 | epoch: 1 pq: 0 rg: 3 | total time: 4.24m | eta: 0.1m
step 00981/01000 (98.10%) | loss: 6.368679 | lrm: 0.23 | dt: 341.99ms | tok/sec: 2,994 | bf16_mfu: 0.00 | epoch: 1 pq: 0 rg: 3 | total time: 4.24m | eta: 0.1m
step 00982/01000 (98.20%) | loss: 6.375745 | lrm: 0.22 | dt: 226.12ms | tok/sec: 4,528 | bf16_mfu: 0.00 | epoch: 1 pq: 0 rg: 3 | total time: 4.25m | eta: 0.1m
step 00983/01000 (98.30%) | loss: 6.349120 | lrm: 0.21 | dt: 288.69ms | tok/sec: 3,547 | bf16_mfu: 0.00 | epoch: 1 pq: 0 rg: 4 | total time: 4.25m | eta: 0.1m
step 00984/01000 (98.40%) | loss: 6.370158 | lrm: 0.20 | dt: 251.37ms | tok/sec: 4,073 | bf16_mfu: 0.00 | epoch: 1 pq: 0 rg: 4 | total time: 4.26m | eta: 0.1m
step 00985/01000 (98.50%) | loss: 6.382593 | lrm: 0.19 | dt: 245.41ms | tok/sec: 4,172 | bf16_mfu: 0.00 | epoch: 1 pq: 0 rg: 4 | total time: 4.26m | eta: 0.1m
step 00986/01000 (98.60%) | loss: 6.385454 | lrm: 0.18 | dt: 325.68ms | tok/sec: 3,144 | bf16_mfu: 0.00 | epoch: 1 pq: 0 rg: 4 | total time: 4.27m | eta: 0.1m
step 00987/01000 (98.70%) | loss: 6.372132 | lrm: 0.17 | dt: 197.82ms | tok/sec: 5,176 | bf16_mfu: 0.00 | epoch: 1 pq: 0 rg: 4 | total time: 4.27m | eta: 0.1m
step 00988/01000 (98.80%) | loss: 6.353193 | lrm: 0.16 | dt: 283.16ms | tok/sec: 3,616 | bf16_mfu: 0.00 | epoch: 1 pq: 0 rg: 4 | total time: 4.27m | eta: 0.1m
step 00989/01000 (98.90%) | loss: 6.336161 | lrm: 0.15 | dt: 198.19ms | tok/sec: 5,166 | bf16_mfu: 0.00 | epoch: 1 pq: 0 rg: 4 | total time: 4.28m | eta: 0.0m
step 00990/01000 (99.00%) | loss: 6.343494 | lrm: 0.15 | dt: 293.67ms | tok/sec: 3,486 | bf16_mfu: 0.00 | epoch: 1 pq: 0 rg: 4 | total time: 4.28m | eta: 0.0m
step 00991/01000 (99.10%) | loss: 6.410182 | lrm: 0.14 | dt: 231.37ms | tok/sec: 4,425 | bf16_mfu: 0.00 | epoch: 1 pq: 0 rg: 4 | total time: 4.29m | eta: 0.0m
step 00992/01000 (99.20%) | loss: 6.447522 | lrm: 0.13 | dt: 268.08ms | tok/sec: 3,819 | bf16_mfu: 0.00 | epoch: 1 pq: 0 rg: 4 | total time: 4.29m | eta: 0.0m
step 00993/01000 (99.30%) | loss: 6.455783 | lrm: 0.12 | dt: 242.25ms | tok/sec: 4,226 | bf16_mfu: 0.00 | epoch: 1 pq: 0 rg: 4 | total time: 4.29m | eta: 0.0m
step 00994/01000 (99.40%) | loss: 6.486868 | lrm: 0.11 | dt: 248.18ms | tok/sec: 4,125 | bf16_mfu: 0.00 | epoch: 1 pq: 0 rg: 4 | total time: 4.30m | eta: 0.0m
step 00995/01000 (99.50%) | loss: 6.465570 | lrm: 0.10 | dt: 210.08ms | tok/sec: 4,874 | bf16_mfu: 0.00 | epoch: 1 pq: 0 rg: 4 | total time: 4.30m | eta: 0.0m
step 00996/01000 (99.60%) | loss: 6.445721 | lrm: 0.09 | dt: 474.50ms | tok/sec: 2,158 | bf16_mfu: 0.00 | epoch: 1 pq: 0 rg: 4 | total time: 4.31m | eta: 0.0m
step 00997/01000 (99.70%) | loss: 6.425183 | lrm: 0.08 | dt: 204.50ms | tok/sec: 5,007 | bf16_mfu: 0.00 | epoch: 1 pq: 0 rg: 4 | total time: 4.31m | eta: 0.0m
step 00998/01000 (99.80%) | loss: 6.467171 | lrm: 0.07 | dt: 261.20ms | tok/sec: 3,920 | bf16_mfu: 0.00 | epoch: 1 pq: 0 rg: 4 | total time: 4.32m | eta: 0.0m
step 00999/01000 (99.90%) | loss: 6.543213 | lrm: 0.06 | dt: 233.62ms | tok/sec: 4,383 | bf16_mfu: 0.00 | epoch: 1 pq: 0 rg: 4 | total time: 4.32m | eta: 0.0m
Peak memory usage: 0.00MiB
Total training time: 4.32m
