/Users/evergreen/miniforge3/envs/py3_12/lib/python3.12/site-packages/requests/__init__.py:113: RequestsDependencyWarning: urllib3 (2.6.2) or chardet (6.0.0.post1)/charset_normalizer (3.4.4) doesn't match a supported version!
  warnings.warn(
/Users/evergreen/miniforge3/envs/py3_12/lib/python3.12/site-packages/pydantic/_internal/_generate_schema.py:2249: UnsupportedFieldAttributeWarning: The 'repr' attribute with value False was provided to the `Field()` function, which has no effect in the context it was used. 'repr' is field-specific metadata, and can only be attached to a model field using `Annotated` metadata or by assignment. This may have happened because an `Annotated` type alias using the `type` statement was used, or if the `Field()` function was attached to a single member of a union type.
  warnings.warn(
/Users/evergreen/miniforge3/envs/py3_12/lib/python3.12/site-packages/pydantic/_internal/_generate_schema.py:2249: UnsupportedFieldAttributeWarning: The 'frozen' attribute with value True was provided to the `Field()` function, which has no effect in the context it was used. 'frozen' is field-specific metadata, and can only be attached to a model field using `Annotated` metadata or by assignment. This may have happened because an `Annotated` type alias using the `type` statement was used, or if the `Field()` function was attached to a single member of a union type.
  warnings.warn(
2026-04-21 00:36:07,622 - nanochat.common - [32m[1mINFO[0m - Distributed world size: 1

                                                       █████                █████
                                                      ░░███                ░░███
     ████████    ██████   ████████    ██████   ██████  ░███████    ██████  ███████
    ░░███░░███  ░░░░░███ ░░███░░███  ███░░███ ███░░███ ░███░░███  ░░░░░███░░░███░
     ░███ ░███   ███████  ░███ ░███ ░███ ░███░███ ░░░  ░███ ░███   ███████  ░███
     ░███ ░███  ███░░███  ░███ ░███ ░███ ░███░███  ███ ░███ ░███  ███░░███  ░███ ███
     ████ █████░░████████ ████ █████░░██████ ░░██████  ████ █████░░███████  ░░█████
    ░░░░ ░░░░░  ░░░░░░░░ ░░░░ ░░░░░  ░░░░░░   ░░░░░░  ░░░░ ░░░░░  ░░░░░░░░   ░░░░░
    
Autodetected device type: mps
COMPUTE_DTYPE: torch.float32 (auto-detected: no CUDA (CPU/MPS))
!!!!!!!!!!!!!!!!!!!!!!!!!!!!!!!!!!!!!!!!!!!!!!!!!!!!!!!!!!!!!!!!!!!!!!!!!!!!!!!!
WARNING: Flash Attention 3 not available, using PyTorch SDPA fallback
WARNING: Training will be less efficient without FA3
WARNING: SDPA has no support for sliding window attention (window_pattern='SSSL'). Your GPU utilization will be terrible.
WARNING: Recommend using --window-pattern L for full context attention without alternating sliding window patterns.
!!!!!!!!!!!!!!!!!!!!!!!!!!!!!!!!!!!!!!!!!!!!!!!!!!!!!!!!!!!!!!!!!!!!!!!!!!!!!!!!
Vocab size: 32,768
Model config:
{
  "sequence_len": 512,
  "vocab_size": 32768,
  "n_layer": 4,
  "n_head": 1,
  "n_kv_head": 1,
  "n_embd": 128,
  "window_pattern": "SSSL",
  "mlp_activation": "relu_squared"
}
Attention c_proj init: gaussian, std=1/sqrt(n_embd)
MLP activation: relu_squared
MLP c_proj init: gaussian, std=1/sqrt(4*n_embd)
Skipping torch.compile on MPS because the Metal backend is still experimental
Parameter counts:
wte                     : 4,194,304
value_embeds            : 8,388,608
lm_head                 : 4,194,304
transformer_matrices    : 786,456
scalars                 : 34
total                   : 17,563,706
Estimated FLOPs per token: 3.126082e+07
Scaling LRs by 0.0442 for batch size 1,024 (reference: 524,288)
Scaling weight decay from 0.280000 to 0.084016 for depth 4
Scaling the LR for the AdamW parameters ∝1/√(128/768) = 2.449490
Using user-provided number of iterations: 1,000
Total number of training tokens: 1,024,000
Tokens : Scaling params ratio: 0.21
Total training FLOPs estimate: 3.201108e+13
Tokens / micro-batch / rank: 1 x 512 = 512
Tokens / micro-batch: 512
Total batch size 1,024 => gradient accumulation steps: 2
step 00000/01000 (0.00%) | loss: 10.397029 | lrm: 0.03 | dt: 413.65ms | tok/sec: 2,475 | bf16_mfu: 0.00 | epoch: 1 pq: 0 rg: 0 | total time: 0.00m
step 00001/01000 (0.10%) | loss: 10.396813 | lrm: 0.05 | dt: 116.25ms | tok/sec: 8,808 | bf16_mfu: 0.00 | epoch: 1 pq: 0 rg: 0 | total time: 0.00m
step 00002/01000 (0.20%) | loss: 10.397411 | lrm: 0.07 | dt: 103.66ms | tok/sec: 9,878 | bf16_mfu: 0.00 | epoch: 1 pq: 0 rg: 0 | total time: 0.00m
step 00003/01000 (0.30%) | loss: 10.397411 | lrm: 0.10 | dt: 98.63ms | tok/sec: 10,382 | bf16_mfu: 0.00 | epoch: 1 pq: 0 rg: 0 | total time: 0.00m
step 00004/01000 (0.40%) | loss: 10.397217 | lrm: 0.12 | dt: 98.94ms | tok/sec: 10,350 | bf16_mfu: 0.00 | epoch: 1 pq: 0 rg: 0 | total time: 0.00m
step 00005/01000 (0.50%) | loss: 10.396703 | lrm: 0.15 | dt: 116.33ms | tok/sec: 8,802 | bf16_mfu: 0.00 | epoch: 1 pq: 0 rg: 1 | total time: 0.00m
step 00006/01000 (0.60%) | loss: 10.395705 | lrm: 0.17 | dt: 102.44ms | tok/sec: 9,996 | bf16_mfu: 0.00 | epoch: 1 pq: 0 rg: 1 | total time: 0.00m
step 00007/01000 (0.70%) | loss: 10.394584 | lrm: 0.20 | dt: 103.85ms | tok/sec: 9,860 | bf16_mfu: 0.00 | epoch: 1 pq: 0 rg: 1 | total time: 0.00m
step 00008/01000 (0.80%) | loss: 10.392958 | lrm: 0.23 | dt: 104.96ms | tok/sec: 9,755 | bf16_mfu: 0.00 | epoch: 1 pq: 0 rg: 1 | total time: 0.00m
step 00009/01000 (0.90%) | loss: 10.390941 | lrm: 0.25 | dt: 108.68ms | tok/sec: 9,422 | bf16_mfu: 0.00 | epoch: 1 pq: 0 rg: 1 | total time: 0.00m
step 00010/01000 (1.00%) | loss: 10.388458 | lrm: 0.28 | dt: 107.19ms | tok/sec: 9,552 | bf16_mfu: 0.00 | epoch: 1 pq: 0 rg: 1 | total time: 0.00m
step 00011/01000 (1.10%) | loss: 10.384244 | lrm: 0.30 | dt: 123.94ms | tok/sec: 8,262 | bf16_mfu: 0.00 | epoch: 1 pq: 0 rg: 1 | total time: 0.00m | eta: 2.0m
step 00012/01000 (1.20%) | loss: 10.376694 | lrm: 0.33 | dt: 140.43ms | tok/sec: 7,291 | bf16_mfu: 0.00 | epoch: 1 pq: 0 rg: 1 | total time: 0.00m | eta: 2.2m
step 00013/01000 (1.30%) | loss: 10.367765 | lrm: 0.35 | dt: 156.12ms | tok/sec: 6,559 | bf16_mfu: 0.00 | epoch: 1 pq: 0 rg: 1 | total time: 0.01m | eta: 2.3m
step 00014/01000 (1.40%) | loss: 10.356417 | lrm: 0.38 | dt: 211.88ms | tok/sec: 4,832 | bf16_mfu: 0.00 | epoch: 1 pq: 0 rg: 1 | total time: 0.01m | eta: 2.6m
step 00015/01000 (1.50%) | loss: 10.341638 | lrm: 0.40 | dt: 288.47ms | tok/sec: 3,549 | bf16_mfu: 0.00 | epoch: 1 pq: 0 rg: 1 | total time: 0.02m | eta: 3.0m
step 00016/01000 (1.60%) | loss: 10.322746 | lrm: 0.42 | dt: 562.12ms | tok/sec: 1,821 | bf16_mfu: 0.00 | epoch: 1 pq: 0 rg: 1 | total time: 0.02m | eta: 4.1m
step 00017/01000 (1.70%) | loss: 10.298977 | lrm: 0.45 | dt: 619.84ms | tok/sec: 1,652 | bf16_mfu: 0.00 | epoch: 1 pq: 0 rg: 1 | total time: 0.04m | eta: 4.9m
step 00018/01000 (1.80%) | loss: 10.272198 | lrm: 0.47 | dt: 546.89ms | tok/sec: 1,872 | bf16_mfu: 0.00 | epoch: 1 pq: 0 rg: 1 | total time: 0.04m | eta: 5.4m
step 00019/01000 (1.90%) | loss: 10.247508 | lrm: 0.50 | dt: 192.91ms | tok/sec: 5,308 | bf16_mfu: 0.00 | epoch: 1 pq: 0 rg: 1 | total time: 0.05m | eta: 5.2m
step 00020/01000 (2.00%) | loss: 10.212289 | lrm: 0.53 | dt: 165.18ms | tok/sec: 6,199 | bf16_mfu: 0.00 | epoch: 1 pq: 0 rg: 1 | total time: 0.05m | eta: 4.9m
step 00021/01000 (2.10%) | loss: 10.180347 | lrm: 0.55 | dt: 162.67ms | tok/sec: 6,294 | bf16_mfu: 0.00 | epoch: 1 pq: 0 rg: 1 | total time: 0.05m | eta: 4.7m
step 00022/01000 (2.20%) | loss: 10.136568 | lrm: 0.57 | dt: 151.01ms | tok/sec: 6,781 | bf16_mfu: 0.00 | epoch: 1 pq: 0 rg: 1 | total time: 0.06m | eta: 4.5m
step 00023/01000 (2.30%) | loss: 10.092827 | lrm: 0.60 | dt: 143.58ms | tok/sec: 7,131 | bf16_mfu: 0.00 | epoch: 1 pq: 0 rg: 1 | total time: 0.06m | eta: 4.3m
step 00024/01000 (2.40%) | loss: 10.050810 | lrm: 0.62 | dt: 152.89ms | tok/sec: 6,697 | bf16_mfu: 0.00 | epoch: 1 pq: 0 rg: 1 | total time: 0.06m | eta: 4.2m
step 00025/01000 (2.50%) | loss: 10.010632 | lrm: 0.65 | dt: 161.07ms | tok/sec: 6,357 | bf16_mfu: 0.00 | epoch: 1 pq: 0 rg: 1 | total time: 0.06m | eta: 4.1m
step 00026/01000 (2.60%) | loss: 9.964547 | lrm: 0.68 | dt: 146.27ms | tok/sec: 7,000 | bf16_mfu: 0.00 | epoch: 1 pq: 0 rg: 1 | total time: 0.07m | eta: 4.0m
step 00027/01000 (2.70%) | loss: 9.901807 | lrm: 0.70 | dt: 131.88ms | tok/sec: 7,764 | bf16_mfu: 0.00 | epoch: 1 pq: 0 rg: 1 | total time: 0.07m | eta: 3.9m
step 00028/01000 (2.80%) | loss: 9.842796 | lrm: 0.72 | dt: 149.59ms | tok/sec: 6,845 | bf16_mfu: 0.00 | epoch: 1 pq: 0 rg: 1 | total time: 0.07m | eta: 3.8m
step 00029/01000 (2.90%) | loss: 9.794991 | lrm: 0.75 | dt: 130.66ms | tok/sec: 7,837 | bf16_mfu: 0.00 | epoch: 1 pq: 0 rg: 1 | total time: 0.07m | eta: 3.7m
step 00030/01000 (3.00%) | loss: 9.718051 | lrm: 0.78 | dt: 145.73ms | tok/sec: 7,026 | bf16_mfu: 0.00 | epoch: 1 pq: 0 rg: 1 | total time: 0.07m | eta: 3.6m
step 00031/01000 (3.10%) | loss: 9.666916 | lrm: 0.80 | dt: 154.91ms | tok/sec: 6,610 | bf16_mfu: 0.00 | epoch: 1 pq: 0 rg: 1 | total time: 0.08m | eta: 3.6m
step 00032/01000 (3.20%) | loss: 9.620046 | lrm: 0.82 | dt: 154.58ms | tok/sec: 6,624 | bf16_mfu: 0.00 | epoch: 1 pq: 0 rg: 1 | total time: 0.08m | eta: 3.5m
step 00033/01000 (3.30%) | loss: 9.543411 | lrm: 0.85 | dt: 193.47ms | tok/sec: 5,292 | bf16_mfu: 0.00 | epoch: 1 pq: 0 rg: 1 | total time: 0.08m | eta: 3.5m
step 00034/01000 (3.40%) | loss: 9.463178 | lrm: 0.88 | dt: 242.09ms | tok/sec: 4,229 | bf16_mfu: 0.00 | epoch: 1 pq: 0 rg: 1 | total time: 0.09m | eta: 3.5m
step 00035/01000 (3.50%) | loss: 9.405970 | lrm: 0.90 | dt: 209.93ms | tok/sec: 4,877 | bf16_mfu: 0.00 | epoch: 1 pq: 0 rg: 1 | total time: 0.09m | eta: 3.5m
step 00036/01000 (3.60%) | loss: 9.378095 | lrm: 0.93 | dt: 463.90ms | tok/sec: 2,207 | bf16_mfu: 0.00 | epoch: 1 pq: 0 rg: 1 | total time: 0.10m | eta: 3.6m
step 00037/01000 (3.70%) | loss: 9.291068 | lrm: 0.95 | dt: 216.49ms | tok/sec: 4,730 | bf16_mfu: 0.00 | epoch: 1 pq: 0 rg: 1 | total time: 0.10m | eta: 3.6m
step 00038/01000 (3.80%) | loss: 9.214893 | lrm: 0.97 | dt: 239.78ms | tok/sec: 4,270 | bf16_mfu: 0.00 | epoch: 1 pq: 0 rg: 1 | total time: 0.11m | eta: 3.6m
step 00039/01000 (3.90%) | loss: 9.157152 | lrm: 1.00 | dt: 202.76ms | tok/sec: 5,050 | bf16_mfu: 0.00 | epoch: 1 pq: 0 rg: 1 | total time: 0.11m | eta: 3.6m
step 00040/01000 (4.00%) | loss: 9.111745 | lrm: 1.00 | dt: 220.64ms | tok/sec: 4,641 | bf16_mfu: 0.00 | epoch: 1 pq: 0 rg: 1 | total time: 0.11m | eta: 3.6m
step 00041/01000 (4.10%) | loss: 9.052566 | lrm: 1.00 | dt: 184.16ms | tok/sec: 5,560 | bf16_mfu: 0.00 | epoch: 1 pq: 0 rg: 1 | total time: 0.12m | eta: 3.6m
step 00042/01000 (4.20%) | loss: 8.982110 | lrm: 1.00 | dt: 169.65ms | tok/sec: 6,035 | bf16_mfu: 0.00 | epoch: 1 pq: 0 rg: 1 | total time: 0.12m | eta: 3.6m
step 00043/01000 (4.30%) | loss: 8.912286 | lrm: 1.00 | dt: 175.64ms | tok/sec: 5,830 | bf16_mfu: 0.00 | epoch: 1 pq: 0 rg: 1 | total time: 0.12m | eta: 3.5m
step 00044/01000 (4.40%) | loss: 8.839808 | lrm: 1.00 | dt: 154.74ms | tok/sec: 6,617 | bf16_mfu: 0.00 | epoch: 1 pq: 0 rg: 1 | total time: 0.12m | eta: 3.5m
step 00045/01000 (4.50%) | loss: 8.803700 | lrm: 1.00 | dt: 171.27ms | tok/sec: 5,978 | bf16_mfu: 0.00 | epoch: 1 pq: 0 rg: 1 | total time: 0.13m | eta: 3.5m
step 00046/01000 (4.60%) | loss: 8.742789 | lrm: 1.00 | dt: 156.81ms | tok/sec: 6,530 | bf16_mfu: 0.00 | epoch: 1 pq: 0 rg: 1 | total time: 0.13m | eta: 3.4m
step 00047/01000 (4.70%) | loss: 8.681520 | lrm: 1.00 | dt: 162.48ms | tok/sec: 6,302 | bf16_mfu: 0.00 | epoch: 1 pq: 0 rg: 1 | total time: 0.13m | eta: 3.4m
step 00048/01000 (4.80%) | loss: 8.645113 | lrm: 1.00 | dt: 195.55ms | tok/sec: 5,236 | bf16_mfu: 0.00 | epoch: 1 pq: 0 rg: 1 | total time: 0.14m | eta: 3.4m
step 00049/01000 (4.90%) | loss: 8.573040 | lrm: 1.00 | dt: 218.69ms | tok/sec: 4,682 | bf16_mfu: 0.00 | epoch: 1 pq: 0 rg: 1 | total time: 0.14m | eta: 3.4m
step 00050/01000 (5.00%) | loss: 8.508046 | lrm: 1.00 | dt: 347.55ms | tok/sec: 2,946 | bf16_mfu: 0.00 | epoch: 1 pq: 0 rg: 1 | total time: 0.15m | eta: 3.5m
step 00051/01000 (5.10%) | loss: 8.465619 | lrm: 1.00 | dt: 211.83ms | tok/sec: 4,834 | bf16_mfu: 0.00 | epoch: 1 pq: 0 rg: 1 | total time: 0.15m | eta: 3.4m
step 00052/01000 (5.20%) | loss: 8.419074 | lrm: 1.00 | dt: 212.09ms | tok/sec: 4,828 | bf16_mfu: 0.00 | epoch: 1 pq: 0 rg: 1 | total time: 0.15m | eta: 3.4m
step 00053/01000 (5.30%) | loss: 8.363031 | lrm: 1.00 | dt: 182.08ms | tok/sec: 5,623 | bf16_mfu: 0.00 | epoch: 1 pq: 0 rg: 1 | total time: 0.16m | eta: 3.4m
step 00054/01000 (5.40%) | loss: 8.329498 | lrm: 1.00 | dt: 193.75ms | tok/sec: 5,285 | bf16_mfu: 0.00 | epoch: 1 pq: 0 rg: 1 | total time: 0.16m | eta: 3.4m
step 00055/01000 (5.50%) | loss: 8.310142 | lrm: 1.00 | dt: 201.77ms | tok/sec: 5,075 | bf16_mfu: 0.00 | epoch: 1 pq: 0 rg: 1 | total time: 0.16m | eta: 3.4m
step 00056/01000 (5.60%) | loss: 8.274455 | lrm: 1.00 | dt: 234.36ms | tok/sec: 4,369 | bf16_mfu: 0.00 | epoch: 1 pq: 0 rg: 1 | total time: 0.17m | eta: 3.4m
step 00057/01000 (5.70%) | loss: 8.243682 | lrm: 1.00 | dt: 227.05ms | tok/sec: 4,509 | bf16_mfu: 0.00 | epoch: 1 pq: 0 rg: 1 | total time: 0.17m | eta: 3.4m
step 00058/01000 (5.80%) | loss: 8.169797 | lrm: 1.00 | dt: 208.98ms | tok/sec: 4,900 | bf16_mfu: 0.00 | epoch: 1 pq: 0 rg: 1 | total time: 0.17m | eta: 3.4m
step 00059/01000 (5.90%) | loss: 8.132944 | lrm: 1.00 | dt: 226.58ms | tok/sec: 4,519 | bf16_mfu: 0.00 | epoch: 1 pq: 0 rg: 1 | total time: 0.18m | eta: 3.4m
step 00060/01000 (6.00%) | loss: 8.079267 | lrm: 1.00 | dt: 258.49ms | tok/sec: 3,961 | bf16_mfu: 0.00 | epoch: 1 pq: 0 rg: 1 | total time: 0.18m | eta: 3.4m
step 00061/01000 (6.10%) | loss: 8.043435 | lrm: 1.00 | dt: 224.35ms | tok/sec: 4,564 | bf16_mfu: 0.00 | epoch: 1 pq: 0 rg: 1 | total time: 0.18m | eta: 3.4m
step 00062/01000 (6.20%) | loss: 8.031845 | lrm: 1.00 | dt: 171.19ms | tok/sec: 5,981 | bf16_mfu: 0.00 | epoch: 1 pq: 0 rg: 1 | total time: 0.19m | eta: 3.4m
step 00063/01000 (6.30%) | loss: 8.028860 | lrm: 1.00 | dt: 260.80ms | tok/sec: 3,926 | bf16_mfu: 0.00 | epoch: 1 pq: 0 rg: 1 | total time: 0.19m | eta: 3.4m
step 00064/01000 (6.40%) | loss: 7.961612 | lrm: 1.00 | dt: 425.02ms | tok/sec: 2,409 | bf16_mfu: 0.00 | epoch: 1 pq: 0 rg: 1 | total time: 0.20m | eta: 3.5m
step 00065/01000 (6.50%) | loss: 7.952547 | lrm: 1.00 | dt: 206.88ms | tok/sec: 4,949 | bf16_mfu: 0.00 | epoch: 1 pq: 0 rg: 1 | total time: 0.20m | eta: 3.4m
step 00066/01000 (6.60%) | loss: 7.936347 | lrm: 1.00 | dt: 201.24ms | tok/sec: 5,088 | bf16_mfu: 0.00 | epoch: 1 pq: 0 rg: 1 | total time: 0.21m | eta: 3.4m
step 00067/01000 (6.70%) | loss: 7.904435 | lrm: 1.00 | dt: 189.02ms | tok/sec: 5,417 | bf16_mfu: 0.00 | epoch: 1 pq: 0 rg: 1 | total time: 0.21m | eta: 3.4m
step 00068/01000 (6.80%) | loss: 7.891153 | lrm: 1.00 | dt: 189.49ms | tok/sec: 5,404 | bf16_mfu: 0.00 | epoch: 1 pq: 0 rg: 1 | total time: 0.21m | eta: 3.4m
step 00069/01000 (6.90%) | loss: 7.864021 | lrm: 1.00 | dt: 200.70ms | tok/sec: 5,102 | bf16_mfu: 0.00 | epoch: 1 pq: 0 rg: 1 | total time: 0.22m | eta: 3.4m
step 00070/01000 (7.00%) | loss: 7.842779 | lrm: 1.00 | dt: 197.45ms | tok/sec: 5,186 | bf16_mfu: 0.00 | epoch: 1 pq: 0 rg: 1 | total time: 0.22m | eta: 3.4m
step 00071/01000 (7.10%) | loss: 7.841496 | lrm: 1.00 | dt: 179.28ms | tok/sec: 5,711 | bf16_mfu: 0.00 | epoch: 1 pq: 0 rg: 1 | total time: 0.22m | eta: 3.4m
step 00072/01000 (7.20%) | loss: 7.954837 | lrm: 1.00 | dt: 208.25ms | tok/sec: 4,917 | bf16_mfu: 0.00 | epoch: 1 pq: 0 rg: 1 | total time: 0.23m | eta: 3.4m
step 00073/01000 (7.30%) | loss: 7.921044 | lrm: 1.00 | dt: 190.83ms | tok/sec: 5,365 | bf16_mfu: 0.00 | epoch: 1 pq: 0 rg: 1 | total time: 0.23m | eta: 3.4m
step 00074/01000 (7.40%) | loss: 7.872150 | lrm: 1.00 | dt: 221.52ms | tok/sec: 4,622 | bf16_mfu: 0.00 | epoch: 1 pq: 0 rg: 1 | total time: 0.23m | eta: 3.4m
step 00075/01000 (7.50%) | loss: 7.893846 | lrm: 1.00 | dt: 205.85ms | tok/sec: 4,974 | bf16_mfu: 0.00 | epoch: 1 pq: 0 rg: 1 | total time: 0.24m | eta: 3.4m
step 00076/01000 (7.60%) | loss: 7.844870 | lrm: 1.00 | dt: 228.33ms | tok/sec: 4,484 | bf16_mfu: 0.00 | epoch: 1 pq: 0 rg: 1 | total time: 0.24m | eta: 3.4m
step 00077/01000 (7.70%) | loss: 7.856723 | lrm: 1.00 | dt: 222.93ms | tok/sec: 4,593 | bf16_mfu: 0.00 | epoch: 1 pq: 0 rg: 1 | total time: 0.24m | eta: 3.4m
step 00078/01000 (7.80%) | loss: 7.814909 | lrm: 1.00 | dt: 251.75ms | tok/sec: 4,067 | bf16_mfu: 0.00 | epoch: 1 pq: 0 rg: 1 | total time: 0.25m | eta: 3.4m
step 00079/01000 (7.90%) | loss: 7.810626 | lrm: 1.00 | dt: 259.37ms | tok/sec: 3,947 | bf16_mfu: 0.00 | epoch: 1 pq: 0 rg: 1 | total time: 0.25m | eta: 3.4m
step 00080/01000 (8.00%) | loss: 7.796995 | lrm: 1.00 | dt: 225.45ms | tok/sec: 4,542 | bf16_mfu: 0.00 | epoch: 1 pq: 0 rg: 1 | total time: 0.26m | eta: 3.4m
step 00081/01000 (8.10%) | loss: 7.826125 | lrm: 1.00 | dt: 239.62ms | tok/sec: 4,273 | bf16_mfu: 0.00 | epoch: 1 pq: 0 rg: 1 | total time: 0.26m | eta: 3.4m
step 00082/01000 (8.20%) | loss: 7.849825 | lrm: 1.00 | dt: 246.28ms | tok/sec: 4,157 | bf16_mfu: 0.00 | epoch: 1 pq: 0 rg: 1 | total time: 0.26m | eta: 3.4m
step 00083/01000 (8.30%) | loss: 7.862867 | lrm: 1.00 | dt: 218.30ms | tok/sec: 4,690 | bf16_mfu: 0.00 | epoch: 1 pq: 0 rg: 1 | total time: 0.27m | eta: 3.4m
step 00084/01000 (8.40%) | loss: 7.849809 | lrm: 1.00 | dt: 203.20ms | tok/sec: 5,039 | bf16_mfu: 0.00 | epoch: 1 pq: 0 rg: 1 | total time: 0.27m | eta: 3.4m
step 00085/01000 (8.50%) | loss: 7.835988 | lrm: 1.00 | dt: 398.37ms | tok/sec: 2,570 | bf16_mfu: 0.00 | epoch: 1 pq: 0 rg: 1 | total time: 0.28m | eta: 3.4m
step 00086/01000 (8.60%) | loss: 7.842877 | lrm: 1.00 | dt: 204.61ms | tok/sec: 5,004 | bf16_mfu: 0.00 | epoch: 1 pq: 0 rg: 1 | total time: 0.28m | eta: 3.4m
step 00087/01000 (8.70%) | loss: 7.842088 | lrm: 1.00 | dt: 201.44ms | tok/sec: 5,083 | bf16_mfu: 0.00 | epoch: 1 pq: 0 rg: 1 | total time: 0.28m | eta: 3.4m
step 00088/01000 (8.80%) | loss: 7.843357 | lrm: 1.00 | dt: 167.28ms | tok/sec: 6,121 | bf16_mfu: 0.00 | epoch: 1 pq: 0 rg: 1 | total time: 0.29m | eta: 3.4m
step 00089/01000 (8.90%) | loss: 7.811897 | lrm: 1.00 | dt: 187.58ms | tok/sec: 5,458 | bf16_mfu: 0.00 | epoch: 1 pq: 0 rg: 1 | total time: 0.29m | eta: 3.3m
step 00090/01000 (9.00%) | loss: 7.782602 | lrm: 1.00 | dt: 184.13ms | tok/sec: 5,561 | bf16_mfu: 0.00 | epoch: 1 pq: 0 rg: 1 | total time: 0.29m | eta: 3.3m
step 00091/01000 (9.10%) | loss: 7.793149 | lrm: 1.00 | dt: 206.77ms | tok/sec: 4,952 | bf16_mfu: 0.00 | epoch: 1 pq: 0 rg: 1 | total time: 0.30m | eta: 3.3m
step 00092/01000 (9.20%) | loss: 7.784347 | lrm: 1.00 | dt: 185.48ms | tok/sec: 5,520 | bf16_mfu: 0.00 | epoch: 1 pq: 0 rg: 1 | total time: 0.30m | eta: 3.3m
step 00093/01000 (9.30%) | loss: 7.823674 | lrm: 1.00 | dt: 204.88ms | tok/sec: 4,998 | bf16_mfu: 0.00 | epoch: 1 pq: 0 rg: 1 | total time: 0.30m | eta: 3.3m
step 00094/01000 (9.40%) | loss: 7.832357 | lrm: 1.00 | dt: 173.48ms | tok/sec: 5,902 | bf16_mfu: 0.00 | epoch: 1 pq: 0 rg: 1 | total time: 0.31m | eta: 3.3m
step 00095/01000 (9.50%) | loss: 7.828568 | lrm: 1.00 | dt: 193.39ms | tok/sec: 5,294 | bf16_mfu: 0.00 | epoch: 1 pq: 0 rg: 1 | total time: 0.31m | eta: 3.3m
step 00096/01000 (9.60%) | loss: 7.784075 | lrm: 1.00 | dt: 226.86ms | tok/sec: 4,513 | bf16_mfu: 0.00 | epoch: 1 pq: 0 rg: 1 | total time: 0.31m | eta: 3.3m
step 00097/01000 (9.70%) | loss: 7.796132 | lrm: 1.00 | dt: 203.77ms | tok/sec: 5,025 | bf16_mfu: 0.00 | epoch: 1 pq: 0 rg: 1 | total time: 0.32m | eta: 3.3m
step 00098/01000 (9.80%) | loss: 7.781078 | lrm: 1.00 | dt: 213.20ms | tok/sec: 4,802 | bf16_mfu: 0.00 | epoch: 1 pq: 0 rg: 1 | total time: 0.32m | eta: 3.3m
step 00099/01000 (9.90%) | loss: 7.758444 | lrm: 1.00 | dt: 224.06ms | tok/sec: 4,570 | bf16_mfu: 0.00 | epoch: 1 pq: 0 rg: 1 | total time: 0.32m | eta: 3.3m
step 00100/01000 (10.00%) | loss: 7.791226 | lrm: 1.00 | dt: 237.97ms | tok/sec: 4,303 | bf16_mfu: 0.00 | epoch: 1 pq: 0 rg: 1 | total time: 0.33m | eta: 3.3m
step 00101/01000 (10.10%) | loss: 7.817076 | lrm: 1.00 | dt: 208.78ms | tok/sec: 4,904 | bf16_mfu: 0.00 | epoch: 1 pq: 0 rg: 1 | total time: 0.33m | eta: 3.3m
step 00102/01000 (10.20%) | loss: 7.788717 | lrm: 1.00 | dt: 226.58ms | tok/sec: 4,519 | bf16_mfu: 0.00 | epoch: 1 pq: 0 rg: 1 | total time: 0.33m | eta: 3.3m
step 00103/01000 (10.30%) | loss: 7.760425 | lrm: 1.00 | dt: 192.61ms | tok/sec: 5,316 | bf16_mfu: 0.00 | epoch: 1 pq: 0 rg: 1 | total time: 0.34m | eta: 3.3m
step 00104/01000 (10.40%) | loss: 7.768625 | lrm: 1.00 | dt: 210.24ms | tok/sec: 4,870 | bf16_mfu: 0.00 | epoch: 1 pq: 0 rg: 1 | total time: 0.34m | eta: 3.3m
step 00105/01000 (10.50%) | loss: 7.814468 | lrm: 1.00 | dt: 219.97ms | tok/sec: 4,655 | bf16_mfu: 0.00 | epoch: 1 pq: 0 rg: 1 | total time: 0.35m | eta: 3.3m
step 00106/01000 (10.60%) | loss: 7.823325 | lrm: 1.00 | dt: 239.85ms | tok/sec: 4,269 | bf16_mfu: 0.00 | epoch: 1 pq: 0 rg: 1 | total time: 0.35m | eta: 3.3m
step 00107/01000 (10.70%) | loss: 7.813272 | lrm: 1.00 | dt: 212.70ms | tok/sec: 4,814 | bf16_mfu: 0.00 | epoch: 1 pq: 0 rg: 1 | total time: 0.35m | eta: 3.2m
step 00108/01000 (10.80%) | loss: 7.780607 | lrm: 1.00 | dt: 241.65ms | tok/sec: 4,237 | bf16_mfu: 0.00 | epoch: 1 pq: 0 rg: 1 | total time: 0.36m | eta: 3.2m
step 00109/01000 (10.90%) | loss: 7.748484 | lrm: 1.00 | dt: 404.33ms | tok/sec: 2,532 | bf16_mfu: 0.00 | epoch: 1 pq: 0 rg: 1 | total time: 0.36m | eta: 3.3m
step 00110/01000 (11.00%) | loss: 7.746442 | lrm: 1.00 | dt: 165.15ms | tok/sec: 6,200 | bf16_mfu: 0.00 | epoch: 1 pq: 0 rg: 1 | total time: 0.37m | eta: 3.3m
step 00111/01000 (11.10%) | loss: 7.773937 | lrm: 1.00 | dt: 231.66ms | tok/sec: 4,420 | bf16_mfu: 0.00 | epoch: 1 pq: 0 rg: 1 | total time: 0.37m | eta: 3.3m
step 00112/01000 (11.20%) | loss: 7.773468 | lrm: 1.00 | dt: 184.56ms | tok/sec: 5,548 | bf16_mfu: 0.00 | epoch: 1 pq: 0 rg: 1 | total time: 0.37m | eta: 3.2m
step 00113/01000 (11.30%) | loss: 7.752584 | lrm: 1.00 | dt: 201.63ms | tok/sec: 5,078 | bf16_mfu: 0.00 | epoch: 1 pq: 0 rg: 1 | total time: 0.38m | eta: 3.2m
step 00114/01000 (11.40%) | loss: 7.750184 | lrm: 1.00 | dt: 188.57ms | tok/sec: 5,430 | bf16_mfu: 0.00 | epoch: 1 pq: 0 rg: 1 | total time: 0.38m | eta: 3.2m
step 00115/01000 (11.50%) | loss: 7.714140 | lrm: 1.00 | dt: 167.93ms | tok/sec: 6,097 | bf16_mfu: 0.00 | epoch: 1 pq: 0 rg: 1 | total time: 0.38m | eta: 3.2m
step 00116/01000 (11.60%) | loss: 7.723607 | lrm: 1.00 | dt: 192.36ms | tok/sec: 5,323 | bf16_mfu: 0.00 | epoch: 1 pq: 0 rg: 1 | total time: 0.39m | eta: 3.2m
step 00117/01000 (11.70%) | loss: 7.665546 | lrm: 1.00 | dt: 161.98ms | tok/sec: 6,321 | bf16_mfu: 0.00 | epoch: 1 pq: 0 rg: 1 | total time: 0.39m | eta: 3.2m
step 00118/01000 (11.80%) | loss: 7.633679 | lrm: 1.00 | dt: 188.02ms | tok/sec: 5,446 | bf16_mfu: 0.00 | epoch: 1 pq: 0 rg: 1 | total time: 0.39m | eta: 3.2m
step 00119/01000 (11.90%) | loss: 7.653466 | lrm: 1.00 | dt: 208.96ms | tok/sec: 4,900 | bf16_mfu: 0.00 | epoch: 1 pq: 0 rg: 1 | total time: 0.40m | eta: 3.2m
step 00120/01000 (12.00%) | loss: 7.677203 | lrm: 1.00 | dt: 182.81ms | tok/sec: 5,601 | bf16_mfu: 0.00 | epoch: 1 pq: 0 rg: 1 | total time: 0.40m | eta: 3.2m
step 00121/01000 (12.10%) | loss: 7.694555 | lrm: 1.00 | dt: 238.02ms | tok/sec: 4,302 | bf16_mfu: 0.00 | epoch: 1 pq: 0 rg: 1 | total time: 0.40m | eta: 3.2m
step 00122/01000 (12.20%) | loss: 7.684071 | lrm: 1.00 | dt: 225.17ms | tok/sec: 4,547 | bf16_mfu: 0.00 | epoch: 1 pq: 0 rg: 1 | total time: 0.41m | eta: 3.2m
step 00123/01000 (12.30%) | loss: 7.668496 | lrm: 1.00 | dt: 245.30ms | tok/sec: 4,174 | bf16_mfu: 0.00 | epoch: 1 pq: 0 rg: 1 | total time: 0.41m | eta: 3.2m
step 00124/01000 (12.40%) | loss: 7.668680 | lrm: 1.00 | dt: 236.43ms | tok/sec: 4,331 | bf16_mfu: 0.00 | epoch: 1 pq: 0 rg: 1 | total time: 0.41m | eta: 3.2m
step 00125/01000 (12.50%) | loss: 7.668476 | lrm: 1.00 | dt: 226.87ms | tok/sec: 4,513 | bf16_mfu: 0.00 | epoch: 1 pq: 0 rg: 1 | total time: 0.42m | eta: 3.2m
step 00126/01000 (12.60%) | loss: 7.655569 | lrm: 1.00 | dt: 264.94ms | tok/sec: 3,865 | bf16_mfu: 0.00 | epoch: 1 pq: 0 rg: 1 | total time: 0.42m | eta: 3.2m
step 00127/01000 (12.70%) | loss: 7.637329 | lrm: 1.00 | dt: 212.68ms | tok/sec: 4,814 | bf16_mfu: 0.00 | epoch: 1 pq: 0 rg: 1 | total time: 0.43m | eta: 3.2m
step 00128/01000 (12.80%) | loss: 7.642065 | lrm: 1.00 | dt: 364.35ms | tok/sec: 2,810 | bf16_mfu: 0.00 | epoch: 1 pq: 0 rg: 1 | total time: 0.43m | eta: 3.2m
step 00129/01000 (12.90%) | loss: 7.655273 | lrm: 1.00 | dt: 194.19ms | tok/sec: 5,273 | bf16_mfu: 0.00 | epoch: 1 pq: 0 rg: 1 | total time: 0.43m | eta: 3.2m
step 00130/01000 (13.00%) | loss: 7.684848 | lrm: 1.00 | dt: 220.80ms | tok/sec: 4,637 | bf16_mfu: 0.00 | epoch: 1 pq: 0 rg: 1 | total time: 0.44m | eta: 3.2m
step 00131/01000 (13.10%) | loss: 7.682005 | lrm: 1.00 | dt: 184.53ms | tok/sec: 5,549 | bf16_mfu: 0.00 | epoch: 1 pq: 0 rg: 1 | total time: 0.44m | eta: 3.2m
step 00132/01000 (13.20%) | loss: 7.652612 | lrm: 1.00 | dt: 177.90ms | tok/sec: 5,755 | bf16_mfu: 0.00 | epoch: 1 pq: 0 rg: 1 | total time: 0.44m | eta: 3.2m
step 00133/01000 (13.30%) | loss: 7.634046 | lrm: 1.00 | dt: 178.20ms | tok/sec: 5,746 | bf16_mfu: 0.00 | epoch: 1 pq: 0 rg: 1 | total time: 0.45m | eta: 3.2m
step 00134/01000 (13.40%) | loss: 7.605299 | lrm: 1.00 | dt: 166.68ms | tok/sec: 6,143 | bf16_mfu: 0.00 | epoch: 1 pq: 0 rg: 1 | total time: 0.45m | eta: 3.1m
step 00135/01000 (13.50%) | loss: 7.566600 | lrm: 1.00 | dt: 188.67ms | tok/sec: 5,427 | bf16_mfu: 0.00 | epoch: 1 pq: 0 rg: 1 | total time: 0.45m | eta: 3.1m
step 00136/01000 (13.60%) | loss: 7.565191 | lrm: 1.00 | dt: 180.72ms | tok/sec: 5,666 | bf16_mfu: 0.00 | epoch: 1 pq: 0 rg: 1 | total time: 0.46m | eta: 3.1m
step 00137/01000 (13.70%) | loss: 7.623910 | lrm: 1.00 | dt: 207.62ms | tok/sec: 4,932 | bf16_mfu: 0.00 | epoch: 1 pq: 0 rg: 1 | total time: 0.46m | eta: 3.1m
step 00138/01000 (13.80%) | loss: 7.610733 | lrm: 1.00 | dt: 202.66ms | tok/sec: 5,052 | bf16_mfu: 0.00 | epoch: 1 pq: 0 rg: 1 | total time: 0.46m | eta: 3.1m
step 00139/01000 (13.90%) | loss: 7.589441 | lrm: 1.00 | dt: 195.05ms | tok/sec: 5,250 | bf16_mfu: 0.00 | epoch: 1 pq: 0 rg: 1 | total time: 0.47m | eta: 3.1m
step 00140/01000 (14.00%) | loss: 7.636195 | lrm: 1.00 | dt: 354.88ms | tok/sec: 2,885 | bf16_mfu: 0.00 | epoch: 1 pq: 0 rg: 1 | total time: 0.47m | eta: 3.1m
step 00141/01000 (14.10%) | loss: 7.666560 | lrm: 1.00 | dt: 217.77ms | tok/sec: 4,702 | bf16_mfu: 0.00 | epoch: 1 pq: 0 rg: 1 | total time: 0.48m | eta: 3.1m
step 00142/01000 (14.20%) | loss: 7.629002 | lrm: 1.00 | dt: 193.58ms | tok/sec: 5,289 | bf16_mfu: 0.00 | epoch: 1 pq: 0 rg: 1 | total time: 0.48m | eta: 3.1m
step 00143/01000 (14.30%) | loss: 7.633690 | lrm: 1.00 | dt: 189.20ms | tok/sec: 5,412 | bf16_mfu: 0.00 | epoch: 1 pq: 0 rg: 1 | total time: 0.48m | eta: 3.1m
step 00144/01000 (14.40%) | loss: 7.648675 | lrm: 1.00 | dt: 195.23ms | tok/sec: 5,245 | bf16_mfu: 0.00 | epoch: 1 pq: 0 rg: 1 | total time: 0.49m | eta: 3.1m
step 00145/01000 (14.50%) | loss: 7.615413 | lrm: 1.00 | dt: 217.05ms | tok/sec: 4,717 | bf16_mfu: 0.00 | epoch: 1 pq: 0 rg: 1 | total time: 0.49m | eta: 3.1m
step 00146/01000 (14.60%) | loss: 7.599042 | lrm: 1.00 | dt: 198.00ms | tok/sec: 5,171 | bf16_mfu: 0.00 | epoch: 1 pq: 0 rg: 1 | total time: 0.49m | eta: 3.1m
step 00147/01000 (14.70%) | loss: 7.600493 | lrm: 1.00 | dt: 187.60ms | tok/sec: 5,458 | bf16_mfu: 0.00 | epoch: 1 pq: 0 rg: 1 | total time: 0.50m | eta: 3.1m
step 00148/01000 (14.80%) | loss: 7.597945 | lrm: 1.00 | dt: 210.49ms | tok/sec: 4,864 | bf16_mfu: 0.00 | epoch: 1 pq: 0 rg: 1 | total time: 0.50m | eta: 3.1m
step 00149/01000 (14.90%) | loss: 7.587778 | lrm: 1.00 | dt: 238.90ms | tok/sec: 4,286 | bf16_mfu: 0.00 | epoch: 1 pq: 0 rg: 1 | total time: 0.50m | eta: 3.1m
step 00150/01000 (15.00%) | loss: 7.559105 | lrm: 1.00 | dt: 205.39ms | tok/sec: 4,985 | bf16_mfu: 0.00 | epoch: 1 pq: 0 rg: 1 | total time: 0.51m | eta: 3.1m
step 00151/01000 (15.10%) | loss: 7.514830 | lrm: 1.00 | dt: 209.03ms | tok/sec: 4,898 | bf16_mfu: 0.00 | epoch: 1 pq: 0 rg: 1 | total time: 0.51m | eta: 3.1m
step 00152/01000 (15.20%) | loss: 7.525233 | lrm: 1.00 | dt: 205.81ms | tok/sec: 4,975 | bf16_mfu: 0.00 | epoch: 1 pq: 0 rg: 1 | total time: 0.51m | eta: 3.1m
step 00153/01000 (15.30%) | loss: 7.515566 | lrm: 1.00 | dt: 231.08ms | tok/sec: 4,431 | bf16_mfu: 0.00 | epoch: 1 pq: 0 rg: 1 | total time: 0.52m | eta: 3.1m
step 00154/01000 (15.40%) | loss: 7.492506 | lrm: 1.00 | dt: 222.02ms | tok/sec: 4,612 | bf16_mfu: 0.00 | epoch: 1 pq: 0 rg: 1 | total time: 0.52m | eta: 3.1m
step 00155/01000 (15.50%) | loss: 7.444513 | lrm: 1.00 | dt: 236.89ms | tok/sec: 4,322 | bf16_mfu: 0.00 | epoch: 1 pq: 0 rg: 1 | total time: 0.53m | eta: 3.1m
step 00156/01000 (15.60%) | loss: 7.503032 | lrm: 1.00 | dt: 222.17ms | tok/sec: 4,609 | bf16_mfu: 0.00 | epoch: 1 pq: 0 rg: 1 | total time: 0.53m | eta: 3.1m
step 00157/01000 (15.70%) | loss: 7.555543 | lrm: 1.00 | dt: 220.11ms | tok/sec: 4,652 | bf16_mfu: 0.00 | epoch: 1 pq: 0 rg: 1 | total time: 0.53m | eta: 3.1m
step 00158/01000 (15.80%) | loss: 7.567998 | lrm: 1.00 | dt: 206.11ms | tok/sec: 4,968 | bf16_mfu: 0.00 | epoch: 1 pq: 0 rg: 1 | total time: 0.54m | eta: 3.0m
step 00159/01000 (15.90%) | loss: 7.554414 | lrm: 1.00 | dt: 203.97ms | tok/sec: 5,020 | bf16_mfu: 0.00 | epoch: 1 pq: 0 rg: 1 | total time: 0.54m | eta: 3.0m
step 00160/01000 (16.00%) | loss: 7.599413 | lrm: 1.00 | dt: 425.80ms | tok/sec: 2,404 | bf16_mfu: 0.00 | epoch: 1 pq: 0 rg: 1 | total time: 0.55m | eta: 3.1m
step 00161/01000 (16.10%) | loss: 7.558750 | lrm: 1.00 | dt: 173.94ms | tok/sec: 5,887 | bf16_mfu: 0.00 | epoch: 1 pq: 0 rg: 1 | total time: 0.55m | eta: 3.1m
step 00162/01000 (16.20%) | loss: 7.498617 | lrm: 1.00 | dt: 237.83ms | tok/sec: 4,305 | bf16_mfu: 0.00 | epoch: 1 pq: 0 rg: 1 | total time: 0.55m | eta: 3.1m
step 00163/01000 (16.30%) | loss: 7.559653 | lrm: 1.00 | dt: 182.62ms | tok/sec: 5,607 | bf16_mfu: 0.00 | epoch: 1 pq: 0 rg: 1 | total time: 0.56m | eta: 3.0m
step 00164/01000 (16.40%) | loss: 7.550199 | lrm: 1.00 | dt: 207.68ms | tok/sec: 4,930 | bf16_mfu: 0.00 | epoch: 1 pq: 0 rg: 1 | total time: 0.56m | eta: 3.0m
step 00165/01000 (16.50%) | loss: 7.558111 | lrm: 1.00 | dt: 193.00ms | tok/sec: 5,305 | bf16_mfu: 0.00 | epoch: 1 pq: 0 rg: 1 | total time: 0.56m | eta: 3.0m
step 00166/01000 (16.60%) | loss: 7.573768 | lrm: 1.00 | dt: 206.45ms | tok/sec: 4,960 | bf16_mfu: 0.00 | epoch: 1 pq: 0 rg: 1 | total time: 0.57m | eta: 3.0m
step 00167/01000 (16.70%) | loss: 7.583052 | lrm: 1.00 | dt: 201.57ms | tok/sec: 5,080 | bf16_mfu: 0.00 | epoch: 1 pq: 0 rg: 1 | total time: 0.57m | eta: 3.0m
step 00168/01000 (16.80%) | loss: 7.569501 | lrm: 1.00 | dt: 209.77ms | tok/sec: 4,881 | bf16_mfu: 0.00 | epoch: 1 pq: 0 rg: 1 | total time: 0.57m | eta: 3.0m
step 00169/01000 (16.90%) | loss: 7.613265 | lrm: 1.00 | dt: 209.56ms | tok/sec: 4,886 | bf16_mfu: 0.00 | epoch: 1 pq: 0 rg: 1 | total time: 0.58m | eta: 3.0m
step 00170/01000 (17.00%) | loss: 7.666524 | lrm: 1.00 | dt: 187.23ms | tok/sec: 5,469 | bf16_mfu: 0.00 | epoch: 1 pq: 0 rg: 1 | total time: 0.58m | eta: 3.0m
step 00171/01000 (17.10%) | loss: 7.657150 | lrm: 1.00 | dt: 229.51ms | tok/sec: 4,461 | bf16_mfu: 0.00 | epoch: 1 pq: 0 rg: 1 | total time: 0.58m | eta: 3.0m
step 00172/01000 (17.20%) | loss: 7.659855 | lrm: 1.00 | dt: 216.32ms | tok/sec: 4,733 | bf16_mfu: 0.00 | epoch: 1 pq: 0 rg: 1 | total time: 0.59m | eta: 3.0m
step 00173/01000 (17.30%) | loss: 7.640956 | lrm: 1.00 | dt: 241.71ms | tok/sec: 4,236 | bf16_mfu: 0.00 | epoch: 1 pq: 0 rg: 1 | total time: 0.59m | eta: 3.0m
step 00174/01000 (17.40%) | loss: 7.592698 | lrm: 1.00 | dt: 246.74ms | tok/sec: 4,150 | bf16_mfu: 0.00 | epoch: 1 pq: 0 rg: 1 | total time: 0.60m | eta: 3.0m
step 00175/01000 (17.50%) | loss: 7.599043 | lrm: 1.00 | dt: 218.78ms | tok/sec: 4,680 | bf16_mfu: 0.00 | epoch: 1 pq: 0 rg: 1 | total time: 0.60m | eta: 3.0m
step 00176/01000 (17.60%) | loss: 7.609956 | lrm: 1.00 | dt: 234.14ms | tok/sec: 4,373 | bf16_mfu: 0.00 | epoch: 1 pq: 0 rg: 1 | total time: 0.60m | eta: 3.0m
step 00177/01000 (17.70%) | loss: 7.612113 | lrm: 1.00 | dt: 203.61ms | tok/sec: 5,029 | bf16_mfu: 0.00 | epoch: 1 pq: 0 rg: 1 | total time: 0.61m | eta: 3.0m
step 00178/01000 (17.80%) | loss: 7.677074 | lrm: 1.00 | dt: 225.45ms | tok/sec: 4,541 | bf16_mfu: 0.00 | epoch: 1 pq: 0 rg: 1 | total time: 0.61m | eta: 3.0m
step 00179/01000 (17.90%) | loss: 7.688173 | lrm: 1.00 | dt: 427.07ms | tok/sec: 2,397 | bf16_mfu: 0.00 | epoch: 1 pq: 0 rg: 1 | total time: 0.62m | eta: 3.0m
step 00180/01000 (18.00%) | loss: 7.660525 | lrm: 1.00 | dt: 200.20ms | tok/sec: 5,115 | bf16_mfu: 0.00 | epoch: 1 pq: 0 rg: 1 | total time: 0.62m | eta: 3.0m
step 00181/01000 (18.10%) | loss: 7.641962 | lrm: 1.00 | dt: 185.33ms | tok/sec: 5,525 | bf16_mfu: 0.00 | epoch: 1 pq: 0 rg: 1 | total time: 0.62m | eta: 3.0m
step 00182/01000 (18.20%) | loss: 7.561416 | lrm: 1.00 | dt: 221.40ms | tok/sec: 4,625 | bf16_mfu: 0.00 | epoch: 1 pq: 0 rg: 1 | total time: 0.63m | eta: 3.0m
step 00183/01000 (18.30%) | loss: 7.520799 | lrm: 1.00 | dt: 164.05ms | tok/sec: 6,241 | bf16_mfu: 0.00 | epoch: 1 pq: 0 rg: 1 | total time: 0.63m | eta: 3.0m
step 00184/01000 (18.40%) | loss: 7.475291 | lrm: 1.00 | dt: 167.04ms | tok/sec: 6,130 | bf16_mfu: 0.00 | epoch: 1 pq: 0 rg: 1 | total time: 0.63m | eta: 3.0m
step 00185/01000 (18.50%) | loss: 7.470750 | lrm: 1.00 | dt: 175.82ms | tok/sec: 5,824 | bf16_mfu: 0.00 | epoch: 1 pq: 0 rg: 1 | total time: 0.64m | eta: 3.0m
step 00186/01000 (18.60%) | loss: 7.480092 | lrm: 1.00 | dt: 159.59ms | tok/sec: 6,416 | bf16_mfu: 0.00 | epoch: 1 pq: 0 rg: 1 | total time: 0.64m | eta: 3.0m
step 00187/01000 (18.70%) | loss: 7.457919 | lrm: 1.00 | dt: 157.95ms | tok/sec: 6,483 | bf16_mfu: 0.00 | epoch: 1 pq: 0 rg: 1 | total time: 0.64m | eta: 2.9m
step 00188/01000 (18.80%) | loss: 7.490749 | lrm: 1.00 | dt: 161.66ms | tok/sec: 6,334 | bf16_mfu: 0.00 | epoch: 1 pq: 0 rg: 1 | total time: 0.64m | eta: 2.9m
step 00189/01000 (18.90%) | loss: 7.451581 | lrm: 1.00 | dt: 197.90ms | tok/sec: 5,174 | bf16_mfu: 0.00 | epoch: 1 pq: 0 rg: 1 | total time: 0.65m | eta: 2.9m
step 00190/01000 (19.00%) | loss: 7.394436 | lrm: 1.00 | dt: 188.99ms | tok/sec: 5,418 | bf16_mfu: 0.00 | epoch: 1 pq: 0 rg: 1 | total time: 0.65m | eta: 2.9m
step 00191/01000 (19.10%) | loss: 7.386584 | lrm: 1.00 | dt: 198.64ms | tok/sec: 5,155 | bf16_mfu: 0.00 | epoch: 1 pq: 0 rg: 1 | total time: 0.65m | eta: 2.9m
step 00192/01000 (19.20%) | loss: 7.420715 | lrm: 1.00 | dt: 182.96ms | tok/sec: 5,596 | bf16_mfu: 0.00 | epoch: 1 pq: 0 rg: 1 | total time: 0.66m | eta: 2.9m
step 00193/01000 (19.30%) | loss: 7.391114 | lrm: 1.00 | dt: 217.07ms | tok/sec: 4,717 | bf16_mfu: 0.00 | epoch: 1 pq: 0 rg: 1 | total time: 0.66m | eta: 2.9m
step 00194/01000 (19.40%) | loss: 7.359527 | lrm: 1.00 | dt: 188.04ms | tok/sec: 5,445 | bf16_mfu: 0.00 | epoch: 1 pq: 0 rg: 1 | total time: 0.66m | eta: 2.9m
step 00195/01000 (19.50%) | loss: 7.378464 | lrm: 1.00 | dt: 238.81ms | tok/sec: 4,287 | bf16_mfu: 0.00 | epoch: 1 pq: 0 rg: 1 | total time: 0.67m | eta: 2.9m
step 00196/01000 (19.60%) | loss: 7.376337 | lrm: 1.00 | dt: 395.85ms | tok/sec: 2,586 | bf16_mfu: 0.00 | epoch: 1 pq: 0 rg: 1 | total time: 0.67m | eta: 2.9m
step 00197/01000 (19.70%) | loss: 7.379306 | lrm: 1.00 | dt: 261.30ms | tok/sec: 3,918 | bf16_mfu: 0.00 | epoch: 1 pq: 0 rg: 1 | total time: 0.68m | eta: 2.9m
step 00198/01000 (19.80%) | loss: 7.353367 | lrm: 1.00 | dt: 227.87ms | tok/sec: 4,493 | bf16_mfu: 0.00 | epoch: 1 pq: 0 rg: 1 | total time: 0.68m | eta: 2.9m
step 00199/01000 (19.90%) | loss: 7.361439 | lrm: 1.00 | dt: 206.68ms | tok/sec: 4,954 | bf16_mfu: 0.00 | epoch: 1 pq: 0 rg: 1 | total time: 0.69m | eta: 2.9m
step 00200/01000 (20.00%) | loss: 7.348766 | lrm: 1.00 | dt: 180.87ms | tok/sec: 5,661 | bf16_mfu: 0.00 | epoch: 1 pq: 0 rg: 1 | total time: 0.69m | eta: 2.9m
step 00201/01000 (20.10%) | loss: 7.362528 | lrm: 1.00 | dt: 174.48ms | tok/sec: 5,868 | bf16_mfu: 0.00 | epoch: 1 pq: 0 rg: 1 | total time: 0.69m | eta: 2.9m
step 00202/01000 (20.20%) | loss: 7.320503 | lrm: 1.00 | dt: 197.50ms | tok/sec: 5,184 | bf16_mfu: 0.00 | epoch: 1 pq: 0 rg: 1 | total time: 0.69m | eta: 2.9m
step 00203/01000 (20.30%) | loss: 7.343952 | lrm: 1.00 | dt: 182.73ms | tok/sec: 5,603 | bf16_mfu: 0.00 | epoch: 1 pq: 0 rg: 1 | total time: 0.70m | eta: 2.9m
step 00204/01000 (20.40%) | loss: 7.339257 | lrm: 1.00 | dt: 207.96ms | tok/sec: 4,923 | bf16_mfu: 0.00 | epoch: 1 pq: 0 rg: 1 | total time: 0.70m | eta: 2.9m
step 00205/01000 (20.50%) | loss: 7.335856 | lrm: 1.00 | dt: 194.61ms | tok/sec: 5,261 | bf16_mfu: 0.00 | epoch: 1 pq: 0 rg: 1 | total time: 0.70m | eta: 2.9m
step 00206/01000 (20.60%) | loss: 7.317477 | lrm: 1.00 | dt: 193.91ms | tok/sec: 5,280 | bf16_mfu: 0.00 | epoch: 1 pq: 0 rg: 1 | total time: 0.71m | eta: 2.9m
step 00207/01000 (20.70%) | loss: 7.330636 | lrm: 1.00 | dt: 203.33ms | tok/sec: 5,036 | bf16_mfu: 0.00 | epoch: 1 pq: 0 rg: 1 | total time: 0.71m | eta: 2.9m
step 00208/01000 (20.80%) | loss: 7.319960 | lrm: 1.00 | dt: 234.54ms | tok/sec: 4,365 | bf16_mfu: 0.00 | epoch: 1 pq: 0 rg: 1 | total time: 0.72m | eta: 2.9m
step 00209/01000 (20.90%) | loss: 7.294450 | lrm: 1.00 | dt: 214.70ms | tok/sec: 4,769 | bf16_mfu: 0.00 | epoch: 1 pq: 0 rg: 1 | total time: 0.72m | eta: 2.9m
step 00210/01000 (21.00%) | loss: 7.287589 | lrm: 1.00 | dt: 212.68ms | tok/sec: 4,814 | bf16_mfu: 0.00 | epoch: 1 pq: 0 rg: 1 | total time: 0.72m | eta: 2.9m
step 00211/01000 (21.10%) | loss: 7.318874 | lrm: 1.00 | dt: 238.04ms | tok/sec: 4,301 | bf16_mfu: 0.00 | epoch: 1 pq: 0 rg: 1 | total time: 0.73m | eta: 2.9m
step 00212/01000 (21.20%) | loss: 7.325578 | lrm: 1.00 | dt: 245.42ms | tok/sec: 4,172 | bf16_mfu: 0.00 | epoch: 1 pq: 0 rg: 1 | total time: 0.73m | eta: 2.8m
step 00213/01000 (21.30%) | loss: 7.342101 | lrm: 1.00 | dt: 448.36ms | tok/sec: 2,283 | bf16_mfu: 0.00 | epoch: 1 pq: 0 rg: 1 | total time: 0.74m | eta: 2.9m
step 00214/01000 (21.40%) | loss: 7.367534 | lrm: 1.00 | dt: 236.47ms | tok/sec: 4,330 | bf16_mfu: 0.00 | epoch: 1 pq: 0 rg: 1 | total time: 0.74m | eta: 2.9m
step 00215/01000 (21.50%) | loss: 7.305121 | lrm: 1.00 | dt: 197.65ms | tok/sec: 5,180 | bf16_mfu: 0.00 | epoch: 1 pq: 0 rg: 1 | total time: 0.75m | eta: 2.9m
step 00216/01000 (21.60%) | loss: 7.270004 | lrm: 1.00 | dt: 202.48ms | tok/sec: 5,057 | bf16_mfu: 0.00 | epoch: 1 pq: 0 rg: 1 | total time: 0.75m | eta: 2.8m
step 00217/01000 (21.70%) | loss: 7.309655 | lrm: 1.00 | dt: 179.33ms | tok/sec: 5,710 | bf16_mfu: 0.00 | epoch: 1 pq: 0 rg: 1 | total time: 0.75m | eta: 2.8m
step 00218/01000 (21.80%) | loss: 7.331133 | lrm: 1.00 | dt: 168.39ms | tok/sec: 6,081 | bf16_mfu: 0.00 | epoch: 1 pq: 0 rg: 1 | total time: 0.75m | eta: 2.8m
step 00219/01000 (21.90%) | loss: 7.387310 | lrm: 1.00 | dt: 184.67ms | tok/sec: 5,545 | bf16_mfu: 0.00 | epoch: 1 pq: 0 rg: 1 | total time: 0.76m | eta: 2.8m
step 00220/01000 (22.00%) | loss: 7.412619 | lrm: 1.00 | dt: 207.72ms | tok/sec: 4,929 | bf16_mfu: 0.00 | epoch: 1 pq: 0 rg: 1 | total time: 0.76m | eta: 2.8m
step 00221/01000 (22.10%) | loss: 7.398381 | lrm: 1.00 | dt: 185.98ms | tok/sec: 5,506 | bf16_mfu: 0.00 | epoch: 1 pq: 0 rg: 1 | total time: 0.76m | eta: 2.8m
step 00222/01000 (22.20%) | loss: 7.409908 | lrm: 1.00 | dt: 182.42ms | tok/sec: 5,613 | bf16_mfu: 0.00 | epoch: 1 pq: 0 rg: 1 | total time: 0.77m | eta: 2.8m
step 00223/01000 (22.30%) | loss: 7.394386 | lrm: 1.00 | dt: 188.35ms | tok/sec: 5,436 | bf16_mfu: 0.00 | epoch: 1 pq: 0 rg: 1 | total time: 0.77m | eta: 2.8m
step 00224/01000 (22.40%) | loss: 7.414087 | lrm: 1.00 | dt: 184.73ms | tok/sec: 5,543 | bf16_mfu: 0.00 | epoch: 1 pq: 0 rg: 1 | total time: 0.77m | eta: 2.8m
step 00225/01000 (22.50%) | loss: 7.434523 | lrm: 1.00 | dt: 205.02ms | tok/sec: 4,994 | bf16_mfu: 0.00 | epoch: 1 pq: 0 rg: 1 | total time: 0.78m | eta: 2.8m
step 00226/01000 (22.60%) | loss: 7.442439 | lrm: 1.00 | dt: 193.32ms | tok/sec: 5,296 | bf16_mfu: 0.00 | epoch: 1 pq: 0 rg: 1 | total time: 0.78m | eta: 2.8m
step 00227/01000 (22.70%) | loss: 7.405044 | lrm: 1.00 | dt: 226.96ms | tok/sec: 4,511 | bf16_mfu: 0.00 | epoch: 1 pq: 0 rg: 1 | total time: 0.78m | eta: 2.8m
step 00228/01000 (22.80%) | loss: 7.485082 | lrm: 1.00 | dt: 229.63ms | tok/sec: 4,459 | bf16_mfu: 0.00 | epoch: 1 pq: 0 rg: 1 | total time: 0.79m | eta: 2.8m
step 00229/01000 (22.90%) | loss: 7.467277 | lrm: 1.00 | dt: 203.05ms | tok/sec: 5,043 | bf16_mfu: 0.00 | epoch: 1 pq: 0 rg: 1 | total time: 0.79m | eta: 2.8m
step 00230/01000 (23.00%) | loss: 7.508609 | lrm: 1.00 | dt: 421.98ms | tok/sec: 2,426 | bf16_mfu: 0.00 | epoch: 1 pq: 0 rg: 1 | total time: 0.80m | eta: 2.8m
step 00231/01000 (23.10%) | loss: 7.456677 | lrm: 1.00 | dt: 193.31ms | tok/sec: 5,297 | bf16_mfu: 0.00 | epoch: 1 pq: 0 rg: 1 | total time: 0.80m | eta: 2.8m
step 00232/01000 (23.20%) | loss: 7.426790 | lrm: 1.00 | dt: 224.03ms | tok/sec: 4,570 | bf16_mfu: 0.00 | epoch: 1 pq: 0 rg: 1 | total time: 0.80m | eta: 2.8m
step 00233/01000 (23.30%) | loss: 7.433182 | lrm: 1.00 | dt: 185.88ms | tok/sec: 5,508 | bf16_mfu: 0.00 | epoch: 1 pq: 0 rg: 1 | total time: 0.81m | eta: 2.8m
step 00234/01000 (23.40%) | loss: 7.451796 | lrm: 1.00 | dt: 179.29ms | tok/sec: 5,711 | bf16_mfu: 0.00 | epoch: 1 pq: 0 rg: 1 | total time: 0.81m | eta: 2.8m
step 00235/01000 (23.50%) | loss: 7.432424 | lrm: 1.00 | dt: 183.07ms | tok/sec: 5,593 | bf16_mfu: 0.00 | epoch: 1 pq: 0 rg: 1 | total time: 0.81m | eta: 2.8m
step 00236/01000 (23.60%) | loss: 7.413425 | lrm: 1.00 | dt: 152.29ms | tok/sec: 6,724 | bf16_mfu: 0.00 | epoch: 1 pq: 0 rg: 1 | total time: 0.82m | eta: 2.8m
step 00237/01000 (23.70%) | loss: 7.370002 | lrm: 1.00 | dt: 172.17ms | tok/sec: 5,947 | bf16_mfu: 0.00 | epoch: 1 pq: 0 rg: 1 | total time: 0.82m | eta: 2.8m
step 00238/01000 (23.80%) | loss: 7.378384 | lrm: 1.00 | dt: 163.84ms | tok/sec: 6,250 | bf16_mfu: 0.00 | epoch: 1 pq: 0 rg: 1 | total time: 0.82m | eta: 2.7m
step 00239/01000 (23.90%) | loss: 7.364239 | lrm: 1.00 | dt: 145.55ms | tok/sec: 7,035 | bf16_mfu: 0.00 | epoch: 1 pq: 0 rg: 1 | total time: 0.82m | eta: 2.7m
step 00240/01000 (24.00%) | loss: 7.384395 | lrm: 1.00 | dt: 196.15ms | tok/sec: 5,220 | bf16_mfu: 0.00 | epoch: 1 pq: 0 rg: 1 | total time: 0.83m | eta: 2.7m
step 00241/01000 (24.10%) | loss: 7.422812 | lrm: 1.00 | dt: 194.57ms | tok/sec: 5,262 | bf16_mfu: 0.00 | epoch: 1 pq: 0 rg: 1 | total time: 0.83m | eta: 2.7m
step 00242/01000 (24.20%) | loss: 7.366430 | lrm: 1.00 | dt: 398.02ms | tok/sec: 2,572 | bf16_mfu: 0.00 | epoch: 1 pq: 0 rg: 1 | total time: 0.84m | eta: 2.7m
step 00243/01000 (24.30%) | loss: 7.398053 | lrm: 1.00 | dt: 158.16ms | tok/sec: 6,474 | bf16_mfu: 0.00 | epoch: 1 pq: 0 rg: 1 | total time: 0.84m | eta: 2.7m
step 00244/01000 (24.40%) | loss: 7.421089 | lrm: 1.00 | dt: 216.03ms | tok/sec: 4,740 | bf16_mfu: 0.00 | epoch: 1 pq: 0 rg: 1 | total time: 0.84m | eta: 2.7m
step 00245/01000 (24.50%) | loss: 7.376764 | lrm: 1.00 | dt: 173.41ms | tok/sec: 5,904 | bf16_mfu: 0.00 | epoch: 1 pq: 0 rg: 1 | total time: 0.85m | eta: 2.7m
step 00246/01000 (24.60%) | loss: 7.363815 | lrm: 1.00 | dt: 222.09ms | tok/sec: 4,610 | bf16_mfu: 0.00 | epoch: 1 pq: 0 rg: 1 | total time: 0.85m | eta: 2.7m
step 00247/01000 (24.70%) | loss: 7.336223 | lrm: 1.00 | dt: 214.61ms | tok/sec: 4,771 | bf16_mfu: 0.00 | epoch: 1 pq: 0 rg: 1 | total time: 0.85m | eta: 2.7m
step 00248/01000 (24.80%) | loss: 7.324970 | lrm: 1.00 | dt: 200.76ms | tok/sec: 5,100 | bf16_mfu: 0.00 | epoch: 1 pq: 0 rg: 1 | total time: 0.86m | eta: 2.7m
step 00249/01000 (24.90%) | loss: 7.345110 | lrm: 1.00 | dt: 252.42ms | tok/sec: 4,056 | bf16_mfu: 0.00 | epoch: 1 pq: 0 rg: 2 | total time: 0.86m | eta: 2.7m
step 00250/01000 (25.00%) | loss: 7.378039 | lrm: 1.00 | dt: 205.96ms | tok/sec: 4,971 | bf16_mfu: 0.00 | epoch: 1 pq: 0 rg: 2 | total time: 0.86m | eta: 2.7m
step 00251/01000 (25.10%) | loss: 7.334252 | lrm: 1.00 | dt: 222.05ms | tok/sec: 4,611 | bf16_mfu: 0.00 | epoch: 1 pq: 0 rg: 2 | total time: 0.87m | eta: 2.7m
step 00252/01000 (25.20%) | loss: 7.333020 | lrm: 1.00 | dt: 208.41ms | tok/sec: 4,913 | bf16_mfu: 0.00 | epoch: 1 pq: 0 rg: 2 | total time: 0.87m | eta: 2.7m
step 00253/01000 (25.30%) | loss: 7.356352 | lrm: 1.00 | dt: 207.77ms | tok/sec: 4,928 | bf16_mfu: 0.00 | epoch: 1 pq: 0 rg: 2 | total time: 0.88m | eta: 2.7m
step 00254/01000 (25.40%) | loss: 7.277311 | lrm: 1.00 | dt: 232.27ms | tok/sec: 4,408 | bf16_mfu: 0.00 | epoch: 1 pq: 0 rg: 2 | total time: 0.88m | eta: 2.7m
step 00255/01000 (25.50%) | loss: 7.244257 | lrm: 1.00 | dt: 210.70ms | tok/sec: 4,859 | bf16_mfu: 0.00 | epoch: 1 pq: 0 rg: 2 | total time: 0.88m | eta: 2.7m
step 00256/01000 (25.60%) | loss: 7.233440 | lrm: 1.00 | dt: 232.10ms | tok/sec: 4,411 | bf16_mfu: 0.00 | epoch: 1 pq: 0 rg: 2 | total time: 0.89m | eta: 2.7m
step 00257/01000 (25.70%) | loss: 7.209706 | lrm: 1.00 | dt: 217.13ms | tok/sec: 4,715 | bf16_mfu: 0.00 | epoch: 1 pq: 0 rg: 2 | total time: 0.89m | eta: 2.7m
step 00258/01000 (25.80%) | loss: 7.198562 | lrm: 1.00 | dt: 215.45ms | tok/sec: 4,752 | bf16_mfu: 0.00 | epoch: 1 pq: 0 rg: 2 | total time: 0.89m | eta: 2.7m
step 00259/01000 (25.90%) | loss: 7.191997 | lrm: 1.00 | dt: 206.36ms | tok/sec: 4,962 | bf16_mfu: 0.00 | epoch: 1 pq: 0 rg: 2 | total time: 0.90m | eta: 2.7m
step 00260/01000 (26.00%) | loss: 7.215067 | lrm: 1.00 | dt: 223.77ms | tok/sec: 4,576 | bf16_mfu: 0.00 | epoch: 1 pq: 0 rg: 2 | total time: 0.90m | eta: 2.7m
step 00261/01000 (26.10%) | loss: 7.211880 | lrm: 1.00 | dt: 226.17ms | tok/sec: 4,527 | bf16_mfu: 0.00 | epoch: 1 pq: 0 rg: 2 | total time: 0.90m | eta: 2.7m
step 00262/01000 (26.20%) | loss: 7.168701 | lrm: 1.00 | dt: 200.83ms | tok/sec: 5,098 | bf16_mfu: 0.00 | epoch: 1 pq: 0 rg: 2 | total time: 0.91m | eta: 2.7m
step 00263/01000 (26.30%) | loss: 7.144687 | lrm: 1.00 | dt: 437.25ms | tok/sec: 2,341 | bf16_mfu: 0.00 | epoch: 1 pq: 0 rg: 2 | total time: 0.92m | eta: 2.7m
step 00264/01000 (26.40%) | loss: 7.151975 | lrm: 1.00 | dt: 236.33ms | tok/sec: 4,332 | bf16_mfu: 0.00 | epoch: 1 pq: 0 rg: 2 | total time: 0.92m | eta: 2.7m
step 00265/01000 (26.50%) | loss: 7.123666 | lrm: 1.00 | dt: 217.64ms | tok/sec: 4,704 | bf16_mfu: 0.00 | epoch: 1 pq: 0 rg: 2 | total time: 0.92m | eta: 2.7m
step 00266/01000 (26.60%) | loss: 7.078584 | lrm: 1.00 | dt: 188.15ms | tok/sec: 5,442 | bf16_mfu: 0.00 | epoch: 1 pq: 0 rg: 2 | total time: 0.93m | eta: 2.7m
step 00267/01000 (26.70%) | loss: 7.146426 | lrm: 1.00 | dt: 183.83ms | tok/sec: 5,570 | bf16_mfu: 0.00 | epoch: 1 pq: 0 rg: 2 | total time: 0.93m | eta: 2.7m
step 00268/01000 (26.80%) | loss: 7.196900 | lrm: 1.00 | dt: 179.10ms | tok/sec: 5,717 | bf16_mfu: 0.00 | epoch: 1 pq: 0 rg: 2 | total time: 0.93m | eta: 2.6m
step 00269/01000 (26.90%) | loss: 7.212760 | lrm: 1.00 | dt: 207.50ms | tok/sec: 4,934 | bf16_mfu: 0.00 | epoch: 1 pq: 0 rg: 2 | total time: 0.94m | eta: 2.6m
step 00270/01000 (27.00%) | loss: 7.188655 | lrm: 1.00 | dt: 205.76ms | tok/sec: 4,976 | bf16_mfu: 0.00 | epoch: 1 pq: 0 rg: 2 | total time: 0.94m | eta: 2.6m
step 00271/01000 (27.10%) | loss: 7.190045 | lrm: 1.00 | dt: 194.58ms | tok/sec: 5,262 | bf16_mfu: 0.00 | epoch: 1 pq: 0 rg: 2 | total time: 0.94m | eta: 2.6m
step 00272/01000 (27.20%) | loss: 7.209219 | lrm: 1.00 | dt: 202.57ms | tok/sec: 5,055 | bf16_mfu: 0.00 | epoch: 1 pq: 0 rg: 2 | total time: 0.95m | eta: 2.6m
step 00273/01000 (27.30%) | loss: 7.229897 | lrm: 1.00 | dt: 189.67ms | tok/sec: 5,398 | bf16_mfu: 0.00 | epoch: 1 pq: 0 rg: 2 | total time: 0.95m | eta: 2.6m
step 00274/01000 (27.40%) | loss: 7.246392 | lrm: 1.00 | dt: 197.91ms | tok/sec: 5,174 | bf16_mfu: 0.00 | epoch: 1 pq: 0 rg: 2 | total time: 0.95m | eta: 2.6m
step 00275/01000 (27.50%) | loss: 7.226729 | lrm: 1.00 | dt: 269.97ms | tok/sec: 3,793 | bf16_mfu: 0.00 | epoch: 1 pq: 0 rg: 2 | total time: 0.96m | eta: 2.6m
step 00276/01000 (27.60%) | loss: 7.265813 | lrm: 1.00 | dt: 276.29ms | tok/sec: 3,706 | bf16_mfu: 0.00 | epoch: 1 pq: 0 rg: 2 | total time: 0.96m | eta: 2.6m
step 00277/01000 (27.70%) | loss: 7.271090 | lrm: 1.00 | dt: 182.13ms | tok/sec: 5,622 | bf16_mfu: 0.00 | epoch: 1 pq: 0 rg: 2 | total time: 0.96m | eta: 2.6m
step 00278/01000 (27.80%) | loss: 7.272020 | lrm: 1.00 | dt: 219.21ms | tok/sec: 4,671 | bf16_mfu: 0.00 | epoch: 1 pq: 0 rg: 2 | total time: 0.97m | eta: 2.6m
step 00279/01000 (27.90%) | loss: 7.232445 | lrm: 1.00 | dt: 206.68ms | tok/sec: 4,954 | bf16_mfu: 0.00 | epoch: 1 pq: 0 rg: 2 | total time: 0.97m | eta: 2.6m
step 00280/01000 (28.00%) | loss: 7.222480 | lrm: 1.00 | dt: 188.30ms | tok/sec: 5,438 | bf16_mfu: 0.00 | epoch: 1 pq: 0 rg: 2 | total time: 0.97m | eta: 2.6m
step 00281/01000 (28.10%) | loss: 7.269665 | lrm: 1.00 | dt: 220.28ms | tok/sec: 4,648 | bf16_mfu: 0.00 | epoch: 1 pq: 0 rg: 2 | total time: 0.98m | eta: 2.6m
step 00282/01000 (28.20%) | loss: 7.206788 | lrm: 1.00 | dt: 213.17ms | tok/sec: 4,803 | bf16_mfu: 0.00 | epoch: 1 pq: 0 rg: 2 | total time: 0.98m | eta: 2.6m
step 00283/01000 (28.30%) | loss: 7.221905 | lrm: 1.00 | dt: 198.97ms | tok/sec: 5,146 | bf16_mfu: 0.00 | epoch: 1 pq: 0 rg: 2 | total time: 0.99m | eta: 2.6m
step 00284/01000 (28.40%) | loss: 7.167366 | lrm: 1.00 | dt: 211.39ms | tok/sec: 4,844 | bf16_mfu: 0.00 | epoch: 1 pq: 0 rg: 2 | total time: 0.99m | eta: 2.6m
step 00285/01000 (28.50%) | loss: 7.171809 | lrm: 1.00 | dt: 186.22ms | tok/sec: 5,498 | bf16_mfu: 0.00 | epoch: 1 pq: 0 rg: 2 | total time: 0.99m | eta: 2.6m
step 00286/01000 (28.60%) | loss: 7.132620 | lrm: 1.00 | dt: 221.47ms | tok/sec: 4,623 | bf16_mfu: 0.00 | epoch: 1 pq: 0 rg: 2 | total time: 1.00m | eta: 2.6m
step 00287/01000 (28.70%) | loss: 7.161669 | lrm: 1.00 | dt: 202.24ms | tok/sec: 5,063 | bf16_mfu: 0.00 | epoch: 1 pq: 0 rg: 2 | total time: 1.00m | eta: 2.6m
step 00288/01000 (28.80%) | loss: 7.078614 | lrm: 1.00 | dt: 199.36ms | tok/sec: 5,136 | bf16_mfu: 0.00 | epoch: 1 pq: 0 rg: 2 | total time: 1.00m | eta: 2.6m
step 00289/01000 (28.90%) | loss: 7.073469 | lrm: 1.00 | dt: 196.00ms | tok/sec: 5,224 | bf16_mfu: 0.00 | epoch: 1 pq: 0 rg: 2 | total time: 1.01m | eta: 2.6m
step 00290/01000 (29.00%) | loss: 7.122875 | lrm: 1.00 | dt: 175.38ms | tok/sec: 5,838 | bf16_mfu: 0.00 | epoch: 1 pq: 0 rg: 2 | total time: 1.01m | eta: 2.6m
step 00291/01000 (29.10%) | loss: 7.029298 | lrm: 1.00 | dt: 232.13ms | tok/sec: 4,411 | bf16_mfu: 0.00 | epoch: 1 pq: 0 rg: 2 | total time: 1.01m | eta: 2.6m
step 00292/01000 (29.20%) | loss: 7.001744 | lrm: 1.00 | dt: 197.07ms | tok/sec: 5,196 | bf16_mfu: 0.00 | epoch: 1 pq: 0 rg: 2 | total time: 1.02m | eta: 2.5m
step 00293/01000 (29.30%) | loss: 6.984302 | lrm: 1.00 | dt: 229.75ms | tok/sec: 4,457 | bf16_mfu: 0.00 | epoch: 1 pq: 0 rg: 2 | total time: 1.02m | eta: 2.5m
step 00294/01000 (29.40%) | loss: 6.917919 | lrm: 1.00 | dt: 429.25ms | tok/sec: 2,385 | bf16_mfu: 0.00 | epoch: 1 pq: 0 rg: 2 | total time: 1.03m | eta: 2.6m
step 00295/01000 (29.50%) | loss: 6.904572 | lrm: 1.00 | dt: 180.21ms | tok/sec: 5,682 | bf16_mfu: 0.00 | epoch: 1 pq: 0 rg: 2 | total time: 1.03m | eta: 2.5m
step 00296/01000 (29.60%) | loss: 6.992898 | lrm: 1.00 | dt: 182.77ms | tok/sec: 5,602 | bf16_mfu: 0.00 | epoch: 1 pq: 0 rg: 2 | total time: 1.03m | eta: 2.5m
step 00297/01000 (29.70%) | loss: 7.002873 | lrm: 1.00 | dt: 218.66ms | tok/sec: 4,683 | bf16_mfu: 0.00 | epoch: 1 pq: 0 rg: 2 | total time: 1.04m | eta: 2.5m
step 00298/01000 (29.80%) | loss: 6.965525 | lrm: 1.00 | dt: 198.58ms | tok/sec: 5,156 | bf16_mfu: 0.00 | epoch: 1 pq: 0 rg: 2 | total time: 1.04m | eta: 2.5m
step 00299/01000 (29.90%) | loss: 7.020885 | lrm: 1.00 | dt: 176.16ms | tok/sec: 5,812 | bf16_mfu: 0.00 | epoch: 1 pq: 0 rg: 2 | total time: 1.04m | eta: 2.5m
step 00300/01000 (30.00%) | loss: 7.009064 | lrm: 1.00 | dt: 198.43ms | tok/sec: 5,160 | bf16_mfu: 0.00 | epoch: 1 pq: 0 rg: 2 | total time: 1.05m | eta: 2.5m
step 00301/01000 (30.10%) | loss: 7.116451 | lrm: 1.00 | dt: 168.28ms | tok/sec: 6,084 | bf16_mfu: 0.00 | epoch: 1 pq: 0 rg: 2 | total time: 1.05m | eta: 2.5m
step 00302/01000 (30.20%) | loss: 7.055951 | lrm: 1.00 | dt: 189.65ms | tok/sec: 5,399 | bf16_mfu: 0.00 | epoch: 1 pq: 0 rg: 2 | total time: 1.05m | eta: 2.5m
step 00303/01000 (30.30%) | loss: 7.062258 | lrm: 1.00 | dt: 192.35ms | tok/sec: 5,323 | bf16_mfu: 0.00 | epoch: 1 pq: 0 rg: 2 | total time: 1.06m | eta: 2.5m
step 00304/01000 (30.40%) | loss: 7.156495 | lrm: 1.00 | dt: 195.10ms | tok/sec: 5,248 | bf16_mfu: 0.00 | epoch: 1 pq: 0 rg: 2 | total time: 1.06m | eta: 2.5m
step 00305/01000 (30.50%) | loss: 7.090239 | lrm: 1.00 | dt: 226.91ms | tok/sec: 4,512 | bf16_mfu: 0.00 | epoch: 1 pq: 0 rg: 2 | total time: 1.06m | eta: 2.5m
step 00306/01000 (30.60%) | loss: 7.094526 | lrm: 1.00 | dt: 218.44ms | tok/sec: 4,687 | bf16_mfu: 0.00 | epoch: 1 pq: 0 rg: 2 | total time: 1.07m | eta: 2.5m
step 00307/01000 (30.70%) | loss: 7.050482 | lrm: 1.00 | dt: 232.60ms | tok/sec: 4,402 | bf16_mfu: 0.00 | epoch: 1 pq: 0 rg: 2 | total time: 1.07m | eta: 2.5m
step 00308/01000 (30.80%) | loss: 7.034801 | lrm: 1.00 | dt: 220.66ms | tok/sec: 4,640 | bf16_mfu: 0.00 | epoch: 1 pq: 0 rg: 2 | total time: 1.07m | eta: 2.5m
step 00309/01000 (30.90%) | loss: 7.095904 | lrm: 1.00 | dt: 251.46ms | tok/sec: 4,072 | bf16_mfu: 0.00 | epoch: 1 pq: 0 rg: 2 | total time: 1.08m | eta: 2.5m
step 00310/01000 (31.00%) | loss: 7.116332 | lrm: 1.00 | dt: 200.98ms | tok/sec: 5,095 | bf16_mfu: 0.00 | epoch: 1 pq: 0 rg: 2 | total time: 1.08m | eta: 2.5m
step 00311/01000 (31.10%) | loss: 7.200657 | lrm: 1.00 | dt: 251.98ms | tok/sec: 4,063 | bf16_mfu: 0.00 | epoch: 1 pq: 0 rg: 2 | total time: 1.08m | eta: 2.5m
step 00312/01000 (31.20%) | loss: 7.134423 | lrm: 1.00 | dt: 254.80ms | tok/sec: 4,018 | bf16_mfu: 0.00 | epoch: 1 pq: 0 rg: 2 | total time: 1.09m | eta: 2.5m
step 00313/01000 (31.30%) | loss: 7.199549 | lrm: 1.00 | dt: 279.23ms | tok/sec: 3,667 | bf16_mfu: 0.00 | epoch: 1 pq: 0 rg: 2 | total time: 1.09m | eta: 2.5m
step 00314/01000 (31.40%) | loss: 7.169892 | lrm: 1.00 | dt: 266.74ms | tok/sec: 3,838 | bf16_mfu: 0.00 | epoch: 1 pq: 0 rg: 2 | total time: 1.10m | eta: 2.5m
step 00315/01000 (31.50%) | loss: 7.130180 | lrm: 1.00 | dt: 211.17ms | tok/sec: 4,849 | bf16_mfu: 0.00 | epoch: 1 pq: 0 rg: 2 | total time: 1.10m | eta: 2.5m
step 00316/01000 (31.60%) | loss: 7.148319 | lrm: 1.00 | dt: 162.04ms | tok/sec: 6,319 | bf16_mfu: 0.00 | epoch: 1 pq: 0 rg: 2 | total time: 1.10m | eta: 2.5m
step 00317/01000 (31.70%) | loss: 7.166946 | lrm: 1.00 | dt: 219.98ms | tok/sec: 4,655 | bf16_mfu: 0.00 | epoch: 1 pq: 0 rg: 2 | total time: 1.11m | eta: 2.5m
step 00318/01000 (31.80%) | loss: 7.155315 | lrm: 1.00 | dt: 220.70ms | tok/sec: 4,639 | bf16_mfu: 0.00 | epoch: 1 pq: 0 rg: 2 | total time: 1.11m | eta: 2.5m
step 00319/01000 (31.90%) | loss: 7.171225 | lrm: 1.00 | dt: 221.42ms | tok/sec: 4,624 | bf16_mfu: 0.00 | epoch: 1 pq: 0 rg: 2 | total time: 1.12m | eta: 2.5m
step 00320/01000 (32.00%) | loss: 7.204124 | lrm: 1.00 | dt: 211.26ms | tok/sec: 4,847 | bf16_mfu: 0.00 | epoch: 1 pq: 0 rg: 2 | total time: 1.12m | eta: 2.5m
step 00321/01000 (32.10%) | loss: 7.144687 | lrm: 1.00 | dt: 185.56ms | tok/sec: 5,518 | bf16_mfu: 0.00 | epoch: 1 pq: 0 rg: 2 | total time: 1.12m | eta: 2.5m
step 00322/01000 (32.20%) | loss: 7.128592 | lrm: 1.00 | dt: 219.34ms | tok/sec: 4,668 | bf16_mfu: 0.00 | epoch: 1 pq: 0 rg: 2 | total time: 1.13m | eta: 2.4m
step 00323/01000 (32.30%) | loss: 7.095063 | lrm: 1.00 | dt: 178.00ms | tok/sec: 5,752 | bf16_mfu: 0.00 | epoch: 1 pq: 0 rg: 2 | total time: 1.13m | eta: 2.4m
step 00324/01000 (32.40%) | loss: 7.146541 | lrm: 1.00 | dt: 190.37ms | tok/sec: 5,379 | bf16_mfu: 0.00 | epoch: 1 pq: 0 rg: 2 | total time: 1.13m | eta: 2.4m
step 00325/01000 (32.50%) | loss: 7.125231 | lrm: 1.00 | dt: 205.24ms | tok/sec: 4,989 | bf16_mfu: 0.00 | epoch: 1 pq: 0 rg: 2 | total time: 1.14m | eta: 2.4m
step 00326/01000 (32.60%) | loss: 7.050325 | lrm: 1.00 | dt: 187.43ms | tok/sec: 5,463 | bf16_mfu: 0.00 | epoch: 1 pq: 0 rg: 2 | total time: 1.14m | eta: 2.4m
step 00327/01000 (32.70%) | loss: 7.104797 | lrm: 1.00 | dt: 214.11ms | tok/sec: 4,782 | bf16_mfu: 0.00 | epoch: 1 pq: 0 rg: 2 | total time: 1.14m | eta: 2.4m
step 00328/01000 (32.80%) | loss: 7.354968 | lrm: 1.00 | dt: 212.57ms | tok/sec: 4,817 | bf16_mfu: 0.00 | epoch: 1 pq: 0 rg: 2 | total time: 1.15m | eta: 2.4m
step 00329/01000 (32.90%) | loss: 7.318315 | lrm: 1.00 | dt: 200.80ms | tok/sec: 5,099 | bf16_mfu: 0.00 | epoch: 1 pq: 0 rg: 2 | total time: 1.15m | eta: 2.4m
step 00330/01000 (33.00%) | loss: 7.305594 | lrm: 1.00 | dt: 226.85ms | tok/sec: 4,513 | bf16_mfu: 0.00 | epoch: 1 pq: 0 rg: 2 | total time: 1.15m | eta: 2.4m
step 00331/01000 (33.10%) | loss: 7.315006 | lrm: 1.00 | dt: 193.97ms | tok/sec: 5,279 | bf16_mfu: 0.00 | epoch: 1 pq: 0 rg: 2 | total time: 1.16m | eta: 2.4m
step 00332/01000 (33.20%) | loss: 7.315546 | lrm: 1.00 | dt: 421.86ms | tok/sec: 2,427 | bf16_mfu: 0.00 | epoch: 1 pq: 0 rg: 2 | total time: 1.16m | eta: 2.4m
step 00333/01000 (33.30%) | loss: 7.316931 | lrm: 1.00 | dt: 172.04ms | tok/sec: 5,952 | bf16_mfu: 0.00 | epoch: 1 pq: 0 rg: 2 | total time: 1.17m | eta: 2.4m
step 00334/01000 (33.40%) | loss: 7.293907 | lrm: 1.00 | dt: 227.65ms | tok/sec: 4,498 | bf16_mfu: 0.00 | epoch: 1 pq: 0 rg: 2 | total time: 1.17m | eta: 2.4m
step 00335/01000 (33.50%) | loss: 7.319137 | lrm: 1.00 | dt: 217.41ms | tok/sec: 4,709 | bf16_mfu: 0.00 | epoch: 1 pq: 0 rg: 2 | total time: 1.17m | eta: 2.4m
step 00336/01000 (33.60%) | loss: 7.313534 | lrm: 1.00 | dt: 166.94ms | tok/sec: 6,133 | bf16_mfu: 0.00 | epoch: 1 pq: 0 rg: 2 | total time: 1.18m | eta: 2.4m
step 00337/01000 (33.70%) | loss: 7.288665 | lrm: 1.00 | dt: 170.11ms | tok/sec: 6,019 | bf16_mfu: 0.00 | epoch: 1 pq: 0 rg: 2 | total time: 1.18m | eta: 2.4m
step 00338/01000 (33.80%) | loss: 7.228687 | lrm: 1.00 | dt: 162.14ms | tok/sec: 6,315 | bf16_mfu: 0.00 | epoch: 1 pq: 0 rg: 2 | total time: 1.18m | eta: 2.4m
step 00339/01000 (33.90%) | loss: 7.179381 | lrm: 1.00 | dt: 158.99ms | tok/sec: 6,440 | bf16_mfu: 0.00 | epoch: 1 pq: 0 rg: 2 | total time: 1.18m | eta: 2.4m
step 00340/01000 (34.00%) | loss: 7.122993 | lrm: 1.00 | dt: 169.75ms | tok/sec: 6,032 | bf16_mfu: 0.00 | epoch: 1 pq: 0 rg: 2 | total time: 1.19m | eta: 2.4m
step 00341/01000 (34.10%) | loss: 7.087924 | lrm: 1.00 | dt: 159.79ms | tok/sec: 6,408 | bf16_mfu: 0.00 | epoch: 1 pq: 0 rg: 2 | total time: 1.19m | eta: 2.4m
step 00342/01000 (34.20%) | loss: 7.082876 | lrm: 1.00 | dt: 179.41ms | tok/sec: 5,707 | bf16_mfu: 0.00 | epoch: 1 pq: 0 rg: 2 | total time: 1.19m | eta: 2.4m
step 00343/01000 (34.30%) | loss: 7.006541 | lrm: 1.00 | dt: 178.31ms | tok/sec: 5,742 | bf16_mfu: 0.00 | epoch: 1 pq: 0 rg: 2 | total time: 1.20m | eta: 2.4m
step 00344/01000 (34.40%) | loss: 7.024789 | lrm: 1.00 | dt: 206.76ms | tok/sec: 4,952 | bf16_mfu: 0.00 | epoch: 1 pq: 0 rg: 2 | total time: 1.20m | eta: 2.4m
step 00345/01000 (34.50%) | loss: 6.977979 | lrm: 1.00 | dt: 366.57ms | tok/sec: 2,793 | bf16_mfu: 0.00 | epoch: 1 pq: 0 rg: 2 | total time: 1.21m | eta: 2.4m
step 00346/01000 (34.60%) | loss: 7.040658 | lrm: 1.00 | dt: 256.98ms | tok/sec: 3,984 | bf16_mfu: 0.00 | epoch: 1 pq: 0 rg: 2 | total time: 1.21m | eta: 2.4m
step 00347/01000 (34.70%) | loss: 7.062845 | lrm: 1.00 | dt: 206.45ms | tok/sec: 4,959 | bf16_mfu: 0.00 | epoch: 1 pq: 0 rg: 2 | total time: 1.21m | eta: 2.4m
step 00348/01000 (34.80%) | loss: 7.135485 | lrm: 1.00 | dt: 230.78ms | tok/sec: 4,437 | bf16_mfu: 0.00 | epoch: 1 pq: 0 rg: 2 | total time: 1.22m | eta: 2.3m
step 00349/01000 (34.90%) | loss: 7.099904 | lrm: 1.00 | dt: 219.53ms | tok/sec: 4,664 | bf16_mfu: 0.00 | epoch: 1 pq: 0 rg: 2 | total time: 1.22m | eta: 2.3m
step 00350/01000 (35.00%) | loss: 7.060499 | lrm: 1.00 | dt: 207.65ms | tok/sec: 4,931 | bf16_mfu: 0.00 | epoch: 1 pq: 0 rg: 2 | total time: 1.22m | eta: 2.3m
step 00351/01000 (35.10%) | loss: 7.047442 | lrm: 1.00 | dt: 228.10ms | tok/sec: 4,489 | bf16_mfu: 0.00 | epoch: 1 pq: 0 rg: 2 | total time: 1.23m | eta: 2.3m
step 00352/01000 (35.20%) | loss: 7.187269 | lrm: 1.00 | dt: 214.12ms | tok/sec: 4,782 | bf16_mfu: 0.00 | epoch: 1 pq: 0 rg: 2 | total time: 1.23m | eta: 2.3m
step 00353/01000 (35.30%) | loss: 7.197615 | lrm: 1.00 | dt: 209.48ms | tok/sec: 4,888 | bf16_mfu: 0.00 | epoch: 1 pq: 0 rg: 2 | total time: 1.23m | eta: 2.3m
step 00354/01000 (35.40%) | loss: 7.206006 | lrm: 1.00 | dt: 220.80ms | tok/sec: 4,637 | bf16_mfu: 0.00 | epoch: 1 pq: 0 rg: 2 | total time: 1.24m | eta: 2.3m
step 00355/01000 (35.50%) | loss: 7.079534 | lrm: 1.00 | dt: 239.53ms | tok/sec: 4,275 | bf16_mfu: 0.00 | epoch: 1 pq: 0 rg: 2 | total time: 1.24m | eta: 2.3m
step 00356/01000 (35.60%) | loss: 7.099193 | lrm: 1.00 | dt: 220.70ms | tok/sec: 4,639 | bf16_mfu: 0.00 | epoch: 1 pq: 0 rg: 2 | total time: 1.25m | eta: 2.3m
step 00357/01000 (35.70%) | loss: 7.065944 | lrm: 1.00 | dt: 247.91ms | tok/sec: 4,130 | bf16_mfu: 0.00 | epoch: 1 pq: 0 rg: 2 | total time: 1.25m | eta: 2.3m
step 00358/01000 (35.80%) | loss: 7.040381 | lrm: 1.00 | dt: 239.13ms | tok/sec: 4,282 | bf16_mfu: 0.00 | epoch: 1 pq: 0 rg: 2 | total time: 1.25m | eta: 2.3m
step 00359/01000 (35.90%) | loss: 7.047836 | lrm: 1.00 | dt: 197.21ms | tok/sec: 5,192 | bf16_mfu: 0.00 | epoch: 1 pq: 0 rg: 2 | total time: 1.26m | eta: 2.3m
step 00360/01000 (36.00%) | loss: 7.065545 | lrm: 1.00 | dt: 218.13ms | tok/sec: 4,694 | bf16_mfu: 0.00 | epoch: 1 pq: 0 rg: 2 | total time: 1.26m | eta: 2.3m
step 00361/01000 (36.10%) | loss: 7.054769 | lrm: 1.00 | dt: 214.28ms | tok/sec: 4,778 | bf16_mfu: 0.00 | epoch: 1 pq: 0 rg: 2 | total time: 1.26m | eta: 2.3m
step 00362/01000 (36.20%) | loss: 7.090734 | lrm: 1.00 | dt: 407.61ms | tok/sec: 2,512 | bf16_mfu: 0.00 | epoch: 1 pq: 0 rg: 2 | total time: 1.27m | eta: 2.3m
step 00363/01000 (36.30%) | loss: 7.051759 | lrm: 1.00 | dt: 164.99ms | tok/sec: 6,206 | bf16_mfu: 0.00 | epoch: 1 pq: 0 rg: 2 | total time: 1.27m | eta: 2.3m
step 00364/01000 (36.40%) | loss: 7.040061 | lrm: 1.00 | dt: 207.74ms | tok/sec: 4,929 | bf16_mfu: 0.00 | epoch: 1 pq: 0 rg: 2 | total time: 1.28m | eta: 2.3m
step 00365/01000 (36.50%) | loss: 7.066390 | lrm: 1.00 | dt: 230.67ms | tok/sec: 4,439 | bf16_mfu: 0.00 | epoch: 1 pq: 0 rg: 2 | total time: 1.28m | eta: 2.3m
step 00366/01000 (36.60%) | loss: 7.094338 | lrm: 1.00 | dt: 260.29ms | tok/sec: 3,934 | bf16_mfu: 0.00 | epoch: 1 pq: 0 rg: 2 | total time: 1.29m | eta: 2.3m
step 00367/01000 (36.70%) | loss: 7.079054 | lrm: 1.00 | dt: 178.96ms | tok/sec: 5,721 | bf16_mfu: 0.00 | epoch: 1 pq: 0 rg: 2 | total time: 1.29m | eta: 2.3m
step 00368/01000 (36.80%) | loss: 7.111552 | lrm: 1.00 | dt: 171.07ms | tok/sec: 5,985 | bf16_mfu: 0.00 | epoch: 1 pq: 0 rg: 2 | total time: 1.29m | eta: 2.3m
step 00369/01000 (36.90%) | loss: 7.067299 | lrm: 1.00 | dt: 178.19ms | tok/sec: 5,746 | bf16_mfu: 0.00 | epoch: 1 pq: 0 rg: 2 | total time: 1.29m | eta: 2.3m
step 00370/01000 (37.00%) | loss: 6.958720 | lrm: 1.00 | dt: 164.43ms | tok/sec: 6,227 | bf16_mfu: 0.00 | epoch: 1 pq: 0 rg: 2 | total time: 1.30m | eta: 2.3m
step 00371/01000 (37.10%) | loss: 6.991278 | lrm: 1.00 | dt: 158.31ms | tok/sec: 6,468 | bf16_mfu: 0.00 | epoch: 1 pq: 0 rg: 2 | total time: 1.30m | eta: 2.3m
step 00372/01000 (37.20%) | loss: 7.062446 | lrm: 1.00 | dt: 183.55ms | tok/sec: 5,578 | bf16_mfu: 0.00 | epoch: 1 pq: 0 rg: 2 | total time: 1.30m | eta: 2.3m
step 00373/01000 (37.30%) | loss: 7.068345 | lrm: 1.00 | dt: 182.36ms | tok/sec: 5,615 | bf16_mfu: 0.00 | epoch: 1 pq: 0 rg: 2 | total time: 1.31m | eta: 2.3m
step 00374/01000 (37.40%) | loss: 6.989677 | lrm: 1.00 | dt: 191.19ms | tok/sec: 5,355 | bf16_mfu: 0.00 | epoch: 1 pq: 0 rg: 2 | total time: 1.31m | eta: 2.3m
step 00375/01000 (37.50%) | loss: 6.991148 | lrm: 1.00 | dt: 199.10ms | tok/sec: 5,143 | bf16_mfu: 0.00 | epoch: 1 pq: 0 rg: 2 | total time: 1.31m | eta: 2.2m
step 00376/01000 (37.60%) | loss: 6.979869 | lrm: 1.00 | dt: 207.85ms | tok/sec: 4,926 | bf16_mfu: 0.00 | epoch: 1 pq: 0 rg: 2 | total time: 1.32m | eta: 2.2m
step 00377/01000 (37.70%) | loss: 6.978186 | lrm: 1.00 | dt: 224.70ms | tok/sec: 4,557 | bf16_mfu: 0.00 | epoch: 1 pq: 0 rg: 2 | total time: 1.32m | eta: 2.2m
step 00378/01000 (37.80%) | loss: 6.928784 | lrm: 1.00 | dt: 230.46ms | tok/sec: 4,443 | bf16_mfu: 0.00 | epoch: 1 pq: 0 rg: 2 | total time: 1.32m | eta: 2.2m
step 00379/01000 (37.90%) | loss: 6.841269 | lrm: 1.00 | dt: 235.20ms | tok/sec: 4,353 | bf16_mfu: 0.00 | epoch: 1 pq: 0 rg: 2 | total time: 1.33m | eta: 2.2m
step 00380/01000 (38.00%) | loss: 6.848164 | lrm: 1.00 | dt: 249.87ms | tok/sec: 4,098 | bf16_mfu: 0.00 | epoch: 1 pq: 0 rg: 2 | total time: 1.33m | eta: 2.2m
step 00381/01000 (38.10%) | loss: 6.838910 | lrm: 1.00 | dt: 415.30ms | tok/sec: 2,465 | bf16_mfu: 0.00 | epoch: 1 pq: 0 rg: 2 | total time: 1.34m | eta: 2.2m
step 00382/01000 (38.20%) | loss: 6.865603 | lrm: 1.00 | dt: 155.84ms | tok/sec: 6,570 | bf16_mfu: 0.00 | epoch: 1 pq: 0 rg: 2 | total time: 1.34m | eta: 2.2m
step 00383/01000 (38.30%) | loss: 6.838704 | lrm: 1.00 | dt: 221.74ms | tok/sec: 4,617 | bf16_mfu: 0.00 | epoch: 1 pq: 0 rg: 2 | total time: 1.35m | eta: 2.2m
step 00384/01000 (38.40%) | loss: 6.850000 | lrm: 1.00 | dt: 212.69ms | tok/sec: 4,814 | bf16_mfu: 0.00 | epoch: 1 pq: 0 rg: 2 | total time: 1.35m | eta: 2.2m
step 00385/01000 (38.50%) | loss: 6.849095 | lrm: 1.00 | dt: 190.82ms | tok/sec: 5,366 | bf16_mfu: 0.00 | epoch: 1 pq: 0 rg: 2 | total time: 1.35m | eta: 2.2m
step 00386/01000 (38.60%) | loss: 6.867876 | lrm: 1.00 | dt: 161.74ms | tok/sec: 6,331 | bf16_mfu: 0.00 | epoch: 1 pq: 0 rg: 2 | total time: 1.35m | eta: 2.2m
step 00387/01000 (38.70%) | loss: 6.902053 | lrm: 1.00 | dt: 176.90ms | tok/sec: 5,788 | bf16_mfu: 0.00 | epoch: 1 pq: 0 rg: 2 | total time: 1.36m | eta: 2.2m
step 00388/01000 (38.80%) | loss: 6.909994 | lrm: 1.00 | dt: 183.37ms | tok/sec: 5,584 | bf16_mfu: 0.00 | epoch: 1 pq: 0 rg: 2 | total time: 1.36m | eta: 2.2m
step 00389/01000 (38.90%) | loss: 6.963028 | lrm: 1.00 | dt: 185.38ms | tok/sec: 5,523 | bf16_mfu: 0.00 | epoch: 1 pq: 0 rg: 2 | total time: 1.36m | eta: 2.2m
step 00390/01000 (39.00%) | loss: 6.952588 | lrm: 1.00 | dt: 161.07ms | tok/sec: 6,357 | bf16_mfu: 0.00 | epoch: 1 pq: 0 rg: 2 | total time: 1.37m | eta: 2.2m
step 00391/01000 (39.10%) | loss: 6.946594 | lrm: 1.00 | dt: 175.83ms | tok/sec: 5,823 | bf16_mfu: 0.00 | epoch: 1 pq: 0 rg: 2 | total time: 1.37m | eta: 2.2m
step 00392/01000 (39.20%) | loss: 6.971080 | lrm: 1.00 | dt: 200.88ms | tok/sec: 5,097 | bf16_mfu: 0.00 | epoch: 1 pq: 0 rg: 2 | total time: 1.37m | eta: 2.2m
step 00393/01000 (39.30%) | loss: 6.967125 | lrm: 1.00 | dt: 204.76ms | tok/sec: 5,001 | bf16_mfu: 0.00 | epoch: 1 pq: 0 rg: 2 | total time: 1.38m | eta: 2.2m
step 00394/01000 (39.40%) | loss: 6.965789 | lrm: 1.00 | dt: 193.54ms | tok/sec: 5,290 | bf16_mfu: 0.00 | epoch: 1 pq: 0 rg: 2 | total time: 1.38m | eta: 2.2m
step 00395/01000 (39.50%) | loss: 6.957266 | lrm: 1.00 | dt: 200.36ms | tok/sec: 5,110 | bf16_mfu: 0.00 | epoch: 1 pq: 0 rg: 2 | total time: 1.38m | eta: 2.2m
step 00396/01000 (39.60%) | loss: 6.917745 | lrm: 1.00 | dt: 444.70ms | tok/sec: 2,302 | bf16_mfu: 0.00 | epoch: 1 pq: 0 rg: 2 | total time: 1.39m | eta: 2.2m
step 00397/01000 (39.70%) | loss: 6.916853 | lrm: 1.00 | dt: 200.76ms | tok/sec: 5,100 | bf16_mfu: 0.00 | epoch: 1 pq: 0 rg: 2 | total time: 1.39m | eta: 2.2m
step 00398/01000 (39.80%) | loss: 6.930102 | lrm: 1.00 | dt: 220.04ms | tok/sec: 4,653 | bf16_mfu: 0.00 | epoch: 1 pq: 0 rg: 2 | total time: 1.40m | eta: 2.2m
step 00399/01000 (39.90%) | loss: 6.921060 | lrm: 1.00 | dt: 211.04ms | tok/sec: 4,852 | bf16_mfu: 0.00 | epoch: 1 pq: 0 rg: 2 | total time: 1.40m | eta: 2.2m
step 00400/01000 (40.00%) | loss: 6.924685 | lrm: 1.00 | dt: 217.58ms | tok/sec: 4,706 | bf16_mfu: 0.00 | epoch: 1 pq: 0 rg: 2 | total time: 1.40m | eta: 2.2m
step 00401/01000 (40.10%) | loss: 6.908551 | lrm: 1.00 | dt: 178.25ms | tok/sec: 5,744 | bf16_mfu: 0.00 | epoch: 1 pq: 0 rg: 2 | total time: 1.41m | eta: 2.2m
step 00402/01000 (40.20%) | loss: 6.936129 | lrm: 1.00 | dt: 205.05ms | tok/sec: 4,993 | bf16_mfu: 0.00 | epoch: 1 pq: 0 rg: 2 | total time: 1.41m | eta: 2.2m
step 00403/01000 (40.30%) | loss: 6.965770 | lrm: 1.00 | dt: 195.37ms | tok/sec: 5,241 | bf16_mfu: 0.00 | epoch: 1 pq: 0 rg: 2 | total time: 1.41m | eta: 2.1m
step 00404/01000 (40.40%) | loss: 6.970004 | lrm: 1.00 | dt: 195.00ms | tok/sec: 5,251 | bf16_mfu: 0.00 | epoch: 1 pq: 0 rg: 2 | total time: 1.42m | eta: 2.1m
step 00405/01000 (40.50%) | loss: 6.934244 | lrm: 1.00 | dt: 203.29ms | tok/sec: 5,037 | bf16_mfu: 0.00 | epoch: 1 pq: 0 rg: 2 | total time: 1.42m | eta: 2.1m
step 00406/01000 (40.60%) | loss: 6.945301 | lrm: 1.00 | dt: 206.99ms | tok/sec: 4,947 | bf16_mfu: 0.00 | epoch: 1 pq: 0 rg: 2 | total time: 1.42m | eta: 2.1m
step 00407/01000 (40.70%) | loss: 6.948239 | lrm: 1.00 | dt: 381.31ms | tok/sec: 2,685 | bf16_mfu: 0.00 | epoch: 1 pq: 0 rg: 2 | total time: 1.43m | eta: 2.1m
step 00408/01000 (40.80%) | loss: 6.899337 | lrm: 1.00 | dt: 229.58ms | tok/sec: 4,460 | bf16_mfu: 0.00 | epoch: 1 pq: 0 rg: 2 | total time: 1.43m | eta: 2.1m
step 00409/01000 (40.90%) | loss: 6.894430 | lrm: 1.00 | dt: 198.61ms | tok/sec: 5,155 | bf16_mfu: 0.00 | epoch: 1 pq: 0 rg: 2 | total time: 1.44m | eta: 2.1m
step 00410/01000 (41.00%) | loss: 6.935124 | lrm: 1.00 | dt: 191.41ms | tok/sec: 5,349 | bf16_mfu: 0.00 | epoch: 1 pq: 0 rg: 2 | total time: 1.44m | eta: 2.1m
step 00411/01000 (41.10%) | loss: 6.910113 | lrm: 1.00 | dt: 185.69ms | tok/sec: 5,514 | bf16_mfu: 0.00 | epoch: 1 pq: 0 rg: 2 | total time: 1.44m | eta: 2.1m
step 00412/01000 (41.20%) | loss: 6.926150 | lrm: 1.00 | dt: 176.96ms | tok/sec: 5,786 | bf16_mfu: 0.00 | epoch: 1 pq: 0 rg: 2 | total time: 1.45m | eta: 2.1m
step 00413/01000 (41.30%) | loss: 6.908595 | lrm: 1.00 | dt: 213.67ms | tok/sec: 4,792 | bf16_mfu: 0.00 | epoch: 1 pq: 0 rg: 2 | total time: 1.45m | eta: 2.1m
step 00414/01000 (41.40%) | loss: 6.916971 | lrm: 1.00 | dt: 204.09ms | tok/sec: 5,017 | bf16_mfu: 0.00 | epoch: 1 pq: 0 rg: 2 | total time: 1.45m | eta: 2.1m
step 00415/01000 (41.50%) | loss: 6.926601 | lrm: 1.00 | dt: 216.22ms | tok/sec: 4,735 | bf16_mfu: 0.00 | epoch: 1 pq: 0 rg: 2 | total time: 1.46m | eta: 2.1m
step 00416/01000 (41.60%) | loss: 6.895224 | lrm: 1.00 | dt: 243.74ms | tok/sec: 4,201 | bf16_mfu: 0.00 | epoch: 1 pq: 0 rg: 2 | total time: 1.46m | eta: 2.1m
step 00417/01000 (41.70%) | loss: 6.895981 | lrm: 1.00 | dt: 227.49ms | tok/sec: 4,501 | bf16_mfu: 0.00 | epoch: 1 pq: 0 rg: 2 | total time: 1.47m | eta: 2.1m
step 00418/01000 (41.80%) | loss: 6.936543 | lrm: 1.00 | dt: 211.54ms | tok/sec: 4,840 | bf16_mfu: 0.00 | epoch: 1 pq: 0 rg: 2 | total time: 1.47m | eta: 2.1m
step 00419/01000 (41.90%) | loss: 6.974841 | lrm: 1.00 | dt: 185.10ms | tok/sec: 5,532 | bf16_mfu: 0.00 | epoch: 1 pq: 0 rg: 2 | total time: 1.47m | eta: 2.1m
step 00420/01000 (42.00%) | loss: 6.990344 | lrm: 1.00 | dt: 247.52ms | tok/sec: 4,137 | bf16_mfu: 0.00 | epoch: 1 pq: 0 rg: 2 | total time: 1.48m | eta: 2.1m
step 00421/01000 (42.10%) | loss: 7.026011 | lrm: 1.00 | dt: 203.42ms | tok/sec: 5,033 | bf16_mfu: 0.00 | epoch: 1 pq: 0 rg: 2 | total time: 1.48m | eta: 2.1m
step 00422/01000 (42.20%) | loss: 7.123715 | lrm: 1.00 | dt: 213.76ms | tok/sec: 4,790 | bf16_mfu: 0.00 | epoch: 1 pq: 0 rg: 2 | total time: 1.48m | eta: 2.1m
step 00423/01000 (42.30%) | loss: 7.022500 | lrm: 1.00 | dt: 392.75ms | tok/sec: 2,607 | bf16_mfu: 0.00 | epoch: 1 pq: 0 rg: 2 | total time: 1.49m | eta: 2.1m
step 00424/01000 (42.40%) | loss: 6.989187 | lrm: 1.00 | dt: 222.16ms | tok/sec: 4,609 | bf16_mfu: 0.00 | epoch: 1 pq: 0 rg: 2 | total time: 1.49m | eta: 2.1m
step 00425/01000 (42.50%) | loss: 7.020568 | lrm: 1.00 | dt: 153.70ms | tok/sec: 6,662 | bf16_mfu: 0.00 | epoch: 1 pq: 0 rg: 2 | total time: 1.50m | eta: 2.1m
step 00426/01000 (42.60%) | loss: 6.933720 | lrm: 1.00 | dt: 179.28ms | tok/sec: 5,711 | bf16_mfu: 0.00 | epoch: 1 pq: 0 rg: 2 | total time: 1.50m | eta: 2.1m
step 00427/01000 (42.70%) | loss: 6.959319 | lrm: 1.00 | dt: 223.49ms | tok/sec: 4,581 | bf16_mfu: 0.00 | epoch: 1 pq: 0 rg: 2 | total time: 1.50m | eta: 2.1m
step 00428/01000 (42.80%) | loss: 6.863714 | lrm: 1.00 | dt: 164.61ms | tok/sec: 6,220 | bf16_mfu: 0.00 | epoch: 1 pq: 0 rg: 2 | total time: 1.50m | eta: 2.1m
step 00429/01000 (42.90%) | loss: 6.824652 | lrm: 1.00 | dt: 181.64ms | tok/sec: 5,637 | bf16_mfu: 0.00 | epoch: 1 pq: 0 rg: 2 | total time: 1.51m | eta: 2.1m
step 00430/01000 (43.00%) | loss: 6.779170 | lrm: 1.00 | dt: 194.19ms | tok/sec: 5,273 | bf16_mfu: 0.00 | epoch: 1 pq: 0 rg: 2 | total time: 1.51m | eta: 2.1m
step 00431/01000 (43.10%) | loss: 6.765514 | lrm: 1.00 | dt: 175.04ms | tok/sec: 5,850 | bf16_mfu: 0.00 | epoch: 1 pq: 0 rg: 2 | total time: 1.51m | eta: 2.0m
step 00432/01000 (43.20%) | loss: 6.709546 | lrm: 1.00 | dt: 193.89ms | tok/sec: 5,281 | bf16_mfu: 0.00 | epoch: 1 pq: 0 rg: 2 | total time: 1.52m | eta: 2.0m
step 00433/01000 (43.30%) | loss: 6.766181 | lrm: 1.00 | dt: 219.11ms | tok/sec: 4,673 | bf16_mfu: 0.00 | epoch: 1 pq: 0 rg: 2 | total time: 1.52m | eta: 2.0m
step 00434/01000 (43.40%) | loss: 6.814065 | lrm: 1.00 | dt: 201.23ms | tok/sec: 5,088 | bf16_mfu: 0.00 | epoch: 1 pq: 0 rg: 2 | total time: 1.52m | eta: 2.0m
step 00435/01000 (43.50%) | loss: 6.771117 | lrm: 1.00 | dt: 216.29ms | tok/sec: 4,734 | bf16_mfu: 0.00 | epoch: 1 pq: 0 rg: 2 | total time: 1.53m | eta: 2.0m
step 00436/01000 (43.60%) | loss: 6.778150 | lrm: 1.00 | dt: 188.52ms | tok/sec: 5,431 | bf16_mfu: 0.00 | epoch: 1 pq: 0 rg: 2 | total time: 1.53m | eta: 2.0m
step 00437/01000 (43.70%) | loss: 6.884479 | lrm: 1.00 | dt: 211.72ms | tok/sec: 4,836 | bf16_mfu: 0.00 | epoch: 1 pq: 0 rg: 2 | total time: 1.53m | eta: 2.0m
step 00438/01000 (43.80%) | loss: 6.885992 | lrm: 1.00 | dt: 222.39ms | tok/sec: 4,604 | bf16_mfu: 0.00 | epoch: 1 pq: 0 rg: 2 | total time: 1.54m | eta: 2.0m
step 00439/01000 (43.90%) | loss: 6.824874 | lrm: 1.00 | dt: 255.12ms | tok/sec: 4,013 | bf16_mfu: 0.00 | epoch: 1 pq: 0 rg: 2 | total time: 1.54m | eta: 2.0m
step 00440/01000 (44.00%) | loss: 6.835454 | lrm: 1.00 | dt: 354.92ms | tok/sec: 2,885 | bf16_mfu: 0.00 | epoch: 1 pq: 0 rg: 2 | total time: 1.55m | eta: 2.0m
step 00441/01000 (44.10%) | loss: 6.800228 | lrm: 1.00 | dt: 167.87ms | tok/sec: 6,099 | bf16_mfu: 0.00 | epoch: 1 pq: 0 rg: 2 | total time: 1.55m | eta: 2.0m
step 00442/01000 (44.20%) | loss: 6.812973 | lrm: 1.00 | dt: 175.92ms | tok/sec: 5,820 | bf16_mfu: 0.00 | epoch: 1 pq: 0 rg: 2 | total time: 1.55m | eta: 2.0m
step 00443/01000 (44.30%) | loss: 6.771376 | lrm: 1.00 | dt: 185.47ms | tok/sec: 5,521 | bf16_mfu: 0.00 | epoch: 1 pq: 0 rg: 2 | total time: 1.56m | eta: 2.0m
step 00444/01000 (44.40%) | loss: 6.814842 | lrm: 1.00 | dt: 213.64ms | tok/sec: 4,793 | bf16_mfu: 0.00 | epoch: 1 pq: 0 rg: 2 | total time: 1.56m | eta: 2.0m
step 00445/01000 (44.50%) | loss: 6.830943 | lrm: 1.00 | dt: 197.95ms | tok/sec: 5,172 | bf16_mfu: 0.00 | epoch: 1 pq: 0 rg: 2 | total time: 1.56m | eta: 2.0m
step 00446/01000 (44.60%) | loss: 6.837237 | lrm: 1.00 | dt: 195.03ms | tok/sec: 5,250 | bf16_mfu: 0.00 | epoch: 1 pq: 0 rg: 2 | total time: 1.57m | eta: 2.0m
step 00447/01000 (44.70%) | loss: 6.801009 | lrm: 1.00 | dt: 202.39ms | tok/sec: 5,059 | bf16_mfu: 0.00 | epoch: 1 pq: 0 rg: 2 | total time: 1.57m | eta: 2.0m
step 00448/01000 (44.80%) | loss: 6.834383 | lrm: 1.00 | dt: 212.29ms | tok/sec: 4,823 | bf16_mfu: 0.00 | epoch: 1 pq: 0 rg: 2 | total time: 1.57m | eta: 2.0m
step 00449/01000 (44.90%) | loss: 6.893291 | lrm: 1.00 | dt: 233.23ms | tok/sec: 4,390 | bf16_mfu: 0.00 | epoch: 1 pq: 0 rg: 2 | total time: 1.58m | eta: 2.0m
step 00450/01000 (45.00%) | loss: 6.917781 | lrm: 1.00 | dt: 230.48ms | tok/sec: 4,442 | bf16_mfu: 0.00 | epoch: 1 pq: 0 rg: 2 | total time: 1.58m | eta: 2.0m
step 00451/01000 (45.10%) | loss: 6.921757 | lrm: 1.00 | dt: 387.65ms | tok/sec: 2,641 | bf16_mfu: 0.00 | epoch: 1 pq: 0 rg: 2 | total time: 1.59m | eta: 2.0m
step 00452/01000 (45.20%) | loss: 6.976087 | lrm: 1.00 | dt: 219.14ms | tok/sec: 4,672 | bf16_mfu: 0.00 | epoch: 1 pq: 0 rg: 2 | total time: 1.59m | eta: 2.0m
step 00453/01000 (45.30%) | loss: 7.002567 | lrm: 1.00 | dt: 222.31ms | tok/sec: 4,606 | bf16_mfu: 0.00 | epoch: 1 pq: 0 rg: 2 | total time: 1.60m | eta: 2.0m
step 00454/01000 (45.40%) | loss: 7.023689 | lrm: 1.00 | dt: 200.32ms | tok/sec: 5,111 | bf16_mfu: 0.00 | epoch: 1 pq: 0 rg: 2 | total time: 1.60m | eta: 2.0m
step 00455/01000 (45.50%) | loss: 6.987818 | lrm: 1.00 | dt: 203.06ms | tok/sec: 5,042 | bf16_mfu: 0.00 | epoch: 1 pq: 0 rg: 2 | total time: 1.60m | eta: 2.0m
step 00456/01000 (45.60%) | loss: 6.949054 | lrm: 1.00 | dt: 201.58ms | tok/sec: 5,079 | bf16_mfu: 0.00 | epoch: 1 pq: 0 rg: 2 | total time: 1.61m | eta: 2.0m
step 00457/01000 (45.70%) | loss: 6.990807 | lrm: 1.00 | dt: 209.23ms | tok/sec: 4,894 | bf16_mfu: 0.00 | epoch: 1 pq: 0 rg: 2 | total time: 1.61m | eta: 2.0m
step 00458/01000 (45.80%) | loss: 6.955261 | lrm: 1.00 | dt: 203.42ms | tok/sec: 5,033 | bf16_mfu: 0.00 | epoch: 1 pq: 0 rg: 2 | total time: 1.61m | eta: 2.0m
step 00459/01000 (45.90%) | loss: 6.944210 | lrm: 1.00 | dt: 204.00ms | tok/sec: 5,019 | bf16_mfu: 0.00 | epoch: 1 pq: 0 rg: 2 | total time: 1.62m | eta: 1.9m
step 00460/01000 (46.00%) | loss: 6.885641 | lrm: 1.00 | dt: 205.85ms | tok/sec: 4,974 | bf16_mfu: 0.00 | epoch: 1 pq: 0 rg: 2 | total time: 1.62m | eta: 1.9m
step 00461/01000 (46.10%) | loss: 6.829329 | lrm: 1.00 | dt: 196.18ms | tok/sec: 5,219 | bf16_mfu: 0.00 | epoch: 1 pq: 0 rg: 2 | total time: 1.62m | eta: 1.9m
step 00462/01000 (46.20%) | loss: 6.844644 | lrm: 1.00 | dt: 239.69ms | tok/sec: 4,272 | bf16_mfu: 0.00 | epoch: 1 pq: 0 rg: 2 | total time: 1.63m | eta: 1.9m
step 00463/01000 (46.30%) | loss: 6.800062 | lrm: 1.00 | dt: 225.40ms | tok/sec: 4,543 | bf16_mfu: 0.00 | epoch: 1 pq: 0 rg: 2 | total time: 1.63m | eta: 1.9m
step 00464/01000 (46.40%) | loss: 6.663511 | lrm: 1.00 | dt: 281.77ms | tok/sec: 3,634 | bf16_mfu: 0.00 | epoch: 1 pq: 0 rg: 2 | total time: 1.64m | eta: 1.9m
step 00465/01000 (46.50%) | loss: 6.693520 | lrm: 1.00 | dt: 174.11ms | tok/sec: 5,881 | bf16_mfu: 0.00 | epoch: 1 pq: 0 rg: 2 | total time: 1.64m | eta: 1.9m
step 00466/01000 (46.60%) | loss: 6.725647 | lrm: 1.00 | dt: 233.11ms | tok/sec: 4,392 | bf16_mfu: 0.00 | epoch: 1 pq: 0 rg: 2 | total time: 1.64m | eta: 1.9m
step 00467/01000 (46.70%) | loss: 6.785663 | lrm: 1.00 | dt: 238.68ms | tok/sec: 4,290 | bf16_mfu: 0.00 | epoch: 1 pq: 0 rg: 2 | total time: 1.65m | eta: 1.9m
step 00468/01000 (46.80%) | loss: 6.826556 | lrm: 1.00 | dt: 209.86ms | tok/sec: 4,879 | bf16_mfu: 0.00 | epoch: 1 pq: 0 rg: 2 | total time: 1.65m | eta: 1.9m
step 00469/01000 (46.90%) | loss: 6.857027 | lrm: 1.00 | dt: 202.56ms | tok/sec: 5,055 | bf16_mfu: 0.00 | epoch: 1 pq: 0 rg: 2 | total time: 1.65m | eta: 1.9m
step 00470/01000 (47.00%) | loss: 6.890242 | lrm: 1.00 | dt: 229.61ms | tok/sec: 4,459 | bf16_mfu: 0.00 | epoch: 1 pq: 0 rg: 2 | total time: 1.66m | eta: 1.9m
step 00471/01000 (47.10%) | loss: 6.909736 | lrm: 1.00 | dt: 409.08ms | tok/sec: 2,503 | bf16_mfu: 0.00 | epoch: 1 pq: 0 rg: 2 | total time: 1.66m | eta: 1.9m
step 00472/01000 (47.20%) | loss: 6.896658 | lrm: 1.00 | dt: 191.65ms | tok/sec: 5,342 | bf16_mfu: 0.00 | epoch: 1 pq: 0 rg: 2 | total time: 1.67m | eta: 1.9m
step 00473/01000 (47.30%) | loss: 6.940095 | lrm: 1.00 | dt: 219.17ms | tok/sec: 4,672 | bf16_mfu: 0.00 | epoch: 1 pq: 0 rg: 2 | total time: 1.67m | eta: 1.9m
step 00474/01000 (47.40%) | loss: 6.872715 | lrm: 1.00 | dt: 170.61ms | tok/sec: 6,001 | bf16_mfu: 0.00 | epoch: 1 pq: 0 rg: 2 | total time: 1.67m | eta: 1.9m
step 00475/01000 (47.50%) | loss: 6.832432 | lrm: 1.00 | dt: 179.91ms | tok/sec: 5,691 | bf16_mfu: 0.00 | epoch: 1 pq: 0 rg: 2 | total time: 1.68m | eta: 1.9m
step 00476/01000 (47.60%) | loss: 6.796690 | lrm: 1.00 | dt: 153.98ms | tok/sec: 6,650 | bf16_mfu: 0.00 | epoch: 1 pq: 0 rg: 2 | total time: 1.68m | eta: 1.9m
step 00477/01000 (47.70%) | loss: 6.789249 | lrm: 1.00 | dt: 178.97ms | tok/sec: 5,721 | bf16_mfu: 0.00 | epoch: 1 pq: 0 rg: 2 | total time: 1.68m | eta: 1.9m
step 00478/01000 (47.80%) | loss: 6.778305 | lrm: 1.00 | dt: 174.71ms | tok/sec: 5,861 | bf16_mfu: 0.00 | epoch: 1 pq: 0 rg: 2 | total time: 1.68m | eta: 1.9m
step 00479/01000 (47.90%) | loss: 6.819750 | lrm: 1.00 | dt: 180.07ms | tok/sec: 5,686 | bf16_mfu: 0.00 | epoch: 1 pq: 0 rg: 2 | total time: 1.69m | eta: 1.9m
step 00480/01000 (48.00%) | loss: 6.804439 | lrm: 1.00 | dt: 163.06ms | tok/sec: 6,279 | bf16_mfu: 0.00 | epoch: 1 pq: 0 rg: 2 | total time: 1.69m | eta: 1.9m
step 00481/01000 (48.10%) | loss: 6.802797 | lrm: 1.00 | dt: 176.55ms | tok/sec: 5,800 | bf16_mfu: 0.00 | epoch: 1 pq: 0 rg: 2 | total time: 1.69m | eta: 1.9m
step 00482/01000 (48.20%) | loss: 6.779397 | lrm: 1.00 | dt: 197.89ms | tok/sec: 5,174 | bf16_mfu: 0.00 | epoch: 1 pq: 0 rg: 2 | total time: 1.70m | eta: 1.9m
step 00483/01000 (48.30%) | loss: 6.833429 | lrm: 1.00 | dt: 172.81ms | tok/sec: 5,925 | bf16_mfu: 0.00 | epoch: 1 pq: 0 rg: 2 | total time: 1.70m | eta: 1.9m
step 00484/01000 (48.40%) | loss: 6.812530 | lrm: 1.00 | dt: 205.45ms | tok/sec: 4,984 | bf16_mfu: 0.00 | epoch: 1 pq: 0 rg: 2 | total time: 1.70m | eta: 1.9m
step 00485/01000 (48.50%) | loss: 6.796257 | lrm: 1.00 | dt: 201.35ms | tok/sec: 5,085 | bf16_mfu: 0.00 | epoch: 1 pq: 0 rg: 2 | total time: 1.71m | eta: 1.9m
step 00486/01000 (48.60%) | loss: 6.836276 | lrm: 1.00 | dt: 224.55ms | tok/sec: 4,560 | bf16_mfu: 0.00 | epoch: 1 pq: 0 rg: 2 | total time: 1.71m | eta: 1.8m
step 00487/01000 (48.70%) | loss: 6.924914 | lrm: 1.00 | dt: 242.72ms | tok/sec: 4,218 | bf16_mfu: 0.00 | epoch: 1 pq: 0 rg: 2 | total time: 1.71m | eta: 1.8m
step 00488/01000 (48.80%) | loss: 6.948503 | lrm: 1.00 | dt: 508.63ms | tok/sec: 2,013 | bf16_mfu: 0.00 | epoch: 1 pq: 0 rg: 2 | total time: 1.72m | eta: 1.8m
step 00489/01000 (48.90%) | loss: 6.963547 | lrm: 1.00 | dt: 253.17ms | tok/sec: 4,044 | bf16_mfu: 0.00 | epoch: 1 pq: 0 rg: 2 | total time: 1.73m | eta: 1.8m
step 00490/01000 (49.00%) | loss: 6.974533 | lrm: 1.00 | dt: 224.58ms | tok/sec: 4,559 | bf16_mfu: 0.00 | epoch: 1 pq: 0 rg: 2 | total time: 1.73m | eta: 1.8m
step 00491/01000 (49.10%) | loss: 6.855545 | lrm: 1.00 | dt: 211.59ms | tok/sec: 4,839 | bf16_mfu: 0.00 | epoch: 1 pq: 0 rg: 2 | total time: 1.73m | eta: 1.8m
step 00492/01000 (49.20%) | loss: 6.824841 | lrm: 1.00 | dt: 193.30ms | tok/sec: 5,297 | bf16_mfu: 0.00 | epoch: 1 pq: 0 rg: 2 | total time: 1.74m | eta: 1.8m
step 00493/01000 (49.30%) | loss: 6.730795 | lrm: 1.00 | dt: 167.77ms | tok/sec: 6,103 | bf16_mfu: 0.00 | epoch: 1 pq: 0 rg: 2 | total time: 1.74m | eta: 1.8m
step 00494/01000 (49.40%) | loss: 6.678813 | lrm: 1.00 | dt: 193.41ms | tok/sec: 5,294 | bf16_mfu: 0.00 | epoch: 1 pq: 0 rg: 2 | total time: 1.74m | eta: 1.8m
step 00495/01000 (49.50%) | loss: 6.701800 | lrm: 1.00 | dt: 181.28ms | tok/sec: 5,648 | bf16_mfu: 0.00 | epoch: 1 pq: 0 rg: 2 | total time: 1.75m | eta: 1.8m
step 00496/01000 (49.60%) | loss: 6.583047 | lrm: 1.00 | dt: 180.92ms | tok/sec: 5,660 | bf16_mfu: 0.00 | epoch: 1 pq: 0 rg: 2 | total time: 1.75m | eta: 1.8m
step 00497/01000 (49.70%) | loss: 6.602608 | lrm: 1.00 | dt: 182.50ms | tok/sec: 5,610 | bf16_mfu: 0.00 | epoch: 1 pq: 0 rg: 2 | total time: 1.75m | eta: 1.8m
step 00498/01000 (49.80%) | loss: 6.571122 | lrm: 1.00 | dt: 195.55ms | tok/sec: 5,236 | bf16_mfu: 0.00 | epoch: 1 pq: 0 rg: 2 | total time: 1.76m | eta: 1.8m
step 00499/01000 (49.90%) | loss: 6.627846 | lrm: 1.00 | dt: 208.09ms | tok/sec: 4,920 | bf16_mfu: 0.00 | epoch: 1 pq: 0 rg: 2 | total time: 1.76m | eta: 1.8m
step 00500/01000 (50.00%) | loss: 6.651069 | lrm: 1.00 | dt: 208.87ms | tok/sec: 4,902 | bf16_mfu: 0.00 | epoch: 1 pq: 0 rg: 2 | total time: 1.76m | eta: 1.8m
step 00501/01000 (50.10%) | loss: 6.746465 | lrm: 1.00 | dt: 227.31ms | tok/sec: 4,504 | bf16_mfu: 0.00 | epoch: 1 pq: 0 rg: 2 | total time: 1.77m | eta: 1.8m
step 00502/01000 (50.20%) | loss: 6.740273 | lrm: 1.00 | dt: 463.76ms | tok/sec: 2,208 | bf16_mfu: 0.00 | epoch: 1 pq: 0 rg: 2 | total time: 1.77m | eta: 1.8m
step 00503/01000 (50.30%) | loss: 6.754235 | lrm: 1.00 | dt: 239.37ms | tok/sec: 4,277 | bf16_mfu: 0.00 | epoch: 1 pq: 0 rg: 2 | total time: 1.78m | eta: 1.8m
step 00504/01000 (50.40%) | loss: 6.741536 | lrm: 1.00 | dt: 231.70ms | tok/sec: 4,419 | bf16_mfu: 0.00 | epoch: 1 pq: 0 rg: 2 | total time: 1.78m | eta: 1.8m
step 00505/01000 (50.50%) | loss: 6.700567 | lrm: 1.00 | dt: 213.39ms | tok/sec: 4,798 | bf16_mfu: 0.00 | epoch: 1 pq: 0 rg: 2 | total time: 1.79m | eta: 1.8m
step 00506/01000 (50.60%) | loss: 6.738019 | lrm: 1.00 | dt: 213.24ms | tok/sec: 4,802 | bf16_mfu: 0.00 | epoch: 1 pq: 0 rg: 2 | total time: 1.79m | eta: 1.8m
step 00507/01000 (50.70%) | loss: 6.729458 | lrm: 1.00 | dt: 205.39ms | tok/sec: 4,985 | bf16_mfu: 0.00 | epoch: 1 pq: 0 rg: 2 | total time: 1.79m | eta: 1.8m
step 00508/01000 (50.80%) | loss: 6.689209 | lrm: 1.00 | dt: 203.50ms | tok/sec: 5,031 | bf16_mfu: 0.00 | epoch: 1 pq: 0 rg: 2 | total time: 1.80m | eta: 1.8m
step 00509/01000 (50.90%) | loss: 6.698500 | lrm: 1.00 | dt: 222.18ms | tok/sec: 4,608 | bf16_mfu: 0.00 | epoch: 1 pq: 0 rg: 2 | total time: 1.80m | eta: 1.8m
step 00510/01000 (51.00%) | loss: 6.698356 | lrm: 1.00 | dt: 198.88ms | tok/sec: 5,148 | bf16_mfu: 0.00 | epoch: 1 pq: 0 rg: 2 | total time: 1.80m | eta: 1.8m
step 00511/01000 (51.10%) | loss: 6.684348 | lrm: 1.00 | dt: 232.33ms | tok/sec: 4,407 | bf16_mfu: 0.00 | epoch: 1 pq: 0 rg: 2 | total time: 1.81m | eta: 1.8m
step 00512/01000 (51.20%) | loss: 6.666132 | lrm: 1.00 | dt: 226.54ms | tok/sec: 4,520 | bf16_mfu: 0.00 | epoch: 1 pq: 0 rg: 2 | total time: 1.81m | eta: 1.8m
step 00513/01000 (51.30%) | loss: 6.696819 | lrm: 1.00 | dt: 206.22ms | tok/sec: 4,965 | bf16_mfu: 0.00 | epoch: 1 pq: 0 rg: 2 | total time: 1.81m | eta: 1.8m
step 00514/01000 (51.40%) | loss: 6.692448 | lrm: 1.00 | dt: 201.07ms | tok/sec: 5,092 | bf16_mfu: 0.00 | epoch: 1 pq: 0 rg: 2 | total time: 1.82m | eta: 1.8m
step 00515/01000 (51.50%) | loss: 6.703026 | lrm: 1.00 | dt: 225.82ms | tok/sec: 4,534 | bf16_mfu: 0.00 | epoch: 1 pq: 0 rg: 2 | total time: 1.82m | eta: 1.7m
step 00516/01000 (51.60%) | loss: 6.711009 | lrm: 1.00 | dt: 189.72ms | tok/sec: 5,397 | bf16_mfu: 0.00 | epoch: 1 pq: 0 rg: 2 | total time: 1.82m | eta: 1.7m
step 00517/01000 (51.70%) | loss: 6.724728 | lrm: 1.00 | dt: 197.65ms | tok/sec: 5,180 | bf16_mfu: 0.00 | epoch: 1 pq: 0 rg: 2 | total time: 1.83m | eta: 1.7m
step 00518/01000 (51.80%) | loss: 6.791407 | lrm: 1.00 | dt: 230.95ms | tok/sec: 4,433 | bf16_mfu: 0.00 | epoch: 1 pq: 0 rg: 2 | total time: 1.83m | eta: 1.7m
step 00519/01000 (51.90%) | loss: 6.729245 | lrm: 1.00 | dt: 217.80ms | tok/sec: 4,701 | bf16_mfu: 0.00 | epoch: 1 pq: 0 rg: 2 | total time: 1.84m | eta: 1.7m
step 00520/01000 (52.00%) | loss: 6.754269 | lrm: 1.00 | dt: 239.07ms | tok/sec: 4,283 | bf16_mfu: 0.00 | epoch: 1 pq: 0 rg: 2 | total time: 1.84m | eta: 1.7m
step 00521/01000 (52.10%) | loss: 6.737376 | lrm: 1.00 | dt: 287.25ms | tok/sec: 3,564 | bf16_mfu: 0.00 | epoch: 1 pq: 0 rg: 2 | total time: 1.84m | eta: 1.7m
step 00522/01000 (52.20%) | loss: 6.714766 | lrm: 1.00 | dt: 281.92ms | tok/sec: 3,632 | bf16_mfu: 0.00 | epoch: 1 pq: 0 rg: 2 | total time: 1.85m | eta: 1.7m
step 00523/01000 (52.30%) | loss: 6.720905 | lrm: 1.00 | dt: 224.53ms | tok/sec: 4,560 | bf16_mfu: 0.00 | epoch: 1 pq: 0 rg: 2 | total time: 1.85m | eta: 1.7m
step 00524/01000 (52.40%) | loss: 6.714357 | lrm: 1.00 | dt: 180.07ms | tok/sec: 5,686 | bf16_mfu: 0.00 | epoch: 1 pq: 0 rg: 2 | total time: 1.86m | eta: 1.7m
step 00525/01000 (52.50%) | loss: 6.637028 | lrm: 1.00 | dt: 224.87ms | tok/sec: 4,553 | bf16_mfu: 0.00 | epoch: 1 pq: 0 rg: 2 | total time: 1.86m | eta: 1.7m
step 00526/01000 (52.60%) | loss: 6.649111 | lrm: 1.00 | dt: 223.19ms | tok/sec: 4,587 | bf16_mfu: 0.00 | epoch: 1 pq: 0 rg: 2 | total time: 1.86m | eta: 1.7m
step 00527/01000 (52.70%) | loss: 6.717762 | lrm: 1.00 | dt: 188.84ms | tok/sec: 5,422 | bf16_mfu: 0.00 | epoch: 1 pq: 0 rg: 2 | total time: 1.87m | eta: 1.7m
step 00528/01000 (52.80%) | loss: 6.737344 | lrm: 1.00 | dt: 202.57ms | tok/sec: 5,054 | bf16_mfu: 0.00 | epoch: 1 pq: 0 rg: 2 | total time: 1.87m | eta: 1.7m
step 00529/01000 (52.90%) | loss: 6.702531 | lrm: 1.00 | dt: 190.64ms | tok/sec: 5,371 | bf16_mfu: 0.00 | epoch: 1 pq: 0 rg: 2 | total time: 1.87m | eta: 1.7m
step 00530/01000 (53.00%) | loss: 6.703821 | lrm: 1.00 | dt: 225.06ms | tok/sec: 4,549 | bf16_mfu: 0.00 | epoch: 1 pq: 0 rg: 2 | total time: 1.88m | eta: 1.7m
step 00531/01000 (53.10%) | loss: 6.742213 | lrm: 1.00 | dt: 206.11ms | tok/sec: 4,968 | bf16_mfu: 0.00 | epoch: 1 pq: 0 rg: 2 | total time: 1.88m | eta: 1.7m
step 00532/01000 (53.20%) | loss: 6.777857 | lrm: 1.00 | dt: 202.21ms | tok/sec: 5,064 | bf16_mfu: 0.00 | epoch: 1 pq: 0 rg: 2 | total time: 1.88m | eta: 1.7m
step 00533/01000 (53.30%) | loss: 6.725844 | lrm: 1.00 | dt: 206.85ms | tok/sec: 4,950 | bf16_mfu: 0.00 | epoch: 1 pq: 0 rg: 2 | total time: 1.89m | eta: 1.7m
step 00534/01000 (53.40%) | loss: 6.731866 | lrm: 1.00 | dt: 208.94ms | tok/sec: 4,901 | bf16_mfu: 0.00 | epoch: 1 pq: 0 rg: 2 | total time: 1.89m | eta: 1.7m
step 00535/01000 (53.50%) | loss: 6.723709 | lrm: 1.00 | dt: 480.85ms | tok/sec: 2,129 | bf16_mfu: 0.00 | epoch: 1 pq: 0 rg: 2 | total time: 1.90m | eta: 1.7m
step 00536/01000 (53.60%) | loss: 6.756366 | lrm: 1.00 | dt: 177.99ms | tok/sec: 5,753 | bf16_mfu: 0.00 | epoch: 1 pq: 0 rg: 2 | total time: 1.90m | eta: 1.7m
step 00537/01000 (53.70%) | loss: 6.793816 | lrm: 1.00 | dt: 172.08ms | tok/sec: 5,950 | bf16_mfu: 0.00 | epoch: 1 pq: 0 rg: 2 | total time: 1.90m | eta: 1.7m
step 00538/01000 (53.80%) | loss: 6.771628 | lrm: 1.00 | dt: 218.35ms | tok/sec: 4,689 | bf16_mfu: 0.00 | epoch: 1 pq: 0 rg: 2 | total time: 1.91m | eta: 1.7m
step 00539/01000 (53.90%) | loss: 6.799852 | lrm: 1.00 | dt: 213.10ms | tok/sec: 4,805 | bf16_mfu: 0.00 | epoch: 1 pq: 0 rg: 2 | total time: 1.91m | eta: 1.7m
step 00540/01000 (54.00%) | loss: 6.818165 | lrm: 1.00 | dt: 182.66ms | tok/sec: 5,606 | bf16_mfu: 0.00 | epoch: 1 pq: 0 rg: 2 | total time: 1.91m | eta: 1.7m
step 00541/01000 (54.10%) | loss: 6.753047 | lrm: 1.00 | dt: 237.08ms | tok/sec: 4,319 | bf16_mfu: 0.00 | epoch: 1 pq: 0 rg: 2 | total time: 1.92m | eta: 1.7m
step 00542/01000 (54.20%) | loss: 6.700472 | lrm: 1.00 | dt: 190.81ms | tok/sec: 5,366 | bf16_mfu: 0.00 | epoch: 1 pq: 0 rg: 2 | total time: 1.92m | eta: 1.7m
step 00543/01000 (54.30%) | loss: 6.755994 | lrm: 1.00 | dt: 203.41ms | tok/sec: 5,034 | bf16_mfu: 0.00 | epoch: 1 pq: 0 rg: 2 | total time: 1.92m | eta: 1.7m
step 00544/01000 (54.40%) | loss: 6.779171 | lrm: 1.00 | dt: 219.77ms | tok/sec: 4,659 | bf16_mfu: 0.00 | epoch: 1 pq: 0 rg: 2 | total time: 1.93m | eta: 1.6m
step 00545/01000 (54.50%) | loss: 6.801256 | lrm: 1.00 | dt: 211.26ms | tok/sec: 4,847 | bf16_mfu: 0.00 | epoch: 1 pq: 0 rg: 2 | total time: 1.93m | eta: 1.6m
step 00546/01000 (54.60%) | loss: 6.795008 | lrm: 1.00 | dt: 375.30ms | tok/sec: 2,728 | bf16_mfu: 0.00 | epoch: 1 pq: 0 rg: 2 | total time: 1.94m | eta: 1.6m
step 00547/01000 (54.70%) | loss: 6.770404 | lrm: 1.00 | dt: 216.89ms | tok/sec: 4,721 | bf16_mfu: 0.00 | epoch: 1 pq: 0 rg: 2 | total time: 1.94m | eta: 1.6m
step 00548/01000 (54.80%) | loss: 6.812699 | lrm: 1.00 | dt: 215.68ms | tok/sec: 4,747 | bf16_mfu: 0.00 | epoch: 1 pq: 0 rg: 2 | total time: 1.95m | eta: 1.6m
step 00549/01000 (54.90%) | loss: 6.755755 | lrm: 1.00 | dt: 211.49ms | tok/sec: 4,841 | bf16_mfu: 0.00 | epoch: 1 pq: 0 rg: 2 | total time: 1.95m | eta: 1.6m
step 00550/01000 (55.00%) | loss: 6.704047 | lrm: 1.00 | dt: 202.19ms | tok/sec: 5,064 | bf16_mfu: 0.00 | epoch: 1 pq: 0 rg: 2 | total time: 1.95m | eta: 1.6m
step 00551/01000 (55.10%) | loss: 6.692816 | lrm: 1.00 | dt: 230.83ms | tok/sec: 4,436 | bf16_mfu: 0.00 | epoch: 1 pq: 0 rg: 2 | total time: 1.96m | eta: 1.6m
step 00552/01000 (55.20%) | loss: 6.645113 | lrm: 1.00 | dt: 229.59ms | tok/sec: 4,460 | bf16_mfu: 0.00 | epoch: 1 pq: 0 rg: 2 | total time: 1.96m | eta: 1.6m
step 00553/01000 (55.30%) | loss: 6.657086 | lrm: 1.00 | dt: 235.60ms | tok/sec: 4,346 | bf16_mfu: 0.00 | epoch: 1 pq: 0 rg: 2 | total time: 1.96m | eta: 1.6m
step 00554/01000 (55.40%) | loss: 6.676709 | lrm: 1.00 | dt: 424.96ms | tok/sec: 2,409 | bf16_mfu: 0.00 | epoch: 1 pq: 0 rg: 2 | total time: 1.97m | eta: 1.6m
step 00555/01000 (55.50%) | loss: 6.642829 | lrm: 1.00 | dt: 172.16ms | tok/sec: 5,947 | bf16_mfu: 0.00 | epoch: 1 pq: 0 rg: 2 | total time: 1.97m | eta: 1.6m
step 00556/01000 (55.60%) | loss: 6.588731 | lrm: 1.00 | dt: 217.25ms | tok/sec: 4,713 | bf16_mfu: 0.00 | epoch: 1 pq: 0 rg: 2 | total time: 1.98m | eta: 1.6m
step 00557/01000 (55.70%) | loss: 6.597375 | lrm: 1.00 | dt: 204.68ms | tok/sec: 5,002 | bf16_mfu: 0.00 | epoch: 1 pq: 0 rg: 2 | total time: 1.98m | eta: 1.6m
step 00558/01000 (55.80%) | loss: 6.563478 | lrm: 1.00 | dt: 233.04ms | tok/sec: 4,394 | bf16_mfu: 0.00 | epoch: 1 pq: 0 rg: 2 | total time: 1.98m | eta: 1.6m
step 00559/01000 (55.90%) | loss: 6.594192 | lrm: 1.00 | dt: 207.75ms | tok/sec: 4,929 | bf16_mfu: 0.00 | epoch: 1 pq: 0 rg: 2 | total time: 1.99m | eta: 1.6m
step 00560/01000 (56.00%) | loss: 6.632609 | lrm: 1.00 | dt: 188.73ms | tok/sec: 5,425 | bf16_mfu: 0.00 | epoch: 1 pq: 0 rg: 2 | total time: 1.99m | eta: 1.6m
step 00561/01000 (56.10%) | loss: 6.654373 | lrm: 1.00 | dt: 188.12ms | tok/sec: 5,443 | bf16_mfu: 0.00 | epoch: 1 pq: 0 rg: 2 | total time: 1.99m | eta: 1.6m
step 00562/01000 (56.20%) | loss: 6.661931 | lrm: 1.00 | dt: 209.48ms | tok/sec: 4,888 | bf16_mfu: 0.00 | epoch: 1 pq: 0 rg: 2 | total time: 2.00m | eta: 1.6m
step 00563/01000 (56.30%) | loss: 6.664933 | lrm: 1.00 | dt: 199.57ms | tok/sec: 5,131 | bf16_mfu: 0.00 | epoch: 1 pq: 0 rg: 2 | total time: 2.00m | eta: 1.6m
step 00564/01000 (56.40%) | loss: 6.707532 | lrm: 1.00 | dt: 182.75ms | tok/sec: 5,603 | bf16_mfu: 0.00 | epoch: 1 pq: 0 rg: 2 | total time: 2.00m | eta: 1.6m
step 00565/01000 (56.50%) | loss: 6.771968 | lrm: 1.00 | dt: 233.19ms | tok/sec: 4,391 | bf16_mfu: 0.00 | epoch: 1 pq: 0 rg: 2 | total time: 2.01m | eta: 1.6m
step 00566/01000 (56.60%) | loss: 6.734576 | lrm: 1.00 | dt: 225.39ms | tok/sec: 4,543 | bf16_mfu: 0.00 | epoch: 1 pq: 0 rg: 2 | total time: 2.01m | eta: 1.6m
step 00567/01000 (56.70%) | loss: 6.708717 | lrm: 1.00 | dt: 213.84ms | tok/sec: 4,788 | bf16_mfu: 0.00 | epoch: 1 pq: 0 rg: 2 | total time: 2.02m | eta: 1.6m
step 00568/01000 (56.80%) | loss: 6.778839 | lrm: 1.00 | dt: 201.77ms | tok/sec: 5,075 | bf16_mfu: 0.00 | epoch: 1 pq: 0 rg: 2 | total time: 2.02m | eta: 1.6m
step 00569/01000 (56.90%) | loss: 6.782850 | lrm: 1.00 | dt: 229.44ms | tok/sec: 4,463 | bf16_mfu: 0.00 | epoch: 1 pq: 0 rg: 2 | total time: 2.02m | eta: 1.6m
step 00570/01000 (57.00%) | loss: 6.780427 | lrm: 1.00 | dt: 215.95ms | tok/sec: 4,741 | bf16_mfu: 0.00 | epoch: 1 pq: 0 rg: 2 | total time: 2.03m | eta: 1.6m
step 00571/01000 (57.10%) | loss: 6.721996 | lrm: 1.00 | dt: 237.50ms | tok/sec: 4,311 | bf16_mfu: 0.00 | epoch: 1 pq: 0 rg: 2 | total time: 2.03m | eta: 1.6m
step 00572/01000 (57.20%) | loss: 6.712697 | lrm: 1.00 | dt: 212.33ms | tok/sec: 4,822 | bf16_mfu: 0.00 | epoch: 1 pq: 0 rg: 2 | total time: 2.03m | eta: 1.5m
step 00573/01000 (57.30%) | loss: 6.682665 | lrm: 1.00 | dt: 249.81ms | tok/sec: 4,099 | bf16_mfu: 0.00 | epoch: 1 pq: 0 rg: 2 | total time: 2.04m | eta: 1.5m
step 00574/01000 (57.40%) | loss: 6.706251 | lrm: 1.00 | dt: 195.63ms | tok/sec: 5,234 | bf16_mfu: 0.00 | epoch: 1 pq: 0 rg: 2 | total time: 2.04m | eta: 1.5m
step 00575/01000 (57.50%) | loss: 6.695172 | lrm: 1.00 | dt: 395.77ms | tok/sec: 2,587 | bf16_mfu: 0.00 | epoch: 1 pq: 0 rg: 2 | total time: 2.05m | eta: 1.5m
step 00576/01000 (57.60%) | loss: 6.677108 | lrm: 1.00 | dt: 201.45ms | tok/sec: 5,083 | bf16_mfu: 0.00 | epoch: 1 pq: 0 rg: 2 | total time: 2.05m | eta: 1.5m
step 00577/01000 (57.70%) | loss: 6.709312 | lrm: 1.00 | dt: 181.43ms | tok/sec: 5,644 | bf16_mfu: 0.00 | epoch: 1 pq: 0 rg: 2 | total time: 2.05m | eta: 1.5m
step 00578/01000 (57.80%) | loss: 6.670327 | lrm: 1.00 | dt: 191.88ms | tok/sec: 5,336 | bf16_mfu: 0.00 | epoch: 1 pq: 0 rg: 2 | total time: 2.06m | eta: 1.5m
step 00579/01000 (57.90%) | loss: 6.655568 | lrm: 1.00 | dt: 172.94ms | tok/sec: 5,921 | bf16_mfu: 0.00 | epoch: 1 pq: 0 rg: 2 | total time: 2.06m | eta: 1.5m
step 00580/01000 (58.00%) | loss: 6.643253 | lrm: 1.00 | dt: 182.65ms | tok/sec: 5,606 | bf16_mfu: 0.00 | epoch: 1 pq: 0 rg: 2 | total time: 2.06m | eta: 1.5m
step 00581/01000 (58.10%) | loss: 6.723972 | lrm: 1.00 | dt: 187.62ms | tok/sec: 5,457 | bf16_mfu: 0.00 | epoch: 1 pq: 0 rg: 2 | total time: 2.07m | eta: 1.5m
step 00582/01000 (58.20%) | loss: 6.675568 | lrm: 1.00 | dt: 196.66ms | tok/sec: 5,206 | bf16_mfu: 0.00 | epoch: 1 pq: 0 rg: 2 | total time: 2.07m | eta: 1.5m
step 00583/01000 (58.30%) | loss: 6.728479 | lrm: 1.00 | dt: 232.47ms | tok/sec: 4,404 | bf16_mfu: 0.00 | epoch: 1 pq: 0 rg: 2 | total time: 2.07m | eta: 1.5m
step 00584/01000 (58.40%) | loss: 6.723519 | lrm: 1.00 | dt: 228.95ms | tok/sec: 4,472 | bf16_mfu: 0.00 | epoch: 1 pq: 0 rg: 2 | total time: 2.08m | eta: 1.5m
step 00585/01000 (58.50%) | loss: 6.717103 | lrm: 1.00 | dt: 211.73ms | tok/sec: 4,836 | bf16_mfu: 0.00 | epoch: 1 pq: 0 rg: 2 | total time: 2.08m | eta: 1.5m
step 00586/01000 (58.60%) | loss: 6.770607 | lrm: 1.00 | dt: 220.46ms | tok/sec: 4,644 | bf16_mfu: 0.00 | epoch: 1 pq: 0 rg: 2 | total time: 2.08m | eta: 1.5m
step 00587/01000 (58.70%) | loss: 6.748537 | lrm: 1.00 | dt: 219.84ms | tok/sec: 4,657 | bf16_mfu: 0.00 | epoch: 1 pq: 0 rg: 2 | total time: 2.09m | eta: 1.5m
step 00588/01000 (58.80%) | loss: 6.772972 | lrm: 1.00 | dt: 178.88ms | tok/sec: 5,724 | bf16_mfu: 0.00 | epoch: 1 pq: 0 rg: 2 | total time: 2.09m | eta: 1.5m
step 00589/01000 (58.90%) | loss: 6.749850 | lrm: 1.00 | dt: 244.61ms | tok/sec: 4,186 | bf16_mfu: 0.00 | epoch: 1 pq: 0 rg: 2 | total time: 2.10m | eta: 1.5m
step 00590/01000 (59.00%) | loss: 6.764368 | lrm: 1.00 | dt: 201.20ms | tok/sec: 5,089 | bf16_mfu: 0.00 | epoch: 1 pq: 0 rg: 2 | total time: 2.10m | eta: 1.5m
step 00591/01000 (59.10%) | loss: 6.829781 | lrm: 1.00 | dt: 368.44ms | tok/sec: 2,779 | bf16_mfu: 0.00 | epoch: 1 pq: 0 rg: 2 | total time: 2.10m | eta: 1.5m
step 00592/01000 (59.20%) | loss: 6.811180 | lrm: 1.00 | dt: 170.92ms | tok/sec: 5,990 | bf16_mfu: 0.00 | epoch: 1 pq: 0 rg: 2 | total time: 2.11m | eta: 1.5m
step 00593/01000 (59.30%) | loss: 6.780222 | lrm: 1.00 | dt: 258.47ms | tok/sec: 3,961 | bf16_mfu: 0.00 | epoch: 1 pq: 0 rg: 2 | total time: 2.11m | eta: 1.5m
step 00594/01000 (59.40%) | loss: 6.774200 | lrm: 1.00 | dt: 172.11ms | tok/sec: 5,949 | bf16_mfu: 0.00 | epoch: 1 pq: 0 rg: 2 | total time: 2.11m | eta: 1.5m
step 00595/01000 (59.50%) | loss: 6.808624 | lrm: 1.00 | dt: 221.16ms | tok/sec: 4,630 | bf16_mfu: 0.00 | epoch: 1 pq: 0 rg: 2 | total time: 2.12m | eta: 1.5m
step 00596/01000 (59.60%) | loss: 6.855687 | lrm: 1.00 | dt: 223.32ms | tok/sec: 4,585 | bf16_mfu: 0.00 | epoch: 1 pq: 0 rg: 2 | total time: 2.12m | eta: 1.5m
step 00597/01000 (59.70%) | loss: 6.834351 | lrm: 1.00 | dt: 215.06ms | tok/sec: 4,761 | bf16_mfu: 0.00 | epoch: 1 pq: 0 rg: 2 | total time: 2.13m | eta: 1.5m
step 00598/01000 (59.80%) | loss: 6.879865 | lrm: 1.00 | dt: 215.61ms | tok/sec: 4,749 | bf16_mfu: 0.00 | epoch: 1 pq: 0 rg: 2 | total time: 2.13m | eta: 1.5m
step 00599/01000 (59.90%) | loss: 6.919358 | lrm: 1.00 | dt: 195.00ms | tok/sec: 5,251 | bf16_mfu: 0.00 | epoch: 1 pq: 0 rg: 2 | total time: 2.13m | eta: 1.5m
step 00600/01000 (60.00%) | loss: 6.966415 | lrm: 1.00 | dt: 215.88ms | tok/sec: 4,743 | bf16_mfu: 0.00 | epoch: 1 pq: 0 rg: 2 | total time: 2.14m | eta: 1.4m
step 00601/01000 (60.10%) | loss: 6.920970 | lrm: 1.00 | dt: 232.24ms | tok/sec: 4,409 | bf16_mfu: 0.00 | epoch: 1 pq: 0 rg: 2 | total time: 2.14m | eta: 1.4m
step 00602/01000 (60.20%) | loss: 6.857150 | lrm: 1.00 | dt: 227.72ms | tok/sec: 4,496 | bf16_mfu: 0.00 | epoch: 1 pq: 0 rg: 2 | total time: 2.14m | eta: 1.4m
step 00603/01000 (60.30%) | loss: 6.866121 | lrm: 1.00 | dt: 220.14ms | tok/sec: 4,651 | bf16_mfu: 0.00 | epoch: 1 pq: 0 rg: 2 | total time: 2.15m | eta: 1.4m
step 00604/01000 (60.40%) | loss: 6.874035 | lrm: 1.00 | dt: 397.49ms | tok/sec: 2,576 | bf16_mfu: 0.00 | epoch: 1 pq: 0 rg: 2 | total time: 2.15m | eta: 1.4m
step 00605/01000 (60.50%) | loss: 6.858976 | lrm: 1.00 | dt: 228.41ms | tok/sec: 4,483 | bf16_mfu: 0.00 | epoch: 1 pq: 0 rg: 2 | total time: 2.16m | eta: 1.4m
step 00606/01000 (60.60%) | loss: 6.835543 | lrm: 1.00 | dt: 297.23ms | tok/sec: 3,445 | bf16_mfu: 0.00 | epoch: 1 pq: 0 rg: 2 | total time: 2.16m | eta: 1.4m
step 00607/01000 (60.70%) | loss: 6.868164 | lrm: 1.00 | dt: 183.80ms | tok/sec: 5,571 | bf16_mfu: 0.00 | epoch: 1 pq: 0 rg: 2 | total time: 2.17m | eta: 1.4m
step 00608/01000 (60.80%) | loss: 6.870087 | lrm: 1.00 | dt: 220.20ms | tok/sec: 4,650 | bf16_mfu: 0.00 | epoch: 1 pq: 0 rg: 2 | total time: 2.17m | eta: 1.4m
step 00609/01000 (60.90%) | loss: 6.856215 | lrm: 1.00 | dt: 179.85ms | tok/sec: 5,693 | bf16_mfu: 0.00 | epoch: 1 pq: 0 rg: 2 | total time: 2.17m | eta: 1.4m
step 00610/01000 (61.00%) | loss: 6.879735 | lrm: 1.00 | dt: 187.31ms | tok/sec: 5,466 | bf16_mfu: 0.00 | epoch: 1 pq: 0 rg: 2 | total time: 2.18m | eta: 1.4m
step 00611/01000 (61.10%) | loss: 6.860868 | lrm: 1.00 | dt: 181.81ms | tok/sec: 5,632 | bf16_mfu: 0.00 | epoch: 1 pq: 0 rg: 2 | total time: 2.18m | eta: 1.4m
step 00612/01000 (61.20%) | loss: 6.783977 | lrm: 1.00 | dt: 173.02ms | tok/sec: 5,918 | bf16_mfu: 0.00 | epoch: 1 pq: 0 rg: 2 | total time: 2.18m | eta: 1.4m
step 00613/01000 (61.30%) | loss: 6.735278 | lrm: 1.00 | dt: 304.40ms | tok/sec: 3,364 | bf16_mfu: 0.00 | epoch: 1 pq: 0 rg: 2 | total time: 2.19m | eta: 1.4m
step 00614/01000 (61.40%) | loss: 6.618755 | lrm: 1.00 | dt: 152.95ms | tok/sec: 6,695 | bf16_mfu: 0.00 | epoch: 1 pq: 0 rg: 2 | total time: 2.19m | eta: 1.4m
step 00615/01000 (61.50%) | loss: 6.629649 | lrm: 1.00 | dt: 194.14ms | tok/sec: 5,274 | bf16_mfu: 0.00 | epoch: 1 pq: 0 rg: 2 | total time: 2.19m | eta: 1.4m
step 00616/01000 (61.60%) | loss: 6.529732 | lrm: 1.00 | dt: 185.54ms | tok/sec: 5,519 | bf16_mfu: 0.00 | epoch: 1 pq: 0 rg: 2 | total time: 2.20m | eta: 1.4m
step 00617/01000 (61.70%) | loss: 6.498144 | lrm: 1.00 | dt: 178.38ms | tok/sec: 5,740 | bf16_mfu: 0.00 | epoch: 1 pq: 0 rg: 2 | total time: 2.20m | eta: 1.4m
step 00618/01000 (61.80%) | loss: 6.585648 | lrm: 1.00 | dt: 253.21ms | tok/sec: 4,043 | bf16_mfu: 0.00 | epoch: 1 pq: 0 rg: 3 | total time: 2.20m | eta: 1.4m
step 00619/01000 (61.90%) | loss: 6.611192 | lrm: 1.00 | dt: 179.22ms | tok/sec: 5,713 | bf16_mfu: 0.00 | epoch: 1 pq: 0 rg: 3 | total time: 2.21m | eta: 1.4m
step 00620/01000 (62.00%) | loss: 6.646775 | lrm: 1.00 | dt: 218.87ms | tok/sec: 4,678 | bf16_mfu: 0.00 | epoch: 1 pq: 0 rg: 3 | total time: 2.21m | eta: 1.4m
step 00621/01000 (62.10%) | loss: 6.689723 | lrm: 1.00 | dt: 203.51ms | tok/sec: 5,031 | bf16_mfu: 0.00 | epoch: 1 pq: 0 rg: 3 | total time: 2.21m | eta: 1.4m
step 00622/01000 (62.20%) | loss: 6.654563 | lrm: 1.00 | dt: 223.44ms | tok/sec: 4,582 | bf16_mfu: 0.00 | epoch: 1 pq: 0 rg: 3 | total time: 2.22m | eta: 1.4m
step 00623/01000 (62.30%) | loss: 6.675609 | lrm: 1.00 | dt: 213.88ms | tok/sec: 4,787 | bf16_mfu: 0.00 | epoch: 1 pq: 0 rg: 3 | total time: 2.22m | eta: 1.4m
step 00624/01000 (62.40%) | loss: 6.695252 | lrm: 1.00 | dt: 214.44ms | tok/sec: 4,775 | bf16_mfu: 0.00 | epoch: 1 pq: 0 rg: 3 | total time: 2.22m | eta: 1.4m
step 00625/01000 (62.50%) | loss: 6.669356 | lrm: 1.00 | dt: 245.01ms | tok/sec: 4,179 | bf16_mfu: 0.00 | epoch: 1 pq: 0 rg: 3 | total time: 2.23m | eta: 1.4m
step 00626/01000 (62.60%) | loss: 6.740768 | lrm: 1.00 | dt: 195.66ms | tok/sec: 5,233 | bf16_mfu: 0.00 | epoch: 1 pq: 0 rg: 3 | total time: 2.23m | eta: 1.4m
step 00627/01000 (62.70%) | loss: 6.720146 | lrm: 1.00 | dt: 225.66ms | tok/sec: 4,537 | bf16_mfu: 0.00 | epoch: 1 pq: 0 rg: 3 | total time: 2.23m | eta: 1.4m
step 00628/01000 (62.80%) | loss: 6.644172 | lrm: 1.00 | dt: 247.30ms | tok/sec: 4,140 | bf16_mfu: 0.00 | epoch: 1 pq: 0 rg: 3 | total time: 2.24m | eta: 1.3m
step 00629/01000 (62.90%) | loss: 6.648637 | lrm: 1.00 | dt: 444.15ms | tok/sec: 2,305 | bf16_mfu: 0.00 | epoch: 1 pq: 0 rg: 3 | total time: 2.25m | eta: 1.3m
step 00630/01000 (63.00%) | loss: 6.681166 | lrm: 1.00 | dt: 239.11ms | tok/sec: 4,282 | bf16_mfu: 0.00 | epoch: 1 pq: 0 rg: 3 | total time: 2.25m | eta: 1.3m
step 00631/01000 (63.10%) | loss: 6.677415 | lrm: 1.00 | dt: 183.67ms | tok/sec: 5,575 | bf16_mfu: 0.00 | epoch: 1 pq: 0 rg: 3 | total time: 2.25m | eta: 1.3m
step 00632/01000 (63.20%) | loss: 6.642869 | lrm: 1.00 | dt: 167.54ms | tok/sec: 6,111 | bf16_mfu: 0.00 | epoch: 1 pq: 0 rg: 3 | total time: 2.26m | eta: 1.3m
step 00633/01000 (63.30%) | loss: 6.669151 | lrm: 1.00 | dt: 210.21ms | tok/sec: 4,871 | bf16_mfu: 0.00 | epoch: 1 pq: 0 rg: 3 | total time: 2.26m | eta: 1.3m
step 00634/01000 (63.40%) | loss: 6.644705 | lrm: 1.00 | dt: 202.71ms | tok/sec: 5,051 | bf16_mfu: 0.00 | epoch: 1 pq: 0 rg: 3 | total time: 2.26m | eta: 1.3m
step 00635/01000 (63.50%) | loss: 6.609104 | lrm: 1.00 | dt: 179.28ms | tok/sec: 5,711 | bf16_mfu: 0.00 | epoch: 1 pq: 0 rg: 3 | total time: 2.27m | eta: 1.3m
step 00636/01000 (63.60%) | loss: 6.667139 | lrm: 1.00 | dt: 189.48ms | tok/sec: 5,404 | bf16_mfu: 0.00 | epoch: 1 pq: 0 rg: 3 | total time: 2.27m | eta: 1.3m
step 00637/01000 (63.70%) | loss: 6.581535 | lrm: 1.00 | dt: 183.20ms | tok/sec: 5,589 | bf16_mfu: 0.00 | epoch: 1 pq: 0 rg: 3 | total time: 2.27m | eta: 1.3m
step 00638/01000 (63.80%) | loss: 6.570812 | lrm: 1.00 | dt: 192.31ms | tok/sec: 5,324 | bf16_mfu: 0.00 | epoch: 1 pq: 0 rg: 3 | total time: 2.28m | eta: 1.3m
step 00639/01000 (63.90%) | loss: 6.570362 | lrm: 1.00 | dt: 182.69ms | tok/sec: 5,605 | bf16_mfu: 0.00 | epoch: 1 pq: 0 rg: 3 | total time: 2.28m | eta: 1.3m
step 00640/01000 (64.00%) | loss: 6.507719 | lrm: 1.00 | dt: 207.24ms | tok/sec: 4,941 | bf16_mfu: 0.00 | epoch: 1 pq: 0 rg: 3 | total time: 2.28m | eta: 1.3m
step 00641/01000 (64.10%) | loss: 6.479600 | lrm: 1.00 | dt: 234.84ms | tok/sec: 4,360 | bf16_mfu: 0.00 | epoch: 1 pq: 0 rg: 3 | total time: 2.29m | eta: 1.3m
step 00642/01000 (64.20%) | loss: 6.555492 | lrm: 1.00 | dt: 218.86ms | tok/sec: 4,678 | bf16_mfu: 0.00 | epoch: 1 pq: 0 rg: 3 | total time: 2.29m | eta: 1.3m
step 00643/01000 (64.30%) | loss: 6.546865 | lrm: 1.00 | dt: 251.97ms | tok/sec: 4,063 | bf16_mfu: 0.00 | epoch: 1 pq: 0 rg: 3 | total time: 2.29m | eta: 1.3m
step 00644/01000 (64.40%) | loss: 6.541287 | lrm: 1.00 | dt: 233.35ms | tok/sec: 4,388 | bf16_mfu: 0.00 | epoch: 1 pq: 0 rg: 3 | total time: 2.30m | eta: 1.3m
step 00645/01000 (64.50%) | loss: 6.565903 | lrm: 1.00 | dt: 375.63ms | tok/sec: 2,726 | bf16_mfu: 0.00 | epoch: 1 pq: 0 rg: 3 | total time: 2.30m | eta: 1.3m
step 00646/01000 (64.60%) | loss: 6.611520 | lrm: 1.00 | dt: 265.52ms | tok/sec: 3,856 | bf16_mfu: 0.00 | epoch: 1 pq: 0 rg: 3 | total time: 2.31m | eta: 1.3m
step 00647/01000 (64.70%) | loss: 6.636288 | lrm: 1.00 | dt: 181.67ms | tok/sec: 5,636 | bf16_mfu: 0.00 | epoch: 1 pq: 0 rg: 3 | total time: 2.31m | eta: 1.3m
step 00648/01000 (64.80%) | loss: 6.633000 | lrm: 1.00 | dt: 242.20ms | tok/sec: 4,227 | bf16_mfu: 0.00 | epoch: 1 pq: 0 rg: 3 | total time: 2.32m | eta: 1.3m
step 00649/01000 (64.90%) | loss: 6.641682 | lrm: 1.00 | dt: 188.48ms | tok/sec: 5,432 | bf16_mfu: 0.00 | epoch: 1 pq: 0 rg: 3 | total time: 2.32m | eta: 1.3m
step 00650/01000 (65.00%) | loss: 6.659811 | lrm: 1.00 | dt: 219.73ms | tok/sec: 4,660 | bf16_mfu: 0.00 | epoch: 1 pq: 0 rg: 3 | total time: 2.32m | eta: 1.3m
step 00651/01000 (65.10%) | loss: 6.688622 | lrm: 1.00 | dt: 210.34ms | tok/sec: 4,868 | bf16_mfu: 0.00 | epoch: 1 pq: 0 rg: 3 | total time: 2.33m | eta: 1.3m
step 00652/01000 (65.20%) | loss: 6.682084 | lrm: 1.00 | dt: 213.97ms | tok/sec: 4,785 | bf16_mfu: 0.00 | epoch: 1 pq: 0 rg: 3 | total time: 2.33m | eta: 1.3m
step 00653/01000 (65.30%) | loss: 6.694175 | lrm: 1.00 | dt: 172.70ms | tok/sec: 5,929 | bf16_mfu: 0.00 | epoch: 1 pq: 0 rg: 3 | total time: 2.33m | eta: 1.3m
step 00654/01000 (65.40%) | loss: 6.706510 | lrm: 1.00 | dt: 216.13ms | tok/sec: 4,737 | bf16_mfu: 0.00 | epoch: 1 pq: 0 rg: 3 | total time: 2.34m | eta: 1.3m
step 00655/01000 (65.50%) | loss: 6.713444 | lrm: 1.00 | dt: 189.24ms | tok/sec: 5,410 | bf16_mfu: 0.00 | epoch: 1 pq: 0 rg: 3 | total time: 2.34m | eta: 1.3m
step 00656/01000 (65.60%) | loss: 6.709088 | lrm: 1.00 | dt: 174.03ms | tok/sec: 5,884 | bf16_mfu: 0.00 | epoch: 1 pq: 0 rg: 3 | total time: 2.34m | eta: 1.2m
step 00657/01000 (65.70%) | loss: 6.716531 | lrm: 1.00 | dt: 216.39ms | tok/sec: 4,732 | bf16_mfu: 0.00 | epoch: 1 pq: 0 rg: 3 | total time: 2.35m | eta: 1.2m
step 00658/01000 (65.80%) | loss: 6.721284 | lrm: 1.00 | dt: 419.83ms | tok/sec: 2,439 | bf16_mfu: 0.00 | epoch: 1 pq: 0 rg: 3 | total time: 2.35m | eta: 1.2m
step 00659/01000 (65.90%) | loss: 6.663990 | lrm: 1.00 | dt: 152.50ms | tok/sec: 6,714 | bf16_mfu: 0.00 | epoch: 1 pq: 0 rg: 3 | total time: 2.36m | eta: 1.2m
step 00660/01000 (66.00%) | loss: 6.632950 | lrm: 1.00 | dt: 168.91ms | tok/sec: 6,062 | bf16_mfu: 0.00 | epoch: 1 pq: 0 rg: 3 | total time: 2.36m | eta: 1.2m
step 00661/01000 (66.10%) | loss: 6.658087 | lrm: 1.00 | dt: 253.34ms | tok/sec: 4,042 | bf16_mfu: 0.00 | epoch: 1 pq: 0 rg: 3 | total time: 2.36m | eta: 1.2m
step 00662/01000 (66.20%) | loss: 6.705890 | lrm: 1.00 | dt: 181.34ms | tok/sec: 5,646 | bf16_mfu: 0.00 | epoch: 1 pq: 0 rg: 3 | total time: 2.37m | eta: 1.2m
step 00663/01000 (66.30%) | loss: 6.737161 | lrm: 1.00 | dt: 187.50ms | tok/sec: 5,461 | bf16_mfu: 0.00 | epoch: 1 pq: 0 rg: 3 | total time: 2.37m | eta: 1.2m
step 00664/01000 (66.40%) | loss: 6.739015 | lrm: 1.00 | dt: 209.22ms | tok/sec: 4,894 | bf16_mfu: 0.00 | epoch: 1 pq: 0 rg: 3 | total time: 2.37m | eta: 1.2m
step 00665/01000 (66.50%) | loss: 6.697130 | lrm: 1.00 | dt: 180.83ms | tok/sec: 5,662 | bf16_mfu: 0.00 | epoch: 1 pq: 0 rg: 3 | total time: 2.37m | eta: 1.2m
step 00666/01000 (66.60%) | loss: 6.655917 | lrm: 1.00 | dt: 249.45ms | tok/sec: 4,105 | bf16_mfu: 0.00 | epoch: 1 pq: 0 rg: 3 | total time: 2.38m | eta: 1.2m
step 00667/01000 (66.70%) | loss: 6.627307 | lrm: 1.00 | dt: 199.15ms | tok/sec: 5,141 | bf16_mfu: 0.00 | epoch: 1 pq: 0 rg: 3 | total time: 2.38m | eta: 1.2m
step 00668/01000 (66.80%) | loss: 6.626494 | lrm: 1.00 | dt: 194.62ms | tok/sec: 5,261 | bf16_mfu: 0.00 | epoch: 1 pq: 0 rg: 3 | total time: 2.39m | eta: 1.2m
step 00669/01000 (66.90%) | loss: 6.618263 | lrm: 1.00 | dt: 195.26ms | tok/sec: 5,244 | bf16_mfu: 0.00 | epoch: 1 pq: 0 rg: 3 | total time: 2.39m | eta: 1.2m
step 00670/01000 (67.00%) | loss: 6.595680 | lrm: 1.00 | dt: 197.09ms | tok/sec: 5,195 | bf16_mfu: 0.00 | epoch: 1 pq: 0 rg: 3 | total time: 2.39m | eta: 1.2m
step 00671/01000 (67.10%) | loss: 6.639981 | lrm: 1.00 | dt: 226.87ms | tok/sec: 4,513 | bf16_mfu: 0.00 | epoch: 1 pq: 0 rg: 3 | total time: 2.40m | eta: 1.2m
step 00672/01000 (67.20%) | loss: 6.636349 | lrm: 1.00 | dt: 191.31ms | tok/sec: 5,352 | bf16_mfu: 0.00 | epoch: 1 pq: 0 rg: 3 | total time: 2.40m | eta: 1.2m
step 00673/01000 (67.30%) | loss: 6.617272 | lrm: 1.00 | dt: 208.24ms | tok/sec: 4,917 | bf16_mfu: 0.00 | epoch: 1 pq: 0 rg: 3 | total time: 2.40m | eta: 1.2m
step 00674/01000 (67.40%) | loss: 6.669598 | lrm: 1.00 | dt: 235.68ms | tok/sec: 4,344 | bf16_mfu: 0.00 | epoch: 1 pq: 0 rg: 3 | total time: 2.41m | eta: 1.2m
step 00675/01000 (67.50%) | loss: 6.669599 | lrm: 1.00 | dt: 224.68ms | tok/sec: 4,557 | bf16_mfu: 0.00 | epoch: 1 pq: 0 rg: 3 | total time: 2.41m | eta: 1.2m
step 00676/01000 (67.60%) | loss: 6.763494 | lrm: 1.00 | dt: 223.68ms | tok/sec: 4,577 | bf16_mfu: 0.00 | epoch: 1 pq: 0 rg: 3 | total time: 2.41m | eta: 1.2m
step 00677/01000 (67.70%) | loss: 6.735074 | lrm: 1.00 | dt: 225.10ms | tok/sec: 4,548 | bf16_mfu: 0.00 | epoch: 1 pq: 0 rg: 3 | total time: 2.42m | eta: 1.2m
step 00678/01000 (67.80%) | loss: 6.702389 | lrm: 1.00 | dt: 242.07ms | tok/sec: 4,230 | bf16_mfu: 0.00 | epoch: 1 pq: 0 rg: 3 | total time: 2.42m | eta: 1.2m
step 00679/01000 (67.90%) | loss: 6.713407 | lrm: 1.00 | dt: 206.75ms | tok/sec: 4,952 | bf16_mfu: 0.00 | epoch: 1 pq: 0 rg: 3 | total time: 2.43m | eta: 1.2m
step 00680/01000 (68.00%) | loss: 6.779601 | lrm: 1.00 | dt: 392.28ms | tok/sec: 2,610 | bf16_mfu: 0.00 | epoch: 1 pq: 0 rg: 3 | total time: 2.43m | eta: 1.2m
step 00681/01000 (68.10%) | loss: 6.740561 | lrm: 1.00 | dt: 222.42ms | tok/sec: 4,603 | bf16_mfu: 0.00 | epoch: 1 pq: 0 rg: 3 | total time: 2.44m | eta: 1.2m
step 00682/01000 (68.20%) | loss: 6.747940 | lrm: 1.00 | dt: 197.98ms | tok/sec: 5,172 | bf16_mfu: 0.00 | epoch: 1 pq: 0 rg: 3 | total time: 2.44m | eta: 1.2m
step 00683/01000 (68.30%) | loss: 6.711972 | lrm: 1.00 | dt: 228.09ms | tok/sec: 4,489 | bf16_mfu: 0.00 | epoch: 1 pq: 0 rg: 3 | total time: 2.44m | eta: 1.2m
step 00684/01000 (68.40%) | loss: 6.659020 | lrm: 1.00 | dt: 193.32ms | tok/sec: 5,296 | bf16_mfu: 0.00 | epoch: 1 pq: 0 rg: 3 | total time: 2.45m | eta: 1.1m
step 00685/01000 (68.50%) | loss: 6.590531 | lrm: 1.00 | dt: 180.62ms | tok/sec: 5,669 | bf16_mfu: 0.00 | epoch: 1 pq: 0 rg: 3 | total time: 2.45m | eta: 1.1m
step 00686/01000 (68.60%) | loss: 6.643545 | lrm: 1.00 | dt: 193.98ms | tok/sec: 5,278 | bf16_mfu: 0.00 | epoch: 1 pq: 0 rg: 3 | total time: 2.45m | eta: 1.1m
step 00687/01000 (68.70%) | loss: 6.614735 | lrm: 1.00 | dt: 200.10ms | tok/sec: 5,117 | bf16_mfu: 0.00 | epoch: 1 pq: 0 rg: 3 | total time: 2.46m | eta: 1.1m
step 00688/01000 (68.80%) | loss: 6.638842 | lrm: 1.00 | dt: 206.13ms | tok/sec: 4,967 | bf16_mfu: 0.00 | epoch: 1 pq: 0 rg: 3 | total time: 2.46m | eta: 1.1m
step 00689/01000 (68.90%) | loss: 6.671749 | lrm: 1.00 | dt: 197.25ms | tok/sec: 5,191 | bf16_mfu: 0.00 | epoch: 1 pq: 0 rg: 3 | total time: 2.46m | eta: 1.1m
step 00690/01000 (69.00%) | loss: 6.624646 | lrm: 1.00 | dt: 208.05ms | tok/sec: 4,921 | bf16_mfu: 0.00 | epoch: 1 pq: 0 rg: 3 | total time: 2.47m | eta: 1.1m
step 00691/01000 (69.10%) | loss: 6.666028 | lrm: 1.00 | dt: 373.19ms | tok/sec: 2,743 | bf16_mfu: 0.00 | epoch: 1 pq: 0 rg: 3 | total time: 2.47m | eta: 1.1m
step 00692/01000 (69.20%) | loss: 6.617496 | lrm: 1.00 | dt: 223.79ms | tok/sec: 4,575 | bf16_mfu: 0.00 | epoch: 1 pq: 0 rg: 3 | total time: 2.48m | eta: 1.1m
step 00693/01000 (69.30%) | loss: 6.645879 | lrm: 1.00 | dt: 211.54ms | tok/sec: 4,840 | bf16_mfu: 0.00 | epoch: 1 pq: 0 rg: 3 | total time: 2.48m | eta: 1.1m
step 00694/01000 (69.40%) | loss: 6.609959 | lrm: 1.00 | dt: 238.53ms | tok/sec: 4,292 | bf16_mfu: 0.00 | epoch: 1 pq: 0 rg: 3 | total time: 2.48m | eta: 1.1m
step 00695/01000 (69.50%) | loss: 6.618057 | lrm: 1.00 | dt: 227.61ms | tok/sec: 4,498 | bf16_mfu: 0.00 | epoch: 1 pq: 0 rg: 3 | total time: 2.49m | eta: 1.1m
step 00696/01000 (69.60%) | loss: 6.682919 | lrm: 1.00 | dt: 217.13ms | tok/sec: 4,716 | bf16_mfu: 0.00 | epoch: 1 pq: 0 rg: 3 | total time: 2.49m | eta: 1.1m
step 00697/01000 (69.70%) | loss: 6.569380 | lrm: 1.00 | dt: 208.43ms | tok/sec: 4,912 | bf16_mfu: 0.00 | epoch: 1 pq: 0 rg: 3 | total time: 2.49m | eta: 1.1m
step 00698/01000 (69.80%) | loss: 6.632015 | lrm: 1.00 | dt: 221.57ms | tok/sec: 4,621 | bf16_mfu: 0.00 | epoch: 1 pq: 0 rg: 3 | total time: 2.50m | eta: 1.1m
step 00699/01000 (69.90%) | loss: 6.646503 | lrm: 1.00 | dt: 237.33ms | tok/sec: 4,314 | bf16_mfu: 0.00 | epoch: 1 pq: 0 rg: 3 | total time: 2.50m | eta: 1.1m
step 00700/01000 (70.00%) | loss: 6.687356 | lrm: 1.00 | dt: 227.96ms | tok/sec: 4,491 | bf16_mfu: 0.00 | epoch: 1 pq: 0 rg: 3 | total time: 2.51m | eta: 1.1m
step 00701/01000 (70.10%) | loss: 6.630075 | lrm: 1.00 | dt: 223.85ms | tok/sec: 4,574 | bf16_mfu: 0.00 | epoch: 1 pq: 0 rg: 3 | total time: 2.51m | eta: 1.1m
step 00702/01000 (70.20%) | loss: 6.622525 | lrm: 1.00 | dt: 239.56ms | tok/sec: 4,274 | bf16_mfu: 0.00 | epoch: 1 pq: 0 rg: 3 | total time: 2.51m | eta: 1.1m
step 00703/01000 (70.30%) | loss: 6.655333 | lrm: 1.00 | dt: 381.02ms | tok/sec: 2,687 | bf16_mfu: 0.00 | epoch: 1 pq: 0 rg: 3 | total time: 2.52m | eta: 1.1m
step 00704/01000 (70.40%) | loss: 6.669179 | lrm: 1.00 | dt: 191.58ms | tok/sec: 5,344 | bf16_mfu: 0.00 | epoch: 1 pq: 0 rg: 3 | total time: 2.52m | eta: 1.1m
step 00705/01000 (70.50%) | loss: 6.630152 | lrm: 1.00 | dt: 233.02ms | tok/sec: 4,394 | bf16_mfu: 0.00 | epoch: 1 pq: 0 rg: 3 | total time: 2.53m | eta: 1.1m
step 00706/01000 (70.60%) | loss: 6.501049 | lrm: 1.00 | dt: 241.68ms | tok/sec: 4,237 | bf16_mfu: 0.00 | epoch: 1 pq: 0 rg: 3 | total time: 2.53m | eta: 1.1m
step 00707/01000 (70.70%) | loss: 6.470418 | lrm: 1.00 | dt: 173.35ms | tok/sec: 5,907 | bf16_mfu: 0.00 | epoch: 1 pq: 0 rg: 3 | total time: 2.53m | eta: 1.1m
step 00708/01000 (70.80%) | loss: 6.528087 | lrm: 1.00 | dt: 186.25ms | tok/sec: 5,497 | bf16_mfu: 0.00 | epoch: 1 pq: 0 rg: 3 | total time: 2.54m | eta: 1.1m
step 00709/01000 (70.90%) | loss: 6.530266 | lrm: 1.00 | dt: 193.54ms | tok/sec: 5,290 | bf16_mfu: 0.00 | epoch: 1 pq: 0 rg: 3 | total time: 2.54m | eta: 1.1m
step 00710/01000 (71.00%) | loss: 6.503451 | lrm: 1.00 | dt: 208.94ms | tok/sec: 4,901 | bf16_mfu: 0.00 | epoch: 1 pq: 0 rg: 3 | total time: 2.54m | eta: 1.1m
step 00711/01000 (71.10%) | loss: 6.466724 | lrm: 1.00 | dt: 175.97ms | tok/sec: 5,819 | bf16_mfu: 0.00 | epoch: 1 pq: 0 rg: 3 | total time: 2.55m | eta: 1.0m
step 00712/01000 (71.20%) | loss: 6.517070 | lrm: 1.00 | dt: 182.50ms | tok/sec: 5,610 | bf16_mfu: 0.00 | epoch: 1 pq: 0 rg: 3 | total time: 2.55m | eta: 1.0m
step 00713/01000 (71.30%) | loss: 6.521296 | lrm: 1.00 | dt: 321.22ms | tok/sec: 3,187 | bf16_mfu: 0.00 | epoch: 1 pq: 0 rg: 3 | total time: 2.55m | eta: 1.0m
step 00714/01000 (71.40%) | loss: 6.546881 | lrm: 1.00 | dt: 162.60ms | tok/sec: 6,297 | bf16_mfu: 0.00 | epoch: 1 pq: 0 rg: 3 | total time: 2.56m | eta: 1.0m
step 00715/01000 (71.50%) | loss: 6.507894 | lrm: 1.00 | dt: 191.41ms | tok/sec: 5,349 | bf16_mfu: 0.00 | epoch: 1 pq: 0 rg: 3 | total time: 2.56m | eta: 1.0m
step 00716/01000 (71.60%) | loss: 6.555213 | lrm: 1.00 | dt: 184.42ms | tok/sec: 5,552 | bf16_mfu: 0.00 | epoch: 1 pq: 0 rg: 3 | total time: 2.56m | eta: 1.0m
step 00717/01000 (71.70%) | loss: 6.537353 | lrm: 1.00 | dt: 222.77ms | tok/sec: 4,596 | bf16_mfu: 0.00 | epoch: 1 pq: 0 rg: 3 | total time: 2.57m | eta: 1.0m
step 00718/01000 (71.80%) | loss: 6.548569 | lrm: 1.00 | dt: 167.88ms | tok/sec: 6,099 | bf16_mfu: 0.00 | epoch: 1 pq: 0 rg: 3 | total time: 2.57m | eta: 1.0m
step 00719/01000 (71.90%) | loss: 6.560747 | lrm: 1.00 | dt: 218.80ms | tok/sec: 4,680 | bf16_mfu: 0.00 | epoch: 1 pq: 0 rg: 3 | total time: 2.57m | eta: 1.0m
step 00720/01000 (72.00%) | loss: 6.553328 | lrm: 1.00 | dt: 210.76ms | tok/sec: 4,858 | bf16_mfu: 0.00 | epoch: 1 pq: 0 rg: 3 | total time: 2.58m | eta: 1.0m
step 00721/01000 (72.10%) | loss: 6.562011 | lrm: 1.00 | dt: 210.00ms | tok/sec: 4,876 | bf16_mfu: 0.00 | epoch: 1 pq: 0 rg: 3 | total time: 2.58m | eta: 1.0m
step 00722/01000 (72.20%) | loss: 6.538364 | lrm: 1.00 | dt: 230.05ms | tok/sec: 4,451 | bf16_mfu: 0.00 | epoch: 1 pq: 0 rg: 3 | total time: 2.58m | eta: 1.0m
step 00723/01000 (72.30%) | loss: 6.529571 | lrm: 1.00 | dt: 217.42ms | tok/sec: 4,709 | bf16_mfu: 0.00 | epoch: 1 pq: 0 rg: 3 | total time: 2.59m | eta: 1.0m
step 00724/01000 (72.40%) | loss: 6.500849 | lrm: 1.00 | dt: 240.02ms | tok/sec: 4,266 | bf16_mfu: 0.00 | epoch: 1 pq: 0 rg: 3 | total time: 2.59m | eta: 1.0m
step 00725/01000 (72.50%) | loss: 6.451861 | lrm: 1.00 | dt: 206.61ms | tok/sec: 4,956 | bf16_mfu: 0.00 | epoch: 1 pq: 0 rg: 3 | total time: 2.60m | eta: 1.0m
step 00726/01000 (72.60%) | loss: 6.542815 | lrm: 1.00 | dt: 252.59ms | tok/sec: 4,053 | bf16_mfu: 0.00 | epoch: 1 pq: 0 rg: 3 | total time: 2.60m | eta: 1.0m
step 00727/01000 (72.70%) | loss: 6.533269 | lrm: 1.00 | dt: 226.73ms | tok/sec: 4,516 | bf16_mfu: 0.00 | epoch: 1 pq: 0 rg: 3 | total time: 2.60m | eta: 1.0m
step 00728/01000 (72.80%) | loss: 6.527975 | lrm: 1.00 | dt: 223.33ms | tok/sec: 4,585 | bf16_mfu: 0.00 | epoch: 1 pq: 0 rg: 3 | total time: 2.61m | eta: 1.0m
step 00729/01000 (72.90%) | loss: 6.460526 | lrm: 1.00 | dt: 234.92ms | tok/sec: 4,358 | bf16_mfu: 0.00 | epoch: 1 pq: 0 rg: 3 | total time: 2.61m | eta: 1.0m
step 00730/01000 (73.00%) | loss: 6.452949 | lrm: 1.00 | dt: 215.72ms | tok/sec: 4,746 | bf16_mfu: 0.00 | epoch: 1 pq: 0 rg: 3 | total time: 2.61m | eta: 1.0m
step 00731/01000 (73.10%) | loss: 6.540949 | lrm: 1.00 | dt: 436.30ms | tok/sec: 2,347 | bf16_mfu: 0.00 | epoch: 1 pq: 0 rg: 3 | total time: 2.62m | eta: 1.0m
step 00732/01000 (73.20%) | loss: 6.559998 | lrm: 1.00 | dt: 183.73ms | tok/sec: 5,573 | bf16_mfu: 0.00 | epoch: 1 pq: 0 rg: 3 | total time: 2.63m | eta: 1.0m
step 00733/01000 (73.30%) | loss: 6.535059 | lrm: 1.00 | dt: 164.11ms | tok/sec: 6,239 | bf16_mfu: 0.00 | epoch: 1 pq: 0 rg: 3 | total time: 2.63m | eta: 1.0m
step 00734/01000 (73.40%) | loss: 6.568200 | lrm: 1.00 | dt: 221.98ms | tok/sec: 4,612 | bf16_mfu: 0.00 | epoch: 1 pq: 0 rg: 3 | total time: 2.63m | eta: 1.0m
step 00735/01000 (73.50%) | loss: 6.613407 | lrm: 1.00 | dt: 202.53ms | tok/sec: 5,055 | bf16_mfu: 0.00 | epoch: 1 pq: 0 rg: 3 | total time: 2.63m | eta: 1.0m
step 00736/01000 (73.60%) | loss: 6.653885 | lrm: 1.00 | dt: 186.39ms | tok/sec: 5,493 | bf16_mfu: 0.00 | epoch: 1 pq: 0 rg: 3 | total time: 2.64m | eta: 1.0m
step 00737/01000 (73.70%) | loss: 6.660977 | lrm: 1.00 | dt: 213.06ms | tok/sec: 4,806 | bf16_mfu: 0.00 | epoch: 1 pq: 0 rg: 3 | total time: 2.64m | eta: 1.0m
step 00738/01000 (73.80%) | loss: 6.632347 | lrm: 1.00 | dt: 184.37ms | tok/sec: 5,553 | bf16_mfu: 0.00 | epoch: 1 pq: 0 rg: 3 | total time: 2.64m | eta: 1.0m
step 00739/01000 (73.90%) | loss: 6.609488 | lrm: 1.00 | dt: 204.55ms | tok/sec: 5,006 | bf16_mfu: 0.00 | epoch: 1 pq: 0 rg: 3 | total time: 2.65m | eta: 0.9m
step 00740/01000 (74.00%) | loss: 6.627698 | lrm: 1.00 | dt: 222.28ms | tok/sec: 4,606 | bf16_mfu: 0.00 | epoch: 1 pq: 0 rg: 3 | total time: 2.65m | eta: 0.9m
step 00741/01000 (74.10%) | loss: 6.598837 | lrm: 1.00 | dt: 205.89ms | tok/sec: 4,973 | bf16_mfu: 0.00 | epoch: 1 pq: 0 rg: 3 | total time: 2.66m | eta: 0.9m
step 00742/01000 (74.20%) | loss: 6.595050 | lrm: 1.00 | dt: 215.80ms | tok/sec: 4,745 | bf16_mfu: 0.00 | epoch: 1 pq: 0 rg: 3 | total time: 2.66m | eta: 0.9m
step 00743/01000 (74.30%) | loss: 6.571525 | lrm: 1.00 | dt: 238.96ms | tok/sec: 4,285 | bf16_mfu: 0.00 | epoch: 1 pq: 0 rg: 3 | total time: 2.66m | eta: 0.9m
step 00744/01000 (74.40%) | loss: 6.503248 | lrm: 1.00 | dt: 216.19ms | tok/sec: 4,736 | bf16_mfu: 0.00 | epoch: 1 pq: 0 rg: 3 | total time: 2.67m | eta: 0.9m
step 00745/01000 (74.50%) | loss: 6.515277 | lrm: 1.00 | dt: 440.37ms | tok/sec: 2,325 | bf16_mfu: 0.00 | epoch: 1 pq: 0 rg: 3 | total time: 2.67m | eta: 0.9m
step 00746/01000 (74.60%) | loss: 6.545341 | lrm: 1.00 | dt: 208.07ms | tok/sec: 4,921 | bf16_mfu: 0.00 | epoch: 1 pq: 0 rg: 3 | total time: 2.68m | eta: 0.9m
step 00747/01000 (74.70%) | loss: 6.525208 | lrm: 1.00 | dt: 169.80ms | tok/sec: 6,030 | bf16_mfu: 0.00 | epoch: 1 pq: 0 rg: 3 | total time: 2.68m | eta: 0.9m
step 00748/01000 (74.80%) | loss: 6.468313 | lrm: 1.00 | dt: 262.76ms | tok/sec: 3,897 | bf16_mfu: 0.00 | epoch: 1 pq: 0 rg: 3 | total time: 2.68m | eta: 0.9m
step 00749/01000 (74.90%) | loss: 6.526548 | lrm: 1.00 | dt: 209.78ms | tok/sec: 4,881 | bf16_mfu: 0.00 | epoch: 1 pq: 0 rg: 3 | total time: 2.69m | eta: 0.9m
step 00750/01000 (75.00%) | loss: 6.459015 | lrm: 1.00 | dt: 214.71ms | tok/sec: 4,769 | bf16_mfu: 0.00 | epoch: 1 pq: 0 rg: 3 | total time: 2.69m | eta: 0.9m
step 00751/01000 (75.10%) | loss: 6.478559 | lrm: 1.00 | dt: 194.76ms | tok/sec: 5,257 | bf16_mfu: 0.00 | epoch: 1 pq: 0 rg: 3 | total time: 2.69m | eta: 0.9m
step 00752/01000 (75.20%) | loss: 6.487779 | lrm: 1.00 | dt: 172.99ms | tok/sec: 5,919 | bf16_mfu: 0.00 | epoch: 1 pq: 0 rg: 3 | total time: 2.70m | eta: 0.9m
step 00753/01000 (75.30%) | loss: 6.516207 | lrm: 1.00 | dt: 193.74ms | tok/sec: 5,285 | bf16_mfu: 0.00 | epoch: 1 pq: 0 rg: 3 | total time: 2.70m | eta: 0.9m
step 00754/01000 (75.40%) | loss: 6.546088 | lrm: 1.00 | dt: 215.10ms | tok/sec: 4,760 | bf16_mfu: 0.00 | epoch: 1 pq: 0 rg: 3 | total time: 2.70m | eta: 0.9m
step 00755/01000 (75.50%) | loss: 6.633658 | lrm: 1.00 | dt: 178.85ms | tok/sec: 5,725 | bf16_mfu: 0.00 | epoch: 1 pq: 0 rg: 3 | total time: 2.71m | eta: 0.9m
step 00756/01000 (75.60%) | loss: 6.592798 | lrm: 1.00 | dt: 379.39ms | tok/sec: 2,699 | bf16_mfu: 0.00 | epoch: 1 pq: 0 rg: 3 | total time: 2.71m | eta: 0.9m
step 00757/01000 (75.70%) | loss: 6.628661 | lrm: 1.00 | dt: 194.81ms | tok/sec: 5,256 | bf16_mfu: 0.00 | epoch: 1 pq: 0 rg: 3 | total time: 2.72m | eta: 0.9m
step 00758/01000 (75.80%) | loss: 6.637445 | lrm: 1.00 | dt: 225.06ms | tok/sec: 4,549 | bf16_mfu: 0.00 | epoch: 1 pq: 0 rg: 3 | total time: 2.72m | eta: 0.9m
step 00759/01000 (75.90%) | loss: 6.648317 | lrm: 1.00 | dt: 180.93ms | tok/sec: 5,659 | bf16_mfu: 0.00 | epoch: 1 pq: 0 rg: 3 | total time: 2.72m | eta: 0.9m
step 00760/01000 (76.00%) | loss: 6.587781 | lrm: 1.00 | dt: 186.06ms | tok/sec: 5,503 | bf16_mfu: 0.00 | epoch: 1 pq: 0 rg: 3 | total time: 2.73m | eta: 0.9m
step 00761/01000 (76.10%) | loss: 6.572617 | lrm: 1.00 | dt: 188.39ms | tok/sec: 5,435 | bf16_mfu: 0.00 | epoch: 1 pq: 0 rg: 3 | total time: 2.73m | eta: 0.9m
step 00762/01000 (76.20%) | loss: 6.531278 | lrm: 1.00 | dt: 195.14ms | tok/sec: 5,247 | bf16_mfu: 0.00 | epoch: 1 pq: 0 rg: 3 | total time: 2.73m | eta: 0.9m
step 00763/01000 (76.30%) | loss: 6.499846 | lrm: 1.00 | dt: 165.48ms | tok/sec: 6,187 | bf16_mfu: 0.00 | epoch: 1 pq: 0 rg: 3 | total time: 2.74m | eta: 0.9m
step 00764/01000 (76.40%) | loss: 6.498950 | lrm: 1.00 | dt: 178.22ms | tok/sec: 5,745 | bf16_mfu: 0.00 | epoch: 1 pq: 0 rg: 3 | total time: 2.74m | eta: 0.9m
step 00765/01000 (76.50%) | loss: 6.588999 | lrm: 1.00 | dt: 302.16ms | tok/sec: 3,388 | bf16_mfu: 0.00 | epoch: 1 pq: 0 rg: 3 | total time: 2.74m | eta: 0.9m
step 00766/01000 (76.60%) | loss: 6.511468 | lrm: 1.00 | dt: 185.50ms | tok/sec: 5,520 | bf16_mfu: 0.00 | epoch: 1 pq: 0 rg: 3 | total time: 2.75m | eta: 0.9m
step 00767/01000 (76.70%) | loss: 6.486633 | lrm: 1.00 | dt: 211.99ms | tok/sec: 4,830 | bf16_mfu: 0.00 | epoch: 1 pq: 0 rg: 3 | total time: 2.75m | eta: 0.8m
step 00768/01000 (76.80%) | loss: 6.539872 | lrm: 1.00 | dt: 179.95ms | tok/sec: 5,690 | bf16_mfu: 0.00 | epoch: 1 pq: 0 rg: 3 | total time: 2.75m | eta: 0.8m
step 00769/01000 (76.90%) | loss: 6.528567 | lrm: 1.00 | dt: 182.07ms | tok/sec: 5,624 | bf16_mfu: 0.00 | epoch: 1 pq: 0 rg: 3 | total time: 2.76m | eta: 0.8m
step 00770/01000 (77.00%) | loss: 6.530004 | lrm: 1.00 | dt: 224.55ms | tok/sec: 4,560 | bf16_mfu: 0.00 | epoch: 1 pq: 0 rg: 3 | total time: 2.76m | eta: 0.8m
step 00771/01000 (77.10%) | loss: 6.521882 | lrm: 1.00 | dt: 186.29ms | tok/sec: 5,496 | bf16_mfu: 0.00 | epoch: 1 pq: 0 rg: 3 | total time: 2.76m | eta: 0.8m
step 00772/01000 (77.20%) | loss: 6.528369 | lrm: 1.00 | dt: 237.05ms | tok/sec: 4,319 | bf16_mfu: 0.00 | epoch: 1 pq: 0 rg: 3 | total time: 2.77m | eta: 0.8m
step 00773/01000 (77.30%) | loss: 6.534405 | lrm: 1.00 | dt: 221.00ms | tok/sec: 4,633 | bf16_mfu: 0.00 | epoch: 1 pq: 0 rg: 3 | total time: 2.77m | eta: 0.8m
step 00774/01000 (77.40%) | loss: 6.513995 | lrm: 1.00 | dt: 236.59ms | tok/sec: 4,328 | bf16_mfu: 0.00 | epoch: 1 pq: 0 rg: 3 | total time: 2.77m | eta: 0.8m
step 00775/01000 (77.50%) | loss: 6.545705 | lrm: 1.00 | dt: 234.96ms | tok/sec: 4,358 | bf16_mfu: 0.00 | epoch: 1 pq: 0 rg: 3 | total time: 2.78m | eta: 0.8m
step 00776/01000 (77.60%) | loss: 6.529508 | lrm: 1.00 | dt: 181.87ms | tok/sec: 5,630 | bf16_mfu: 0.00 | epoch: 1 pq: 0 rg: 3 | total time: 2.78m | eta: 0.8m
step 00777/01000 (77.70%) | loss: 6.538257 | lrm: 1.00 | dt: 248.97ms | tok/sec: 4,112 | bf16_mfu: 0.00 | epoch: 1 pq: 0 rg: 3 | total time: 2.79m | eta: 0.8m
step 00778/01000 (77.80%) | loss: 6.556118 | lrm: 1.00 | dt: 247.49ms | tok/sec: 4,137 | bf16_mfu: 0.00 | epoch: 1 pq: 0 rg: 3 | total time: 2.79m | eta: 0.8m
step 00779/01000 (77.90%) | loss: 6.579471 | lrm: 1.00 | dt: 221.16ms | tok/sec: 4,630 | bf16_mfu: 0.00 | epoch: 1 pq: 0 rg: 3 | total time: 2.79m | eta: 0.8m
step 00780/01000 (78.00%) | loss: 6.642845 | lrm: 1.00 | dt: 178.32ms | tok/sec: 5,742 | bf16_mfu: 0.00 | epoch: 1 pq: 0 rg: 3 | total time: 2.80m | eta: 0.8m
step 00781/01000 (78.10%) | loss: 6.633572 | lrm: 1.00 | dt: 243.55ms | tok/sec: 4,204 | bf16_mfu: 0.00 | epoch: 1 pq: 0 rg: 3 | total time: 2.80m | eta: 0.8m
step 00782/01000 (78.20%) | loss: 6.680833 | lrm: 1.00 | dt: 210.11ms | tok/sec: 4,873 | bf16_mfu: 0.00 | epoch: 1 pq: 0 rg: 3 | total time: 2.80m | eta: 0.8m
step 00783/01000 (78.30%) | loss: 6.636016 | lrm: 1.00 | dt: 242.88ms | tok/sec: 4,216 | bf16_mfu: 0.00 | epoch: 1 pq: 0 rg: 3 | total time: 2.81m | eta: 0.8m
step 00784/01000 (78.40%) | loss: 6.590663 | lrm: 1.00 | dt: 413.25ms | tok/sec: 2,477 | bf16_mfu: 0.00 | epoch: 1 pq: 0 rg: 3 | total time: 2.82m | eta: 0.8m
step 00785/01000 (78.50%) | loss: 6.611003 | lrm: 1.00 | dt: 212.02ms | tok/sec: 4,829 | bf16_mfu: 0.00 | epoch: 1 pq: 0 rg: 3 | total time: 2.82m | eta: 0.8m
step 00786/01000 (78.60%) | loss: 6.552315 | lrm: 1.00 | dt: 207.07ms | tok/sec: 4,945 | bf16_mfu: 0.00 | epoch: 1 pq: 0 rg: 3 | total time: 2.82m | eta: 0.8m
step 00787/01000 (78.70%) | loss: 6.617124 | lrm: 1.00 | dt: 193.35ms | tok/sec: 5,296 | bf16_mfu: 0.00 | epoch: 1 pq: 0 rg: 3 | total time: 2.83m | eta: 0.8m
step 00788/01000 (78.80%) | loss: 6.589648 | lrm: 1.00 | dt: 173.13ms | tok/sec: 5,914 | bf16_mfu: 0.00 | epoch: 1 pq: 0 rg: 3 | total time: 2.83m | eta: 0.8m
step 00789/01000 (78.90%) | loss: 6.595166 | lrm: 1.00 | dt: 202.29ms | tok/sec: 5,061 | bf16_mfu: 0.00 | epoch: 1 pq: 0 rg: 3 | total time: 2.83m | eta: 0.8m
step 00790/01000 (79.00%) | loss: 6.614660 | lrm: 1.00 | dt: 201.20ms | tok/sec: 5,089 | bf16_mfu: 0.00 | epoch: 1 pq: 0 rg: 3 | total time: 2.84m | eta: 0.8m
step 00791/01000 (79.10%) | loss: 6.522410 | lrm: 1.00 | dt: 179.98ms | tok/sec: 5,689 | bf16_mfu: 0.00 | epoch: 1 pq: 0 rg: 3 | total time: 2.84m | eta: 0.8m
step 00792/01000 (79.20%) | loss: 6.579217 | lrm: 1.00 | dt: 208.02ms | tok/sec: 4,922 | bf16_mfu: 0.00 | epoch: 1 pq: 0 rg: 3 | total time: 2.84m | eta: 0.8m
step 00793/01000 (79.30%) | loss: 6.533642 | lrm: 1.00 | dt: 215.55ms | tok/sec: 4,750 | bf16_mfu: 0.00 | epoch: 1 pq: 0 rg: 3 | total time: 2.85m | eta: 0.8m
step 00794/01000 (79.40%) | loss: 6.556313 | lrm: 1.00 | dt: 191.84ms | tok/sec: 5,337 | bf16_mfu: 0.00 | epoch: 1 pq: 0 rg: 3 | total time: 2.85m | eta: 0.7m
step 00795/01000 (79.50%) | loss: 6.505836 | lrm: 1.00 | dt: 403.33ms | tok/sec: 2,538 | bf16_mfu: 0.00 | epoch: 1 pq: 0 rg: 3 | total time: 2.86m | eta: 0.7m
step 00796/01000 (79.60%) | loss: 6.577275 | lrm: 1.00 | dt: 240.19ms | tok/sec: 4,263 | bf16_mfu: 0.00 | epoch: 1 pq: 0 rg: 3 | total time: 2.86m | eta: 0.7m
step 00797/01000 (79.70%) | loss: 6.586678 | lrm: 1.00 | dt: 200.17ms | tok/sec: 5,115 | bf16_mfu: 0.00 | epoch: 1 pq: 0 rg: 3 | total time: 2.86m | eta: 0.7m
step 00798/01000 (79.80%) | loss: 6.590143 | lrm: 1.00 | dt: 203.62ms | tok/sec: 5,028 | bf16_mfu: 0.00 | epoch: 1 pq: 0 rg: 3 | total time: 2.87m | eta: 0.7m
step 00799/01000 (79.90%) | loss: 6.591608 | lrm: 1.00 | dt: 180.64ms | tok/sec: 5,668 | bf16_mfu: 0.00 | epoch: 1 pq: 0 rg: 3 | total time: 2.87m | eta: 0.7m
step 00800/01000 (80.00%) | loss: 6.595880 | lrm: 1.00 | dt: 190.45ms | tok/sec: 5,376 | bf16_mfu: 0.00 | epoch: 1 pq: 0 rg: 3 | total time: 2.87m | eta: 0.7m
step 00801/01000 (80.10%) | loss: 6.591420 | lrm: 1.00 | dt: 182.53ms | tok/sec: 5,610 | bf16_mfu: 0.00 | epoch: 1 pq: 0 rg: 3 | total time: 2.88m | eta: 0.7m
step 00802/01000 (80.20%) | loss: 6.629474 | lrm: 1.00 | dt: 175.81ms | tok/sec: 5,824 | bf16_mfu: 0.00 | epoch: 1 pq: 0 rg: 3 | total time: 2.88m | eta: 0.7m
step 00803/01000 (80.30%) | loss: 6.627708 | lrm: 1.00 | dt: 184.68ms | tok/sec: 5,544 | bf16_mfu: 0.00 | epoch: 1 pq: 0 rg: 3 | total time: 2.88m | eta: 0.7m
step 00804/01000 (80.40%) | loss: 6.654746 | lrm: 1.00 | dt: 213.98ms | tok/sec: 4,785 | bf16_mfu: 0.00 | epoch: 1 pq: 0 rg: 3 | total time: 2.88m | eta: 0.7m
step 00805/01000 (80.50%) | loss: 6.635820 | lrm: 1.00 | dt: 177.01ms | tok/sec: 5,784 | bf16_mfu: 0.00 | epoch: 1 pq: 0 rg: 3 | total time: 2.89m | eta: 0.7m
step 00806/01000 (80.60%) | loss: 6.660788 | lrm: 1.00 | dt: 232.10ms | tok/sec: 4,411 | bf16_mfu: 0.00 | epoch: 1 pq: 0 rg: 3 | total time: 2.89m | eta: 0.7m
step 00807/01000 (80.70%) | loss: 6.672183 | lrm: 1.00 | dt: 198.85ms | tok/sec: 5,149 | bf16_mfu: 0.00 | epoch: 1 pq: 0 rg: 3 | total time: 2.89m | eta: 0.7m
step 00808/01000 (80.80%) | loss: 6.680361 | lrm: 1.00 | dt: 206.63ms | tok/sec: 4,955 | bf16_mfu: 0.00 | epoch: 1 pq: 0 rg: 3 | total time: 2.90m | eta: 0.7m
step 00809/01000 (80.90%) | loss: 6.611059 | lrm: 1.00 | dt: 242.86ms | tok/sec: 4,216 | bf16_mfu: 0.00 | epoch: 1 pq: 0 rg: 3 | total time: 2.90m | eta: 0.7m
step 00810/01000 (81.00%) | loss: 6.597093 | lrm: 1.00 | dt: 211.10ms | tok/sec: 4,850 | bf16_mfu: 0.00 | epoch: 1 pq: 0 rg: 3 | total time: 2.91m | eta: 0.7m
step 00811/01000 (81.10%) | loss: 6.611602 | lrm: 1.00 | dt: 241.28ms | tok/sec: 4,244 | bf16_mfu: 0.00 | epoch: 1 pq: 0 rg: 3 | total time: 2.91m | eta: 0.7m
step 00812/01000 (81.20%) | loss: 6.651402 | lrm: 1.00 | dt: 203.03ms | tok/sec: 5,043 | bf16_mfu: 0.00 | epoch: 1 pq: 0 rg: 3 | total time: 2.91m | eta: 0.7m
step 00813/01000 (81.30%) | loss: 6.683671 | lrm: 1.00 | dt: 426.09ms | tok/sec: 2,403 | bf16_mfu: 0.00 | epoch: 1 pq: 0 rg: 3 | total time: 2.92m | eta: 0.7m
step 00814/01000 (81.40%) | loss: 6.672087 | lrm: 1.00 | dt: 198.26ms | tok/sec: 5,164 | bf16_mfu: 0.00 | epoch: 1 pq: 0 rg: 3 | total time: 2.92m | eta: 0.7m
step 00815/01000 (81.50%) | loss: 6.807886 | lrm: 1.00 | dt: 227.52ms | tok/sec: 4,500 | bf16_mfu: 0.00 | epoch: 1 pq: 0 rg: 3 | total time: 2.93m | eta: 0.7m
step 00816/01000 (81.60%) | loss: 6.757913 | lrm: 1.00 | dt: 219.17ms | tok/sec: 4,672 | bf16_mfu: 0.00 | epoch: 1 pq: 0 rg: 3 | total time: 2.93m | eta: 0.7m
step 00817/01000 (81.70%) | loss: 6.788103 | lrm: 1.00 | dt: 161.22ms | tok/sec: 6,351 | bf16_mfu: 0.00 | epoch: 1 pq: 0 rg: 3 | total time: 2.93m | eta: 0.7m
step 00818/01000 (81.80%) | loss: 6.774558 | lrm: 1.00 | dt: 161.61ms | tok/sec: 6,336 | bf16_mfu: 0.00 | epoch: 1 pq: 0 rg: 3 | total time: 2.94m | eta: 0.7m
step 00819/01000 (81.90%) | loss: 6.765353 | lrm: 1.00 | dt: 160.79ms | tok/sec: 6,368 | bf16_mfu: 0.00 | epoch: 1 pq: 0 rg: 3 | total time: 2.94m | eta: 0.7m
step 00820/01000 (82.00%) | loss: 6.798642 | lrm: 1.00 | dt: 174.08ms | tok/sec: 5,882 | bf16_mfu: 0.00 | epoch: 1 pq: 0 rg: 3 | total time: 2.94m | eta: 0.7m
step 00821/01000 (82.10%) | loss: 6.775470 | lrm: 1.00 | dt: 192.24ms | tok/sec: 5,326 | bf16_mfu: 0.00 | epoch: 1 pq: 0 rg: 3 | total time: 2.95m | eta: 0.7m
step 00822/01000 (82.20%) | loss: 6.748693 | lrm: 1.00 | dt: 201.18ms | tok/sec: 5,089 | bf16_mfu: 0.00 | epoch: 1 pq: 0 rg: 3 | total time: 2.95m | eta: 0.6m
step 00823/01000 (82.30%) | loss: 6.707478 | lrm: 1.00 | dt: 214.87ms | tok/sec: 4,765 | bf16_mfu: 0.00 | epoch: 1 pq: 0 rg: 3 | total time: 2.95m | eta: 0.6m
step 00824/01000 (82.40%) | loss: 6.655641 | lrm: 1.00 | dt: 186.67ms | tok/sec: 5,485 | bf16_mfu: 0.00 | epoch: 1 pq: 0 rg: 3 | total time: 2.96m | eta: 0.6m
step 00825/01000 (82.50%) | loss: 6.672869 | lrm: 1.00 | dt: 222.90ms | tok/sec: 4,593 | bf16_mfu: 0.00 | epoch: 1 pq: 0 rg: 3 | total time: 2.96m | eta: 0.6m
step 00826/01000 (82.60%) | loss: 6.717695 | lrm: 1.00 | dt: 216.28ms | tok/sec: 4,734 | bf16_mfu: 0.00 | epoch: 1 pq: 0 rg: 3 | total time: 2.96m | eta: 0.6m
step 00827/01000 (82.70%) | loss: 6.804863 | lrm: 1.00 | dt: 193.53ms | tok/sec: 5,291 | bf16_mfu: 0.00 | epoch: 1 pq: 0 rg: 3 | total time: 2.97m | eta: 0.6m
step 00828/01000 (82.80%) | loss: 6.765976 | lrm: 1.00 | dt: 248.81ms | tok/sec: 4,115 | bf16_mfu: 0.00 | epoch: 1 pq: 0 rg: 3 | total time: 2.97m | eta: 0.6m
step 00829/01000 (82.90%) | loss: 6.786521 | lrm: 1.00 | dt: 220.93ms | tok/sec: 4,634 | bf16_mfu: 0.00 | epoch: 1 pq: 0 rg: 3 | total time: 2.97m | eta: 0.6m
step 00830/01000 (83.00%) | loss: 6.767609 | lrm: 1.00 | dt: 470.43ms | tok/sec: 2,176 | bf16_mfu: 0.00 | epoch: 1 pq: 0 rg: 3 | total time: 2.98m | eta: 0.6m
step 00831/01000 (83.10%) | loss: 6.756326 | lrm: 1.00 | dt: 225.66ms | tok/sec: 4,537 | bf16_mfu: 0.00 | epoch: 1 pq: 0 rg: 3 | total time: 2.99m | eta: 0.6m
step 00832/01000 (83.20%) | loss: 6.699737 | lrm: 1.00 | dt: 173.77ms | tok/sec: 5,892 | bf16_mfu: 0.00 | epoch: 1 pq: 0 rg: 3 | total time: 2.99m | eta: 0.6m
step 00833/01000 (83.30%) | loss: 6.575798 | lrm: 1.00 | dt: 400.75ms | tok/sec: 2,555 | bf16_mfu: 0.00 | epoch: 1 pq: 0 rg: 3 | total time: 2.99m | eta: 0.6m
step 00834/01000 (83.40%) | loss: 6.575236 | lrm: 1.00 | dt: 153.95ms | tok/sec: 6,651 | bf16_mfu: 0.00 | epoch: 1 pq: 0 rg: 3 | total time: 3.00m | eta: 0.6m
step 00835/01000 (83.50%) | loss: 6.580666 | lrm: 1.00 | dt: 212.85ms | tok/sec: 4,810 | bf16_mfu: 0.00 | epoch: 1 pq: 0 rg: 3 | total time: 3.00m | eta: 0.6m
step 00836/01000 (83.60%) | loss: 6.555454 | lrm: 1.00 | dt: 161.79ms | tok/sec: 6,329 | bf16_mfu: 0.00 | epoch: 1 pq: 0 rg: 3 | total time: 3.00m | eta: 0.6m
step 00837/01000 (83.70%) | loss: 6.617582 | lrm: 1.00 | dt: 189.15ms | tok/sec: 5,413 | bf16_mfu: 0.00 | epoch: 1 pq: 0 rg: 3 | total time: 3.01m | eta: 0.6m
step 00838/01000 (83.80%) | loss: 6.648058 | lrm: 1.00 | dt: 165.33ms | tok/sec: 6,193 | bf16_mfu: 0.00 | epoch: 1 pq: 0 rg: 3 | total time: 3.01m | eta: 0.6m
step 00839/01000 (83.90%) | loss: 6.628998 | lrm: 1.00 | dt: 314.23ms | tok/sec: 3,258 | bf16_mfu: 0.00 | epoch: 1 pq: 0 rg: 3 | total time: 3.01m | eta: 0.6m
step 00840/01000 (84.00%) | loss: 6.648483 | lrm: 1.00 | dt: 159.91ms | tok/sec: 6,403 | bf16_mfu: 0.00 | epoch: 1 pq: 0 rg: 3 | total time: 3.02m | eta: 0.6m
step 00841/01000 (84.10%) | loss: 6.605755 | lrm: 1.00 | dt: 176.31ms | tok/sec: 5,808 | bf16_mfu: 0.00 | epoch: 1 pq: 0 rg: 3 | total time: 3.02m | eta: 0.6m
step 00842/01000 (84.20%) | loss: 6.619519 | lrm: 1.00 | dt: 179.82ms | tok/sec: 5,694 | bf16_mfu: 0.00 | epoch: 1 pq: 0 rg: 3 | total time: 3.02m | eta: 0.6m
step 00843/01000 (84.30%) | loss: 6.622954 | lrm: 1.00 | dt: 173.95ms | tok/sec: 5,886 | bf16_mfu: 0.00 | epoch: 1 pq: 0 rg: 3 | total time: 3.03m | eta: 0.6m
step 00844/01000 (84.40%) | loss: 6.641934 | lrm: 1.00 | dt: 216.40ms | tok/sec: 4,732 | bf16_mfu: 0.00 | epoch: 1 pq: 0 rg: 3 | total time: 3.03m | eta: 0.6m
step 00845/01000 (84.50%) | loss: 6.651225 | lrm: 1.00 | dt: 205.25ms | tok/sec: 4,989 | bf16_mfu: 0.00 | epoch: 1 pq: 0 rg: 3 | total time: 3.03m | eta: 0.6m
step 00846/01000 (84.60%) | loss: 6.572767 | lrm: 1.00 | dt: 222.87ms | tok/sec: 4,594 | bf16_mfu: 0.00 | epoch: 1 pq: 0 rg: 3 | total time: 3.04m | eta: 0.6m
step 00847/01000 (84.70%) | loss: 6.607867 | lrm: 1.00 | dt: 211.80ms | tok/sec: 4,834 | bf16_mfu: 0.00 | epoch: 1 pq: 0 rg: 3 | total time: 3.04m | eta: 0.6m
step 00848/01000 (84.80%) | loss: 6.631097 | lrm: 1.00 | dt: 243.35ms | tok/sec: 4,207 | bf16_mfu: 0.00 | epoch: 1 pq: 0 rg: 3 | total time: 3.04m | eta: 0.6m
step 00849/01000 (84.90%) | loss: 6.700508 | lrm: 1.00 | dt: 225.49ms | tok/sec: 4,541 | bf16_mfu: 0.00 | epoch: 1 pq: 0 rg: 3 | total time: 3.05m | eta: 0.5m
step 00850/01000 (85.00%) | loss: 6.677433 | lrm: 1.00 | dt: 213.51ms | tok/sec: 4,795 | bf16_mfu: 0.00 | epoch: 1 pq: 0 rg: 3 | total time: 3.05m | eta: 0.5m
step 00851/01000 (85.10%) | loss: 6.655616 | lrm: 1.00 | dt: 207.76ms | tok/sec: 4,928 | bf16_mfu: 0.00 | epoch: 1 pq: 0 rg: 3 | total time: 3.06m | eta: 0.5m
step 00852/01000 (85.20%) | loss: 6.627542 | lrm: 1.00 | dt: 249.36ms | tok/sec: 4,106 | bf16_mfu: 0.00 | epoch: 1 pq: 0 rg: 3 | total time: 3.06m | eta: 0.5m
step 00853/01000 (85.30%) | loss: 6.685195 | lrm: 1.00 | dt: 250.28ms | tok/sec: 4,091 | bf16_mfu: 0.00 | epoch: 1 pq: 0 rg: 3 | total time: 3.06m | eta: 0.5m
step 00854/01000 (85.40%) | loss: 6.706207 | lrm: 1.00 | dt: 278.81ms | tok/sec: 3,672 | bf16_mfu: 0.00 | epoch: 1 pq: 0 rg: 3 | total time: 3.07m | eta: 0.5m
step 00855/01000 (85.50%) | loss: 6.694162 | lrm: 1.00 | dt: 216.81ms | tok/sec: 4,722 | bf16_mfu: 0.00 | epoch: 1 pq: 0 rg: 3 | total time: 3.07m | eta: 0.5m
step 00856/01000 (85.60%) | loss: 6.707126 | lrm: 1.00 | dt: 388.14ms | tok/sec: 2,638 | bf16_mfu: 0.00 | epoch: 1 pq: 0 rg: 3 | total time: 3.08m | eta: 0.5m
step 00857/01000 (85.70%) | loss: 6.655288 | lrm: 1.00 | dt: 157.11ms | tok/sec: 6,517 | bf16_mfu: 0.00 | epoch: 1 pq: 0 rg: 3 | total time: 3.08m | eta: 0.5m
step 00858/01000 (85.80%) | loss: 6.691838 | lrm: 1.00 | dt: 188.20ms | tok/sec: 5,440 | bf16_mfu: 0.00 | epoch: 1 pq: 0 rg: 3 | total time: 3.08m | eta: 0.5m
step 00859/01000 (85.90%) | loss: 6.742930 | lrm: 1.00 | dt: 182.92ms | tok/sec: 5,598 | bf16_mfu: 0.00 | epoch: 1 pq: 0 rg: 3 | total time: 3.09m | eta: 0.5m
step 00860/01000 (86.00%) | loss: 6.768247 | lrm: 1.00 | dt: 168.22ms | tok/sec: 6,087 | bf16_mfu: 0.00 | epoch: 1 pq: 0 rg: 3 | total time: 3.09m | eta: 0.5m
step 00861/01000 (86.10%) | loss: 6.764366 | lrm: 1.00 | dt: 179.38ms | tok/sec: 5,708 | bf16_mfu: 0.00 | epoch: 1 pq: 0 rg: 3 | total time: 3.09m | eta: 0.5m
step 00862/01000 (86.20%) | loss: 6.813922 | lrm: 1.00 | dt: 189.25ms | tok/sec: 5,410 | bf16_mfu: 0.00 | epoch: 1 pq: 0 rg: 3 | total time: 3.10m | eta: 0.5m
step 00863/01000 (86.30%) | loss: 6.804700 | lrm: 1.00 | dt: 177.37ms | tok/sec: 5,773 | bf16_mfu: 0.00 | epoch: 1 pq: 0 rg: 3 | total time: 3.10m | eta: 0.5m
step 00864/01000 (86.40%) | loss: 6.806341 | lrm: 1.00 | dt: 166.09ms | tok/sec: 6,165 | bf16_mfu: 0.00 | epoch: 1 pq: 0 rg: 3 | total time: 3.10m | eta: 0.5m
step 00865/01000 (86.50%) | loss: 6.750847 | lrm: 1.00 | dt: 210.74ms | tok/sec: 4,858 | bf16_mfu: 0.00 | epoch: 1 pq: 0 rg: 3 | total time: 3.11m | eta: 0.5m
step 00866/01000 (86.60%) | loss: 6.740287 | lrm: 1.00 | dt: 375.62ms | tok/sec: 2,726 | bf16_mfu: 0.00 | epoch: 1 pq: 0 rg: 3 | total time: 3.11m | eta: 0.5m
step 00867/01000 (86.70%) | loss: 6.655932 | lrm: 1.00 | dt: 149.22ms | tok/sec: 6,862 | bf16_mfu: 0.00 | epoch: 1 pq: 0 rg: 3 | total time: 3.11m | eta: 0.5m
step 00868/01000 (86.80%) | loss: 6.598191 | lrm: 1.00 | dt: 140.25ms | tok/sec: 7,301 | bf16_mfu: 0.00 | epoch: 1 pq: 0 rg: 3 | total time: 3.12m | eta: 0.5m
step 00869/01000 (86.90%) | loss: 6.586635 | lrm: 1.00 | dt: 196.81ms | tok/sec: 5,202 | bf16_mfu: 0.00 | epoch: 1 pq: 0 rg: 3 | total time: 3.12m | eta: 0.5m
step 00870/01000 (87.00%) | loss: 6.552410 | lrm: 1.00 | dt: 240.51ms | tok/sec: 4,257 | bf16_mfu: 0.00 | epoch: 1 pq: 0 rg: 3 | total time: 3.12m | eta: 0.5m
step 00871/01000 (87.10%) | loss: 6.532753 | lrm: 1.00 | dt: 229.76ms | tok/sec: 4,456 | bf16_mfu: 0.00 | epoch: 1 pq: 0 rg: 3 | total time: 3.13m | eta: 0.5m
step 00872/01000 (87.20%) | loss: 6.482520 | lrm: 1.00 | dt: 205.38ms | tok/sec: 4,985 | bf16_mfu: 0.00 | epoch: 1 pq: 0 rg: 3 | total time: 3.13m | eta: 0.5m
step 00873/01000 (87.30%) | loss: 6.476027 | lrm: 1.00 | dt: 233.49ms | tok/sec: 4,385 | bf16_mfu: 0.00 | epoch: 1 pq: 0 rg: 3 | total time: 3.13m | eta: 0.5m
step 00874/01000 (87.40%) | loss: 6.410450 | lrm: 1.00 | dt: 222.79ms | tok/sec: 4,596 | bf16_mfu: 0.00 | epoch: 1 pq: 0 rg: 3 | total time: 3.14m | eta: 0.5m
step 00875/01000 (87.50%) | loss: 6.464295 | lrm: 1.00 | dt: 255.14ms | tok/sec: 4,013 | bf16_mfu: 0.00 | epoch: 1 pq: 0 rg: 3 | total time: 3.14m | eta: 0.5m
step 00876/01000 (87.60%) | loss: 6.515450 | lrm: 1.00 | dt: 232.53ms | tok/sec: 4,403 | bf16_mfu: 0.00 | epoch: 1 pq: 0 rg: 3 | total time: 3.15m | eta: 0.5m
step 00877/01000 (87.70%) | loss: 6.577283 | lrm: 1.00 | dt: 240.38ms | tok/sec: 4,259 | bf16_mfu: 0.00 | epoch: 1 pq: 0 rg: 3 | total time: 3.15m | eta: 0.4m
step 00878/01000 (87.80%) | loss: 6.556146 | lrm: 1.00 | dt: 204.84ms | tok/sec: 4,998 | bf16_mfu: 0.00 | epoch: 1 pq: 0 rg: 3 | total time: 3.15m | eta: 0.4m
step 00879/01000 (87.90%) | loss: 6.556533 | lrm: 1.00 | dt: 240.73ms | tok/sec: 4,253 | bf16_mfu: 0.00 | epoch: 1 pq: 0 rg: 3 | total time: 3.16m | eta: 0.4m
step 00880/01000 (88.00%) | loss: 6.615183 | lrm: 1.00 | dt: 216.66ms | tok/sec: 4,726 | bf16_mfu: 0.00 | epoch: 1 pq: 0 rg: 3 | total time: 3.16m | eta: 0.4m
step 00881/01000 (88.10%) | loss: 6.559666 | lrm: 1.00 | dt: 233.53ms | tok/sec: 4,384 | bf16_mfu: 0.00 | epoch: 1 pq: 0 rg: 3 | total time: 3.17m | eta: 0.4m
step 00882/01000 (88.20%) | loss: 6.562587 | lrm: 1.00 | dt: 415.48ms | tok/sec: 2,464 | bf16_mfu: 0.00 | epoch: 1 pq: 0 rg: 3 | total time: 3.17m | eta: 0.4m
step 00883/01000 (88.30%) | loss: 6.551032 | lrm: 1.00 | dt: 163.61ms | tok/sec: 6,258 | bf16_mfu: 0.00 | epoch: 1 pq: 0 rg: 3 | total time: 3.18m | eta: 0.4m
step 00884/01000 (88.40%) | loss: 6.542574 | lrm: 1.00 | dt: 220.10ms | tok/sec: 4,652 | bf16_mfu: 0.00 | epoch: 1 pq: 0 rg: 3 | total time: 3.18m | eta: 0.4m
step 00885/01000 (88.50%) | loss: 6.642219 | lrm: 1.00 | dt: 208.92ms | tok/sec: 4,901 | bf16_mfu: 0.00 | epoch: 1 pq: 0 rg: 3 | total time: 3.18m | eta: 0.4m
step 00886/01000 (88.60%) | loss: 6.625567 | lrm: 1.00 | dt: 207.94ms | tok/sec: 4,924 | bf16_mfu: 0.00 | epoch: 1 pq: 0 rg: 3 | total time: 3.19m | eta: 0.4m
step 00887/01000 (88.70%) | loss: 6.590723 | lrm: 1.00 | dt: 186.64ms | tok/sec: 5,486 | bf16_mfu: 0.00 | epoch: 1 pq: 0 rg: 3 | total time: 3.19m | eta: 0.4m
step 00888/01000 (88.80%) | loss: 6.589449 | lrm: 1.00 | dt: 225.72ms | tok/sec: 4,536 | bf16_mfu: 0.00 | epoch: 1 pq: 0 rg: 3 | total time: 3.19m | eta: 0.4m
step 00889/01000 (88.90%) | loss: 6.619371 | lrm: 1.00 | dt: 225.85ms | tok/sec: 4,533 | bf16_mfu: 0.00 | epoch: 1 pq: 0 rg: 3 | total time: 3.20m | eta: 0.4m
step 00890/01000 (89.00%) | loss: 6.677426 | lrm: 1.00 | dt: 210.86ms | tok/sec: 4,856 | bf16_mfu: 0.00 | epoch: 1 pq: 0 rg: 3 | total time: 3.20m | eta: 0.4m
step 00891/01000 (89.10%) | loss: 6.664406 | lrm: 1.00 | dt: 213.60ms | tok/sec: 4,793 | bf16_mfu: 0.00 | epoch: 1 pq: 0 rg: 3 | total time: 3.20m | eta: 0.4m
step 00892/01000 (89.20%) | loss: 6.655805 | lrm: 1.00 | dt: 245.16ms | tok/sec: 4,176 | bf16_mfu: 0.00 | epoch: 1 pq: 0 rg: 3 | total time: 3.21m | eta: 0.4m
step 00893/01000 (89.30%) | loss: 6.590771 | lrm: 1.00 | dt: 186.40ms | tok/sec: 5,493 | bf16_mfu: 0.00 | epoch: 1 pq: 0 rg: 3 | total time: 3.21m | eta: 0.4m
step 00894/01000 (89.40%) | loss: 6.593894 | lrm: 1.00 | dt: 196.86ms | tok/sec: 5,201 | bf16_mfu: 0.00 | epoch: 1 pq: 0 rg: 3 | total time: 3.21m | eta: 0.4m
step 00895/01000 (89.50%) | loss: 6.545810 | lrm: 1.00 | dt: 221.74ms | tok/sec: 4,617 | bf16_mfu: 0.00 | epoch: 1 pq: 0 rg: 3 | total time: 3.22m | eta: 0.4m
step 00896/01000 (89.60%) | loss: 6.506709 | lrm: 1.00 | dt: 181.24ms | tok/sec: 5,650 | bf16_mfu: 0.00 | epoch: 1 pq: 0 rg: 3 | total time: 3.22m | eta: 0.4m
step 00897/01000 (89.70%) | loss: 6.544342 | lrm: 1.00 | dt: 238.57ms | tok/sec: 4,292 | bf16_mfu: 0.00 | epoch: 1 pq: 0 rg: 3 | total time: 3.22m | eta: 0.4m
step 00898/01000 (89.80%) | loss: 6.562485 | lrm: 1.00 | dt: 219.41ms | tok/sec: 4,666 | bf16_mfu: 0.00 | epoch: 1 pq: 0 rg: 3 | total time: 3.23m | eta: 0.4m
step 00899/01000 (89.90%) | loss: 6.551494 | lrm: 1.00 | dt: 440.50ms | tok/sec: 2,324 | bf16_mfu: 0.00 | epoch: 1 pq: 0 rg: 3 | total time: 3.24m | eta: 0.4m
step 00900/01000 (90.00%) | loss: 6.617891 | lrm: 1.00 | dt: 219.74ms | tok/sec: 4,660 | bf16_mfu: 0.00 | epoch: 1 pq: 0 rg: 3 | total time: 3.24m | eta: 0.4m
step 00901/01000 (90.10%) | loss: 6.574738 | lrm: 0.99 | dt: 232.32ms | tok/sec: 4,407 | bf16_mfu: 0.00 | epoch: 1 pq: 0 rg: 3 | total time: 3.24m | eta: 0.4m
step 00902/01000 (90.20%) | loss: 6.589192 | lrm: 0.98 | dt: 176.24ms | tok/sec: 5,810 | bf16_mfu: 0.00 | epoch: 1 pq: 0 rg: 3 | total time: 3.25m | eta: 0.4m
step 00903/01000 (90.30%) | loss: 6.628044 | lrm: 0.97 | dt: 168.01ms | tok/sec: 6,094 | bf16_mfu: 0.00 | epoch: 1 pq: 0 rg: 3 | total time: 3.25m | eta: 0.4m
step 00904/01000 (90.40%) | loss: 6.679934 | lrm: 0.96 | dt: 182.66ms | tok/sec: 5,605 | bf16_mfu: 0.00 | epoch: 1 pq: 0 rg: 3 | total time: 3.25m | eta: 0.3m
step 00905/01000 (90.50%) | loss: 6.621612 | lrm: 0.95 | dt: 158.73ms | tok/sec: 6,451 | bf16_mfu: 0.00 | epoch: 1 pq: 0 rg: 3 | total time: 3.25m | eta: 0.3m
step 00906/01000 (90.60%) | loss: 6.546111 | lrm: 0.94 | dt: 150.19ms | tok/sec: 6,818 | bf16_mfu: 0.00 | epoch: 1 pq: 0 rg: 3 | total time: 3.26m | eta: 0.3m
step 00907/01000 (90.70%) | loss: 6.559642 | lrm: 0.93 | dt: 180.84ms | tok/sec: 5,662 | bf16_mfu: 0.00 | epoch: 1 pq: 0 rg: 3 | total time: 3.26m | eta: 0.3m
step 00908/01000 (90.80%) | loss: 6.605300 | lrm: 0.92 | dt: 179.16ms | tok/sec: 5,715 | bf16_mfu: 0.00 | epoch: 1 pq: 0 rg: 3 | total time: 3.26m | eta: 0.3m
step 00909/01000 (90.90%) | loss: 6.675272 | lrm: 0.91 | dt: 162.52ms | tok/sec: 6,300 | bf16_mfu: 0.00 | epoch: 1 pq: 0 rg: 3 | total time: 3.27m | eta: 0.3m
step 00910/01000 (91.00%) | loss: 6.657714 | lrm: 0.91 | dt: 184.41ms | tok/sec: 5,552 | bf16_mfu: 0.00 | epoch: 1 pq: 0 rg: 3 | total time: 3.27m | eta: 0.3m
step 00911/01000 (91.10%) | loss: 6.637258 | lrm: 0.90 | dt: 190.39ms | tok/sec: 5,378 | bf16_mfu: 0.00 | epoch: 1 pq: 0 rg: 3 | total time: 3.27m | eta: 0.3m
step 00912/01000 (91.20%) | loss: 6.711151 | lrm: 0.89 | dt: 212.44ms | tok/sec: 4,820 | bf16_mfu: 0.00 | epoch: 1 pq: 0 rg: 3 | total time: 3.28m | eta: 0.3m
step 00913/01000 (91.30%) | loss: 6.725961 | lrm: 0.88 | dt: 231.02ms | tok/sec: 4,432 | bf16_mfu: 0.00 | epoch: 1 pq: 0 rg: 3 | total time: 3.28m | eta: 0.3m
step 00914/01000 (91.40%) | loss: 6.656340 | lrm: 0.87 | dt: 229.13ms | tok/sec: 4,469 | bf16_mfu: 0.00 | epoch: 1 pq: 0 rg: 3 | total time: 3.28m | eta: 0.3m
step 00915/01000 (91.50%) | loss: 6.537964 | lrm: 0.86 | dt: 230.14ms | tok/sec: 4,449 | bf16_mfu: 0.00 | epoch: 1 pq: 0 rg: 3 | total time: 3.29m | eta: 0.3m
step 00916/01000 (91.60%) | loss: 6.520037 | lrm: 0.85 | dt: 221.91ms | tok/sec: 4,614 | bf16_mfu: 0.00 | epoch: 1 pq: 0 rg: 3 | total time: 3.29m | eta: 0.3m2026-04-21 00:39:45,823 - nanochat.checkpoint_manager - [32m[1mINFO[0m - Saved model parameters to: /Users/evergreen/.cache/nanochat/base_checkpoints/d4/model_001000.pt
2026-04-21 00:39:45,824 - nanochat.checkpoint_manager - [32m[1mINFO[0m - Saved metadata to: /Users/evergreen/.cache/nanochat/base_checkpoints/d4/meta_001000.json
2026-04-21 00:39:46,233 - nanochat.checkpoint_manager - [32m[1mINFO[0m - Saved optimizer state to: /Users/evergreen/.cache/nanochat/base_checkpoints/d4/optim_001000_rank0.pt

step 00917/01000 (91.70%) | loss: 6.459438 | lrm: 0.84 | dt: 348.12ms | tok/sec: 2,941 | bf16_mfu: 0.00 | epoch: 1 pq: 0 rg: 3 | total time: 3.30m | eta: 0.3m
step 00918/01000 (91.80%) | loss: 6.506814 | lrm: 0.83 | dt: 344.16ms | tok/sec: 2,975 | bf16_mfu: 0.00 | epoch: 1 pq: 0 rg: 3 | total time: 3.30m | eta: 0.3m
step 00919/01000 (91.90%) | loss: 6.524215 | lrm: 0.82 | dt: 190.98ms | tok/sec: 5,361 | bf16_mfu: 0.00 | epoch: 1 pq: 0 rg: 3 | total time: 3.31m | eta: 0.3m
step 00920/01000 (92.00%) | loss: 6.498949 | lrm: 0.81 | dt: 217.55ms | tok/sec: 4,707 | bf16_mfu: 0.00 | epoch: 1 pq: 0 rg: 3 | total time: 3.31m | eta: 0.3m
step 00921/01000 (92.10%) | loss: 6.584779 | lrm: 0.80 | dt: 229.10ms | tok/sec: 4,469 | bf16_mfu: 0.00 | epoch: 1 pq: 0 rg: 3 | total time: 3.31m | eta: 0.3m
step 00922/01000 (92.20%) | loss: 6.567748 | lrm: 0.79 | dt: 228.09ms | tok/sec: 4,489 | bf16_mfu: 0.00 | epoch: 1 pq: 0 rg: 3 | total time: 3.32m | eta: 0.3m
step 00923/01000 (92.30%) | loss: 6.583931 | lrm: 0.78 | dt: 229.91ms | tok/sec: 4,453 | bf16_mfu: 0.00 | epoch: 1 pq: 0 rg: 3 | total time: 3.32m | eta: 0.3m
step 00924/01000 (92.40%) | loss: 6.599859 | lrm: 0.77 | dt: 201.65ms | tok/sec: 5,078 | bf16_mfu: 0.00 | epoch: 1 pq: 0 rg: 3 | total time: 3.32m | eta: 0.3m
step 00925/01000 (92.50%) | loss: 6.568550 | lrm: 0.76 | dt: 203.20ms | tok/sec: 5,039 | bf16_mfu: 0.00 | epoch: 1 pq: 0 rg: 3 | total time: 3.33m | eta: 0.3m
step 00926/01000 (92.60%) | loss: 6.610518 | lrm: 0.75 | dt: 230.86ms | tok/sec: 4,435 | bf16_mfu: 0.00 | epoch: 1 pq: 0 rg: 3 | total time: 3.33m | eta: 0.3m
step 00927/01000 (92.70%) | loss: 6.623915 | lrm: 0.74 | dt: 220.03ms | tok/sec: 4,653 | bf16_mfu: 0.00 | epoch: 1 pq: 0 rg: 3 | total time: 3.34m | eta: 0.3m
step 00928/01000 (92.80%) | loss: 6.694150 | lrm: 0.73 | dt: 195.54ms | tok/sec: 5,236 | bf16_mfu: 0.00 | epoch: 1 pq: 0 rg: 3 | total time: 3.34m | eta: 0.3m
step 00929/01000 (92.90%) | loss: 6.649447 | lrm: 0.72 | dt: 234.14ms | tok/sec: 4,373 | bf16_mfu: 0.00 | epoch: 1 pq: 0 rg: 3 | total time: 3.34m | eta: 0.3m
step 00930/01000 (93.00%) | loss: 6.663900 | lrm: 0.71 | dt: 232.50ms | tok/sec: 4,404 | bf16_mfu: 0.00 | epoch: 1 pq: 0 rg: 3 | total time: 3.35m | eta: 0.3m
step 00931/01000 (93.10%) | loss: 6.656464 | lrm: 0.71 | dt: 229.89ms | tok/sec: 4,454 | bf16_mfu: 0.00 | epoch: 1 pq: 0 rg: 3 | total time: 3.35m | eta: 0.3m
step 00932/01000 (93.20%) | loss: 6.901657 | lrm: 0.70 | dt: 245.06ms | tok/sec: 4,178 | bf16_mfu: 0.00 | epoch: 1 pq: 0 rg: 3 | total time: 3.35m | eta: 0.2m
step 00933/01000 (93.30%) | loss: 6.833970 | lrm: 0.69 | dt: 222.45ms | tok/sec: 4,603 | bf16_mfu: 0.00 | epoch: 1 pq: 0 rg: 3 | total time: 3.36m | eta: 0.2m
step 00934/01000 (93.40%) | loss: 6.865841 | lrm: 0.68 | dt: 242.20ms | tok/sec: 4,227 | bf16_mfu: 0.00 | epoch: 1 pq: 0 rg: 3 | total time: 3.36m | eta: 0.2m
step 00935/01000 (93.50%) | loss: 6.855673 | lrm: 0.67 | dt: 217.05ms | tok/sec: 4,717 | bf16_mfu: 0.00 | epoch: 1 pq: 0 rg: 3 | total time: 3.37m | eta: 0.2m
step 00936/01000 (93.60%) | loss: 6.812128 | lrm: 0.66 | dt: 399.29ms | tok/sec: 2,564 | bf16_mfu: 0.00 | epoch: 1 pq: 0 rg: 3 | total time: 3.37m | eta: 0.2m
step 00937/01000 (93.70%) | loss: 6.805052 | lrm: 0.65 | dt: 236.46ms | tok/sec: 4,330 | bf16_mfu: 0.00 | epoch: 1 pq: 0 rg: 3 | total time: 3.38m | eta: 0.2m
step 00938/01000 (93.80%) | loss: 6.753232 | lrm: 0.64 | dt: 226.99ms | tok/sec: 4,511 | bf16_mfu: 0.00 | epoch: 1 pq: 0 rg: 3 | total time: 3.38m | eta: 0.2m
step 00939/01000 (93.90%) | loss: 6.745580 | lrm: 0.63 | dt: 244.10ms | tok/sec: 4,195 | bf16_mfu: 0.00 | epoch: 1 pq: 0 rg: 3 | total time: 3.38m | eta: 0.2m
step 00940/01000 (94.00%) | loss: 6.673372 | lrm: 0.62 | dt: 209.65ms | tok/sec: 4,884 | bf16_mfu: 0.00 | epoch: 1 pq: 0 rg: 3 | total time: 3.39m | eta: 0.2m
step 00941/01000 (94.10%) | loss: 6.599897 | lrm: 0.61 | dt: 181.67ms | tok/sec: 5,636 | bf16_mfu: 0.00 | epoch: 1 pq: 0 rg: 3 | total time: 3.39m | eta: 0.2m
step 00942/01000 (94.20%) | loss: 6.568168 | lrm: 0.60 | dt: 220.31ms | tok/sec: 4,648 | bf16_mfu: 0.00 | epoch: 1 pq: 0 rg: 3 | total time: 3.39m | eta: 0.2m
step 00943/01000 (94.30%) | loss: 6.500935 | lrm: 0.59 | dt: 207.41ms | tok/sec: 4,937 | bf16_mfu: 0.00 | epoch: 1 pq: 0 rg: 3 | total time: 3.40m | eta: 0.2m
step 00944/01000 (94.40%) | loss: 6.508230 | lrm: 0.58 | dt: 184.42ms | tok/sec: 5,552 | bf16_mfu: 0.00 | epoch: 1 pq: 0 rg: 3 | total time: 3.40m | eta: 0.2m
step 00945/01000 (94.50%) | loss: 6.523619 | lrm: 0.57 | dt: 190.67ms | tok/sec: 5,370 | bf16_mfu: 0.00 | epoch: 1 pq: 0 rg: 3 | total time: 3.40m | eta: 0.2m
step 00946/01000 (94.60%) | loss: 6.488881 | lrm: 0.56 | dt: 198.77ms | tok/sec: 5,151 | bf16_mfu: 0.00 | epoch: 1 pq: 0 rg: 3 | total time: 3.41m | eta: 0.2m
step 00947/01000 (94.70%) | loss: 6.486872 | lrm: 0.55 | dt: 209.36ms | tok/sec: 4,890 | bf16_mfu: 0.00 | epoch: 1 pq: 0 rg: 3 | total time: 3.41m | eta: 0.2m
step 00948/01000 (94.80%) | loss: 6.483496 | lrm: 0.54 | dt: 205.89ms | tok/sec: 4,973 | bf16_mfu: 0.00 | epoch: 1 pq: 0 rg: 3 | total time: 3.41m | eta: 0.2m
step 00949/01000 (94.90%) | loss: 6.476936 | lrm: 0.53 | dt: 375.22ms | tok/sec: 2,729 | bf16_mfu: 0.00 | epoch: 1 pq: 0 rg: 3 | total time: 3.42m | eta: 0.2m
step 00950/01000 (95.00%) | loss: 6.486618 | lrm: 0.53 | dt: 194.05ms | tok/sec: 5,277 | bf16_mfu: 0.00 | epoch: 1 pq: 0 rg: 3 | total time: 3.42m | eta: 0.2m
step 00951/01000 (95.10%) | loss: 6.489565 | lrm: 0.52 | dt: 210.70ms | tok/sec: 4,860 | bf16_mfu: 0.00 | epoch: 1 pq: 0 rg: 3 | total time: 3.43m | eta: 0.2m
step 00952/01000 (95.20%) | loss: 6.557855 | lrm: 0.51 | dt: 219.46ms | tok/sec: 4,666 | bf16_mfu: 0.00 | epoch: 1 pq: 0 rg: 3 | total time: 3.43m | eta: 0.2m
step 00953/01000 (95.30%) | loss: 6.534053 | lrm: 0.50 | dt: 208.09ms | tok/sec: 4,920 | bf16_mfu: 0.00 | epoch: 1 pq: 0 rg: 3 | total time: 3.43m | eta: 0.2m
step 00954/01000 (95.40%) | loss: 6.533343 | lrm: 0.49 | dt: 192.45ms | tok/sec: 5,320 | bf16_mfu: 0.00 | epoch: 1 pq: 0 rg: 3 | total time: 3.44m | eta: 0.2m
step 00955/01000 (95.50%) | loss: 6.564371 | lrm: 0.48 | dt: 188.83ms | tok/sec: 5,423 | bf16_mfu: 0.00 | epoch: 1 pq: 0 rg: 3 | total time: 3.44m | eta: 0.2m
step 00956/01000 (95.60%) | loss: 6.546886 | lrm: 0.47 | dt: 222.97ms | tok/sec: 4,592 | bf16_mfu: 0.00 | epoch: 1 pq: 0 rg: 3 | total time: 3.44m | eta: 0.2m
step 00957/01000 (95.70%) | loss: 6.468304 | lrm: 0.46 | dt: 231.82ms | tok/sec: 4,417 | bf16_mfu: 0.00 | epoch: 1 pq: 0 rg: 3 | total time: 3.45m | eta: 0.2m
step 00958/01000 (95.80%) | loss: 6.500225 | lrm: 0.45 | dt: 215.06ms | tok/sec: 4,761 | bf16_mfu: 0.00 | epoch: 1 pq: 0 rg: 3 | total time: 3.45m | eta: 0.2m
step 00959/01000 (95.90%) | loss: 6.498861 | lrm: 0.44 | dt: 232.10ms | tok/sec: 4,411 | bf16_mfu: 0.00 | epoch: 1 pq: 0 rg: 3 | total time: 3.46m | eta: 0.1m
step 00960/01000 (96.00%) | loss: 6.494999 | lrm: 0.43 | dt: 225.27ms | tok/sec: 4,545 | bf16_mfu: 0.00 | epoch: 1 pq: 0 rg: 3 | total time: 3.46m | eta: 0.1m
step 00961/01000 (96.10%) | loss: 6.490956 | lrm: 0.42 | dt: 209.14ms | tok/sec: 4,896 | bf16_mfu: 0.00 | epoch: 1 pq: 0 rg: 3 | total time: 3.46m | eta: 0.1m
step 00962/01000 (96.20%) | loss: 6.375414 | lrm: 0.41 | dt: 314.13ms | tok/sec: 3,259 | bf16_mfu: 0.00 | epoch: 1 pq: 0 rg: 3 | total time: 3.47m | eta: 0.1m
step 00963/01000 (96.30%) | loss: 6.421390 | lrm: 0.40 | dt: 312.61ms | tok/sec: 3,275 | bf16_mfu: 0.00 | epoch: 1 pq: 0 rg: 3 | total time: 3.47m | eta: 0.1m
step 00964/01000 (96.40%) | loss: 6.427821 | lrm: 0.39 | dt: 172.75ms | tok/sec: 5,927 | bf16_mfu: 0.00 | epoch: 1 pq: 0 rg: 3 | total time: 3.48m | eta: 0.1m
step 00965/01000 (96.50%) | loss: 6.446290 | lrm: 0.38 | dt: 212.13ms | tok/sec: 4,827 | bf16_mfu: 0.00 | epoch: 1 pq: 0 rg: 3 | total time: 3.48m | eta: 0.1m
step 00966/01000 (96.60%) | loss: 6.391662 | lrm: 0.37 | dt: 222.20ms | tok/sec: 4,608 | bf16_mfu: 0.00 | epoch: 1 pq: 0 rg: 3 | total time: 3.48m | eta: 0.1m
step 00967/01000 (96.70%) | loss: 6.373997 | lrm: 0.36 | dt: 194.00ms | tok/sec: 5,278 | bf16_mfu: 0.00 | epoch: 1 pq: 0 rg: 3 | total time: 3.49m | eta: 0.1m
step 00968/01000 (96.80%) | loss: 6.339058 | lrm: 0.35 | dt: 200.55ms | tok/sec: 5,106 | bf16_mfu: 0.00 | epoch: 1 pq: 0 rg: 3 | total time: 3.49m | eta: 0.1m
step 00969/01000 (96.90%) | loss: 6.358486 | lrm: 0.34 | dt: 199.44ms | tok/sec: 5,134 | bf16_mfu: 0.00 | epoch: 1 pq: 0 rg: 3 | total time: 3.49m | eta: 0.1m
step 00970/01000 (97.00%) | loss: 6.311914 | lrm: 0.33 | dt: 211.36ms | tok/sec: 4,844 | bf16_mfu: 0.00 | epoch: 1 pq: 0 rg: 3 | total time: 3.50m | eta: 0.1m
step 00971/01000 (97.10%) | loss: 6.324011 | lrm: 0.33 | dt: 353.95ms | tok/sec: 2,893 | bf16_mfu: 0.00 | epoch: 1 pq: 0 rg: 3 | total time: 3.50m | eta: 0.1m
step 00972/01000 (97.20%) | loss: 6.381248 | lrm: 0.32 | dt: 179.66ms | tok/sec: 5,699 | bf16_mfu: 0.00 | epoch: 1 pq: 0 rg: 3 | total time: 3.51m | eta: 0.1m
step 00973/01000 (97.30%) | loss: 6.350566 | lrm: 0.31 | dt: 210.81ms | tok/sec: 4,857 | bf16_mfu: 0.00 | epoch: 1 pq: 0 rg: 3 | total time: 3.51m | eta: 0.1m
step 00974/01000 (97.40%) | loss: 6.321453 | lrm: 0.30 | dt: 195.76ms | tok/sec: 5,230 | bf16_mfu: 0.00 | epoch: 1 pq: 0 rg: 3 | total time: 3.51m | eta: 0.1m
step 00975/01000 (97.50%) | loss: 6.332500 | lrm: 0.29 | dt: 207.61ms | tok/sec: 4,932 | bf16_mfu: 0.00 | epoch: 1 pq: 0 rg: 3 | total time: 3.52m | eta: 0.1m
step 00976/01000 (97.60%) | loss: 6.313720 | lrm: 0.28 | dt: 205.68ms | tok/sec: 4,978 | bf16_mfu: 0.00 | epoch: 1 pq: 0 rg: 3 | total time: 3.52m | eta: 0.1m
step 00977/01000 (97.70%) | loss: 6.270696 | lrm: 0.27 | dt: 222.29ms | tok/sec: 4,606 | bf16_mfu: 0.00 | epoch: 1 pq: 0 rg: 3 | total time: 3.52m | eta: 0.1m
step 00978/01000 (97.80%) | loss: 6.319730 | lrm: 0.26 | dt: 215.97ms | tok/sec: 4,741 | bf16_mfu: 0.00 | epoch: 1 pq: 0 rg: 3 | total time: 3.53m | eta: 0.1m
step 00979/01000 (97.90%) | loss: 6.375281 | lrm: 0.25 | dt: 218.13ms | tok/sec: 4,694 | bf16_mfu: 0.00 | epoch: 1 pq: 0 rg: 3 | total time: 3.53m | eta: 0.1m
step 00980/01000 (98.00%) | loss: 6.323893 | lrm: 0.24 | dt: 237.48ms | tok/sec: 4,311 | bf16_mfu: 0.00 | epoch: 1 pq: 0 rg: 3 | total time: 3.53m | eta: 0.1m
step 00981/01000 (98.10%) | loss: 6.338088 | lrm: 0.23 | dt: 241.62ms | tok/sec: 4,238 | bf16_mfu: 0.00 | epoch: 1 pq: 0 rg: 3 | total time: 3.54m | eta: 0.1m
step 00982/01000 (98.20%) | loss: 6.345772 | lrm: 0.22 | dt: 239.54ms | tok/sec: 4,274 | bf16_mfu: 0.00 | epoch: 1 pq: 0 rg: 3 | total time: 3.54m | eta: 0.1m
step 00983/01000 (98.30%) | loss: 6.321675 | lrm: 0.21 | dt: 274.67ms | tok/sec: 3,728 | bf16_mfu: 0.00 | epoch: 1 pq: 0 rg: 4 | total time: 3.55m | eta: 0.1m
step 00984/01000 (98.40%) | loss: 6.347748 | lrm: 0.20 | dt: 221.71ms | tok/sec: 4,618 | bf16_mfu: 0.00 | epoch: 1 pq: 0 rg: 4 | total time: 3.55m | eta: 0.1m
step 00985/01000 (98.50%) | loss: 6.365173 | lrm: 0.19 | dt: 248.50ms | tok/sec: 4,120 | bf16_mfu: 0.00 | epoch: 1 pq: 0 rg: 4 | total time: 3.55m | eta: 0.1m
step 00986/01000 (98.60%) | loss: 6.361333 | lrm: 0.18 | dt: 232.82ms | tok/sec: 4,398 | bf16_mfu: 0.00 | epoch: 1 pq: 0 rg: 4 | total time: 3.56m | eta: 0.1m
step 00987/01000 (98.70%) | loss: 6.349895 | lrm: 0.17 | dt: 211.10ms | tok/sec: 4,850 | bf16_mfu: 0.00 | epoch: 1 pq: 0 rg: 4 | total time: 3.56m | eta: 0.0m
step 00988/01000 (98.80%) | loss: 6.327952 | lrm: 0.16 | dt: 202.32ms | tok/sec: 5,061 | bf16_mfu: 0.00 | epoch: 1 pq: 0 rg: 4 | total time: 3.57m | eta: 0.0m
step 00989/01000 (98.90%) | loss: 6.314062 | lrm: 0.15 | dt: 359.46ms | tok/sec: 2,848 | bf16_mfu: 0.00 | epoch: 1 pq: 0 rg: 4 | total time: 3.57m | eta: 0.0m
step 00990/01000 (99.00%) | loss: 6.325108 | lrm: 0.15 | dt: 182.60ms | tok/sec: 5,607 | bf16_mfu: 0.00 | epoch: 1 pq: 0 rg: 4 | total time: 3.57m | eta: 0.0m
step 00991/01000 (99.10%) | loss: 6.386619 | lrm: 0.14 | dt: 245.74ms | tok/sec: 4,166 | bf16_mfu: 0.00 | epoch: 1 pq: 0 rg: 4 | total time: 3.58m | eta: 0.0m
step 00992/01000 (99.20%) | loss: 6.423289 | lrm: 0.13 | dt: 171.74ms | tok/sec: 5,962 | bf16_mfu: 0.00 | epoch: 1 pq: 0 rg: 4 | total time: 3.58m | eta: 0.0m
step 00993/01000 (99.30%) | loss: 6.435619 | lrm: 0.12 | dt: 180.10ms | tok/sec: 5,685 | bf16_mfu: 0.00 | epoch: 1 pq: 0 rg: 4 | total time: 3.58m | eta: 0.0m
step 00994/01000 (99.40%) | loss: 6.470000 | lrm: 0.11 | dt: 166.52ms | tok/sec: 6,149 | bf16_mfu: 0.00 | epoch: 1 pq: 0 rg: 4 | total time: 3.59m | eta: 0.0m
step 00995/01000 (99.50%) | loss: 6.450318 | lrm: 0.10 | dt: 171.75ms | tok/sec: 5,962 | bf16_mfu: 0.00 | epoch: 1 pq: 0 rg: 4 | total time: 3.59m | eta: 0.0m
step 00996/01000 (99.60%) | loss: 6.428001 | lrm: 0.09 | dt: 176.67ms | tok/sec: 5,795 | bf16_mfu: 0.00 | epoch: 1 pq: 0 rg: 4 | total time: 3.59m | eta: 0.0m
step 00997/01000 (99.70%) | loss: 6.404363 | lrm: 0.08 | dt: 177.57ms | tok/sec: 5,766 | bf16_mfu: 0.00 | epoch: 1 pq: 0 rg: 4 | total time: 3.60m | eta: 0.0m
step 00998/01000 (99.80%) | loss: 6.446018 | lrm: 0.07 | dt: 179.17ms | tok/sec: 5,715 | bf16_mfu: 0.00 | epoch: 1 pq: 0 rg: 4 | total time: 3.60m | eta: 0.0m
step 00999/01000 (99.90%) | loss: 6.516116 | lrm: 0.06 | dt: 182.77ms | tok/sec: 5,602 | bf16_mfu: 0.00 | epoch: 1 pq: 0 rg: 4 | total time: 3.60m | eta: 0.0m
Peak memory usage: 0.00MiB
Total training time: 3.60m
