/Users/evergreen/miniforge3/envs/py3_12/lib/python3.12/site-packages/requests/__init__.py:113: RequestsDependencyWarning: urllib3 (2.6.2) or chardet (6.0.0.post1)/charset_normalizer (3.4.4) doesn't match a supported version!
  warnings.warn(
/Users/evergreen/miniforge3/envs/py3_12/lib/python3.12/site-packages/pydantic/_internal/_generate_schema.py:2249: UnsupportedFieldAttributeWarning: The 'repr' attribute with value False was provided to the `Field()` function, which has no effect in the context it was used. 'repr' is field-specific metadata, and can only be attached to a model field using `Annotated` metadata or by assignment. This may have happened because an `Annotated` type alias using the `type` statement was used, or if the `Field()` function was attached to a single member of a union type.
  warnings.warn(
/Users/evergreen/miniforge3/envs/py3_12/lib/python3.12/site-packages/pydantic/_internal/_generate_schema.py:2249: UnsupportedFieldAttributeWarning: The 'frozen' attribute with value True was provided to the `Field()` function, which has no effect in the context it was used. 'frozen' is field-specific metadata, and can only be attached to a model field using `Annotated` metadata or by assignment. This may have happened because an `Annotated` type alias using the `type` statement was used, or if the `Field()` function was attached to a single member of a union type.
  warnings.warn(
2026-04-21 00:32:23,159 - nanochat.common - [32m[1mINFO[0m - Distributed world size: 1

                                                       █████                █████
                                                      ░░███                ░░███
     ████████    ██████   ████████    ██████   ██████  ░███████    ██████  ███████
    ░░███░░███  ░░░░░███ ░░███░░███  ███░░███ ███░░███ ░███░░███  ░░░░░███░░░███░
     ░███ ░███   ███████  ░███ ░███ ░███ ░███░███ ░░░  ░███ ░███   ███████  ░███
     ░███ ░███  ███░░███  ░███ ░███ ░███ ░███░███  ███ ░███ ░███  ███░░███  ░███ ███
     ████ █████░░████████ ████ █████░░██████ ░░██████  ████ █████░░███████  ░░█████
    ░░░░ ░░░░░  ░░░░░░░░ ░░░░ ░░░░░  ░░░░░░   ░░░░░░  ░░░░ ░░░░░  ░░░░░░░░   ░░░░░
    
Autodetected device type: mps
COMPUTE_DTYPE: torch.float32 (auto-detected: no CUDA (CPU/MPS))
!!!!!!!!!!!!!!!!!!!!!!!!!!!!!!!!!!!!!!!!!!!!!!!!!!!!!!!!!!!!!!!!!!!!!!!!!!!!!!!!
WARNING: Flash Attention 3 not available, using PyTorch SDPA fallback
WARNING: Training will be less efficient without FA3
WARNING: SDPA has no support for sliding window attention (window_pattern='SSSL'). Your GPU utilization will be terrible.
WARNING: Recommend using --window-pattern L for full context attention without alternating sliding window patterns.
!!!!!!!!!!!!!!!!!!!!!!!!!!!!!!!!!!!!!!!!!!!!!!!!!!!!!!!!!!!!!!!!!!!!!!!!!!!!!!!!
Vocab size: 32,768
Model config:
{
  "sequence_len": 512,
  "vocab_size": 32768,
  "n_layer": 4,
  "n_head": 1,
  "n_kv_head": 1,
  "n_embd": 128,
  "window_pattern": "SSSL",
  "mlp_activation": "relu"
}
Attention c_proj init: gaussian, std=1/sqrt(n_embd)
MLP activation: relu
MLP c_proj init: gaussian, std=1/sqrt(4*n_embd)
Skipping torch.compile on MPS because the Metal backend is still experimental
Parameter counts:
wte                     : 4,194,304
value_embeds            : 8,388,608
lm_head                 : 4,194,304
transformer_matrices    : 786,456
scalars                 : 34
total                   : 17,563,706
Estimated FLOPs per token: 3.126082e+07
Scaling LRs by 0.0442 for batch size 1,024 (reference: 524,288)
Scaling weight decay from 0.280000 to 0.084016 for depth 4
Scaling the LR for the AdamW parameters ∝1/√(128/768) = 2.449490
Using user-provided number of iterations: 1,000
Total number of training tokens: 1,024,000
Tokens : Scaling params ratio: 0.21
Total training FLOPs estimate: 3.201108e+13
Tokens / micro-batch / rank: 1 x 512 = 512
Tokens / micro-batch: 512
Total batch size 1,024 => gradient accumulation steps: 2
step 00000/01000 (0.00%) | loss: 10.396892 | lrm: 0.03 | dt: 492.81ms | tok/sec: 2,077 | bf16_mfu: 0.00 | epoch: 1 pq: 0 rg: 0 | total time: 0.00m
step 00001/01000 (0.10%) | loss: 10.396674 | lrm: 0.05 | dt: 122.44ms | tok/sec: 8,363 | bf16_mfu: 0.00 | epoch: 1 pq: 0 rg: 0 | total time: 0.00m
step 00002/01000 (0.20%) | loss: 10.397158 | lrm: 0.07 | dt: 103.31ms | tok/sec: 9,912 | bf16_mfu: 0.00 | epoch: 1 pq: 0 rg: 0 | total time: 0.00m
step 00003/01000 (0.30%) | loss: 10.396997 | lrm: 0.10 | dt: 101.26ms | tok/sec: 10,112 | bf16_mfu: 0.00 | epoch: 1 pq: 0 rg: 0 | total time: 0.00m
step 00004/01000 (0.40%) | loss: 10.396586 | lrm: 0.12 | dt: 99.97ms | tok/sec: 10,242 | bf16_mfu: 0.00 | epoch: 1 pq: 0 rg: 0 | total time: 0.00m
step 00005/01000 (0.50%) | loss: 10.395837 | lrm: 0.15 | dt: 122.85ms | tok/sec: 8,335 | bf16_mfu: 0.00 | epoch: 1 pq: 0 rg: 1 | total time: 0.00m
step 00006/01000 (0.60%) | loss: 10.394297 | lrm: 0.17 | dt: 100.92ms | tok/sec: 10,146 | bf16_mfu: 0.00 | epoch: 1 pq: 0 rg: 1 | total time: 0.00m
step 00007/01000 (0.70%) | loss: 10.392549 | lrm: 0.20 | dt: 100.95ms | tok/sec: 10,143 | bf16_mfu: 0.00 | epoch: 1 pq: 0 rg: 1 | total time: 0.00m
step 00008/01000 (0.80%) | loss: 10.389741 | lrm: 0.23 | dt: 101.11ms | tok/sec: 10,127 | bf16_mfu: 0.00 | epoch: 1 pq: 0 rg: 1 | total time: 0.00m
step 00009/01000 (0.90%) | loss: 10.386495 | lrm: 0.25 | dt: 101.58ms | tok/sec: 10,080 | bf16_mfu: 0.00 | epoch: 1 pq: 0 rg: 1 | total time: 0.00m
step 00010/01000 (1.00%) | loss: 10.382202 | lrm: 0.28 | dt: 102.73ms | tok/sec: 9,967 | bf16_mfu: 0.00 | epoch: 1 pq: 0 rg: 1 | total time: 0.00m
step 00011/01000 (1.10%) | loss: 10.375735 | lrm: 0.30 | dt: 103.87ms | tok/sec: 9,858 | bf16_mfu: 0.00 | epoch: 1 pq: 0 rg: 1 | total time: 0.00m | eta: 1.7m
step 00012/01000 (1.20%) | loss: 10.364789 | lrm: 0.33 | dt: 107.01ms | tok/sec: 9,569 | bf16_mfu: 0.00 | epoch: 1 pq: 0 rg: 1 | total time: 0.00m | eta: 1.7m
step 00013/01000 (1.30%) | loss: 10.352140 | lrm: 0.35 | dt: 111.14ms | tok/sec: 9,213 | bf16_mfu: 0.00 | epoch: 1 pq: 0 rg: 1 | total time: 0.01m | eta: 1.8m
step 00014/01000 (1.40%) | loss: 10.336867 | lrm: 0.38 | dt: 119.28ms | tok/sec: 8,585 | bf16_mfu: 0.00 | epoch: 1 pq: 0 rg: 1 | total time: 0.01m | eta: 1.8m
step 00015/01000 (1.50%) | loss: 10.318457 | lrm: 0.40 | dt: 140.86ms | tok/sec: 7,269 | bf16_mfu: 0.00 | epoch: 1 pq: 0 rg: 1 | total time: 0.01m | eta: 1.9m
step 00016/01000 (1.60%) | loss: 10.296337 | lrm: 0.42 | dt: 409.35ms | tok/sec: 2,501 | bf16_mfu: 0.00 | epoch: 1 pq: 0 rg: 1 | total time: 0.02m | eta: 2.7m
step 00017/01000 (1.70%) | loss: 10.269634 | lrm: 0.45 | dt: 814.37ms | tok/sec: 1,257 | bf16_mfu: 0.00 | epoch: 1 pq: 0 rg: 1 | total time: 0.03m | eta: 4.2m
step 00018/01000 (1.80%) | loss: 10.240113 | lrm: 0.47 | dt: 426.77ms | tok/sec: 2,399 | bf16_mfu: 0.00 | epoch: 1 pq: 0 rg: 1 | total time: 0.04m | eta: 4.6m
step 00019/01000 (1.90%) | loss: 10.213283 | lrm: 0.50 | dt: 380.11ms | tok/sec: 2,693 | bf16_mfu: 0.00 | epoch: 1 pq: 0 rg: 1 | total time: 0.04m | eta: 4.7m
step 00020/01000 (2.00%) | loss: 10.175281 | lrm: 0.53 | dt: 164.57ms | tok/sec: 6,222 | bf16_mfu: 0.00 | epoch: 1 pq: 0 rg: 1 | total time: 0.05m | eta: 4.5m
step 00021/01000 (2.10%) | loss: 10.141900 | lrm: 0.55 | dt: 189.04ms | tok/sec: 5,416 | bf16_mfu: 0.00 | epoch: 1 pq: 0 rg: 1 | total time: 0.05m | eta: 4.4m
step 00022/01000 (2.20%) | loss: 10.096039 | lrm: 0.57 | dt: 173.61ms | tok/sec: 5,898 | bf16_mfu: 0.00 | epoch: 1 pq: 0 rg: 1 | total time: 0.05m | eta: 4.3m
step 00023/01000 (2.30%) | loss: 10.050909 | lrm: 0.60 | dt: 171.66ms | tok/sec: 5,965 | bf16_mfu: 0.00 | epoch: 1 pq: 0 rg: 1 | total time: 0.06m | eta: 4.1m
step 00024/01000 (2.40%) | loss: 10.008044 | lrm: 0.62 | dt: 158.76ms | tok/sec: 6,449 | bf16_mfu: 0.00 | epoch: 1 pq: 0 rg: 1 | total time: 0.06m | eta: 4.0m
step 00025/01000 (2.50%) | loss: 9.968038 | lrm: 0.65 | dt: 152.01ms | tok/sec: 6,736 | bf16_mfu: 0.00 | epoch: 1 pq: 0 rg: 1 | total time: 0.06m | eta: 3.9m
step 00026/01000 (2.60%) | loss: 9.921936 | lrm: 0.68 | dt: 135.83ms | tok/sec: 7,538 | bf16_mfu: 0.00 | epoch: 1 pq: 0 rg: 1 | total time: 0.06m | eta: 3.8m
step 00027/01000 (2.70%) | loss: 9.858418 | lrm: 0.70 | dt: 138.68ms | tok/sec: 7,383 | bf16_mfu: 0.00 | epoch: 1 pq: 0 rg: 1 | total time: 0.06m | eta: 3.7m
step 00028/01000 (2.80%) | loss: 9.799420 | lrm: 0.72 | dt: 289.92ms | tok/sec: 3,531 | bf16_mfu: 0.00 | epoch: 1 pq: 0 rg: 1 | total time: 0.07m | eta: 3.8m
step 00029/01000 (2.90%) | loss: 9.752297 | lrm: 0.75 | dt: 167.88ms | tok/sec: 6,099 | bf16_mfu: 0.00 | epoch: 1 pq: 0 rg: 1 | total time: 0.07m | eta: 3.7m
step 00030/01000 (3.00%) | loss: 9.674995 | lrm: 0.78 | dt: 187.67ms | tok/sec: 5,456 | bf16_mfu: 0.00 | epoch: 1 pq: 0 rg: 1 | total time: 0.08m | eta: 3.7m
step 00031/01000 (3.10%) | loss: 9.624891 | lrm: 0.80 | dt: 200.41ms | tok/sec: 5,109 | bf16_mfu: 0.00 | epoch: 1 pq: 0 rg: 1 | total time: 0.08m | eta: 3.6m
step 00032/01000 (3.20%) | loss: 9.579428 | lrm: 0.82 | dt: 221.90ms | tok/sec: 4,614 | bf16_mfu: 0.00 | epoch: 1 pq: 0 rg: 1 | total time: 0.08m | eta: 3.6m
step 00033/01000 (3.30%) | loss: 9.503000 | lrm: 0.85 | dt: 229.81ms | tok/sec: 4,455 | bf16_mfu: 0.00 | epoch: 1 pq: 0 rg: 1 | total time: 0.09m | eta: 3.6m
step 00034/01000 (3.40%) | loss: 9.423495 | lrm: 0.88 | dt: 221.40ms | tok/sec: 4,625 | bf16_mfu: 0.00 | epoch: 1 pq: 0 rg: 1 | total time: 0.09m | eta: 3.6m
step 00035/01000 (3.50%) | loss: 9.367630 | lrm: 0.90 | dt: 262.94ms | tok/sec: 3,894 | bf16_mfu: 0.00 | epoch: 1 pq: 0 rg: 1 | total time: 0.09m | eta: 3.7m
step 00036/01000 (3.60%) | loss: 9.341618 | lrm: 0.93 | dt: 241.99ms | tok/sec: 4,231 | bf16_mfu: 0.00 | epoch: 1 pq: 0 rg: 1 | total time: 0.10m | eta: 3.7m
step 00037/01000 (3.70%) | loss: 9.255542 | lrm: 0.95 | dt: 287.68ms | tok/sec: 3,559 | bf16_mfu: 0.00 | epoch: 1 pq: 0 rg: 1 | total time: 0.10m | eta: 3.7m
step 00038/01000 (3.80%) | loss: 9.180524 | lrm: 0.97 | dt: 218.24ms | tok/sec: 4,692 | bf16_mfu: 0.00 | epoch: 1 pq: 0 rg: 1 | total time: 0.11m | eta: 3.7m
step 00039/01000 (3.90%) | loss: 9.124465 | lrm: 1.00 | dt: 260.59ms | tok/sec: 3,929 | bf16_mfu: 0.00 | epoch: 1 pq: 0 rg: 1 | total time: 0.11m | eta: 3.7m
step 00040/01000 (4.00%) | loss: 9.080747 | lrm: 1.00 | dt: 284.84ms | tok/sec: 3,595 | bf16_mfu: 0.00 | epoch: 1 pq: 0 rg: 1 | total time: 0.12m | eta: 3.7m
step 00041/01000 (4.10%) | loss: 9.022965 | lrm: 1.00 | dt: 249.61ms | tok/sec: 4,102 | bf16_mfu: 0.00 | epoch: 1 pq: 0 rg: 1 | total time: 0.12m | eta: 3.7m
step 00042/01000 (4.20%) | loss: 8.954433 | lrm: 1.00 | dt: 258.52ms | tok/sec: 3,961 | bf16_mfu: 0.00 | epoch: 1 pq: 0 rg: 1 | total time: 0.12m | eta: 3.7m
step 00043/01000 (4.30%) | loss: 8.886124 | lrm: 1.00 | dt: 229.64ms | tok/sec: 4,459 | bf16_mfu: 0.00 | epoch: 1 pq: 0 rg: 1 | total time: 0.13m | eta: 3.7m
step 00044/01000 (4.40%) | loss: 8.815159 | lrm: 1.00 | dt: 214.68ms | tok/sec: 4,769 | bf16_mfu: 0.00 | epoch: 1 pq: 0 rg: 1 | total time: 0.13m | eta: 3.7m
step 00045/01000 (4.50%) | loss: 8.780391 | lrm: 1.00 | dt: 173.75ms | tok/sec: 5,893 | bf16_mfu: 0.00 | epoch: 1 pq: 0 rg: 1 | total time: 0.13m | eta: 3.7m
step 00046/01000 (4.60%) | loss: 8.720677 | lrm: 1.00 | dt: 216.27ms | tok/sec: 4,734 | bf16_mfu: 0.00 | epoch: 1 pq: 0 rg: 1 | total time: 0.14m | eta: 3.7m
step 00047/01000 (4.70%) | loss: 8.660602 | lrm: 1.00 | dt: 211.36ms | tok/sec: 4,844 | bf16_mfu: 0.00 | epoch: 1 pq: 0 rg: 1 | total time: 0.14m | eta: 3.7m
step 00048/01000 (4.80%) | loss: 8.625670 | lrm: 1.00 | dt: 193.95ms | tok/sec: 5,279 | bf16_mfu: 0.00 | epoch: 1 pq: 0 rg: 1 | total time: 0.15m | eta: 3.6m
step 00049/01000 (4.90%) | loss: 8.554873 | lrm: 1.00 | dt: 208.14ms | tok/sec: 4,919 | bf16_mfu: 0.00 | epoch: 1 pq: 0 rg: 1 | total time: 0.15m | eta: 3.6m
step 00050/01000 (5.00%) | loss: 8.491306 | lrm: 1.00 | dt: 231.47ms | tok/sec: 4,423 | bf16_mfu: 0.00 | epoch: 1 pq: 0 rg: 1 | total time: 0.15m | eta: 3.6m
step 00051/01000 (5.10%) | loss: 8.450105 | lrm: 1.00 | dt: 211.89ms | tok/sec: 4,832 | bf16_mfu: 0.00 | epoch: 1 pq: 0 rg: 1 | total time: 0.16m | eta: 3.6m
step 00052/01000 (5.20%) | loss: 8.404824 | lrm: 1.00 | dt: 471.67ms | tok/sec: 2,171 | bf16_mfu: 0.00 | epoch: 1 pq: 0 rg: 1 | total time: 0.16m | eta: 3.7m
step 00053/01000 (5.30%) | loss: 8.349857 | lrm: 1.00 | dt: 210.96ms | tok/sec: 4,853 | bf16_mfu: 0.00 | epoch: 1 pq: 0 rg: 1 | total time: 0.17m | eta: 3.7m
step 00054/01000 (5.40%) | loss: 8.317298 | lrm: 1.00 | dt: 236.49ms | tok/sec: 4,330 | bf16_mfu: 0.00 | epoch: 1 pq: 0 rg: 1 | total time: 0.17m | eta: 3.7m
step 00055/01000 (5.50%) | loss: 8.299212 | lrm: 1.00 | dt: 213.38ms | tok/sec: 4,798 | bf16_mfu: 0.00 | epoch: 1 pq: 0 rg: 1 | total time: 0.18m | eta: 3.7m
step 00056/01000 (5.60%) | loss: 8.264281 | lrm: 1.00 | dt: 194.93ms | tok/sec: 5,253 | bf16_mfu: 0.00 | epoch: 1 pq: 0 rg: 1 | total time: 0.18m | eta: 3.7m
step 00057/01000 (5.70%) | loss: 8.234513 | lrm: 1.00 | dt: 190.55ms | tok/sec: 5,373 | bf16_mfu: 0.00 | epoch: 1 pq: 0 rg: 1 | total time: 0.18m | eta: 3.6m
step 00058/01000 (5.80%) | loss: 8.161761 | lrm: 1.00 | dt: 166.13ms | tok/sec: 6,163 | bf16_mfu: 0.00 | epoch: 1 pq: 0 rg: 1 | total time: 0.18m | eta: 3.6m
step 00059/01000 (5.90%) | loss: 8.125638 | lrm: 1.00 | dt: 178.45ms | tok/sec: 5,738 | bf16_mfu: 0.00 | epoch: 1 pq: 0 rg: 1 | total time: 0.19m | eta: 3.6m
step 00060/01000 (6.00%) | loss: 8.072497 | lrm: 1.00 | dt: 186.21ms | tok/sec: 5,499 | bf16_mfu: 0.00 | epoch: 1 pq: 0 rg: 1 | total time: 0.19m | eta: 3.6m
step 00061/01000 (6.10%) | loss: 8.037506 | lrm: 1.00 | dt: 200.16ms | tok/sec: 5,115 | bf16_mfu: 0.00 | epoch: 1 pq: 0 rg: 1 | total time: 0.19m | eta: 3.6m
step 00062/01000 (6.20%) | loss: 8.026532 | lrm: 1.00 | dt: 190.61ms | tok/sec: 5,372 | bf16_mfu: 0.00 | epoch: 1 pq: 0 rg: 1 | total time: 0.20m | eta: 3.6m
step 00063/01000 (6.30%) | loss: 8.023872 | lrm: 1.00 | dt: 227.31ms | tok/sec: 4,504 | bf16_mfu: 0.00 | epoch: 1 pq: 0 rg: 1 | total time: 0.20m | eta: 3.5m
step 00064/01000 (6.40%) | loss: 7.957352 | lrm: 1.00 | dt: 206.64ms | tok/sec: 4,955 | bf16_mfu: 0.00 | epoch: 1 pq: 0 rg: 1 | total time: 0.20m | eta: 3.5m
step 00065/01000 (6.50%) | loss: 7.948828 | lrm: 1.00 | dt: 249.52ms | tok/sec: 4,103 | bf16_mfu: 0.00 | epoch: 1 pq: 0 rg: 1 | total time: 0.21m | eta: 3.5m
step 00066/01000 (6.60%) | loss: 7.933134 | lrm: 1.00 | dt: 248.56ms | tok/sec: 4,119 | bf16_mfu: 0.00 | epoch: 1 pq: 0 rg: 1 | total time: 0.21m | eta: 3.5m
step 00067/01000 (6.70%) | loss: 7.901571 | lrm: 1.00 | dt: 279.62ms | tok/sec: 3,662 | bf16_mfu: 0.00 | epoch: 1 pq: 0 rg: 1 | total time: 0.22m | eta: 3.6m
step 00068/01000 (6.80%) | loss: 7.888714 | lrm: 1.00 | dt: 227.71ms | tok/sec: 4,497 | bf16_mfu: 0.00 | epoch: 1 pq: 0 rg: 1 | total time: 0.22m | eta: 3.5m
step 00069/01000 (6.90%) | loss: 7.861899 | lrm: 1.00 | dt: 275.62ms | tok/sec: 3,715 | bf16_mfu: 0.00 | epoch: 1 pq: 0 rg: 1 | total time: 0.23m | eta: 3.6m
step 00070/01000 (7.00%) | loss: 7.840852 | lrm: 1.00 | dt: 215.86ms | tok/sec: 4,743 | bf16_mfu: 0.00 | epoch: 1 pq: 0 rg: 1 | total time: 0.23m | eta: 3.5m
step 00071/01000 (7.10%) | loss: 7.839699 | lrm: 1.00 | dt: 235.22ms | tok/sec: 4,353 | bf16_mfu: 0.00 | epoch: 1 pq: 0 rg: 1 | total time: 0.23m | eta: 3.5m
step 00072/01000 (7.20%) | loss: 7.953411 | lrm: 1.00 | dt: 265.17ms | tok/sec: 3,861 | bf16_mfu: 0.00 | epoch: 1 pq: 0 rg: 1 | total time: 0.24m | eta: 3.6m
step 00073/01000 (7.30%) | loss: 7.919879 | lrm: 1.00 | dt: 289.62ms | tok/sec: 3,535 | bf16_mfu: 0.00 | epoch: 1 pq: 0 rg: 1 | total time: 0.24m | eta: 3.6m
step 00074/01000 (7.40%) | loss: 7.870434 | lrm: 1.00 | dt: 219.69ms | tok/sec: 4,661 | bf16_mfu: 0.00 | epoch: 1 pq: 0 rg: 1 | total time: 0.25m | eta: 3.6m
step 00075/01000 (7.50%) | loss: 7.893681 | lrm: 1.00 | dt: 256.89ms | tok/sec: 3,986 | bf16_mfu: 0.00 | epoch: 1 pq: 0 rg: 1 | total time: 0.25m | eta: 3.6m
step 00076/01000 (7.60%) | loss: 7.844737 | lrm: 1.00 | dt: 240.10ms | tok/sec: 4,264 | bf16_mfu: 0.00 | epoch: 1 pq: 0 rg: 1 | total time: 0.25m | eta: 3.6m
step 00077/01000 (7.70%) | loss: 7.858465 | lrm: 1.00 | dt: 235.31ms | tok/sec: 4,351 | bf16_mfu: 0.00 | epoch: 1 pq: 0 rg: 1 | total time: 0.26m | eta: 3.6m
step 00078/01000 (7.80%) | loss: 7.817982 | lrm: 1.00 | dt: 243.55ms | tok/sec: 4,204 | bf16_mfu: 0.00 | epoch: 1 pq: 0 rg: 1 | total time: 0.26m | eta: 3.6m
step 00079/01000 (7.90%) | loss: 7.814817 | lrm: 1.00 | dt: 228.39ms | tok/sec: 4,483 | bf16_mfu: 0.00 | epoch: 1 pq: 0 rg: 1 | total time: 0.27m | eta: 3.5m
step 00080/01000 (8.00%) | loss: 7.791253 | lrm: 1.00 | dt: 243.72ms | tok/sec: 4,201 | bf16_mfu: 0.00 | epoch: 1 pq: 0 rg: 1 | total time: 0.27m | eta: 3.5m
step 00081/01000 (8.10%) | loss: 7.822993 | lrm: 1.00 | dt: 338.96ms | tok/sec: 3,021 | bf16_mfu: 0.00 | epoch: 1 pq: 0 rg: 1 | total time: 0.28m | eta: 3.6m
step 00082/01000 (8.20%) | loss: 7.849395 | lrm: 1.00 | dt: 312.04ms | tok/sec: 3,281 | bf16_mfu: 0.00 | epoch: 1 pq: 0 rg: 1 | total time: 0.28m | eta: 3.6m
step 00083/01000 (8.30%) | loss: 7.863940 | lrm: 1.00 | dt: 226.52ms | tok/sec: 4,520 | bf16_mfu: 0.00 | epoch: 1 pq: 0 rg: 1 | total time: 0.28m | eta: 3.6m
step 00084/01000 (8.40%) | loss: 7.849807 | lrm: 1.00 | dt: 213.22ms | tok/sec: 4,802 | bf16_mfu: 0.00 | epoch: 1 pq: 0 rg: 1 | total time: 0.29m | eta: 3.6m
step 00085/01000 (8.50%) | loss: 7.835059 | lrm: 1.00 | dt: 294.31ms | tok/sec: 3,479 | bf16_mfu: 0.00 | epoch: 1 pq: 0 rg: 1 | total time: 0.29m | eta: 3.6m
step 00086/01000 (8.60%) | loss: 7.842585 | lrm: 1.00 | dt: 175.15ms | tok/sec: 5,846 | bf16_mfu: 0.00 | epoch: 1 pq: 0 rg: 1 | total time: 0.30m | eta: 3.6m
step 00087/01000 (8.70%) | loss: 7.844630 | lrm: 1.00 | dt: 240.38ms | tok/sec: 4,259 | bf16_mfu: 0.00 | epoch: 1 pq: 0 rg: 1 | total time: 0.30m | eta: 3.6m
step 00088/01000 (8.80%) | loss: 7.846809 | lrm: 1.00 | dt: 231.91ms | tok/sec: 4,415 | bf16_mfu: 0.00 | epoch: 1 pq: 0 rg: 1 | total time: 0.30m | eta: 3.6m
step 00089/01000 (8.90%) | loss: 7.815387 | lrm: 1.00 | dt: 197.71ms | tok/sec: 5,179 | bf16_mfu: 0.00 | epoch: 1 pq: 0 rg: 1 | total time: 0.31m | eta: 3.5m
step 00090/01000 (9.00%) | loss: 7.787392 | lrm: 1.00 | dt: 198.03ms | tok/sec: 5,170 | bf16_mfu: 0.00 | epoch: 1 pq: 0 rg: 1 | total time: 0.31m | eta: 3.5m
step 00091/01000 (9.10%) | loss: 7.797404 | lrm: 1.00 | dt: 202.31ms | tok/sec: 5,061 | bf16_mfu: 0.00 | epoch: 1 pq: 0 rg: 1 | total time: 0.31m | eta: 3.5m
step 00092/01000 (9.20%) | loss: 7.788480 | lrm: 1.00 | dt: 230.46ms | tok/sec: 4,443 | bf16_mfu: 0.00 | epoch: 1 pq: 0 rg: 1 | total time: 0.32m | eta: 3.5m
step 00093/01000 (9.30%) | loss: 7.828412 | lrm: 1.00 | dt: 229.67ms | tok/sec: 4,458 | bf16_mfu: 0.00 | epoch: 1 pq: 0 rg: 1 | total time: 0.32m | eta: 3.5m
step 00094/01000 (9.40%) | loss: 7.837324 | lrm: 1.00 | dt: 294.26ms | tok/sec: 3,479 | bf16_mfu: 0.00 | epoch: 1 pq: 0 rg: 1 | total time: 0.33m | eta: 3.5m
step 00095/01000 (9.50%) | loss: 7.834401 | lrm: 1.00 | dt: 236.61ms | tok/sec: 4,327 | bf16_mfu: 0.00 | epoch: 1 pq: 0 rg: 1 | total time: 0.33m | eta: 3.5m
step 00096/01000 (9.60%) | loss: 7.788139 | lrm: 1.00 | dt: 263.22ms | tok/sec: 3,890 | bf16_mfu: 0.00 | epoch: 1 pq: 0 rg: 1 | total time: 0.33m | eta: 3.5m
step 00097/01000 (9.70%) | loss: 7.800558 | lrm: 1.00 | dt: 198.33ms | tok/sec: 5,163 | bf16_mfu: 0.00 | epoch: 1 pq: 0 rg: 1 | total time: 0.34m | eta: 3.5m
step 00098/01000 (9.80%) | loss: 7.787085 | lrm: 1.00 | dt: 217.04ms | tok/sec: 4,718 | bf16_mfu: 0.00 | epoch: 1 pq: 0 rg: 1 | total time: 0.34m | eta: 3.5m
step 00099/01000 (9.90%) | loss: 7.763766 | lrm: 1.00 | dt: 205.35ms | tok/sec: 4,986 | bf16_mfu: 0.00 | epoch: 1 pq: 0 rg: 1 | total time: 0.35m | eta: 3.5m
step 00100/01000 (10.00%) | loss: 7.795040 | lrm: 1.00 | dt: 482.56ms | tok/sec: 2,122 | bf16_mfu: 0.00 | epoch: 1 pq: 0 rg: 1 | total time: 0.35m | eta: 3.5m
step 00101/01000 (10.10%) | loss: 7.819390 | lrm: 1.00 | dt: 240.15ms | tok/sec: 4,264 | bf16_mfu: 0.00 | epoch: 1 pq: 0 rg: 1 | total time: 0.36m | eta: 3.5m
step 00102/01000 (10.20%) | loss: 7.791178 | lrm: 1.00 | dt: 227.39ms | tok/sec: 4,503 | bf16_mfu: 0.00 | epoch: 1 pq: 0 rg: 1 | total time: 0.36m | eta: 3.5m
step 00103/01000 (10.30%) | loss: 7.764614 | lrm: 1.00 | dt: 199.15ms | tok/sec: 5,141 | bf16_mfu: 0.00 | epoch: 1 pq: 0 rg: 1 | total time: 0.36m | eta: 3.5m
step 00104/01000 (10.40%) | loss: 7.774881 | lrm: 1.00 | dt: 192.21ms | tok/sec: 5,327 | bf16_mfu: 0.00 | epoch: 1 pq: 0 rg: 1 | total time: 0.37m | eta: 3.5m
step 00105/01000 (10.50%) | loss: 7.820681 | lrm: 1.00 | dt: 190.43ms | tok/sec: 5,377 | bf16_mfu: 0.00 | epoch: 1 pq: 0 rg: 1 | total time: 0.37m | eta: 3.5m
step 00106/01000 (10.60%) | loss: 7.828499 | lrm: 1.00 | dt: 210.30ms | tok/sec: 4,869 | bf16_mfu: 0.00 | epoch: 1 pq: 0 rg: 1 | total time: 0.37m | eta: 3.5m
step 00107/01000 (10.70%) | loss: 7.819135 | lrm: 1.00 | dt: 193.71ms | tok/sec: 5,286 | bf16_mfu: 0.00 | epoch: 1 pq: 0 rg: 1 | total time: 0.38m | eta: 3.5m
step 00108/01000 (10.80%) | loss: 7.786580 | lrm: 1.00 | dt: 209.46ms | tok/sec: 4,888 | bf16_mfu: 0.00 | epoch: 1 pq: 0 rg: 1 | total time: 0.38m | eta: 3.5m
step 00109/01000 (10.90%) | loss: 7.756061 | lrm: 1.00 | dt: 191.61ms | tok/sec: 5,344 | bf16_mfu: 0.00 | epoch: 1 pq: 0 rg: 1 | total time: 0.38m | eta: 3.5m
step 00110/01000 (11.00%) | loss: 7.753042 | lrm: 1.00 | dt: 216.96ms | tok/sec: 4,719 | bf16_mfu: 0.00 | epoch: 1 pq: 0 rg: 1 | total time: 0.39m | eta: 3.5m
step 00111/01000 (11.10%) | loss: 7.780134 | lrm: 1.00 | dt: 240.28ms | tok/sec: 4,261 | bf16_mfu: 0.00 | epoch: 1 pq: 0 rg: 1 | total time: 0.39m | eta: 3.4m
step 00112/01000 (11.20%) | loss: 7.780512 | lrm: 1.00 | dt: 242.49ms | tok/sec: 4,222 | bf16_mfu: 0.00 | epoch: 1 pq: 0 rg: 1 | total time: 0.40m | eta: 3.4m
step 00113/01000 (11.30%) | loss: 7.758984 | lrm: 1.00 | dt: 251.65ms | tok/sec: 4,069 | bf16_mfu: 0.00 | epoch: 1 pq: 0 rg: 1 | total time: 0.40m | eta: 3.4m
step 00114/01000 (11.40%) | loss: 7.755549 | lrm: 1.00 | dt: 220.07ms | tok/sec: 4,652 | bf16_mfu: 0.00 | epoch: 1 pq: 0 rg: 1 | total time: 0.40m | eta: 3.4m
step 00115/01000 (11.50%) | loss: 7.719948 | lrm: 1.00 | dt: 223.35ms | tok/sec: 4,584 | bf16_mfu: 0.00 | epoch: 1 pq: 0 rg: 1 | total time: 0.41m | eta: 3.4m
step 00116/01000 (11.60%) | loss: 7.730725 | lrm: 1.00 | dt: 279.51ms | tok/sec: 3,663 | bf16_mfu: 0.00 | epoch: 1 pq: 0 rg: 1 | total time: 0.41m | eta: 3.4m
step 00117/01000 (11.70%) | loss: 7.674630 | lrm: 1.00 | dt: 449.10ms | tok/sec: 2,280 | bf16_mfu: 0.00 | epoch: 1 pq: 0 rg: 1 | total time: 0.42m | eta: 3.5m
step 00118/01000 (11.80%) | loss: 7.643037 | lrm: 1.00 | dt: 278.46ms | tok/sec: 3,677 | bf16_mfu: 0.00 | epoch: 1 pq: 0 rg: 1 | total time: 0.42m | eta: 3.5m
step 00119/01000 (11.90%) | loss: 7.662891 | lrm: 1.00 | dt: 247.41ms | tok/sec: 4,138 | bf16_mfu: 0.00 | epoch: 1 pq: 0 rg: 1 | total time: 0.43m | eta: 3.5m
step 00120/01000 (12.00%) | loss: 7.686342 | lrm: 1.00 | dt: 188.96ms | tok/sec: 5,419 | bf16_mfu: 0.00 | epoch: 1 pq: 0 rg: 1 | total time: 0.43m | eta: 3.5m
step 00121/01000 (12.10%) | loss: 7.704115 | lrm: 1.00 | dt: 228.62ms | tok/sec: 4,478 | bf16_mfu: 0.00 | epoch: 1 pq: 0 rg: 1 | total time: 0.44m | eta: 3.4m
step 00122/01000 (12.20%) | loss: 7.694287 | lrm: 1.00 | dt: 211.64ms | tok/sec: 4,838 | bf16_mfu: 0.00 | epoch: 1 pq: 0 rg: 1 | total time: 0.44m | eta: 3.4m
step 00123/01000 (12.30%) | loss: 7.679482 | lrm: 1.00 | dt: 205.22ms | tok/sec: 4,989 | bf16_mfu: 0.00 | epoch: 1 pq: 0 rg: 1 | total time: 0.44m | eta: 3.4m
step 00124/01000 (12.40%) | loss: 7.679676 | lrm: 1.00 | dt: 205.58ms | tok/sec: 4,981 | bf16_mfu: 0.00 | epoch: 1 pq: 0 rg: 1 | total time: 0.45m | eta: 3.4m
step 00125/01000 (12.50%) | loss: 7.679196 | lrm: 1.00 | dt: 221.70ms | tok/sec: 4,618 | bf16_mfu: 0.00 | epoch: 1 pq: 0 rg: 1 | total time: 0.45m | eta: 3.4m
step 00126/01000 (12.60%) | loss: 7.666893 | lrm: 1.00 | dt: 242.51ms | tok/sec: 4,222 | bf16_mfu: 0.00 | epoch: 1 pq: 0 rg: 1 | total time: 0.45m | eta: 3.4m
step 00127/01000 (12.70%) | loss: 7.648232 | lrm: 1.00 | dt: 237.63ms | tok/sec: 4,309 | bf16_mfu: 0.00 | epoch: 1 pq: 0 rg: 1 | total time: 0.46m | eta: 3.4m
step 00128/01000 (12.80%) | loss: 7.653083 | lrm: 1.00 | dt: 248.81ms | tok/sec: 4,115 | bf16_mfu: 0.00 | epoch: 1 pq: 0 rg: 1 | total time: 0.46m | eta: 3.4m
step 00129/01000 (12.90%) | loss: 7.666605 | lrm: 1.00 | dt: 249.02ms | tok/sec: 4,112 | bf16_mfu: 0.00 | epoch: 1 pq: 0 rg: 1 | total time: 0.47m | eta: 3.4m
step 00130/01000 (13.00%) | loss: 7.697655 | lrm: 1.00 | dt: 221.02ms | tok/sec: 4,633 | bf16_mfu: 0.00 | epoch: 1 pq: 0 rg: 1 | total time: 0.47m | eta: 3.4m
step 00131/01000 (13.10%) | loss: 7.696091 | lrm: 1.00 | dt: 266.03ms | tok/sec: 3,849 | bf16_mfu: 0.00 | epoch: 1 pq: 0 rg: 1 | total time: 0.47m | eta: 3.4m
step 00132/01000 (13.20%) | loss: 7.667743 | lrm: 1.00 | dt: 277.55ms | tok/sec: 3,689 | bf16_mfu: 0.00 | epoch: 1 pq: 0 rg: 1 | total time: 0.48m | eta: 3.4m
step 00133/01000 (13.30%) | loss: 7.650624 | lrm: 1.00 | dt: 282.89ms | tok/sec: 3,619 | bf16_mfu: 0.00 | epoch: 1 pq: 0 rg: 1 | total time: 0.48m | eta: 3.4m
step 00134/01000 (13.40%) | loss: 7.620722 | lrm: 1.00 | dt: 203.63ms | tok/sec: 5,028 | bf16_mfu: 0.00 | epoch: 1 pq: 0 rg: 1 | total time: 0.49m | eta: 3.4m
step 00135/01000 (13.50%) | loss: 7.584016 | lrm: 1.00 | dt: 203.25ms | tok/sec: 5,038 | bf16_mfu: 0.00 | epoch: 1 pq: 0 rg: 1 | total time: 0.49m | eta: 3.4m
step 00136/01000 (13.60%) | loss: 7.585355 | lrm: 1.00 | dt: 204.84ms | tok/sec: 4,999 | bf16_mfu: 0.00 | epoch: 1 pq: 0 rg: 1 | total time: 0.49m | eta: 3.4m
step 00137/01000 (13.70%) | loss: 7.643296 | lrm: 1.00 | dt: 448.44ms | tok/sec: 2,283 | bf16_mfu: 0.00 | epoch: 1 pq: 0 rg: 1 | total time: 0.50m | eta: 3.4m
step 00138/01000 (13.80%) | loss: 7.628692 | lrm: 1.00 | dt: 207.51ms | tok/sec: 4,934 | bf16_mfu: 0.00 | epoch: 1 pq: 0 rg: 1 | total time: 0.50m | eta: 3.4m
step 00139/01000 (13.90%) | loss: 7.608171 | lrm: 1.00 | dt: 234.75ms | tok/sec: 4,362 | bf16_mfu: 0.00 | epoch: 1 pq: 0 rg: 1 | total time: 0.51m | eta: 3.4m
step 00140/01000 (14.00%) | loss: 7.655786 | lrm: 1.00 | dt: 237.40ms | tok/sec: 4,313 | bf16_mfu: 0.00 | epoch: 1 pq: 0 rg: 1 | total time: 0.51m | eta: 3.4m
step 00141/01000 (14.10%) | loss: 7.687438 | lrm: 1.00 | dt: 210.40ms | tok/sec: 4,867 | bf16_mfu: 0.00 | epoch: 1 pq: 0 rg: 1 | total time: 0.52m | eta: 3.4m
step 00142/01000 (14.20%) | loss: 7.651320 | lrm: 1.00 | dt: 172.59ms | tok/sec: 5,933 | bf16_mfu: 0.00 | epoch: 1 pq: 0 rg: 1 | total time: 0.52m | eta: 3.4m
step 00143/01000 (14.30%) | loss: 7.655895 | lrm: 1.00 | dt: 188.98ms | tok/sec: 5,418 | bf16_mfu: 0.00 | epoch: 1 pq: 0 rg: 1 | total time: 0.52m | eta: 3.4m
step 00144/01000 (14.40%) | loss: 7.671240 | lrm: 1.00 | dt: 190.16ms | tok/sec: 5,384 | bf16_mfu: 0.00 | epoch: 1 pq: 0 rg: 1 | total time: 0.52m | eta: 3.4m
step 00145/01000 (14.50%) | loss: 7.641045 | lrm: 1.00 | dt: 170.07ms | tok/sec: 6,021 | bf16_mfu: 0.00 | epoch: 1 pq: 0 rg: 1 | total time: 0.53m | eta: 3.3m
step 00146/01000 (14.60%) | loss: 7.625959 | lrm: 1.00 | dt: 190.69ms | tok/sec: 5,369 | bf16_mfu: 0.00 | epoch: 1 pq: 0 rg: 1 | total time: 0.53m | eta: 3.3m
step 00147/01000 (14.70%) | loss: 7.626932 | lrm: 1.00 | dt: 190.10ms | tok/sec: 5,386 | bf16_mfu: 0.00 | epoch: 1 pq: 0 rg: 1 | total time: 0.53m | eta: 3.3m
step 00148/01000 (14.80%) | loss: 7.625141 | lrm: 1.00 | dt: 213.84ms | tok/sec: 4,788 | bf16_mfu: 0.00 | epoch: 1 pq: 0 rg: 1 | total time: 0.54m | eta: 3.3m
step 00149/01000 (14.90%) | loss: 7.618208 | lrm: 1.00 | dt: 205.94ms | tok/sec: 4,972 | bf16_mfu: 0.00 | epoch: 1 pq: 0 rg: 1 | total time: 0.54m | eta: 3.3m
step 00150/01000 (15.00%) | loss: 7.589254 | lrm: 1.00 | dt: 201.64ms | tok/sec: 5,078 | bf16_mfu: 0.00 | epoch: 1 pq: 0 rg: 1 | total time: 0.54m | eta: 3.3m
step 00151/01000 (15.10%) | loss: 7.547847 | lrm: 1.00 | dt: 264.96ms | tok/sec: 3,864 | bf16_mfu: 0.00 | epoch: 1 pq: 0 rg: 1 | total time: 0.55m | eta: 3.3m
step 00152/01000 (15.20%) | loss: 7.560353 | lrm: 1.00 | dt: 228.22ms | tok/sec: 4,486 | bf16_mfu: 0.00 | epoch: 1 pq: 0 rg: 1 | total time: 0.55m | eta: 3.3m
step 00153/01000 (15.30%) | loss: 7.551337 | lrm: 1.00 | dt: 281.74ms | tok/sec: 3,634 | bf16_mfu: 0.00 | epoch: 1 pq: 0 rg: 1 | total time: 0.56m | eta: 3.3m
step 00154/01000 (15.40%) | loss: 7.527971 | lrm: 1.00 | dt: 273.77ms | tok/sec: 3,740 | bf16_mfu: 0.00 | epoch: 1 pq: 0 rg: 1 | total time: 0.56m | eta: 3.3m
step 00155/01000 (15.50%) | loss: 7.481912 | lrm: 1.00 | dt: 225.40ms | tok/sec: 4,543 | bf16_mfu: 0.00 | epoch: 1 pq: 0 rg: 1 | total time: 0.57m | eta: 3.3m
step 00156/01000 (15.60%) | loss: 7.545359 | lrm: 1.00 | dt: 230.59ms | tok/sec: 4,440 | bf16_mfu: 0.00 | epoch: 1 pq: 0 rg: 1 | total time: 0.57m | eta: 3.3m
step 00157/01000 (15.70%) | loss: 7.598910 | lrm: 1.00 | dt: 265.54ms | tok/sec: 3,856 | bf16_mfu: 0.00 | epoch: 1 pq: 0 rg: 1 | total time: 0.57m | eta: 3.3m
step 00158/01000 (15.80%) | loss: 7.608921 | lrm: 1.00 | dt: 229.11ms | tok/sec: 4,469 | bf16_mfu: 0.00 | epoch: 1 pq: 0 rg: 1 | total time: 0.58m | eta: 3.3m
step 00159/01000 (15.90%) | loss: 7.590809 | lrm: 1.00 | dt: 217.45ms | tok/sec: 4,709 | bf16_mfu: 0.00 | epoch: 1 pq: 0 rg: 1 | total time: 0.58m | eta: 3.3m
step 00160/01000 (16.00%) | loss: 7.636068 | lrm: 1.00 | dt: 246.08ms | tok/sec: 4,161 | bf16_mfu: 0.00 | epoch: 1 pq: 0 rg: 1 | total time: 0.59m | eta: 3.3m
step 00161/01000 (16.10%) | loss: 7.595025 | lrm: 1.00 | dt: 215.07ms | tok/sec: 4,761 | bf16_mfu: 0.00 | epoch: 1 pq: 0 rg: 1 | total time: 0.59m | eta: 3.3m
step 00162/01000 (16.20%) | loss: 7.532709 | lrm: 1.00 | dt: 353.22ms | tok/sec: 2,899 | bf16_mfu: 0.00 | epoch: 1 pq: 0 rg: 1 | total time: 0.59m | eta: 3.3m
step 00163/01000 (16.30%) | loss: 7.595838 | lrm: 1.00 | dt: 184.16ms | tok/sec: 5,560 | bf16_mfu: 0.00 | epoch: 1 pq: 0 rg: 1 | total time: 0.60m | eta: 3.3m
step 00164/01000 (16.40%) | loss: 7.587244 | lrm: 1.00 | dt: 174.75ms | tok/sec: 5,859 | bf16_mfu: 0.00 | epoch: 1 pq: 0 rg: 1 | total time: 0.60m | eta: 3.3m
step 00165/01000 (16.50%) | loss: 7.595200 | lrm: 1.00 | dt: 224.10ms | tok/sec: 4,569 | bf16_mfu: 0.00 | epoch: 1 pq: 0 rg: 1 | total time: 0.60m | eta: 3.3m
step 00166/01000 (16.60%) | loss: 7.607837 | lrm: 1.00 | dt: 218.14ms | tok/sec: 4,694 | bf16_mfu: 0.00 | epoch: 1 pq: 0 rg: 1 | total time: 0.61m | eta: 3.3m
step 00167/01000 (16.70%) | loss: 7.614649 | lrm: 1.00 | dt: 222.10ms | tok/sec: 4,610 | bf16_mfu: 0.00 | epoch: 1 pq: 0 rg: 1 | total time: 0.61m | eta: 3.2m
step 00168/01000 (16.80%) | loss: 7.602412 | lrm: 1.00 | dt: 214.56ms | tok/sec: 4,772 | bf16_mfu: 0.00 | epoch: 1 pq: 0 rg: 1 | total time: 0.62m | eta: 3.2m
step 00169/01000 (16.90%) | loss: 7.648235 | lrm: 1.00 | dt: 234.68ms | tok/sec: 4,363 | bf16_mfu: 0.00 | epoch: 1 pq: 0 rg: 1 | total time: 0.62m | eta: 3.2m
step 00170/01000 (17.00%) | loss: 7.703621 | lrm: 1.00 | dt: 217.89ms | tok/sec: 4,699 | bf16_mfu: 0.00 | epoch: 1 pq: 0 rg: 1 | total time: 0.62m | eta: 3.2m
step 00171/01000 (17.10%) | loss: 7.693771 | lrm: 1.00 | dt: 247.19ms | tok/sec: 4,142 | bf16_mfu: 0.00 | epoch: 1 pq: 0 rg: 1 | total time: 0.63m | eta: 3.2m
step 00172/01000 (17.20%) | loss: 7.696545 | lrm: 1.00 | dt: 194.70ms | tok/sec: 5,259 | bf16_mfu: 0.00 | epoch: 1 pq: 0 rg: 1 | total time: 0.63m | eta: 3.2m
step 00173/01000 (17.30%) | loss: 7.678062 | lrm: 1.00 | dt: 250.51ms | tok/sec: 4,087 | bf16_mfu: 0.00 | epoch: 1 pq: 0 rg: 1 | total time: 0.63m | eta: 3.2m
step 00174/01000 (17.40%) | loss: 7.630047 | lrm: 1.00 | dt: 271.47ms | tok/sec: 3,772 | bf16_mfu: 0.00 | epoch: 1 pq: 0 rg: 1 | total time: 0.64m | eta: 3.2m
step 00175/01000 (17.50%) | loss: 7.638390 | lrm: 1.00 | dt: 260.11ms | tok/sec: 3,936 | bf16_mfu: 0.00 | epoch: 1 pq: 0 rg: 1 | total time: 0.64m | eta: 3.2m
step 00176/01000 (17.60%) | loss: 7.649920 | lrm: 1.00 | dt: 536.44ms | tok/sec: 1,908 | bf16_mfu: 0.00 | epoch: 1 pq: 0 rg: 1 | total time: 0.65m | eta: 3.2m
step 00177/01000 (17.70%) | loss: 7.652468 | lrm: 1.00 | dt: 217.05ms | tok/sec: 4,717 | bf16_mfu: 0.00 | epoch: 1 pq: 0 rg: 1 | total time: 0.66m | eta: 3.2m
step 00178/01000 (17.80%) | loss: 7.714436 | lrm: 1.00 | dt: 236.51ms | tok/sec: 4,329 | bf16_mfu: 0.00 | epoch: 1 pq: 0 rg: 1 | total time: 0.66m | eta: 3.2m
step 00179/01000 (17.90%) | loss: 7.724807 | lrm: 1.00 | dt: 217.79ms | tok/sec: 4,701 | bf16_mfu: 0.00 | epoch: 1 pq: 0 rg: 1 | total time: 0.66m | eta: 3.2m
step 00180/01000 (18.00%) | loss: 7.698056 | lrm: 1.00 | dt: 231.05ms | tok/sec: 4,432 | bf16_mfu: 0.00 | epoch: 1 pq: 0 rg: 1 | total time: 0.67m | eta: 3.2m
step 00181/01000 (18.10%) | loss: 7.681891 | lrm: 1.00 | dt: 214.78ms | tok/sec: 4,767 | bf16_mfu: 0.00 | epoch: 1 pq: 0 rg: 1 | total time: 0.67m | eta: 3.2m
step 00182/01000 (18.20%) | loss: 7.600945 | lrm: 1.00 | dt: 183.40ms | tok/sec: 5,583 | bf16_mfu: 0.00 | epoch: 1 pq: 0 rg: 1 | total time: 0.67m | eta: 3.2m
step 00183/01000 (18.30%) | loss: 7.560788 | lrm: 1.00 | dt: 177.11ms | tok/sec: 5,781 | bf16_mfu: 0.00 | epoch: 1 pq: 0 rg: 1 | total time: 0.68m | eta: 3.2m
step 00184/01000 (18.40%) | loss: 7.517399 | lrm: 1.00 | dt: 157.93ms | tok/sec: 6,483 | bf16_mfu: 0.00 | epoch: 1 pq: 0 rg: 1 | total time: 0.68m | eta: 3.2m
step 00185/01000 (18.50%) | loss: 7.515246 | lrm: 1.00 | dt: 183.43ms | tok/sec: 5,582 | bf16_mfu: 0.00 | epoch: 1 pq: 0 rg: 1 | total time: 0.68m | eta: 3.2m
step 00186/01000 (18.60%) | loss: 7.525740 | lrm: 1.00 | dt: 179.78ms | tok/sec: 5,695 | bf16_mfu: 0.00 | epoch: 1 pq: 0 rg: 1 | total time: 0.69m | eta: 3.2m
step 00187/01000 (18.70%) | loss: 7.503365 | lrm: 1.00 | dt: 210.31ms | tok/sec: 4,868 | bf16_mfu: 0.00 | epoch: 1 pq: 0 rg: 1 | total time: 0.69m | eta: 3.2m
step 00188/01000 (18.80%) | loss: 7.537191 | lrm: 1.00 | dt: 194.87ms | tok/sec: 5,254 | bf16_mfu: 0.00 | epoch: 1 pq: 0 rg: 1 | total time: 0.69m | eta: 3.2m
step 00189/01000 (18.90%) | loss: 7.498039 | lrm: 1.00 | dt: 217.55ms | tok/sec: 4,707 | bf16_mfu: 0.00 | epoch: 1 pq: 0 rg: 1 | total time: 0.70m | eta: 3.2m
step 00190/01000 (19.00%) | loss: 7.441240 | lrm: 1.00 | dt: 252.14ms | tok/sec: 4,061 | bf16_mfu: 0.00 | epoch: 1 pq: 0 rg: 1 | total time: 0.70m | eta: 3.2m
step 00191/01000 (19.10%) | loss: 7.435781 | lrm: 1.00 | dt: 234.14ms | tok/sec: 4,373 | bf16_mfu: 0.00 | epoch: 1 pq: 0 rg: 1 | total time: 0.70m | eta: 3.1m
step 00192/01000 (19.20%) | loss: 7.473208 | lrm: 1.00 | dt: 267.08ms | tok/sec: 3,834 | bf16_mfu: 0.00 | epoch: 1 pq: 0 rg: 1 | total time: 0.71m | eta: 3.1m
step 00193/01000 (19.30%) | loss: 7.442166 | lrm: 1.00 | dt: 264.62ms | tok/sec: 3,869 | bf16_mfu: 0.00 | epoch: 1 pq: 0 rg: 1 | total time: 0.71m | eta: 3.1m
step 00194/01000 (19.40%) | loss: 7.410407 | lrm: 1.00 | dt: 404.84ms | tok/sec: 2,529 | bf16_mfu: 0.00 | epoch: 1 pq: 0 rg: 1 | total time: 0.72m | eta: 3.2m
step 00195/01000 (19.50%) | loss: 7.428470 | lrm: 1.00 | dt: 190.63ms | tok/sec: 5,371 | bf16_mfu: 0.00 | epoch: 1 pq: 0 rg: 1 | total time: 0.72m | eta: 3.1m
step 00196/01000 (19.60%) | loss: 7.425017 | lrm: 1.00 | dt: 238.72ms | tok/sec: 4,289 | bf16_mfu: 0.00 | epoch: 1 pq: 0 rg: 1 | total time: 0.73m | eta: 3.1m
step 00197/01000 (19.70%) | loss: 7.425684 | lrm: 1.00 | dt: 229.69ms | tok/sec: 4,458 | bf16_mfu: 0.00 | epoch: 1 pq: 0 rg: 1 | total time: 0.73m | eta: 3.1m
step 00198/01000 (19.80%) | loss: 7.398311 | lrm: 1.00 | dt: 207.61ms | tok/sec: 4,932 | bf16_mfu: 0.00 | epoch: 1 pq: 0 rg: 1 | total time: 0.73m | eta: 3.1m
step 00199/01000 (19.90%) | loss: 7.407390 | lrm: 1.00 | dt: 184.11ms | tok/sec: 5,561 | bf16_mfu: 0.00 | epoch: 1 pq: 0 rg: 1 | total time: 0.74m | eta: 3.1m
step 00200/01000 (20.00%) | loss: 7.398774 | lrm: 1.00 | dt: 175.35ms | tok/sec: 5,839 | bf16_mfu: 0.00 | epoch: 1 pq: 0 rg: 1 | total time: 0.74m | eta: 3.1m
step 00201/01000 (20.10%) | loss: 7.413766 | lrm: 1.00 | dt: 204.05ms | tok/sec: 5,018 | bf16_mfu: 0.00 | epoch: 1 pq: 0 rg: 1 | total time: 0.74m | eta: 3.1m
step 00202/01000 (20.20%) | loss: 7.372094 | lrm: 1.00 | dt: 177.34ms | tok/sec: 5,774 | bf16_mfu: 0.00 | epoch: 1 pq: 0 rg: 1 | total time: 0.75m | eta: 3.1m
step 00203/01000 (20.30%) | loss: 7.395723 | lrm: 1.00 | dt: 189.73ms | tok/sec: 5,397 | bf16_mfu: 0.00 | epoch: 1 pq: 0 rg: 1 | total time: 0.75m | eta: 3.1m
step 00204/01000 (20.40%) | loss: 7.394366 | lrm: 1.00 | dt: 195.92ms | tok/sec: 5,226 | bf16_mfu: 0.00 | epoch: 1 pq: 0 rg: 1 | total time: 0.75m | eta: 3.1m
step 00205/01000 (20.50%) | loss: 7.390574 | lrm: 1.00 | dt: 193.61ms | tok/sec: 5,288 | bf16_mfu: 0.00 | epoch: 1 pq: 0 rg: 1 | total time: 0.76m | eta: 3.1m
step 00206/01000 (20.60%) | loss: 7.371825 | lrm: 1.00 | dt: 231.44ms | tok/sec: 4,424 | bf16_mfu: 0.00 | epoch: 1 pq: 0 rg: 1 | total time: 0.76m | eta: 3.1m
step 00207/01000 (20.70%) | loss: 7.384093 | lrm: 1.00 | dt: 242.45ms | tok/sec: 4,223 | bf16_mfu: 0.00 | epoch: 1 pq: 0 rg: 1 | total time: 0.76m | eta: 3.1m
step 00208/01000 (20.80%) | loss: 7.371844 | lrm: 1.00 | dt: 293.20ms | tok/sec: 3,492 | bf16_mfu: 0.00 | epoch: 1 pq: 0 rg: 1 | total time: 0.77m | eta: 3.1m
step 00209/01000 (20.90%) | loss: 7.345812 | lrm: 1.00 | dt: 229.01ms | tok/sec: 4,471 | bf16_mfu: 0.00 | epoch: 1 pq: 0 rg: 1 | total time: 0.77m | eta: 3.1m
step 00210/01000 (21.00%) | loss: 7.340539 | lrm: 1.00 | dt: 201.69ms | tok/sec: 5,076 | bf16_mfu: 0.00 | epoch: 1 pq: 0 rg: 1 | total time: 0.78m | eta: 3.1m
step 00211/01000 (21.10%) | loss: 7.370301 | lrm: 1.00 | dt: 229.49ms | tok/sec: 4,462 | bf16_mfu: 0.00 | epoch: 1 pq: 0 rg: 1 | total time: 0.78m | eta: 3.1m
step 00212/01000 (21.20%) | loss: 7.373004 | lrm: 1.00 | dt: 280.77ms | tok/sec: 3,647 | bf16_mfu: 0.00 | epoch: 1 pq: 0 rg: 1 | total time: 0.78m | eta: 3.1m
step 00213/01000 (21.30%) | loss: 7.388707 | lrm: 1.00 | dt: 274.02ms | tok/sec: 3,736 | bf16_mfu: 0.00 | epoch: 1 pq: 0 rg: 1 | total time: 0.79m | eta: 3.1m
step 00214/01000 (21.40%) | loss: 7.413820 | lrm: 1.00 | dt: 211.30ms | tok/sec: 4,846 | bf16_mfu: 0.00 | epoch: 1 pq: 0 rg: 1 | total time: 0.79m | eta: 3.1m
step 00215/01000 (21.50%) | loss: 7.351349 | lrm: 1.00 | dt: 274.98ms | tok/sec: 3,723 | bf16_mfu: 0.00 | epoch: 1 pq: 0 rg: 1 | total time: 0.80m | eta: 3.1m
step 00216/01000 (21.60%) | loss: 7.320530 | lrm: 1.00 | dt: 295.72ms | tok/sec: 3,462 | bf16_mfu: 0.00 | epoch: 1 pq: 0 rg: 1 | total time: 0.80m | eta: 3.1m
step 00217/01000 (21.70%) | loss: 7.360006 | lrm: 1.00 | dt: 215.54ms | tok/sec: 4,750 | bf16_mfu: 0.00 | epoch: 1 pq: 0 rg: 1 | total time: 0.81m | eta: 3.0m
step 00218/01000 (21.80%) | loss: 7.379501 | lrm: 1.00 | dt: 413.07ms | tok/sec: 2,478 | bf16_mfu: 0.00 | epoch: 1 pq: 0 rg: 1 | total time: 0.81m | eta: 3.1m
step 00219/01000 (21.90%) | loss: 7.435018 | lrm: 1.00 | dt: 208.49ms | tok/sec: 4,911 | bf16_mfu: 0.00 | epoch: 1 pq: 0 rg: 1 | total time: 0.82m | eta: 3.0m
step 00220/01000 (22.00%) | loss: 7.457214 | lrm: 1.00 | dt: 220.76ms | tok/sec: 4,638 | bf16_mfu: 0.00 | epoch: 1 pq: 0 rg: 1 | total time: 0.82m | eta: 3.0m
step 00221/01000 (22.10%) | loss: 7.442336 | lrm: 1.00 | dt: 186.07ms | tok/sec: 5,503 | bf16_mfu: 0.00 | epoch: 1 pq: 0 rg: 1 | total time: 0.82m | eta: 3.0m
step 00222/01000 (22.20%) | loss: 7.454922 | lrm: 1.00 | dt: 212.70ms | tok/sec: 4,814 | bf16_mfu: 0.00 | epoch: 1 pq: 0 rg: 1 | total time: 0.83m | eta: 3.0m
step 00223/01000 (22.30%) | loss: 7.438536 | lrm: 1.00 | dt: 194.18ms | tok/sec: 5,273 | bf16_mfu: 0.00 | epoch: 1 pq: 0 rg: 1 | total time: 0.83m | eta: 3.0m
step 00224/01000 (22.40%) | loss: 7.458697 | lrm: 1.00 | dt: 216.67ms | tok/sec: 4,726 | bf16_mfu: 0.00 | epoch: 1 pq: 0 rg: 1 | total time: 0.83m | eta: 3.0m
step 00225/01000 (22.50%) | loss: 7.477473 | lrm: 1.00 | dt: 198.22ms | tok/sec: 5,165 | bf16_mfu: 0.00 | epoch: 1 pq: 0 rg: 1 | total time: 0.84m | eta: 3.0m
step 00226/01000 (22.60%) | loss: 7.485834 | lrm: 1.00 | dt: 240.87ms | tok/sec: 4,251 | bf16_mfu: 0.00 | epoch: 1 pq: 0 rg: 1 | total time: 0.84m | eta: 3.0m
step 00227/01000 (22.70%) | loss: 7.449678 | lrm: 1.00 | dt: 206.27ms | tok/sec: 4,964 | bf16_mfu: 0.00 | epoch: 1 pq: 0 rg: 1 | total time: 0.84m | eta: 3.0m
step 00228/01000 (22.80%) | loss: 7.527944 | lrm: 1.00 | dt: 268.49ms | tok/sec: 3,813 | bf16_mfu: 0.00 | epoch: 1 pq: 0 rg: 1 | total time: 0.85m | eta: 3.0m
step 00229/01000 (22.90%) | loss: 7.508265 | lrm: 1.00 | dt: 234.00ms | tok/sec: 4,376 | bf16_mfu: 0.00 | epoch: 1 pq: 0 rg: 1 | total time: 0.85m | eta: 3.0m
step 00230/01000 (23.00%) | loss: 7.549584 | lrm: 1.00 | dt: 194.36ms | tok/sec: 5,268 | bf16_mfu: 0.00 | epoch: 1 pq: 0 rg: 1 | total time: 0.86m | eta: 3.0m
step 00231/01000 (23.10%) | loss: 7.497962 | lrm: 1.00 | dt: 239.83ms | tok/sec: 4,269 | bf16_mfu: 0.00 | epoch: 1 pq: 0 rg: 1 | total time: 0.86m | eta: 3.0m
step 00232/01000 (23.20%) | loss: 7.465499 | lrm: 1.00 | dt: 238.90ms | tok/sec: 4,286 | bf16_mfu: 0.00 | epoch: 1 pq: 0 rg: 1 | total time: 0.86m | eta: 3.0m
step 00233/01000 (23.30%) | loss: 7.470489 | lrm: 1.00 | dt: 254.22ms | tok/sec: 4,028 | bf16_mfu: 0.00 | epoch: 1 pq: 0 rg: 1 | total time: 0.87m | eta: 3.0m
step 00234/01000 (23.40%) | loss: 7.490209 | lrm: 1.00 | dt: 258.86ms | tok/sec: 3,955 | bf16_mfu: 0.00 | epoch: 1 pq: 0 rg: 1 | total time: 0.87m | eta: 3.0m
step 00235/01000 (23.50%) | loss: 7.474441 | lrm: 1.00 | dt: 228.01ms | tok/sec: 4,490 | bf16_mfu: 0.00 | epoch: 1 pq: 0 rg: 1 | total time: 0.88m | eta: 3.0m
step 00236/01000 (23.60%) | loss: 7.456307 | lrm: 1.00 | dt: 247.81ms | tok/sec: 4,132 | bf16_mfu: 0.00 | epoch: 1 pq: 0 rg: 1 | total time: 0.88m | eta: 3.0m
step 00237/01000 (23.70%) | loss: 7.412746 | lrm: 1.00 | dt: 212.46ms | tok/sec: 4,819 | bf16_mfu: 0.00 | epoch: 1 pq: 0 rg: 1 | total time: 0.88m | eta: 3.0m
step 00238/01000 (23.80%) | loss: 7.419229 | lrm: 1.00 | dt: 227.52ms | tok/sec: 4,500 | bf16_mfu: 0.00 | epoch: 1 pq: 0 rg: 1 | total time: 0.89m | eta: 3.0m
step 00239/01000 (23.90%) | loss: 7.406532 | lrm: 1.00 | dt: 371.40ms | tok/sec: 2,757 | bf16_mfu: 0.00 | epoch: 1 pq: 0 rg: 1 | total time: 0.89m | eta: 3.0m
step 00240/01000 (24.00%) | loss: 7.427389 | lrm: 1.00 | dt: 181.52ms | tok/sec: 5,641 | bf16_mfu: 0.00 | epoch: 1 pq: 0 rg: 1 | total time: 0.90m | eta: 3.0m
step 00241/01000 (24.10%) | loss: 7.463462 | lrm: 1.00 | dt: 199.77ms | tok/sec: 5,125 | bf16_mfu: 0.00 | epoch: 1 pq: 0 rg: 1 | total time: 0.90m | eta: 3.0m
step 00242/01000 (24.20%) | loss: 7.406915 | lrm: 1.00 | dt: 216.29ms | tok/sec: 4,734 | bf16_mfu: 0.00 | epoch: 1 pq: 0 rg: 1 | total time: 0.90m | eta: 3.0m
step 00243/01000 (24.30%) | loss: 7.437920 | lrm: 1.00 | dt: 191.01ms | tok/sec: 5,360 | bf16_mfu: 0.00 | epoch: 1 pq: 0 rg: 1 | total time: 0.91m | eta: 2.9m
step 00244/01000 (24.40%) | loss: 7.463700 | lrm: 1.00 | dt: 183.80ms | tok/sec: 5,571 | bf16_mfu: 0.00 | epoch: 1 pq: 0 rg: 1 | total time: 0.91m | eta: 2.9m
step 00245/01000 (24.50%) | loss: 7.417582 | lrm: 1.00 | dt: 213.51ms | tok/sec: 4,796 | bf16_mfu: 0.00 | epoch: 1 pq: 0 rg: 1 | total time: 0.91m | eta: 2.9m
step 00246/01000 (24.60%) | loss: 7.403267 | lrm: 1.00 | dt: 194.79ms | tok/sec: 5,256 | bf16_mfu: 0.00 | epoch: 1 pq: 0 rg: 1 | total time: 0.92m | eta: 2.9m
step 00247/01000 (24.70%) | loss: 7.375887 | lrm: 1.00 | dt: 235.27ms | tok/sec: 4,352 | bf16_mfu: 0.00 | epoch: 1 pq: 0 rg: 1 | total time: 0.92m | eta: 2.9m
step 00248/01000 (24.80%) | loss: 7.365718 | lrm: 1.00 | dt: 203.02ms | tok/sec: 5,043 | bf16_mfu: 0.00 | epoch: 1 pq: 0 rg: 1 | total time: 0.92m | eta: 2.9m
step 00249/01000 (24.90%) | loss: 7.385210 | lrm: 1.00 | dt: 260.81ms | tok/sec: 3,926 | bf16_mfu: 0.00 | epoch: 1 pq: 0 rg: 2 | total time: 0.93m | eta: 2.9m
step 00250/01000 (25.00%) | loss: 7.417525 | lrm: 1.00 | dt: 235.27ms | tok/sec: 4,352 | bf16_mfu: 0.00 | epoch: 1 pq: 0 rg: 2 | total time: 0.93m | eta: 2.9m
step 00251/01000 (25.10%) | loss: 7.373296 | lrm: 1.00 | dt: 220.03ms | tok/sec: 4,654 | bf16_mfu: 0.00 | epoch: 1 pq: 0 rg: 2 | total time: 0.94m | eta: 2.9m
step 00252/01000 (25.20%) | loss: 7.372892 | lrm: 1.00 | dt: 253.80ms | tok/sec: 4,034 | bf16_mfu: 0.00 | epoch: 1 pq: 0 rg: 2 | total time: 0.94m | eta: 2.9m
step 00253/01000 (25.30%) | loss: 7.391287 | lrm: 1.00 | dt: 239.14ms | tok/sec: 4,281 | bf16_mfu: 0.00 | epoch: 1 pq: 0 rg: 2 | total time: 0.94m | eta: 2.9m
step 00254/01000 (25.40%) | loss: 7.314329 | lrm: 1.00 | dt: 234.87ms | tok/sec: 4,359 | bf16_mfu: 0.00 | epoch: 1 pq: 0 rg: 2 | total time: 0.95m | eta: 2.9m
step 00255/01000 (25.50%) | loss: 7.282466 | lrm: 1.00 | dt: 249.52ms | tok/sec: 4,103 | bf16_mfu: 0.00 | epoch: 1 pq: 0 rg: 2 | total time: 0.95m | eta: 2.9m
step 00256/01000 (25.60%) | loss: 7.271245 | lrm: 1.00 | dt: 243.02ms | tok/sec: 4,213 | bf16_mfu: 0.00 | epoch: 1 pq: 0 rg: 2 | total time: 0.96m | eta: 2.9m
step 00257/01000 (25.70%) | loss: 7.247319 | lrm: 1.00 | dt: 253.89ms | tok/sec: 4,033 | bf16_mfu: 0.00 | epoch: 1 pq: 0 rg: 2 | total time: 0.96m | eta: 2.9m
step 00258/01000 (25.80%) | loss: 7.236619 | lrm: 1.00 | dt: 246.92ms | tok/sec: 4,147 | bf16_mfu: 0.00 | epoch: 1 pq: 0 rg: 2 | total time: 0.96m | eta: 2.9m
step 00259/01000 (25.90%) | loss: 7.228604 | lrm: 1.00 | dt: 398.31ms | tok/sec: 2,570 | bf16_mfu: 0.00 | epoch: 1 pq: 0 rg: 2 | total time: 0.97m | eta: 2.9m
step 00260/01000 (26.00%) | loss: 7.253389 | lrm: 1.00 | dt: 180.02ms | tok/sec: 5,688 | bf16_mfu: 0.00 | epoch: 1 pq: 0 rg: 2 | total time: 0.97m | eta: 2.9m
step 00261/01000 (26.10%) | loss: 7.247531 | lrm: 1.00 | dt: 231.64ms | tok/sec: 4,420 | bf16_mfu: 0.00 | epoch: 1 pq: 0 rg: 2 | total time: 0.98m | eta: 2.9m
step 00262/01000 (26.20%) | loss: 7.203061 | lrm: 1.00 | dt: 208.66ms | tok/sec: 4,907 | bf16_mfu: 0.00 | epoch: 1 pq: 0 rg: 2 | total time: 0.98m | eta: 2.9m
step 00263/01000 (26.30%) | loss: 7.178773 | lrm: 1.00 | dt: 222.23ms | tok/sec: 4,607 | bf16_mfu: 0.00 | epoch: 1 pq: 0 rg: 2 | total time: 0.99m | eta: 2.9m
step 00264/01000 (26.40%) | loss: 7.182974 | lrm: 1.00 | dt: 216.90ms | tok/sec: 4,721 | bf16_mfu: 0.00 | epoch: 1 pq: 0 rg: 2 | total time: 0.99m | eta: 2.9m
step 00265/01000 (26.50%) | loss: 7.157630 | lrm: 1.00 | dt: 216.43ms | tok/sec: 4,731 | bf16_mfu: 0.00 | epoch: 1 pq: 0 rg: 2 | total time: 0.99m | eta: 2.9m
step 00266/01000 (26.60%) | loss: 7.111895 | lrm: 1.00 | dt: 215.16ms | tok/sec: 4,759 | bf16_mfu: 0.00 | epoch: 1 pq: 0 rg: 2 | total time: 1.00m | eta: 2.9m
step 00267/01000 (26.70%) | loss: 7.180458 | lrm: 1.00 | dt: 225.58ms | tok/sec: 4,539 | bf16_mfu: 0.00 | epoch: 1 pq: 0 rg: 2 | total time: 1.00m | eta: 2.9m
step 00268/01000 (26.80%) | loss: 7.234755 | lrm: 1.00 | dt: 231.32ms | tok/sec: 4,426 | bf16_mfu: 0.00 | epoch: 1 pq: 0 rg: 2 | total time: 1.00m | eta: 2.8m
step 00269/01000 (26.90%) | loss: 7.255150 | lrm: 1.00 | dt: 246.69ms | tok/sec: 4,150 | bf16_mfu: 0.00 | epoch: 1 pq: 0 rg: 2 | total time: 1.01m | eta: 2.8m
step 00270/01000 (27.00%) | loss: 7.231825 | lrm: 1.00 | dt: 212.14ms | tok/sec: 4,826 | bf16_mfu: 0.00 | epoch: 1 pq: 0 rg: 2 | total time: 1.01m | eta: 2.8m
step 00271/01000 (27.10%) | loss: 7.234322 | lrm: 1.00 | dt: 227.82ms | tok/sec: 4,494 | bf16_mfu: 0.00 | epoch: 1 pq: 0 rg: 2 | total time: 1.02m | eta: 2.8m
step 00272/01000 (27.20%) | loss: 7.250741 | lrm: 1.00 | dt: 271.40ms | tok/sec: 3,773 | bf16_mfu: 0.00 | epoch: 1 pq: 0 rg: 2 | total time: 1.02m | eta: 2.8m
step 00273/01000 (27.30%) | loss: 7.271097 | lrm: 1.00 | dt: 225.91ms | tok/sec: 4,532 | bf16_mfu: 0.00 | epoch: 1 pq: 0 rg: 2 | total time: 1.02m | eta: 2.8m
step 00274/01000 (27.40%) | loss: 7.289293 | lrm: 1.00 | dt: 252.36ms | tok/sec: 4,057 | bf16_mfu: 0.00 | epoch: 1 pq: 0 rg: 2 | total time: 1.03m | eta: 2.8m
step 00275/01000 (27.50%) | loss: 7.274012 | lrm: 1.00 | dt: 218.95ms | tok/sec: 4,676 | bf16_mfu: 0.00 | epoch: 1 pq: 0 rg: 2 | total time: 1.03m | eta: 2.8m
step 00276/01000 (27.60%) | loss: 7.308987 | lrm: 1.00 | dt: 229.98ms | tok/sec: 4,452 | bf16_mfu: 0.00 | epoch: 1 pq: 0 rg: 2 | total time: 1.04m | eta: 2.8m
step 00277/01000 (27.70%) | loss: 7.311617 | lrm: 1.00 | dt: 247.57ms | tok/sec: 4,136 | bf16_mfu: 0.00 | epoch: 1 pq: 0 rg: 2 | total time: 1.04m | eta: 2.8m
step 00278/01000 (27.80%) | loss: 7.311913 | lrm: 1.00 | dt: 380.91ms | tok/sec: 2,688 | bf16_mfu: 0.00 | epoch: 1 pq: 0 rg: 2 | total time: 1.05m | eta: 2.8m
step 00279/01000 (27.90%) | loss: 7.270635 | lrm: 1.00 | dt: 191.35ms | tok/sec: 5,351 | bf16_mfu: 0.00 | epoch: 1 pq: 0 rg: 2 | total time: 1.05m | eta: 2.8m
step 00280/01000 (28.00%) | loss: 7.254177 | lrm: 1.00 | dt: 210.97ms | tok/sec: 4,853 | bf16_mfu: 0.00 | epoch: 1 pq: 0 rg: 2 | total time: 1.05m | eta: 2.8m
step 00281/01000 (28.10%) | loss: 7.301923 | lrm: 1.00 | dt: 183.99ms | tok/sec: 5,565 | bf16_mfu: 0.00 | epoch: 1 pq: 0 rg: 2 | total time: 1.06m | eta: 2.8m
step 00282/01000 (28.20%) | loss: 7.239812 | lrm: 1.00 | dt: 200.27ms | tok/sec: 5,113 | bf16_mfu: 0.00 | epoch: 1 pq: 0 rg: 2 | total time: 1.06m | eta: 2.8m
step 00283/01000 (28.30%) | loss: 7.256613 | lrm: 1.00 | dt: 165.26ms | tok/sec: 6,196 | bf16_mfu: 0.00 | epoch: 1 pq: 0 rg: 2 | total time: 1.06m | eta: 2.8m
step 00284/01000 (28.40%) | loss: 7.202179 | lrm: 1.00 | dt: 185.79ms | tok/sec: 5,511 | bf16_mfu: 0.00 | epoch: 1 pq: 0 rg: 2 | total time: 1.06m | eta: 2.8m
step 00285/01000 (28.50%) | loss: 7.209486 | lrm: 1.00 | dt: 187.24ms | tok/sec: 5,469 | bf16_mfu: 0.00 | epoch: 1 pq: 0 rg: 2 | total time: 1.07m | eta: 2.8m
step 00286/01000 (28.60%) | loss: 7.168958 | lrm: 1.00 | dt: 184.65ms | tok/sec: 5,545 | bf16_mfu: 0.00 | epoch: 1 pq: 0 rg: 2 | total time: 1.07m | eta: 2.8m
step 00287/01000 (28.70%) | loss: 7.195580 | lrm: 1.00 | dt: 188.09ms | tok/sec: 5,444 | bf16_mfu: 0.00 | epoch: 1 pq: 0 rg: 2 | total time: 1.07m | eta: 2.8m
step 00288/01000 (28.80%) | loss: 7.114748 | lrm: 1.00 | dt: 187.63ms | tok/sec: 5,457 | bf16_mfu: 0.00 | epoch: 1 pq: 0 rg: 2 | total time: 1.08m | eta: 2.8m
step 00289/01000 (28.90%) | loss: 7.108866 | lrm: 1.00 | dt: 202.18ms | tok/sec: 5,064 | bf16_mfu: 0.00 | epoch: 1 pq: 0 rg: 2 | total time: 1.08m | eta: 2.8m
step 00290/01000 (29.00%) | loss: 7.159260 | lrm: 1.00 | dt: 206.02ms | tok/sec: 4,970 | bf16_mfu: 0.00 | epoch: 1 pq: 0 rg: 2 | total time: 1.08m | eta: 2.7m
step 00291/01000 (29.10%) | loss: 7.067040 | lrm: 1.00 | dt: 192.20ms | tok/sec: 5,327 | bf16_mfu: 0.00 | epoch: 1 pq: 0 rg: 2 | total time: 1.09m | eta: 2.7m
step 00292/01000 (29.20%) | loss: 7.038692 | lrm: 1.00 | dt: 224.31ms | tok/sec: 4,565 | bf16_mfu: 0.00 | epoch: 1 pq: 0 rg: 2 | total time: 1.09m | eta: 2.7m
step 00293/01000 (29.30%) | loss: 7.021435 | lrm: 1.00 | dt: 287.69ms | tok/sec: 3,559 | bf16_mfu: 0.00 | epoch: 1 pq: 0 rg: 2 | total time: 1.10m | eta: 2.7m
step 00294/01000 (29.40%) | loss: 6.958400 | lrm: 1.00 | dt: 233.65ms | tok/sec: 4,382 | bf16_mfu: 0.00 | epoch: 1 pq: 0 rg: 2 | total time: 1.10m | eta: 2.7m
step 00295/01000 (29.50%) | loss: 6.944041 | lrm: 1.00 | dt: 231.83ms | tok/sec: 4,416 | bf16_mfu: 0.00 | epoch: 1 pq: 0 rg: 2 | total time: 1.10m | eta: 2.7m
step 00296/01000 (29.60%) | loss: 7.030287 | lrm: 1.00 | dt: 208.46ms | tok/sec: 4,912 | bf16_mfu: 0.00 | epoch: 1 pq: 0 rg: 2 | total time: 1.11m | eta: 2.7m
step 00297/01000 (29.70%) | loss: 7.042050 | lrm: 1.00 | dt: 368.44ms | tok/sec: 2,779 | bf16_mfu: 0.00 | epoch: 1 pq: 0 rg: 2 | total time: 1.11m | eta: 2.7m
step 00298/01000 (29.80%) | loss: 7.003811 | lrm: 1.00 | dt: 193.07ms | tok/sec: 5,303 | bf16_mfu: 0.00 | epoch: 1 pq: 0 rg: 2 | total time: 1.12m | eta: 2.7m
step 00299/01000 (29.90%) | loss: 7.056111 | lrm: 1.00 | dt: 205.35ms | tok/sec: 4,986 | bf16_mfu: 0.00 | epoch: 1 pq: 0 rg: 2 | total time: 1.12m | eta: 2.7m
step 00300/01000 (30.00%) | loss: 7.040968 | lrm: 1.00 | dt: 194.18ms | tok/sec: 5,273 | bf16_mfu: 0.00 | epoch: 1 pq: 0 rg: 2 | total time: 1.12m | eta: 2.7m
step 00301/01000 (30.10%) | loss: 7.149476 | lrm: 1.00 | dt: 237.81ms | tok/sec: 4,305 | bf16_mfu: 0.00 | epoch: 1 pq: 0 rg: 2 | total time: 1.13m | eta: 2.7m
step 00302/01000 (30.20%) | loss: 7.088458 | lrm: 1.00 | dt: 183.90ms | tok/sec: 5,568 | bf16_mfu: 0.00 | epoch: 1 pq: 0 rg: 2 | total time: 1.13m | eta: 2.7m
step 00303/01000 (30.30%) | loss: 7.093837 | lrm: 1.00 | dt: 219.18ms | tok/sec: 4,671 | bf16_mfu: 0.00 | epoch: 1 pq: 0 rg: 2 | total time: 1.13m | eta: 2.7m
step 00304/01000 (30.40%) | loss: 7.189418 | lrm: 1.00 | dt: 205.35ms | tok/sec: 4,986 | bf16_mfu: 0.00 | epoch: 1 pq: 0 rg: 2 | total time: 1.14m | eta: 2.7m
step 00305/01000 (30.50%) | loss: 7.127281 | lrm: 1.00 | dt: 209.85ms | tok/sec: 4,879 | bf16_mfu: 0.00 | epoch: 1 pq: 0 rg: 2 | total time: 1.14m | eta: 2.7m
step 00306/01000 (30.60%) | loss: 7.129098 | lrm: 1.00 | dt: 202.33ms | tok/sec: 5,060 | bf16_mfu: 0.00 | epoch: 1 pq: 0 rg: 2 | total time: 1.14m | eta: 2.7m
step 00307/01000 (30.70%) | loss: 7.087735 | lrm: 1.00 | dt: 231.13ms | tok/sec: 4,430 | bf16_mfu: 0.00 | epoch: 1 pq: 0 rg: 2 | total time: 1.15m | eta: 2.7m
step 00308/01000 (30.80%) | loss: 7.070716 | lrm: 1.00 | dt: 214.66ms | tok/sec: 4,770 | bf16_mfu: 0.00 | epoch: 1 pq: 0 rg: 2 | total time: 1.15m | eta: 2.7m
step 00309/01000 (30.90%) | loss: 7.129738 | lrm: 1.00 | dt: 252.94ms | tok/sec: 4,048 | bf16_mfu: 0.00 | epoch: 1 pq: 0 rg: 2 | total time: 1.16m | eta: 2.7m
step 00310/01000 (31.00%) | loss: 7.155159 | lrm: 1.00 | dt: 217.72ms | tok/sec: 4,703 | bf16_mfu: 0.00 | epoch: 1 pq: 0 rg: 2 | total time: 1.16m | eta: 2.7m
step 00311/01000 (31.10%) | loss: 7.239160 | lrm: 1.00 | dt: 246.12ms | tok/sec: 4,160 | bf16_mfu: 0.00 | epoch: 1 pq: 0 rg: 2 | total time: 1.16m | eta: 2.7m
step 00312/01000 (31.20%) | loss: 7.171772 | lrm: 1.00 | dt: 243.11ms | tok/sec: 4,212 | bf16_mfu: 0.00 | epoch: 1 pq: 0 rg: 2 | total time: 1.17m | eta: 2.7m
step 00313/01000 (31.30%) | loss: 7.238113 | lrm: 1.00 | dt: 239.46ms | tok/sec: 4,276 | bf16_mfu: 0.00 | epoch: 1 pq: 0 rg: 2 | total time: 1.17m | eta: 2.7m
step 00314/01000 (31.40%) | loss: 7.208714 | lrm: 1.00 | dt: 244.99ms | tok/sec: 4,179 | bf16_mfu: 0.00 | epoch: 1 pq: 0 rg: 2 | total time: 1.18m | eta: 2.7m
step 00315/01000 (31.50%) | loss: 7.167716 | lrm: 1.00 | dt: 252.68ms | tok/sec: 4,052 | bf16_mfu: 0.00 | epoch: 1 pq: 0 rg: 2 | total time: 1.18m | eta: 2.6m
step 00316/01000 (31.60%) | loss: 7.183231 | lrm: 1.00 | dt: 256.24ms | tok/sec: 3,996 | bf16_mfu: 0.00 | epoch: 1 pq: 0 rg: 2 | total time: 1.18m | eta: 2.6m
step 00317/01000 (31.70%) | loss: 7.202586 | lrm: 1.00 | dt: 225.22ms | tok/sec: 4,546 | bf16_mfu: 0.00 | epoch: 1 pq: 0 rg: 2 | total time: 1.19m | eta: 2.6m
step 00318/01000 (31.80%) | loss: 7.188936 | lrm: 1.00 | dt: 446.76ms | tok/sec: 2,292 | bf16_mfu: 0.00 | epoch: 1 pq: 0 rg: 2 | total time: 1.19m | eta: 2.6m
step 00319/01000 (31.90%) | loss: 7.207912 | lrm: 1.00 | dt: 182.74ms | tok/sec: 5,603 | bf16_mfu: 0.00 | epoch: 1 pq: 0 rg: 2 | total time: 1.20m | eta: 2.6m
step 00320/01000 (32.00%) | loss: 7.240656 | lrm: 1.00 | dt: 229.34ms | tok/sec: 4,465 | bf16_mfu: 0.00 | epoch: 1 pq: 0 rg: 2 | total time: 1.20m | eta: 2.6m
step 00321/01000 (32.10%) | loss: 7.178853 | lrm: 1.00 | dt: 199.27ms | tok/sec: 5,138 | bf16_mfu: 0.00 | epoch: 1 pq: 0 rg: 2 | total time: 1.21m | eta: 2.6m
step 00322/01000 (32.20%) | loss: 7.162184 | lrm: 1.00 | dt: 177.32ms | tok/sec: 5,775 | bf16_mfu: 0.00 | epoch: 1 pq: 0 rg: 2 | total time: 1.21m | eta: 2.6m
step 00323/01000 (32.30%) | loss: 7.130222 | lrm: 1.00 | dt: 178.83ms | tok/sec: 5,726 | bf16_mfu: 0.00 | epoch: 1 pq: 0 rg: 2 | total time: 1.21m | eta: 2.6m
step 00324/01000 (32.40%) | loss: 7.178769 | lrm: 1.00 | dt: 176.16ms | tok/sec: 5,813 | bf16_mfu: 0.00 | epoch: 1 pq: 0 rg: 2 | total time: 1.21m | eta: 2.6m
step 00325/01000 (32.50%) | loss: 7.159622 | lrm: 1.00 | dt: 183.47ms | tok/sec: 5,581 | bf16_mfu: 0.00 | epoch: 1 pq: 0 rg: 2 | total time: 1.22m | eta: 2.6m
step 00326/01000 (32.60%) | loss: 7.083215 | lrm: 1.00 | dt: 182.04ms | tok/sec: 5,625 | bf16_mfu: 0.00 | epoch: 1 pq: 0 rg: 2 | total time: 1.22m | eta: 2.6m
step 00327/01000 (32.70%) | loss: 7.136369 | lrm: 1.00 | dt: 210.31ms | tok/sec: 4,869 | bf16_mfu: 0.00 | epoch: 1 pq: 0 rg: 2 | total time: 1.22m | eta: 2.6m
step 00328/01000 (32.80%) | loss: 7.389830 | lrm: 1.00 | dt: 189.84ms | tok/sec: 5,394 | bf16_mfu: 0.00 | epoch: 1 pq: 0 rg: 2 | total time: 1.23m | eta: 2.6m
step 00329/01000 (32.90%) | loss: 7.351652 | lrm: 1.00 | dt: 208.86ms | tok/sec: 4,902 | bf16_mfu: 0.00 | epoch: 1 pq: 0 rg: 2 | total time: 1.23m | eta: 2.6m
step 00330/01000 (33.00%) | loss: 7.339133 | lrm: 1.00 | dt: 210.99ms | tok/sec: 4,853 | bf16_mfu: 0.00 | epoch: 1 pq: 0 rg: 2 | total time: 1.23m | eta: 2.6m
step 00331/01000 (33.10%) | loss: 7.349044 | lrm: 1.00 | dt: 213.76ms | tok/sec: 4,790 | bf16_mfu: 0.00 | epoch: 1 pq: 0 rg: 2 | total time: 1.24m | eta: 2.6m
step 00332/01000 (33.20%) | loss: 7.350513 | lrm: 1.00 | dt: 206.17ms | tok/sec: 4,966 | bf16_mfu: 0.00 | epoch: 1 pq: 0 rg: 2 | total time: 1.24m | eta: 2.6m
step 00333/01000 (33.30%) | loss: 7.349149 | lrm: 1.00 | dt: 229.32ms | tok/sec: 4,465 | bf16_mfu: 0.00 | epoch: 1 pq: 0 rg: 2 | total time: 1.24m | eta: 2.6m
step 00334/01000 (33.40%) | loss: 7.324006 | lrm: 1.00 | dt: 228.57ms | tok/sec: 4,479 | bf16_mfu: 0.00 | epoch: 1 pq: 0 rg: 2 | total time: 1.25m | eta: 2.6m
step 00335/01000 (33.50%) | loss: 7.344138 | lrm: 1.00 | dt: 217.31ms | tok/sec: 4,712 | bf16_mfu: 0.00 | epoch: 1 pq: 0 rg: 2 | total time: 1.25m | eta: 2.6m
step 00336/01000 (33.60%) | loss: 7.336139 | lrm: 1.00 | dt: 227.61ms | tok/sec: 4,498 | bf16_mfu: 0.00 | epoch: 1 pq: 0 rg: 2 | total time: 1.26m | eta: 2.6m
step 00337/01000 (33.70%) | loss: 7.310692 | lrm: 1.00 | dt: 214.47ms | tok/sec: 4,774 | bf16_mfu: 0.00 | epoch: 1 pq: 0 rg: 2 | total time: 1.26m | eta: 2.6m
step 00338/01000 (33.80%) | loss: 7.248675 | lrm: 1.00 | dt: 220.02ms | tok/sec: 4,654 | bf16_mfu: 0.00 | epoch: 1 pq: 0 rg: 2 | total time: 1.26m | eta: 2.5m
step 00339/01000 (33.90%) | loss: 7.197332 | lrm: 1.00 | dt: 236.35ms | tok/sec: 4,332 | bf16_mfu: 0.00 | epoch: 1 pq: 0 rg: 2 | total time: 1.27m | eta: 2.5m
step 00340/01000 (34.00%) | loss: 7.141407 | lrm: 1.00 | dt: 230.29ms | tok/sec: 4,446 | bf16_mfu: 0.00 | epoch: 1 pq: 0 rg: 2 | total time: 1.27m | eta: 2.5m
step 00341/01000 (34.10%) | loss: 7.105686 | lrm: 1.00 | dt: 215.03ms | tok/sec: 4,762 | bf16_mfu: 0.00 | epoch: 1 pq: 0 rg: 2 | total time: 1.27m | eta: 2.5m
step 00342/01000 (34.20%) | loss: 7.099527 | lrm: 1.00 | dt: 192.78ms | tok/sec: 5,311 | bf16_mfu: 0.00 | epoch: 1 pq: 0 rg: 2 | total time: 1.28m | eta: 2.5m
step 00343/01000 (34.30%) | loss: 7.024125 | lrm: 1.00 | dt: 193.69ms | tok/sec: 5,286 | bf16_mfu: 0.00 | epoch: 1 pq: 0 rg: 2 | total time: 1.28m | eta: 2.5m
step 00344/01000 (34.40%) | loss: 7.042573 | lrm: 1.00 | dt: 396.30ms | tok/sec: 2,583 | bf16_mfu: 0.00 | epoch: 1 pq: 0 rg: 2 | total time: 1.29m | eta: 2.5m
step 00345/01000 (34.50%) | loss: 6.994592 | lrm: 1.00 | dt: 233.01ms | tok/sec: 4,394 | bf16_mfu: 0.00 | epoch: 1 pq: 0 rg: 2 | total time: 1.29m | eta: 2.5m
step 00346/01000 (34.60%) | loss: 7.060989 | lrm: 1.00 | dt: 234.34ms | tok/sec: 4,369 | bf16_mfu: 0.00 | epoch: 1 pq: 0 rg: 2 | total time: 1.30m | eta: 2.5m
step 00347/01000 (34.70%) | loss: 7.085875 | lrm: 1.00 | dt: 188.69ms | tok/sec: 5,426 | bf16_mfu: 0.00 | epoch: 1 pq: 0 rg: 2 | total time: 1.30m | eta: 2.5m
step 00348/01000 (34.80%) | loss: 7.155900 | lrm: 1.00 | dt: 220.26ms | tok/sec: 4,649 | bf16_mfu: 0.00 | epoch: 1 pq: 0 rg: 2 | total time: 1.30m | eta: 2.5m
step 00349/01000 (34.90%) | loss: 7.121208 | lrm: 1.00 | dt: 169.54ms | tok/sec: 6,039 | bf16_mfu: 0.00 | epoch: 1 pq: 0 rg: 2 | total time: 1.30m | eta: 2.5m
step 00350/01000 (35.00%) | loss: 7.081838 | lrm: 1.00 | dt: 199.58ms | tok/sec: 5,130 | bf16_mfu: 0.00 | epoch: 1 pq: 0 rg: 2 | total time: 1.31m | eta: 2.5m
step 00351/01000 (35.10%) | loss: 7.068019 | lrm: 1.00 | dt: 204.41ms | tok/sec: 5,009 | bf16_mfu: 0.00 | epoch: 1 pq: 0 rg: 2 | total time: 1.31m | eta: 2.5m
step 00352/01000 (35.20%) | loss: 7.208128 | lrm: 1.00 | dt: 187.78ms | tok/sec: 5,453 | bf16_mfu: 0.00 | epoch: 1 pq: 0 rg: 2 | total time: 1.31m | eta: 2.5m
step 00353/01000 (35.30%) | loss: 7.221581 | lrm: 1.00 | dt: 201.38ms | tok/sec: 5,084 | bf16_mfu: 0.00 | epoch: 1 pq: 0 rg: 2 | total time: 1.32m | eta: 2.5m
step 00354/01000 (35.40%) | loss: 7.226628 | lrm: 1.00 | dt: 205.98ms | tok/sec: 4,971 | bf16_mfu: 0.00 | epoch: 1 pq: 0 rg: 2 | total time: 1.32m | eta: 2.5m
step 00355/01000 (35.50%) | loss: 7.101981 | lrm: 1.00 | dt: 214.50ms | tok/sec: 4,773 | bf16_mfu: 0.00 | epoch: 1 pq: 0 rg: 2 | total time: 1.33m | eta: 2.5m
step 00356/01000 (35.60%) | loss: 7.124833 | lrm: 1.00 | dt: 216.54ms | tok/sec: 4,728 | bf16_mfu: 0.00 | epoch: 1 pq: 0 rg: 2 | total time: 1.33m | eta: 2.5m
step 00357/01000 (35.70%) | loss: 7.092291 | lrm: 1.00 | dt: 235.89ms | tok/sec: 4,341 | bf16_mfu: 0.00 | epoch: 1 pq: 0 rg: 2 | total time: 1.33m | eta: 2.5m
step 00358/01000 (35.80%) | loss: 7.067938 | lrm: 1.00 | dt: 231.00ms | tok/sec: 4,432 | bf16_mfu: 0.00 | epoch: 1 pq: 0 rg: 2 | total time: 1.34m | eta: 2.5m
step 00359/01000 (35.90%) | loss: 7.075236 | lrm: 1.00 | dt: 241.29ms | tok/sec: 4,243 | bf16_mfu: 0.00 | epoch: 1 pq: 0 rg: 2 | total time: 1.34m | eta: 2.5m
step 00360/01000 (36.00%) | loss: 7.091878 | lrm: 1.00 | dt: 256.72ms | tok/sec: 3,988 | bf16_mfu: 0.00 | epoch: 1 pq: 0 rg: 2 | total time: 1.34m | eta: 2.5m
step 00361/01000 (36.10%) | loss: 7.079076 | lrm: 1.00 | dt: 313.35ms | tok/sec: 3,267 | bf16_mfu: 0.00 | epoch: 1 pq: 0 rg: 2 | total time: 1.35m | eta: 2.5m
step 00362/01000 (36.20%) | loss: 7.112991 | lrm: 1.00 | dt: 329.35ms | tok/sec: 3,109 | bf16_mfu: 0.00 | epoch: 1 pq: 0 rg: 2 | total time: 1.36m | eta: 2.5m
step 00363/01000 (36.30%) | loss: 7.075487 | lrm: 1.00 | dt: 187.97ms | tok/sec: 5,447 | bf16_mfu: 0.00 | epoch: 1 pq: 0 rg: 2 | total time: 1.36m | eta: 2.5m
step 00364/01000 (36.40%) | loss: 7.061246 | lrm: 1.00 | dt: 228.22ms | tok/sec: 4,486 | bf16_mfu: 0.00 | epoch: 1 pq: 0 rg: 2 | total time: 1.36m | eta: 2.4m
step 00365/01000 (36.50%) | loss: 7.087111 | lrm: 1.00 | dt: 230.23ms | tok/sec: 4,447 | bf16_mfu: 0.00 | epoch: 1 pq: 0 rg: 2 | total time: 1.37m | eta: 2.4m
step 00366/01000 (36.60%) | loss: 7.114607 | lrm: 1.00 | dt: 224.52ms | tok/sec: 4,560 | bf16_mfu: 0.00 | epoch: 1 pq: 0 rg: 2 | total time: 1.37m | eta: 2.4m
step 00367/01000 (36.70%) | loss: 7.100865 | lrm: 1.00 | dt: 190.67ms | tok/sec: 5,370 | bf16_mfu: 0.00 | epoch: 1 pq: 0 rg: 2 | total time: 1.37m | eta: 2.4m
step 00368/01000 (36.80%) | loss: 7.134987 | lrm: 1.00 | dt: 175.04ms | tok/sec: 5,850 | bf16_mfu: 0.00 | epoch: 1 pq: 0 rg: 2 | total time: 1.38m | eta: 2.4m
step 00369/01000 (36.90%) | loss: 7.092158 | lrm: 1.00 | dt: 162.52ms | tok/sec: 6,300 | bf16_mfu: 0.00 | epoch: 1 pq: 0 rg: 2 | total time: 1.38m | eta: 2.4m
step 00370/01000 (37.00%) | loss: 6.982739 | lrm: 1.00 | dt: 167.81ms | tok/sec: 6,101 | bf16_mfu: 0.00 | epoch: 1 pq: 0 rg: 2 | total time: 1.38m | eta: 2.4m
step 00371/01000 (37.10%) | loss: 7.015004 | lrm: 1.00 | dt: 187.22ms | tok/sec: 5,469 | bf16_mfu: 0.00 | epoch: 1 pq: 0 rg: 2 | total time: 1.38m | eta: 2.4m
step 00372/01000 (37.20%) | loss: 7.083729 | lrm: 1.00 | dt: 161.66ms | tok/sec: 6,334 | bf16_mfu: 0.00 | epoch: 1 pq: 0 rg: 2 | total time: 1.39m | eta: 2.4m
step 00373/01000 (37.30%) | loss: 7.090136 | lrm: 1.00 | dt: 188.86ms | tok/sec: 5,421 | bf16_mfu: 0.00 | epoch: 1 pq: 0 rg: 2 | total time: 1.39m | eta: 2.4m
step 00374/01000 (37.40%) | loss: 7.011357 | lrm: 1.00 | dt: 184.82ms | tok/sec: 5,540 | bf16_mfu: 0.00 | epoch: 1 pq: 0 rg: 2 | total time: 1.39m | eta: 2.4m
step 00375/01000 (37.50%) | loss: 7.015955 | lrm: 1.00 | dt: 209.01ms | tok/sec: 4,899 | bf16_mfu: 0.00 | epoch: 1 pq: 0 rg: 2 | total time: 1.40m | eta: 2.4m
step 00376/01000 (37.60%) | loss: 7.007429 | lrm: 1.00 | dt: 200.65ms | tok/sec: 5,103 | bf16_mfu: 0.00 | epoch: 1 pq: 0 rg: 2 | total time: 1.40m | eta: 2.4m
step 00377/01000 (37.70%) | loss: 7.004982 | lrm: 1.00 | dt: 229.44ms | tok/sec: 4,463 | bf16_mfu: 0.00 | epoch: 1 pq: 0 rg: 2 | total time: 1.40m | eta: 2.4m
step 00378/01000 (37.80%) | loss: 6.953061 | lrm: 1.00 | dt: 228.52ms | tok/sec: 4,480 | bf16_mfu: 0.00 | epoch: 1 pq: 0 rg: 2 | total time: 1.41m | eta: 2.4m
step 00379/01000 (37.90%) | loss: 6.860968 | lrm: 1.00 | dt: 242.88ms | tok/sec: 4,216 | bf16_mfu: 0.00 | epoch: 1 pq: 0 rg: 2 | total time: 1.41m | eta: 2.4m
step 00380/01000 (38.00%) | loss: 6.870177 | lrm: 1.00 | dt: 237.90ms | tok/sec: 4,304 | bf16_mfu: 0.00 | epoch: 1 pq: 0 rg: 2 | total time: 1.42m | eta: 2.4m
step 00381/01000 (38.10%) | loss: 6.857006 | lrm: 1.00 | dt: 207.78ms | tok/sec: 4,928 | bf16_mfu: 0.00 | epoch: 1 pq: 0 rg: 2 | total time: 1.42m | eta: 2.4m
step 00382/01000 (38.20%) | loss: 6.885715 | lrm: 1.00 | dt: 246.44ms | tok/sec: 4,155 | bf16_mfu: 0.00 | epoch: 1 pq: 0 rg: 2 | total time: 1.42m | eta: 2.4m
step 00383/01000 (38.30%) | loss: 6.858933 | lrm: 1.00 | dt: 199.85ms | tok/sec: 5,123 | bf16_mfu: 0.00 | epoch: 1 pq: 0 rg: 2 | total time: 1.43m | eta: 2.4m
step 00384/01000 (38.40%) | loss: 6.873576 | lrm: 1.00 | dt: 222.50ms | tok/sec: 4,602 | bf16_mfu: 0.00 | epoch: 1 pq: 0 rg: 2 | total time: 1.43m | eta: 2.4m
step 00385/01000 (38.50%) | loss: 6.868167 | lrm: 1.00 | dt: 389.29ms | tok/sec: 2,630 | bf16_mfu: 0.00 | epoch: 1 pq: 0 rg: 2 | total time: 1.44m | eta: 2.4m
step 00386/01000 (38.60%) | loss: 6.888304 | lrm: 1.00 | dt: 239.55ms | tok/sec: 4,274 | bf16_mfu: 0.00 | epoch: 1 pq: 0 rg: 2 | total time: 1.44m | eta: 2.4m
step 00387/01000 (38.70%) | loss: 6.924023 | lrm: 1.00 | dt: 201.15ms | tok/sec: 5,090 | bf16_mfu: 0.00 | epoch: 1 pq: 0 rg: 2 | total time: 1.44m | eta: 2.3m
step 00388/01000 (38.80%) | loss: 6.927617 | lrm: 1.00 | dt: 181.67ms | tok/sec: 5,636 | bf16_mfu: 0.00 | epoch: 1 pq: 0 rg: 2 | total time: 1.45m | eta: 2.3m
step 00389/01000 (38.90%) | loss: 6.984224 | lrm: 1.00 | dt: 199.08ms | tok/sec: 5,143 | bf16_mfu: 0.00 | epoch: 1 pq: 0 rg: 2 | total time: 1.45m | eta: 2.3m
step 00390/01000 (39.00%) | loss: 6.973653 | lrm: 1.00 | dt: 173.80ms | tok/sec: 5,891 | bf16_mfu: 0.00 | epoch: 1 pq: 0 rg: 2 | total time: 1.45m | eta: 2.3m
step 00391/01000 (39.10%) | loss: 6.969267 | lrm: 1.00 | dt: 174.94ms | tok/sec: 5,853 | bf16_mfu: 0.00 | epoch: 1 pq: 0 rg: 2 | total time: 1.46m | eta: 2.3m
step 00392/01000 (39.20%) | loss: 6.995857 | lrm: 1.00 | dt: 166.33ms | tok/sec: 6,156 | bf16_mfu: 0.00 | epoch: 1 pq: 0 rg: 2 | total time: 1.46m | eta: 2.3m
step 00393/01000 (39.30%) | loss: 6.989398 | lrm: 1.00 | dt: 172.05ms | tok/sec: 5,951 | bf16_mfu: 0.00 | epoch: 1 pq: 0 rg: 2 | total time: 1.46m | eta: 2.3m
step 00394/01000 (39.40%) | loss: 6.986390 | lrm: 1.00 | dt: 208.28ms | tok/sec: 4,916 | bf16_mfu: 0.00 | epoch: 1 pq: 0 rg: 2 | total time: 1.47m | eta: 2.3m
step 00395/01000 (39.50%) | loss: 6.977750 | lrm: 1.00 | dt: 186.28ms | tok/sec: 5,497 | bf16_mfu: 0.00 | epoch: 1 pq: 0 rg: 2 | total time: 1.47m | eta: 2.3m
step 00396/01000 (39.60%) | loss: 6.939684 | lrm: 1.00 | dt: 206.73ms | tok/sec: 4,953 | bf16_mfu: 0.00 | epoch: 1 pq: 0 rg: 2 | total time: 1.47m | eta: 2.3m
step 00397/01000 (39.70%) | loss: 6.938803 | lrm: 1.00 | dt: 217.40ms | tok/sec: 4,710 | bf16_mfu: 0.00 | epoch: 1 pq: 0 rg: 2 | total time: 1.48m | eta: 2.3m
step 00398/01000 (39.80%) | loss: 6.952591 | lrm: 1.00 | dt: 225.56ms | tok/sec: 4,539 | bf16_mfu: 0.00 | epoch: 1 pq: 0 rg: 2 | total time: 1.48m | eta: 2.3m
step 00399/01000 (39.90%) | loss: 6.938380 | lrm: 1.00 | dt: 228.87ms | tok/sec: 4,474 | bf16_mfu: 0.00 | epoch: 1 pq: 0 rg: 2 | total time: 1.48m | eta: 2.3m
step 00400/01000 (40.00%) | loss: 6.939998 | lrm: 1.00 | dt: 240.45ms | tok/sec: 4,258 | bf16_mfu: 0.00 | epoch: 1 pq: 0 rg: 2 | total time: 1.49m | eta: 2.3m
step 00401/01000 (40.10%) | loss: 6.927301 | lrm: 1.00 | dt: 449.01ms | tok/sec: 2,280 | bf16_mfu: 0.00 | epoch: 1 pq: 0 rg: 2 | total time: 1.50m | eta: 2.3m
step 00402/01000 (40.20%) | loss: 6.953236 | lrm: 1.00 | dt: 202.89ms | tok/sec: 5,047 | bf16_mfu: 0.00 | epoch: 1 pq: 0 rg: 2 | total time: 1.50m | eta: 2.3m
step 00403/01000 (40.30%) | loss: 6.984511 | lrm: 1.00 | dt: 226.26ms | tok/sec: 4,525 | bf16_mfu: 0.00 | epoch: 1 pq: 0 rg: 2 | total time: 1.50m | eta: 2.3m
step 00404/01000 (40.40%) | loss: 6.984429 | lrm: 1.00 | dt: 232.40ms | tok/sec: 4,406 | bf16_mfu: 0.00 | epoch: 1 pq: 0 rg: 2 | total time: 1.51m | eta: 2.3m
step 00405/01000 (40.50%) | loss: 6.949436 | lrm: 1.00 | dt: 224.47ms | tok/sec: 4,561 | bf16_mfu: 0.00 | epoch: 1 pq: 0 rg: 2 | total time: 1.51m | eta: 2.3m
step 00406/01000 (40.60%) | loss: 6.961224 | lrm: 1.00 | dt: 188.87ms | tok/sec: 5,421 | bf16_mfu: 0.00 | epoch: 1 pq: 0 rg: 2 | total time: 1.51m | eta: 2.3m
step 00407/01000 (40.70%) | loss: 6.962371 | lrm: 1.00 | dt: 195.10ms | tok/sec: 5,248 | bf16_mfu: 0.00 | epoch: 1 pq: 0 rg: 2 | total time: 1.52m | eta: 2.3m
step 00408/01000 (40.80%) | loss: 6.909959 | lrm: 1.00 | dt: 201.53ms | tok/sec: 5,081 | bf16_mfu: 0.00 | epoch: 1 pq: 0 rg: 2 | total time: 1.52m | eta: 2.3m
step 00409/01000 (40.90%) | loss: 6.901974 | lrm: 1.00 | dt: 190.89ms | tok/sec: 5,364 | bf16_mfu: 0.00 | epoch: 1 pq: 0 rg: 2 | total time: 1.52m | eta: 2.3m
step 00410/01000 (41.00%) | loss: 6.940966 | lrm: 1.00 | dt: 207.08ms | tok/sec: 4,944 | bf16_mfu: 0.00 | epoch: 1 pq: 0 rg: 2 | total time: 1.53m | eta: 2.3m
step 00411/01000 (41.10%) | loss: 6.916114 | lrm: 1.00 | dt: 228.26ms | tok/sec: 4,486 | bf16_mfu: 0.00 | epoch: 1 pq: 0 rg: 2 | total time: 1.53m | eta: 2.2m
step 00412/01000 (41.20%) | loss: 6.930894 | lrm: 1.00 | dt: 198.18ms | tok/sec: 5,167 | bf16_mfu: 0.00 | epoch: 1 pq: 0 rg: 2 | total time: 1.53m | eta: 2.2m
step 00413/01000 (41.30%) | loss: 6.913290 | lrm: 1.00 | dt: 186.18ms | tok/sec: 5,500 | bf16_mfu: 0.00 | epoch: 1 pq: 0 rg: 2 | total time: 1.54m | eta: 2.2m
step 00414/01000 (41.40%) | loss: 6.920991 | lrm: 1.00 | dt: 211.21ms | tok/sec: 4,848 | bf16_mfu: 0.00 | epoch: 1 pq: 0 rg: 2 | total time: 1.54m | eta: 2.2m
step 00415/01000 (41.50%) | loss: 6.929989 | lrm: 1.00 | dt: 192.02ms | tok/sec: 5,332 | bf16_mfu: 0.00 | epoch: 1 pq: 0 rg: 2 | total time: 1.54m | eta: 2.2m
step 00416/01000 (41.60%) | loss: 6.898724 | lrm: 1.00 | dt: 218.88ms | tok/sec: 4,678 | bf16_mfu: 0.00 | epoch: 1 pq: 0 rg: 2 | total time: 1.55m | eta: 2.2m
step 00417/01000 (41.70%) | loss: 6.897978 | lrm: 1.00 | dt: 210.53ms | tok/sec: 4,863 | bf16_mfu: 0.00 | epoch: 1 pq: 0 rg: 2 | total time: 1.55m | eta: 2.2m
step 00418/01000 (41.80%) | loss: 6.941932 | lrm: 1.00 | dt: 206.80ms | tok/sec: 4,951 | bf16_mfu: 0.00 | epoch: 1 pq: 0 rg: 2 | total time: 1.55m | eta: 2.2m
step 00419/01000 (41.90%) | loss: 6.981970 | lrm: 1.00 | dt: 234.71ms | tok/sec: 4,362 | bf16_mfu: 0.00 | epoch: 1 pq: 0 rg: 2 | total time: 1.56m | eta: 2.2m
step 00420/01000 (42.00%) | loss: 6.999551 | lrm: 1.00 | dt: 214.19ms | tok/sec: 4,780 | bf16_mfu: 0.00 | epoch: 1 pq: 0 rg: 2 | total time: 1.56m | eta: 2.2m
step 00421/01000 (42.10%) | loss: 7.038000 | lrm: 1.00 | dt: 201.39ms | tok/sec: 5,084 | bf16_mfu: 0.00 | epoch: 1 pq: 0 rg: 2 | total time: 1.56m | eta: 2.2m
step 00422/01000 (42.20%) | loss: 7.135429 | lrm: 1.00 | dt: 233.33ms | tok/sec: 4,388 | bf16_mfu: 0.00 | epoch: 1 pq: 0 rg: 2 | total time: 1.57m | eta: 2.2m
step 00423/01000 (42.30%) | loss: 7.034382 | lrm: 1.00 | dt: 206.85ms | tok/sec: 4,950 | bf16_mfu: 0.00 | epoch: 1 pq: 0 rg: 2 | total time: 1.57m | eta: 2.2m
step 00424/01000 (42.40%) | loss: 7.000426 | lrm: 1.00 | dt: 400.60ms | tok/sec: 2,556 | bf16_mfu: 0.00 | epoch: 1 pq: 0 rg: 2 | total time: 1.58m | eta: 2.2m
step 00425/01000 (42.50%) | loss: 7.029701 | lrm: 1.00 | dt: 172.92ms | tok/sec: 5,921 | bf16_mfu: 0.00 | epoch: 1 pq: 0 rg: 2 | total time: 1.58m | eta: 2.2m
step 00426/01000 (42.60%) | loss: 6.941075 | lrm: 1.00 | dt: 211.44ms | tok/sec: 4,843 | bf16_mfu: 0.00 | epoch: 1 pq: 0 rg: 2 | total time: 1.59m | eta: 2.2m
step 00427/01000 (42.70%) | loss: 6.968562 | lrm: 1.00 | dt: 186.20ms | tok/sec: 5,499 | bf16_mfu: 0.00 | epoch: 1 pq: 0 rg: 2 | total time: 1.59m | eta: 2.2m
step 00428/01000 (42.80%) | loss: 6.873279 | lrm: 1.00 | dt: 175.32ms | tok/sec: 5,840 | bf16_mfu: 0.00 | epoch: 1 pq: 0 rg: 2 | total time: 1.59m | eta: 2.2m
step 00429/01000 (42.90%) | loss: 6.834077 | lrm: 1.00 | dt: 180.63ms | tok/sec: 5,669 | bf16_mfu: 0.00 | epoch: 1 pq: 0 rg: 2 | total time: 1.59m | eta: 2.2m
step 00430/01000 (43.00%) | loss: 6.790300 | lrm: 1.00 | dt: 160.77ms | tok/sec: 6,369 | bf16_mfu: 0.00 | epoch: 1 pq: 0 rg: 2 | total time: 1.60m | eta: 2.2m
step 00431/01000 (43.10%) | loss: 6.776318 | lrm: 1.00 | dt: 190.14ms | tok/sec: 5,385 | bf16_mfu: 0.00 | epoch: 1 pq: 0 rg: 2 | total time: 1.60m | eta: 2.2m
step 00432/01000 (43.20%) | loss: 6.722600 | lrm: 1.00 | dt: 164.71ms | tok/sec: 6,217 | bf16_mfu: 0.00 | epoch: 1 pq: 0 rg: 2 | total time: 1.60m | eta: 2.2m
step 00433/01000 (43.30%) | loss: 6.777778 | lrm: 1.00 | dt: 200.88ms | tok/sec: 5,097 | bf16_mfu: 0.00 | epoch: 1 pq: 0 rg: 2 | total time: 1.61m | eta: 2.2m
step 00434/01000 (43.40%) | loss: 6.824651 | lrm: 1.00 | dt: 170.01ms | tok/sec: 6,023 | bf16_mfu: 0.00 | epoch: 1 pq: 0 rg: 2 | total time: 1.61m | eta: 2.1m
step 00435/01000 (43.50%) | loss: 6.778339 | lrm: 1.00 | dt: 175.97ms | tok/sec: 5,819 | bf16_mfu: 0.00 | epoch: 1 pq: 0 rg: 2 | total time: 1.61m | eta: 2.1m
step 00436/01000 (43.60%) | loss: 6.787707 | lrm: 1.00 | dt: 197.31ms | tok/sec: 5,189 | bf16_mfu: 0.00 | epoch: 1 pq: 0 rg: 2 | total time: 1.62m | eta: 2.1m
step 00437/01000 (43.70%) | loss: 6.896103 | lrm: 1.00 | dt: 225.42ms | tok/sec: 4,542 | bf16_mfu: 0.00 | epoch: 1 pq: 0 rg: 2 | total time: 1.62m | eta: 2.1m
step 00438/01000 (43.80%) | loss: 6.897079 | lrm: 1.00 | dt: 184.64ms | tok/sec: 5,546 | bf16_mfu: 0.00 | epoch: 1 pq: 0 rg: 2 | total time: 1.62m | eta: 2.1m
step 00439/01000 (43.90%) | loss: 6.832612 | lrm: 1.00 | dt: 206.94ms | tok/sec: 4,948 | bf16_mfu: 0.00 | epoch: 1 pq: 0 rg: 2 | total time: 1.63m | eta: 2.1m
step 00440/01000 (44.00%) | loss: 6.844145 | lrm: 1.00 | dt: 217.12ms | tok/sec: 4,716 | bf16_mfu: 0.00 | epoch: 1 pq: 0 rg: 2 | total time: 1.63m | eta: 2.1m
step 00441/01000 (44.10%) | loss: 6.808659 | lrm: 1.00 | dt: 244.34ms | tok/sec: 4,190 | bf16_mfu: 0.00 | epoch: 1 pq: 0 rg: 2 | total time: 1.63m | eta: 2.1m
step 00442/01000 (44.20%) | loss: 6.822543 | lrm: 1.00 | dt: 227.97ms | tok/sec: 4,491 | bf16_mfu: 0.00 | epoch: 1 pq: 0 rg: 2 | total time: 1.64m | eta: 2.1m
step 00443/01000 (44.30%) | loss: 6.779494 | lrm: 1.00 | dt: 236.12ms | tok/sec: 4,336 | bf16_mfu: 0.00 | epoch: 1 pq: 0 rg: 2 | total time: 1.64m | eta: 2.1m
step 00444/01000 (44.40%) | loss: 6.823816 | lrm: 1.00 | dt: 213.91ms | tok/sec: 4,787 | bf16_mfu: 0.00 | epoch: 1 pq: 0 rg: 2 | total time: 1.64m | eta: 2.1m
step 00445/01000 (44.50%) | loss: 6.840496 | lrm: 1.00 | dt: 235.17ms | tok/sec: 4,354 | bf16_mfu: 0.00 | epoch: 1 pq: 0 rg: 2 | total time: 1.65m | eta: 2.1m
step 00446/01000 (44.60%) | loss: 6.845839 | lrm: 1.00 | dt: 370.72ms | tok/sec: 2,762 | bf16_mfu: 0.00 | epoch: 1 pq: 0 rg: 2 | total time: 1.65m | eta: 2.1m
step 00447/01000 (44.70%) | loss: 6.810134 | lrm: 1.00 | dt: 175.76ms | tok/sec: 5,826 | bf16_mfu: 0.00 | epoch: 1 pq: 0 rg: 2 | total time: 1.66m | eta: 2.1m
step 00448/01000 (44.80%) | loss: 6.837646 | lrm: 1.00 | dt: 225.96ms | tok/sec: 4,531 | bf16_mfu: 0.00 | epoch: 1 pq: 0 rg: 2 | total time: 1.66m | eta: 2.1m
step 00449/01000 (44.90%) | loss: 6.899238 | lrm: 1.00 | dt: 211.74ms | tok/sec: 4,836 | bf16_mfu: 0.00 | epoch: 1 pq: 0 rg: 2 | total time: 1.66m | eta: 2.1m
step 00450/01000 (45.00%) | loss: 6.925637 | lrm: 1.00 | dt: 222.50ms | tok/sec: 4,602 | bf16_mfu: 0.00 | epoch: 1 pq: 0 rg: 2 | total time: 1.67m | eta: 2.1m
step 00451/01000 (45.10%) | loss: 6.929850 | lrm: 1.00 | dt: 231.52ms | tok/sec: 4,422 | bf16_mfu: 0.00 | epoch: 1 pq: 0 rg: 2 | total time: 1.67m | eta: 2.1m
step 00452/01000 (45.20%) | loss: 6.983324 | lrm: 1.00 | dt: 329.51ms | tok/sec: 3,107 | bf16_mfu: 0.00 | epoch: 1 pq: 0 rg: 2 | total time: 1.68m | eta: 2.1m
step 00453/01000 (45.30%) | loss: 7.013904 | lrm: 1.00 | dt: 217.96ms | tok/sec: 4,698 | bf16_mfu: 0.00 | epoch: 1 pq: 0 rg: 2 | total time: 1.68m | eta: 2.1m
step 00454/01000 (45.40%) | loss: 7.034588 | lrm: 1.00 | dt: 191.37ms | tok/sec: 5,350 | bf16_mfu: 0.00 | epoch: 1 pq: 0 rg: 2 | total time: 1.68m | eta: 2.1m
step 00455/01000 (45.50%) | loss: 6.995952 | lrm: 1.00 | dt: 206.49ms | tok/sec: 4,959 | bf16_mfu: 0.00 | epoch: 1 pq: 0 rg: 2 | total time: 1.69m | eta: 2.1m
step 00456/01000 (45.60%) | loss: 6.954053 | lrm: 1.00 | dt: 207.63ms | tok/sec: 4,931 | bf16_mfu: 0.00 | epoch: 1 pq: 0 rg: 2 | total time: 1.69m | eta: 2.1m
step 00457/01000 (45.70%) | loss: 6.998013 | lrm: 1.00 | dt: 194.44ms | tok/sec: 5,266 | bf16_mfu: 0.00 | epoch: 1 pq: 0 rg: 2 | total time: 1.69m | eta: 2.1m
step 00458/01000 (45.80%) | loss: 6.962298 | lrm: 1.00 | dt: 212.08ms | tok/sec: 4,828 | bf16_mfu: 0.00 | epoch: 1 pq: 0 rg: 2 | total time: 1.70m | eta: 2.1m
step 00459/01000 (45.90%) | loss: 6.953125 | lrm: 1.00 | dt: 213.84ms | tok/sec: 4,788 | bf16_mfu: 0.00 | epoch: 1 pq: 0 rg: 2 | total time: 1.70m | eta: 2.1m
step 00460/01000 (46.00%) | loss: 6.891244 | lrm: 1.00 | dt: 229.21ms | tok/sec: 4,467 | bf16_mfu: 0.00 | epoch: 1 pq: 0 rg: 2 | total time: 1.71m | eta: 2.0m
step 00461/01000 (46.10%) | loss: 6.834939 | lrm: 1.00 | dt: 213.16ms | tok/sec: 4,803 | bf16_mfu: 0.00 | epoch: 1 pq: 0 rg: 2 | total time: 1.71m | eta: 2.0m
step 00462/01000 (46.20%) | loss: 6.849156 | lrm: 1.00 | dt: 233.92ms | tok/sec: 4,377 | bf16_mfu: 0.00 | epoch: 1 pq: 0 rg: 2 | total time: 1.71m | eta: 2.0m
step 00463/01000 (46.30%) | loss: 6.805739 | lrm: 1.00 | dt: 230.76ms | tok/sec: 4,437 | bf16_mfu: 0.00 | epoch: 1 pq: 0 rg: 2 | total time: 1.72m | eta: 2.0m
step 00464/01000 (46.40%) | loss: 6.670559 | lrm: 1.00 | dt: 253.22ms | tok/sec: 4,043 | bf16_mfu: 0.00 | epoch: 1 pq: 0 rg: 2 | total time: 1.72m | eta: 2.0m
step 00465/01000 (46.50%) | loss: 6.699079 | lrm: 1.00 | dt: 224.20ms | tok/sec: 4,567 | bf16_mfu: 0.00 | epoch: 1 pq: 0 rg: 2 | total time: 1.72m | eta: 2.0m
step 00466/01000 (46.60%) | loss: 6.734536 | lrm: 1.00 | dt: 186.98ms | tok/sec: 5,476 | bf16_mfu: 0.00 | epoch: 1 pq: 0 rg: 2 | total time: 1.73m | eta: 2.0m
step 00467/01000 (46.70%) | loss: 6.790942 | lrm: 1.00 | dt: 226.22ms | tok/sec: 4,526 | bf16_mfu: 0.00 | epoch: 1 pq: 0 rg: 2 | total time: 1.73m | eta: 2.0m
step 00468/01000 (46.80%) | loss: 6.826823 | lrm: 1.00 | dt: 224.02ms | tok/sec: 4,570 | bf16_mfu: 0.00 | epoch: 1 pq: 0 rg: 2 | total time: 1.74m | eta: 2.0m
step 00469/01000 (46.90%) | loss: 6.854361 | lrm: 1.00 | dt: 208.24ms | tok/sec: 4,917 | bf16_mfu: 0.00 | epoch: 1 pq: 0 rg: 2 | total time: 1.74m | eta: 2.0m
step 00470/01000 (47.00%) | loss: 6.887880 | lrm: 1.00 | dt: 227.75ms | tok/sec: 4,496 | bf16_mfu: 0.00 | epoch: 1 pq: 0 rg: 2 | total time: 1.74m | eta: 2.0m
step 00471/01000 (47.10%) | loss: 6.909008 | lrm: 1.00 | dt: 254.52ms | tok/sec: 4,023 | bf16_mfu: 0.00 | epoch: 1 pq: 0 rg: 2 | total time: 1.75m | eta: 2.0m
step 00472/01000 (47.20%) | loss: 6.891495 | lrm: 1.00 | dt: 218.12ms | tok/sec: 4,694 | bf16_mfu: 0.00 | epoch: 1 pq: 0 rg: 2 | total time: 1.75m | eta: 2.0m
step 00473/01000 (47.30%) | loss: 6.928984 | lrm: 1.00 | dt: 192.74ms | tok/sec: 5,312 | bf16_mfu: 0.00 | epoch: 1 pq: 0 rg: 2 | total time: 1.75m | eta: 2.0m
step 00474/01000 (47.40%) | loss: 6.862262 | lrm: 1.00 | dt: 360.31ms | tok/sec: 2,842 | bf16_mfu: 0.00 | epoch: 1 pq: 0 rg: 2 | total time: 1.76m | eta: 2.0m
step 00475/01000 (47.50%) | loss: 6.823856 | lrm: 1.00 | dt: 149.80ms | tok/sec: 6,835 | bf16_mfu: 0.00 | epoch: 1 pq: 0 rg: 2 | total time: 1.76m | eta: 2.0m
step 00476/01000 (47.60%) | loss: 6.790533 | lrm: 1.00 | dt: 170.88ms | tok/sec: 5,992 | bf16_mfu: 0.00 | epoch: 1 pq: 0 rg: 2 | total time: 1.77m | eta: 2.0m
step 00477/01000 (47.70%) | loss: 6.779292 | lrm: 1.00 | dt: 190.88ms | tok/sec: 5,364 | bf16_mfu: 0.00 | epoch: 1 pq: 0 rg: 2 | total time: 1.77m | eta: 2.0m
step 00478/01000 (47.80%) | loss: 6.772118 | lrm: 1.00 | dt: 171.30ms | tok/sec: 5,977 | bf16_mfu: 0.00 | epoch: 1 pq: 0 rg: 2 | total time: 1.77m | eta: 2.0m
step 00479/01000 (47.90%) | loss: 6.813681 | lrm: 1.00 | dt: 202.95ms | tok/sec: 5,045 | bf16_mfu: 0.00 | epoch: 1 pq: 0 rg: 2 | total time: 1.77m | eta: 2.0m
step 00480/01000 (48.00%) | loss: 6.800605 | lrm: 1.00 | dt: 169.28ms | tok/sec: 6,049 | bf16_mfu: 0.00 | epoch: 1 pq: 0 rg: 2 | total time: 1.78m | eta: 2.0m
step 00481/01000 (48.10%) | loss: 6.798066 | lrm: 1.00 | dt: 191.76ms | tok/sec: 5,340 | bf16_mfu: 0.00 | epoch: 1 pq: 0 rg: 2 | total time: 1.78m | eta: 2.0m
step 00482/01000 (48.20%) | loss: 6.775245 | lrm: 1.00 | dt: 200.29ms | tok/sec: 5,112 | bf16_mfu: 0.00 | epoch: 1 pq: 0 rg: 2 | total time: 1.78m | eta: 2.0m
step 00483/01000 (48.30%) | loss: 6.829873 | lrm: 1.00 | dt: 186.10ms | tok/sec: 5,502 | bf16_mfu: 0.00 | epoch: 1 pq: 0 rg: 2 | total time: 1.79m | eta: 2.0m
step 00484/01000 (48.40%) | loss: 6.812487 | lrm: 1.00 | dt: 192.11ms | tok/sec: 5,330 | bf16_mfu: 0.00 | epoch: 1 pq: 0 rg: 2 | total time: 1.79m | eta: 1.9m
step 00485/01000 (48.50%) | loss: 6.797103 | lrm: 1.00 | dt: 229.43ms | tok/sec: 4,463 | bf16_mfu: 0.00 | epoch: 1 pq: 0 rg: 2 | total time: 1.79m | eta: 1.9m
step 00486/01000 (48.60%) | loss: 6.837430 | lrm: 1.00 | dt: 188.71ms | tok/sec: 5,426 | bf16_mfu: 0.00 | epoch: 1 pq: 0 rg: 2 | total time: 1.80m | eta: 1.9m
step 00487/01000 (48.70%) | loss: 6.926663 | lrm: 1.00 | dt: 228.63ms | tok/sec: 4,478 | bf16_mfu: 0.00 | epoch: 1 pq: 0 rg: 2 | total time: 1.80m | eta: 1.9m
step 00488/01000 (48.80%) | loss: 6.949772 | lrm: 1.00 | dt: 237.89ms | tok/sec: 4,304 | bf16_mfu: 0.00 | epoch: 1 pq: 0 rg: 2 | total time: 1.81m | eta: 1.9m
step 00489/01000 (48.90%) | loss: 6.965965 | lrm: 1.00 | dt: 227.77ms | tok/sec: 4,495 | bf16_mfu: 0.00 | epoch: 1 pq: 0 rg: 2 | total time: 1.81m | eta: 1.9m
step 00490/01000 (49.00%) | loss: 6.980333 | lrm: 1.00 | dt: 226.82ms | tok/sec: 4,514 | bf16_mfu: 0.00 | epoch: 1 pq: 0 rg: 2 | total time: 1.81m | eta: 1.9m
step 00491/01000 (49.10%) | loss: 6.861769 | lrm: 1.00 | dt: 214.54ms | tok/sec: 4,773 | bf16_mfu: 0.00 | epoch: 1 pq: 0 rg: 2 | total time: 1.82m | eta: 1.9m
step 00492/01000 (49.20%) | loss: 6.833501 | lrm: 1.00 | dt: 230.68ms | tok/sec: 4,439 | bf16_mfu: 0.00 | epoch: 1 pq: 0 rg: 2 | total time: 1.82m | eta: 1.9m
step 00493/01000 (49.30%) | loss: 6.738318 | lrm: 1.00 | dt: 236.95ms | tok/sec: 4,321 | bf16_mfu: 0.00 | epoch: 1 pq: 0 rg: 2 | total time: 1.82m | eta: 1.9m
step 00494/01000 (49.40%) | loss: 6.686644 | lrm: 1.00 | dt: 244.33ms | tok/sec: 4,191 | bf16_mfu: 0.00 | epoch: 1 pq: 0 rg: 2 | total time: 1.83m | eta: 1.9m
step 00495/01000 (49.50%) | loss: 6.711071 | lrm: 1.00 | dt: 239.45ms | tok/sec: 4,276 | bf16_mfu: 0.00 | epoch: 1 pq: 0 rg: 2 | total time: 1.83m | eta: 1.9m
step 00496/01000 (49.60%) | loss: 6.585990 | lrm: 1.00 | dt: 221.18ms | tok/sec: 4,629 | bf16_mfu: 0.00 | epoch: 1 pq: 0 rg: 2 | total time: 1.84m | eta: 1.9m
step 00497/01000 (49.70%) | loss: 6.608080 | lrm: 1.00 | dt: 208.68ms | tok/sec: 4,907 | bf16_mfu: 0.00 | epoch: 1 pq: 0 rg: 2 | total time: 1.84m | eta: 1.9m
step 00498/01000 (49.80%) | loss: 6.575740 | lrm: 1.00 | dt: 360.98ms | tok/sec: 2,836 | bf16_mfu: 0.00 | epoch: 1 pq: 0 rg: 2 | total time: 1.85m | eta: 1.9m
step 00499/01000 (49.90%) | loss: 6.630058 | lrm: 1.00 | dt: 174.96ms | tok/sec: 5,852 | bf16_mfu: 0.00 | epoch: 1 pq: 0 rg: 2 | total time: 1.85m | eta: 1.9m
step 00500/01000 (50.00%) | loss: 6.653340 | lrm: 1.00 | dt: 225.22ms | tok/sec: 4,546 | bf16_mfu: 0.00 | epoch: 1 pq: 0 rg: 2 | total time: 1.85m | eta: 1.9m
step 00501/01000 (50.10%) | loss: 6.748521 | lrm: 1.00 | dt: 266.69ms | tok/sec: 3,839 | bf16_mfu: 0.00 | epoch: 1 pq: 0 rg: 2 | total time: 1.86m | eta: 1.9m
step 00502/01000 (50.20%) | loss: 6.741572 | lrm: 1.00 | dt: 237.44ms | tok/sec: 4,312 | bf16_mfu: 0.00 | epoch: 1 pq: 0 rg: 2 | total time: 1.86m | eta: 1.9m
step 00503/01000 (50.30%) | loss: 6.752237 | lrm: 1.00 | dt: 361.06ms | tok/sec: 2,836 | bf16_mfu: 0.00 | epoch: 1 pq: 0 rg: 2 | total time: 1.87m | eta: 1.9m
step 00504/01000 (50.40%) | loss: 6.739886 | lrm: 1.00 | dt: 209.88ms | tok/sec: 4,878 | bf16_mfu: 0.00 | epoch: 1 pq: 0 rg: 2 | total time: 1.87m | eta: 1.9m
step 00505/01000 (50.50%) | loss: 6.695303 | lrm: 1.00 | dt: 182.60ms | tok/sec: 5,608 | bf16_mfu: 0.00 | epoch: 1 pq: 0 rg: 2 | total time: 1.87m | eta: 1.9m
step 00506/01000 (50.60%) | loss: 6.731960 | lrm: 1.00 | dt: 219.03ms | tok/sec: 4,675 | bf16_mfu: 0.00 | epoch: 1 pq: 0 rg: 2 | total time: 1.88m | eta: 1.9m
step 00507/01000 (50.70%) | loss: 6.724688 | lrm: 1.00 | dt: 200.62ms | tok/sec: 5,104 | bf16_mfu: 0.00 | epoch: 1 pq: 0 rg: 2 | total time: 1.88m | eta: 1.9m
step 00508/01000 (50.80%) | loss: 6.683696 | lrm: 1.00 | dt: 212.63ms | tok/sec: 4,815 | bf16_mfu: 0.00 | epoch: 1 pq: 0 rg: 2 | total time: 1.88m | eta: 1.9m
step 00509/01000 (50.90%) | loss: 6.693475 | lrm: 1.00 | dt: 194.26ms | tok/sec: 5,271 | bf16_mfu: 0.00 | epoch: 1 pq: 0 rg: 2 | total time: 1.89m | eta: 1.9m
step 00510/01000 (51.00%) | loss: 6.693635 | lrm: 1.00 | dt: 191.23ms | tok/sec: 5,354 | bf16_mfu: 0.00 | epoch: 1 pq: 0 rg: 2 | total time: 1.89m | eta: 1.9m
step 00511/01000 (51.10%) | loss: 6.680233 | lrm: 1.00 | dt: 219.93ms | tok/sec: 4,656 | bf16_mfu: 0.00 | epoch: 1 pq: 0 rg: 2 | total time: 1.89m | eta: 1.8m
step 00512/01000 (51.20%) | loss: 6.659621 | lrm: 1.00 | dt: 221.61ms | tok/sec: 4,620 | bf16_mfu: 0.00 | epoch: 1 pq: 0 rg: 2 | total time: 1.90m | eta: 1.8m
step 00513/01000 (51.30%) | loss: 6.692507 | lrm: 1.00 | dt: 220.45ms | tok/sec: 4,644 | bf16_mfu: 0.00 | epoch: 1 pq: 0 rg: 2 | total time: 1.90m | eta: 1.8m
step 00514/01000 (51.40%) | loss: 6.683751 | lrm: 1.00 | dt: 214.38ms | tok/sec: 4,776 | bf16_mfu: 0.00 | epoch: 1 pq: 0 rg: 2 | total time: 1.90m | eta: 1.8m
step 00515/01000 (51.50%) | loss: 6.694391 | lrm: 1.00 | dt: 206.04ms | tok/sec: 4,969 | bf16_mfu: 0.00 | epoch: 1 pq: 0 rg: 2 | total time: 1.91m | eta: 1.8m
step 00516/01000 (51.60%) | loss: 6.701879 | lrm: 1.00 | dt: 227.71ms | tok/sec: 4,496 | bf16_mfu: 0.00 | epoch: 1 pq: 0 rg: 2 | total time: 1.91m | eta: 1.8m
step 00517/01000 (51.70%) | loss: 6.720127 | lrm: 1.00 | dt: 226.91ms | tok/sec: 4,512 | bf16_mfu: 0.00 | epoch: 1 pq: 0 rg: 2 | total time: 1.92m | eta: 1.8m
step 00518/01000 (51.80%) | loss: 6.788391 | lrm: 1.00 | dt: 218.20ms | tok/sec: 4,692 | bf16_mfu: 0.00 | epoch: 1 pq: 0 rg: 2 | total time: 1.92m | eta: 1.8m
step 00519/01000 (51.90%) | loss: 6.725400 | lrm: 1.00 | dt: 194.09ms | tok/sec: 5,275 | bf16_mfu: 0.00 | epoch: 1 pq: 0 rg: 2 | total time: 1.92m | eta: 1.8m
step 00520/01000 (52.00%) | loss: 6.750778 | lrm: 1.00 | dt: 197.51ms | tok/sec: 5,184 | bf16_mfu: 0.00 | epoch: 1 pq: 0 rg: 2 | total time: 1.93m | eta: 1.8m
step 00521/01000 (52.10%) | loss: 6.742585 | lrm: 1.00 | dt: 216.91ms | tok/sec: 4,720 | bf16_mfu: 0.00 | epoch: 1 pq: 0 rg: 2 | total time: 1.93m | eta: 1.8m
step 00522/01000 (52.20%) | loss: 6.716600 | lrm: 1.00 | dt: 255.24ms | tok/sec: 4,011 | bf16_mfu: 0.00 | epoch: 1 pq: 0 rg: 2 | total time: 1.93m | eta: 1.8m
step 00523/01000 (52.30%) | loss: 6.725676 | lrm: 1.00 | dt: 232.99ms | tok/sec: 4,395 | bf16_mfu: 0.00 | epoch: 1 pq: 0 rg: 2 | total time: 1.94m | eta: 1.8m
step 00524/01000 (52.40%) | loss: 6.720593 | lrm: 1.00 | dt: 360.30ms | tok/sec: 2,842 | bf16_mfu: 0.00 | epoch: 1 pq: 0 rg: 2 | total time: 1.94m | eta: 1.8m
step 00525/01000 (52.50%) | loss: 6.639020 | lrm: 1.00 | dt: 189.42ms | tok/sec: 5,405 | bf16_mfu: 0.00 | epoch: 1 pq: 0 rg: 2 | total time: 1.95m | eta: 1.8m
step 00526/01000 (52.60%) | loss: 6.656367 | lrm: 1.00 | dt: 233.77ms | tok/sec: 4,380 | bf16_mfu: 0.00 | epoch: 1 pq: 0 rg: 2 | total time: 1.95m | eta: 1.8m
step 00527/01000 (52.70%) | loss: 6.725475 | lrm: 1.00 | dt: 177.28ms | tok/sec: 5,776 | bf16_mfu: 0.00 | epoch: 1 pq: 0 rg: 2 | total time: 1.95m | eta: 1.8m
step 00528/01000 (52.80%) | loss: 6.744655 | lrm: 1.00 | dt: 174.96ms | tok/sec: 5,852 | bf16_mfu: 0.00 | epoch: 1 pq: 0 rg: 2 | total time: 1.96m | eta: 1.8m
step 00529/01000 (52.90%) | loss: 6.712741 | lrm: 1.00 | dt: 161.44ms | tok/sec: 6,343 | bf16_mfu: 0.00 | epoch: 1 pq: 0 rg: 2 | total time: 1.96m | eta: 1.8m
step 00530/01000 (53.00%) | loss: 6.714380 | lrm: 1.00 | dt: 160.12ms | tok/sec: 6,395 | bf16_mfu: 0.00 | epoch: 1 pq: 0 rg: 2 | total time: 1.96m | eta: 1.8m
step 00531/01000 (53.10%) | loss: 6.755353 | lrm: 1.00 | dt: 156.64ms | tok/sec: 6,537 | bf16_mfu: 0.00 | epoch: 1 pq: 0 rg: 2 | total time: 1.96m | eta: 1.8m
step 00532/01000 (53.20%) | loss: 6.789948 | lrm: 1.00 | dt: 173.33ms | tok/sec: 5,907 | bf16_mfu: 0.00 | epoch: 1 pq: 0 rg: 2 | total time: 1.97m | eta: 1.8m
step 00533/01000 (53.30%) | loss: 6.735579 | lrm: 1.00 | dt: 193.67ms | tok/sec: 5,287 | bf16_mfu: 0.00 | epoch: 1 pq: 0 rg: 2 | total time: 1.97m | eta: 1.8m
step 00534/01000 (53.40%) | loss: 6.741092 | lrm: 1.00 | dt: 186.51ms | tok/sec: 5,490 | bf16_mfu: 0.00 | epoch: 1 pq: 0 rg: 2 | total time: 1.97m | eta: 1.8m
step 00535/01000 (53.50%) | loss: 6.729506 | lrm: 1.00 | dt: 184.81ms | tok/sec: 5,540 | bf16_mfu: 0.00 | epoch: 1 pq: 0 rg: 2 | total time: 1.98m | eta: 1.8m
step 00536/01000 (53.60%) | loss: 6.758885 | lrm: 1.00 | dt: 211.47ms | tok/sec: 4,842 | bf16_mfu: 0.00 | epoch: 1 pq: 0 rg: 2 | total time: 1.98m | eta: 1.7m
step 00537/01000 (53.70%) | loss: 6.798283 | lrm: 1.00 | dt: 210.88ms | tok/sec: 4,855 | bf16_mfu: 0.00 | epoch: 1 pq: 0 rg: 2 | total time: 1.98m | eta: 1.7m
step 00538/01000 (53.80%) | loss: 6.772507 | lrm: 1.00 | dt: 219.60ms | tok/sec: 4,662 | bf16_mfu: 0.00 | epoch: 1 pq: 0 rg: 2 | total time: 1.99m | eta: 1.7m
step 00539/01000 (53.90%) | loss: 6.799871 | lrm: 1.00 | dt: 235.60ms | tok/sec: 4,346 | bf16_mfu: 0.00 | epoch: 1 pq: 0 rg: 2 | total time: 1.99m | eta: 1.7m
step 00540/01000 (54.00%) | loss: 6.821678 | lrm: 1.00 | dt: 234.11ms | tok/sec: 4,373 | bf16_mfu: 0.00 | epoch: 1 pq: 0 rg: 2 | total time: 2.00m | eta: 1.7m
step 00541/01000 (54.10%) | loss: 6.754614 | lrm: 1.00 | dt: 268.63ms | tok/sec: 3,811 | bf16_mfu: 0.00 | epoch: 1 pq: 0 rg: 2 | total time: 2.00m | eta: 1.7m
step 00542/01000 (54.20%) | loss: 6.701079 | lrm: 1.00 | dt: 221.35ms | tok/sec: 4,626 | bf16_mfu: 0.00 | epoch: 1 pq: 0 rg: 2 | total time: 2.00m | eta: 1.7m
step 00543/01000 (54.30%) | loss: 6.755084 | lrm: 1.00 | dt: 229.93ms | tok/sec: 4,453 | bf16_mfu: 0.00 | epoch: 1 pq: 0 rg: 2 | total time: 2.01m | eta: 1.7m
step 00544/01000 (54.40%) | loss: 6.779568 | lrm: 1.00 | dt: 267.23ms | tok/sec: 3,831 | bf16_mfu: 0.00 | epoch: 1 pq: 0 rg: 2 | total time: 2.01m | eta: 1.7m
step 00545/01000 (54.50%) | loss: 6.805023 | lrm: 1.00 | dt: 253.65ms | tok/sec: 4,037 | bf16_mfu: 0.00 | epoch: 1 pq: 0 rg: 2 | total time: 2.02m | eta: 1.7m
step 00546/01000 (54.60%) | loss: 6.801461 | lrm: 1.00 | dt: 217.75ms | tok/sec: 4,702 | bf16_mfu: 0.00 | epoch: 1 pq: 0 rg: 2 | total time: 2.02m | eta: 1.7m
step 00547/01000 (54.70%) | loss: 6.774209 | lrm: 1.00 | dt: 372.52ms | tok/sec: 2,748 | bf16_mfu: 0.00 | epoch: 1 pq: 0 rg: 2 | total time: 2.03m | eta: 1.7m
step 00548/01000 (54.80%) | loss: 6.814429 | lrm: 1.00 | dt: 212.31ms | tok/sec: 4,823 | bf16_mfu: 0.00 | epoch: 1 pq: 0 rg: 2 | total time: 2.03m | eta: 1.7m
step 00549/01000 (54.90%) | loss: 6.757281 | lrm: 1.00 | dt: 230.16ms | tok/sec: 4,449 | bf16_mfu: 0.00 | epoch: 1 pq: 0 rg: 2 | total time: 2.03m | eta: 1.7m
step 00550/01000 (55.00%) | loss: 6.703036 | lrm: 1.00 | dt: 227.48ms | tok/sec: 4,501 | bf16_mfu: 0.00 | epoch: 1 pq: 0 rg: 2 | total time: 2.04m | eta: 1.7m
step 00551/01000 (55.10%) | loss: 6.690713 | lrm: 1.00 | dt: 215.62ms | tok/sec: 4,749 | bf16_mfu: 0.00 | epoch: 1 pq: 0 rg: 2 | total time: 2.04m | eta: 1.7m
step 00552/01000 (55.20%) | loss: 6.646254 | lrm: 1.00 | dt: 172.26ms | tok/sec: 5,944 | bf16_mfu: 0.00 | epoch: 1 pq: 0 rg: 2 | total time: 2.04m | eta: 1.7m
step 00553/01000 (55.30%) | loss: 6.658512 | lrm: 1.00 | dt: 202.71ms | tok/sec: 5,051 | bf16_mfu: 0.00 | epoch: 1 pq: 0 rg: 2 | total time: 2.05m | eta: 1.7m
step 00554/01000 (55.40%) | loss: 6.674742 | lrm: 1.00 | dt: 199.29ms | tok/sec: 5,138 | bf16_mfu: 0.00 | epoch: 1 pq: 0 rg: 2 | total time: 2.05m | eta: 1.7m
step 00555/01000 (55.50%) | loss: 6.643676 | lrm: 1.00 | dt: 179.63ms | tok/sec: 5,700 | bf16_mfu: 0.00 | epoch: 1 pq: 0 rg: 2 | total time: 2.05m | eta: 1.7m
step 00556/01000 (55.60%) | loss: 6.589631 | lrm: 1.00 | dt: 213.88ms | tok/sec: 4,787 | bf16_mfu: 0.00 | epoch: 1 pq: 0 rg: 2 | total time: 2.06m | eta: 1.7m
step 00557/01000 (55.70%) | loss: 6.599123 | lrm: 1.00 | dt: 197.96ms | tok/sec: 5,172 | bf16_mfu: 0.00 | epoch: 1 pq: 0 rg: 2 | total time: 2.06m | eta: 1.7m
step 00558/01000 (55.80%) | loss: 6.564164 | lrm: 1.00 | dt: 215.35ms | tok/sec: 4,755 | bf16_mfu: 0.00 | epoch: 1 pq: 0 rg: 2 | total time: 2.06m | eta: 1.7m
step 00559/01000 (55.90%) | loss: 6.596047 | lrm: 1.00 | dt: 238.05ms | tok/sec: 4,301 | bf16_mfu: 0.00 | epoch: 1 pq: 0 rg: 2 | total time: 2.07m | eta: 1.7m
step 00560/01000 (56.00%) | loss: 6.633557 | lrm: 1.00 | dt: 219.08ms | tok/sec: 4,673 | bf16_mfu: 0.00 | epoch: 1 pq: 0 rg: 2 | total time: 2.07m | eta: 1.7m
step 00561/01000 (56.10%) | loss: 6.659005 | lrm: 1.00 | dt: 217.58ms | tok/sec: 4,706 | bf16_mfu: 0.00 | epoch: 1 pq: 0 rg: 2 | total time: 2.07m | eta: 1.7m
step 00562/01000 (56.20%) | loss: 6.665673 | lrm: 1.00 | dt: 235.79ms | tok/sec: 4,342 | bf16_mfu: 0.00 | epoch: 1 pq: 0 rg: 2 | total time: 2.08m | eta: 1.6m
step 00563/01000 (56.30%) | loss: 6.664079 | lrm: 1.00 | dt: 448.02ms | tok/sec: 2,285 | bf16_mfu: 0.00 | epoch: 1 pq: 0 rg: 2 | total time: 2.09m | eta: 1.6m
step 00564/01000 (56.40%) | loss: 6.705240 | lrm: 1.00 | dt: 166.55ms | tok/sec: 6,148 | bf16_mfu: 0.00 | epoch: 1 pq: 0 rg: 2 | total time: 2.09m | eta: 1.6m
step 00565/01000 (56.50%) | loss: 6.770360 | lrm: 1.00 | dt: 218.08ms | tok/sec: 4,695 | bf16_mfu: 0.00 | epoch: 1 pq: 0 rg: 2 | total time: 2.09m | eta: 1.6m
step 00566/01000 (56.60%) | loss: 6.737417 | lrm: 1.00 | dt: 204.73ms | tok/sec: 5,001 | bf16_mfu: 0.00 | epoch: 1 pq: 0 rg: 2 | total time: 2.10m | eta: 1.6m
step 00567/01000 (56.70%) | loss: 6.710042 | lrm: 1.00 | dt: 191.90ms | tok/sec: 5,336 | bf16_mfu: 0.00 | epoch: 1 pq: 0 rg: 2 | total time: 2.10m | eta: 1.6m
step 00568/01000 (56.80%) | loss: 6.776979 | lrm: 1.00 | dt: 206.84ms | tok/sec: 4,950 | bf16_mfu: 0.00 | epoch: 1 pq: 0 rg: 2 | total time: 2.10m | eta: 1.6m
step 00569/01000 (56.90%) | loss: 6.780687 | lrm: 1.00 | dt: 161.89ms | tok/sec: 6,325 | bf16_mfu: 0.00 | epoch: 1 pq: 0 rg: 2 | total time: 2.11m | eta: 1.6m
step 00570/01000 (57.00%) | loss: 6.777033 | lrm: 1.00 | dt: 184.13ms | tok/sec: 5,561 | bf16_mfu: 0.00 | epoch: 1 pq: 0 rg: 2 | total time: 2.11m | eta: 1.6m
step 00571/01000 (57.10%) | loss: 6.716959 | lrm: 1.00 | dt: 177.46ms | tok/sec: 5,770 | bf16_mfu: 0.00 | epoch: 1 pq: 0 rg: 2 | total time: 2.11m | eta: 1.6m
step 00572/01000 (57.20%) | loss: 6.706640 | lrm: 1.00 | dt: 176.17ms | tok/sec: 5,812 | bf16_mfu: 0.00 | epoch: 1 pq: 0 rg: 2 | total time: 2.11m | eta: 1.6m
step 00573/01000 (57.30%) | loss: 6.675935 | lrm: 1.00 | dt: 211.64ms | tok/sec: 4,838 | bf16_mfu: 0.00 | epoch: 1 pq: 0 rg: 2 | total time: 2.12m | eta: 1.6m
step 00574/01000 (57.40%) | loss: 6.701167 | lrm: 1.00 | dt: 180.70ms | tok/sec: 5,666 | bf16_mfu: 0.00 | epoch: 1 pq: 0 rg: 2 | total time: 2.12m | eta: 1.6m
step 00575/01000 (57.50%) | loss: 6.690190 | lrm: 1.00 | dt: 207.23ms | tok/sec: 4,941 | bf16_mfu: 0.00 | epoch: 1 pq: 0 rg: 2 | total time: 2.12m | eta: 1.6m
step 00576/01000 (57.60%) | loss: 6.671091 | lrm: 1.00 | dt: 209.54ms | tok/sec: 4,886 | bf16_mfu: 0.00 | epoch: 1 pq: 0 rg: 2 | total time: 2.13m | eta: 1.6m
step 00577/01000 (57.70%) | loss: 6.702309 | lrm: 1.00 | dt: 209.38ms | tok/sec: 4,890 | bf16_mfu: 0.00 | epoch: 1 pq: 0 rg: 2 | total time: 2.13m | eta: 1.6m
step 00578/01000 (57.80%) | loss: 6.664989 | lrm: 1.00 | dt: 220.93ms | tok/sec: 4,634 | bf16_mfu: 0.00 | epoch: 1 pq: 0 rg: 2 | total time: 2.13m | eta: 1.6m
step 00579/01000 (57.90%) | loss: 6.646515 | lrm: 1.00 | dt: 198.79ms | tok/sec: 5,151 | bf16_mfu: 0.00 | epoch: 1 pq: 0 rg: 2 | total time: 2.14m | eta: 1.6m
step 00580/01000 (58.00%) | loss: 6.635513 | lrm: 1.00 | dt: 210.76ms | tok/sec: 4,858 | bf16_mfu: 0.00 | epoch: 1 pq: 0 rg: 2 | total time: 2.14m | eta: 1.6m
step 00581/01000 (58.10%) | loss: 6.718875 | lrm: 1.00 | dt: 219.35ms | tok/sec: 4,668 | bf16_mfu: 0.00 | epoch: 1 pq: 0 rg: 2 | total time: 2.15m | eta: 1.6m
step 00582/01000 (58.20%) | loss: 6.669439 | lrm: 1.00 | dt: 235.16ms | tok/sec: 4,354 | bf16_mfu: 0.00 | epoch: 1 pq: 0 rg: 2 | total time: 2.15m | eta: 1.6m
step 00583/01000 (58.30%) | loss: 6.725385 | lrm: 1.00 | dt: 208.86ms | tok/sec: 4,902 | bf16_mfu: 0.00 | epoch: 1 pq: 0 rg: 2 | total time: 2.15m | eta: 1.6m
step 00584/01000 (58.40%) | loss: 6.721078 | lrm: 1.00 | dt: 431.94ms | tok/sec: 2,370 | bf16_mfu: 0.00 | epoch: 1 pq: 0 rg: 2 | total time: 2.16m | eta: 1.6m
step 00585/01000 (58.50%) | loss: 6.714767 | lrm: 1.00 | dt: 229.91ms | tok/sec: 4,453 | bf16_mfu: 0.00 | epoch: 1 pq: 0 rg: 2 | total time: 2.16m | eta: 1.6m
step 00586/01000 (58.60%) | loss: 6.766316 | lrm: 1.00 | dt: 202.06ms | tok/sec: 5,067 | bf16_mfu: 0.00 | epoch: 1 pq: 0 rg: 2 | total time: 2.17m | eta: 1.6m
step 00587/01000 (58.70%) | loss: 6.744482 | lrm: 1.00 | dt: 214.07ms | tok/sec: 4,783 | bf16_mfu: 0.00 | epoch: 1 pq: 0 rg: 2 | total time: 2.17m | eta: 1.6m
step 00588/01000 (58.80%) | loss: 6.769864 | lrm: 1.00 | dt: 218.67ms | tok/sec: 4,682 | bf16_mfu: 0.00 | epoch: 1 pq: 0 rg: 2 | total time: 2.17m | eta: 1.5m
step 00589/01000 (58.90%) | loss: 6.744541 | lrm: 1.00 | dt: 208.10ms | tok/sec: 4,920 | bf16_mfu: 0.00 | epoch: 1 pq: 0 rg: 2 | total time: 2.18m | eta: 1.5m
step 00590/01000 (59.00%) | loss: 6.759866 | lrm: 1.00 | dt: 177.92ms | tok/sec: 5,755 | bf16_mfu: 0.00 | epoch: 1 pq: 0 rg: 2 | total time: 2.18m | eta: 1.5m
step 00591/01000 (59.10%) | loss: 6.828097 | lrm: 1.00 | dt: 201.45ms | tok/sec: 5,083 | bf16_mfu: 0.00 | epoch: 1 pq: 0 rg: 2 | total time: 2.18m | eta: 1.5m
step 00592/01000 (59.20%) | loss: 6.813785 | lrm: 1.00 | dt: 182.03ms | tok/sec: 5,625 | bf16_mfu: 0.00 | epoch: 1 pq: 0 rg: 2 | total time: 2.19m | eta: 1.5m
step 00593/01000 (59.30%) | loss: 6.783136 | lrm: 1.00 | dt: 188.33ms | tok/sec: 5,437 | bf16_mfu: 0.00 | epoch: 1 pq: 0 rg: 2 | total time: 2.19m | eta: 1.5m
step 00594/01000 (59.40%) | loss: 6.777553 | lrm: 1.00 | dt: 190.31ms | tok/sec: 5,380 | bf16_mfu: 0.00 | epoch: 1 pq: 0 rg: 2 | total time: 2.19m | eta: 1.5m
step 00595/01000 (59.50%) | loss: 6.809828 | lrm: 1.00 | dt: 210.75ms | tok/sec: 4,858 | bf16_mfu: 0.00 | epoch: 1 pq: 0 rg: 2 | total time: 2.20m | eta: 1.5m
step 00596/01000 (59.60%) | loss: 6.855887 | lrm: 1.00 | dt: 204.63ms | tok/sec: 5,004 | bf16_mfu: 0.00 | epoch: 1 pq: 0 rg: 2 | total time: 2.20m | eta: 1.5m
step 00597/01000 (59.70%) | loss: 6.835008 | lrm: 1.00 | dt: 214.45ms | tok/sec: 4,774 | bf16_mfu: 0.00 | epoch: 1 pq: 0 rg: 2 | total time: 2.20m | eta: 1.5m
step 00598/01000 (59.80%) | loss: 6.879187 | lrm: 1.00 | dt: 232.24ms | tok/sec: 4,409 | bf16_mfu: 0.00 | epoch: 1 pq: 0 rg: 2 | total time: 2.21m | eta: 1.5m
step 00599/01000 (59.90%) | loss: 6.921297 | lrm: 1.00 | dt: 199.53ms | tok/sec: 5,132 | bf16_mfu: 0.00 | epoch: 1 pq: 0 rg: 2 | total time: 2.21m | eta: 1.5m
step 00600/01000 (60.00%) | loss: 6.968859 | lrm: 1.00 | dt: 223.37ms | tok/sec: 4,584 | bf16_mfu: 0.00 | epoch: 1 pq: 0 rg: 2 | total time: 2.21m | eta: 1.5m
step 00601/01000 (60.10%) | loss: 6.920554 | lrm: 1.00 | dt: 250.81ms | tok/sec: 4,082 | bf16_mfu: 0.00 | epoch: 1 pq: 0 rg: 2 | total time: 2.22m | eta: 1.5m
step 00602/01000 (60.20%) | loss: 6.858096 | lrm: 1.00 | dt: 247.24ms | tok/sec: 4,141 | bf16_mfu: 0.00 | epoch: 1 pq: 0 rg: 2 | total time: 2.22m | eta: 1.5m
step 00603/01000 (60.30%) | loss: 6.868314 | lrm: 1.00 | dt: 239.13ms | tok/sec: 4,282 | bf16_mfu: 0.00 | epoch: 1 pq: 0 rg: 2 | total time: 2.23m | eta: 1.5m
step 00604/01000 (60.40%) | loss: 6.877674 | lrm: 1.00 | dt: 226.25ms | tok/sec: 4,525 | bf16_mfu: 0.00 | epoch: 1 pq: 0 rg: 2 | total time: 2.23m | eta: 1.5m
step 00605/01000 (60.50%) | loss: 6.860754 | lrm: 1.00 | dt: 525.22ms | tok/sec: 1,949 | bf16_mfu: 0.00 | epoch: 1 pq: 0 rg: 2 | total time: 2.24m | eta: 1.5m
step 00606/01000 (60.60%) | loss: 6.837706 | lrm: 1.00 | dt: 213.53ms | tok/sec: 4,795 | bf16_mfu: 0.00 | epoch: 1 pq: 0 rg: 2 | total time: 2.24m | eta: 1.5m
step 00607/01000 (60.70%) | loss: 6.870387 | lrm: 1.00 | dt: 243.03ms | tok/sec: 4,213 | bf16_mfu: 0.00 | epoch: 1 pq: 0 rg: 2 | total time: 2.25m | eta: 1.5m
step 00608/01000 (60.80%) | loss: 6.874678 | lrm: 1.00 | dt: 177.39ms | tok/sec: 5,772 | bf16_mfu: 0.00 | epoch: 1 pq: 0 rg: 2 | total time: 2.25m | eta: 1.5m
step 00609/01000 (60.90%) | loss: 6.860123 | lrm: 1.00 | dt: 155.06ms | tok/sec: 6,603 | bf16_mfu: 0.00 | epoch: 1 pq: 0 rg: 2 | total time: 2.25m | eta: 1.5m
step 00610/01000 (61.00%) | loss: 6.883744 | lrm: 1.00 | dt: 155.16ms | tok/sec: 6,599 | bf16_mfu: 0.00 | epoch: 1 pq: 0 rg: 2 | total time: 2.26m | eta: 1.5m
step 00611/01000 (61.10%) | loss: 6.862581 | lrm: 1.00 | dt: 161.23ms | tok/sec: 6,351 | bf16_mfu: 0.00 | epoch: 1 pq: 0 rg: 2 | total time: 2.26m | eta: 1.5m
step 00612/01000 (61.20%) | loss: 6.787506 | lrm: 1.00 | dt: 142.97ms | tok/sec: 7,162 | bf16_mfu: 0.00 | epoch: 1 pq: 0 rg: 2 | total time: 2.26m | eta: 1.5m
step 00613/01000 (61.30%) | loss: 6.736520 | lrm: 1.00 | dt: 152.55ms | tok/sec: 6,712 | bf16_mfu: 0.00 | epoch: 1 pq: 0 rg: 2 | total time: 2.26m | eta: 1.5m
step 00614/01000 (61.40%) | loss: 6.618054 | lrm: 1.00 | dt: 178.28ms | tok/sec: 5,743 | bf16_mfu: 0.00 | epoch: 1 pq: 0 rg: 2 | total time: 2.27m | eta: 1.4m
step 00615/01000 (61.50%) | loss: 6.629923 | lrm: 1.00 | dt: 163.76ms | tok/sec: 6,252 | bf16_mfu: 0.00 | epoch: 1 pq: 0 rg: 2 | total time: 2.27m | eta: 1.4m
step 00616/01000 (61.60%) | loss: 6.528079 | lrm: 1.00 | dt: 168.66ms | tok/sec: 6,071 | bf16_mfu: 0.00 | epoch: 1 pq: 0 rg: 2 | total time: 2.27m | eta: 1.4m
step 00617/01000 (61.70%) | loss: 6.493448 | lrm: 1.00 | dt: 337.31ms | tok/sec: 3,035 | bf16_mfu: 0.00 | epoch: 1 pq: 0 rg: 2 | total time: 2.28m | eta: 1.4m
step 00618/01000 (61.80%) | loss: 6.586154 | lrm: 1.00 | dt: 226.34ms | tok/sec: 4,524 | bf16_mfu: 0.00 | epoch: 1 pq: 0 rg: 3 | total time: 2.28m | eta: 1.4m
step 00619/01000 (61.90%) | loss: 6.611679 | lrm: 1.00 | dt: 195.89ms | tok/sec: 5,227 | bf16_mfu: 0.00 | epoch: 1 pq: 0 rg: 3 | total time: 2.28m | eta: 1.4m
step 00620/01000 (62.00%) | loss: 6.647524 | lrm: 1.00 | dt: 214.04ms | tok/sec: 4,784 | bf16_mfu: 0.00 | epoch: 1 pq: 0 rg: 3 | total time: 2.29m | eta: 1.4m
step 00621/01000 (62.10%) | loss: 6.688345 | lrm: 1.00 | dt: 216.32ms | tok/sec: 4,733 | bf16_mfu: 0.00 | epoch: 1 pq: 0 rg: 3 | total time: 2.29m | eta: 1.4m
step 00622/01000 (62.20%) | loss: 6.655266 | lrm: 1.00 | dt: 202.98ms | tok/sec: 5,044 | bf16_mfu: 0.00 | epoch: 1 pq: 0 rg: 3 | total time: 2.29m | eta: 1.4m
step 00623/01000 (62.30%) | loss: 6.679585 | lrm: 1.00 | dt: 206.83ms | tok/sec: 4,951 | bf16_mfu: 0.00 | epoch: 1 pq: 0 rg: 3 | total time: 2.30m | eta: 1.4m
step 00624/01000 (62.40%) | loss: 6.697385 | lrm: 1.00 | dt: 213.16ms | tok/sec: 4,803 | bf16_mfu: 0.00 | epoch: 1 pq: 0 rg: 3 | total time: 2.30m | eta: 1.4m
step 00625/01000 (62.50%) | loss: 6.673548 | lrm: 1.00 | dt: 203.10ms | tok/sec: 5,041 | bf16_mfu: 0.00 | epoch: 1 pq: 0 rg: 3 | total time: 2.31m | eta: 1.4m
step 00626/01000 (62.60%) | loss: 6.749419 | lrm: 1.00 | dt: 199.46ms | tok/sec: 5,133 | bf16_mfu: 0.00 | epoch: 1 pq: 0 rg: 3 | total time: 2.31m | eta: 1.4m
step 00627/01000 (62.70%) | loss: 6.730468 | lrm: 1.00 | dt: 214.17ms | tok/sec: 4,781 | bf16_mfu: 0.00 | epoch: 1 pq: 0 rg: 3 | total time: 2.31m | eta: 1.4m
step 00628/01000 (62.80%) | loss: 6.653907 | lrm: 1.00 | dt: 225.80ms | tok/sec: 4,534 | bf16_mfu: 0.00 | epoch: 1 pq: 0 rg: 3 | total time: 2.32m | eta: 1.4m
step 00629/01000 (62.90%) | loss: 6.656981 | lrm: 1.00 | dt: 249.50ms | tok/sec: 4,104 | bf16_mfu: 0.00 | epoch: 1 pq: 0 rg: 3 | total time: 2.32m | eta: 1.4m
step 00630/01000 (63.00%) | loss: 6.689305 | lrm: 1.00 | dt: 208.49ms | tok/sec: 4,911 | bf16_mfu: 0.00 | epoch: 1 pq: 0 rg: 3 | total time: 2.32m | eta: 1.4m
step 00631/01000 (63.10%) | loss: 6.683563 | lrm: 1.00 | dt: 215.97ms | tok/sec: 4,741 | bf16_mfu: 0.00 | epoch: 1 pq: 0 rg: 3 | total time: 2.33m | eta: 1.4m
step 00632/01000 (63.20%) | loss: 6.647403 | lrm: 1.00 | dt: 192.26ms | tok/sec: 5,326 | bf16_mfu: 0.00 | epoch: 1 pq: 0 rg: 3 | total time: 2.33m | eta: 1.4m
step 00633/01000 (63.30%) | loss: 6.671596 | lrm: 1.00 | dt: 216.64ms | tok/sec: 4,726 | bf16_mfu: 0.00 | epoch: 1 pq: 0 rg: 3 | total time: 2.33m | eta: 1.4m
step 00634/01000 (63.40%) | loss: 6.647302 | lrm: 1.00 | dt: 211.87ms | tok/sec: 4,833 | bf16_mfu: 0.00 | epoch: 1 pq: 0 rg: 3 | total time: 2.34m | eta: 1.4m
step 00635/01000 (63.50%) | loss: 6.616352 | lrm: 1.00 | dt: 239.53ms | tok/sec: 4,275 | bf16_mfu: 0.00 | epoch: 1 pq: 0 rg: 3 | total time: 2.34m | eta: 1.4m
step 00636/01000 (63.60%) | loss: 6.669556 | lrm: 1.00 | dt: 224.04ms | tok/sec: 4,570 | bf16_mfu: 0.00 | epoch: 1 pq: 0 rg: 3 | total time: 2.35m | eta: 1.4m
step 00637/01000 (63.70%) | loss: 6.580861 | lrm: 1.00 | dt: 406.46ms | tok/sec: 2,519 | bf16_mfu: 0.00 | epoch: 1 pq: 0 rg: 3 | total time: 2.35m | eta: 1.4m
step 00638/01000 (63.80%) | loss: 6.570324 | lrm: 1.00 | dt: 182.66ms | tok/sec: 5,606 | bf16_mfu: 0.00 | epoch: 1 pq: 0 rg: 3 | total time: 2.35m | eta: 1.4m
step 00639/01000 (63.90%) | loss: 6.567980 | lrm: 1.00 | dt: 238.87ms | tok/sec: 4,286 | bf16_mfu: 0.00 | epoch: 1 pq: 0 rg: 3 | total time: 2.36m | eta: 1.4m
step 00640/01000 (64.00%) | loss: 6.504029 | lrm: 1.00 | dt: 195.96ms | tok/sec: 5,225 | bf16_mfu: 0.00 | epoch: 1 pq: 0 rg: 3 | total time: 2.36m | eta: 1.3m
step 00641/01000 (64.10%) | loss: 6.474724 | lrm: 1.00 | dt: 216.97ms | tok/sec: 4,719 | bf16_mfu: 0.00 | epoch: 1 pq: 0 rg: 3 | total time: 2.37m | eta: 1.3m
step 00642/01000 (64.20%) | loss: 6.552731 | lrm: 1.00 | dt: 204.04ms | tok/sec: 5,018 | bf16_mfu: 0.00 | epoch: 1 pq: 0 rg: 3 | total time: 2.37m | eta: 1.3m
step 00643/01000 (64.30%) | loss: 6.546866 | lrm: 1.00 | dt: 199.95ms | tok/sec: 5,121 | bf16_mfu: 0.00 | epoch: 1 pq: 0 rg: 3 | total time: 2.37m | eta: 1.3m
step 00644/01000 (64.40%) | loss: 6.538334 | lrm: 1.00 | dt: 208.85ms | tok/sec: 4,903 | bf16_mfu: 0.00 | epoch: 1 pq: 0 rg: 3 | total time: 2.38m | eta: 1.3m
step 00645/01000 (64.50%) | loss: 6.562264 | lrm: 1.00 | dt: 190.12ms | tok/sec: 5,386 | bf16_mfu: 0.00 | epoch: 1 pq: 0 rg: 3 | total time: 2.38m | eta: 1.3m
step 00646/01000 (64.60%) | loss: 6.607561 | lrm: 1.00 | dt: 207.14ms | tok/sec: 4,943 | bf16_mfu: 0.00 | epoch: 1 pq: 0 rg: 3 | total time: 2.38m | eta: 1.3m
step 00647/01000 (64.70%) | loss: 6.632319 | lrm: 1.00 | dt: 201.07ms | tok/sec: 5,092 | bf16_mfu: 0.00 | epoch: 1 pq: 0 rg: 3 | total time: 2.39m | eta: 1.3m
step 00648/01000 (64.80%) | loss: 6.630508 | lrm: 1.00 | dt: 210.43ms | tok/sec: 4,866 | bf16_mfu: 0.00 | epoch: 1 pq: 0 rg: 3 | total time: 2.39m | eta: 1.3m
step 00649/01000 (64.90%) | loss: 6.642389 | lrm: 1.00 | dt: 222.49ms | tok/sec: 4,602 | bf16_mfu: 0.00 | epoch: 1 pq: 0 rg: 3 | total time: 2.39m | eta: 1.3m
step 00650/01000 (65.00%) | loss: 6.662383 | lrm: 1.00 | dt: 221.27ms | tok/sec: 4,627 | bf16_mfu: 0.00 | epoch: 1 pq: 0 rg: 3 | total time: 2.40m | eta: 1.3m
step 00651/01000 (65.10%) | loss: 6.690775 | lrm: 1.00 | dt: 239.23ms | tok/sec: 4,280 | bf16_mfu: 0.00 | epoch: 1 pq: 0 rg: 3 | total time: 2.40m | eta: 1.3m
step 00652/01000 (65.20%) | loss: 6.687066 | lrm: 1.00 | dt: 190.32ms | tok/sec: 5,380 | bf16_mfu: 0.00 | epoch: 1 pq: 0 rg: 3 | total time: 2.40m | eta: 1.3m
step 00653/01000 (65.30%) | loss: 6.695266 | lrm: 1.00 | dt: 285.65ms | tok/sec: 3,584 | bf16_mfu: 0.00 | epoch: 1 pq: 0 rg: 3 | total time: 2.41m | eta: 1.3m
step 00654/01000 (65.40%) | loss: 6.709617 | lrm: 1.00 | dt: 199.17ms | tok/sec: 5,141 | bf16_mfu: 0.00 | epoch: 1 pq: 0 rg: 3 | total time: 2.41m | eta: 1.3m
step 00655/01000 (65.50%) | loss: 6.713889 | lrm: 1.00 | dt: 272.67ms | tok/sec: 3,755 | bf16_mfu: 0.00 | epoch: 1 pq: 0 rg: 3 | total time: 2.42m | eta: 1.3m
step 00656/01000 (65.60%) | loss: 6.709003 | lrm: 1.00 | dt: 222.49ms | tok/sec: 4,602 | bf16_mfu: 0.00 | epoch: 1 pq: 0 rg: 3 | total time: 2.42m | eta: 1.3m
step 00657/01000 (65.70%) | loss: 6.717566 | lrm: 1.00 | dt: 473.21ms | tok/sec: 2,163 | bf16_mfu: 0.00 | epoch: 1 pq: 0 rg: 3 | total time: 2.43m | eta: 1.3m
step 00658/01000 (65.80%) | loss: 6.722240 | lrm: 1.00 | dt: 157.46ms | tok/sec: 6,503 | bf16_mfu: 0.00 | epoch: 1 pq: 0 rg: 3 | total time: 2.43m | eta: 1.3m
step 00659/01000 (65.90%) | loss: 6.665773 | lrm: 1.00 | dt: 210.97ms | tok/sec: 4,853 | bf16_mfu: 0.00 | epoch: 1 pq: 0 rg: 3 | total time: 2.43m | eta: 1.3m
step 00660/01000 (66.00%) | loss: 6.634540 | lrm: 1.00 | dt: 200.30ms | tok/sec: 5,112 | bf16_mfu: 0.00 | epoch: 1 pq: 0 rg: 3 | total time: 2.44m | eta: 1.3m
step 00661/01000 (66.10%) | loss: 6.659961 | lrm: 1.00 | dt: 193.76ms | tok/sec: 5,284 | bf16_mfu: 0.00 | epoch: 1 pq: 0 rg: 3 | total time: 2.44m | eta: 1.3m
step 00662/01000 (66.20%) | loss: 6.710388 | lrm: 1.00 | dt: 161.00ms | tok/sec: 6,360 | bf16_mfu: 0.00 | epoch: 1 pq: 0 rg: 3 | total time: 2.44m | eta: 1.3m
step 00663/01000 (66.30%) | loss: 6.743526 | lrm: 1.00 | dt: 160.18ms | tok/sec: 6,392 | bf16_mfu: 0.00 | epoch: 1 pq: 0 rg: 3 | total time: 2.45m | eta: 1.3m
step 00664/01000 (66.40%) | loss: 6.744128 | lrm: 1.00 | dt: 158.70ms | tok/sec: 6,452 | bf16_mfu: 0.00 | epoch: 1 pq: 0 rg: 3 | total time: 2.45m | eta: 1.3m
step 00665/01000 (66.50%) | loss: 6.700469 | lrm: 1.00 | dt: 159.45ms | tok/sec: 6,421 | bf16_mfu: 0.00 | epoch: 1 pq: 0 rg: 3 | total time: 2.45m | eta: 1.3m
step 00666/01000 (66.60%) | loss: 6.661181 | lrm: 1.00 | dt: 153.25ms | tok/sec: 6,681 | bf16_mfu: 0.00 | epoch: 1 pq: 0 rg: 3 | total time: 2.45m | eta: 1.2m
step 00667/01000 (66.70%) | loss: 6.629256 | lrm: 1.00 | dt: 173.18ms | tok/sec: 5,912 | bf16_mfu: 0.00 | epoch: 1 pq: 0 rg: 3 | total time: 2.46m | eta: 1.2m
step 00668/01000 (66.80%) | loss: 6.631941 | lrm: 1.00 | dt: 161.17ms | tok/sec: 6,353 | bf16_mfu: 0.00 | epoch: 1 pq: 0 rg: 3 | total time: 2.46m | eta: 1.2m
step 00669/01000 (66.90%) | loss: 6.623027 | lrm: 1.00 | dt: 166.08ms | tok/sec: 6,165 | bf16_mfu: 0.00 | epoch: 1 pq: 0 rg: 3 | total time: 2.46m | eta: 1.2m
step 00670/01000 (67.00%) | loss: 6.601729 | lrm: 1.00 | dt: 203.27ms | tok/sec: 5,037 | bf16_mfu: 0.00 | epoch: 1 pq: 0 rg: 3 | total time: 2.47m | eta: 1.2m
step 00671/01000 (67.10%) | loss: 6.647614 | lrm: 1.00 | dt: 193.85ms | tok/sec: 5,282 | bf16_mfu: 0.00 | epoch: 1 pq: 0 rg: 3 | total time: 2.47m | eta: 1.2m
step 00672/01000 (67.20%) | loss: 6.644361 | lrm: 1.00 | dt: 203.42ms | tok/sec: 5,033 | bf16_mfu: 0.00 | epoch: 1 pq: 0 rg: 3 | total time: 2.47m | eta: 1.2m
step 00673/01000 (67.30%) | loss: 6.619165 | lrm: 1.00 | dt: 206.16ms | tok/sec: 4,966 | bf16_mfu: 0.00 | epoch: 1 pq: 0 rg: 3 | total time: 2.48m | eta: 1.2m
step 00674/01000 (67.40%) | loss: 6.668352 | lrm: 1.00 | dt: 236.73ms | tok/sec: 4,325 | bf16_mfu: 0.00 | epoch: 1 pq: 0 rg: 3 | total time: 2.48m | eta: 1.2m
step 00675/01000 (67.50%) | loss: 6.670419 | lrm: 1.00 | dt: 240.81ms | tok/sec: 4,252 | bf16_mfu: 0.00 | epoch: 1 pq: 0 rg: 3 | total time: 2.48m | eta: 1.2m
step 00676/01000 (67.60%) | loss: 6.762715 | lrm: 1.00 | dt: 223.96ms | tok/sec: 4,572 | bf16_mfu: 0.00 | epoch: 1 pq: 0 rg: 3 | total time: 2.49m | eta: 1.2m
step 00677/01000 (67.70%) | loss: 6.737562 | lrm: 1.00 | dt: 247.56ms | tok/sec: 4,136 | bf16_mfu: 0.00 | epoch: 1 pq: 0 rg: 3 | total time: 2.49m | eta: 1.2m
step 00678/01000 (67.80%) | loss: 6.705624 | lrm: 1.00 | dt: 233.93ms | tok/sec: 4,377 | bf16_mfu: 0.00 | epoch: 1 pq: 0 rg: 3 | total time: 2.50m | eta: 1.2m
step 00679/01000 (67.90%) | loss: 6.718063 | lrm: 1.00 | dt: 219.86ms | tok/sec: 4,657 | bf16_mfu: 0.00 | epoch: 1 pq: 0 rg: 3 | total time: 2.50m | eta: 1.2m
step 00680/01000 (68.00%) | loss: 6.784521 | lrm: 1.00 | dt: 236.57ms | tok/sec: 4,328 | bf16_mfu: 0.00 | epoch: 1 pq: 0 rg: 3 | total time: 2.50m | eta: 1.2m
step 00681/01000 (68.10%) | loss: 6.742934 | lrm: 1.00 | dt: 467.98ms | tok/sec: 2,188 | bf16_mfu: 0.00 | epoch: 1 pq: 0 rg: 3 | total time: 2.51m | eta: 1.2m
step 00682/01000 (68.20%) | loss: 6.751510 | lrm: 1.00 | dt: 211.04ms | tok/sec: 4,852 | bf16_mfu: 0.00 | epoch: 1 pq: 0 rg: 3 | total time: 2.51m | eta: 1.2m
step 00683/01000 (68.30%) | loss: 6.714927 | lrm: 1.00 | dt: 209.45ms | tok/sec: 4,888 | bf16_mfu: 0.00 | epoch: 1 pq: 0 rg: 3 | total time: 2.52m | eta: 1.2m
step 00684/01000 (68.40%) | loss: 6.662011 | lrm: 1.00 | dt: 183.98ms | tok/sec: 5,565 | bf16_mfu: 0.00 | epoch: 1 pq: 0 rg: 3 | total time: 2.52m | eta: 1.2m
step 00685/01000 (68.50%) | loss: 6.593041 | lrm: 1.00 | dt: 184.50ms | tok/sec: 5,550 | bf16_mfu: 0.00 | epoch: 1 pq: 0 rg: 3 | total time: 2.52m | eta: 1.2m
step 00686/01000 (68.60%) | loss: 6.646426 | lrm: 1.00 | dt: 169.80ms | tok/sec: 6,030 | bf16_mfu: 0.00 | epoch: 1 pq: 0 rg: 3 | total time: 2.53m | eta: 1.2m
step 00687/01000 (68.70%) | loss: 6.615934 | lrm: 1.00 | dt: 173.76ms | tok/sec: 5,893 | bf16_mfu: 0.00 | epoch: 1 pq: 0 rg: 3 | total time: 2.53m | eta: 1.2m
step 00688/01000 (68.80%) | loss: 6.641717 | lrm: 1.00 | dt: 173.58ms | tok/sec: 5,899 | bf16_mfu: 0.00 | epoch: 1 pq: 0 rg: 3 | total time: 2.53m | eta: 1.2m
step 00689/01000 (68.90%) | loss: 6.667010 | lrm: 1.00 | dt: 173.64ms | tok/sec: 5,897 | bf16_mfu: 0.00 | epoch: 1 pq: 0 rg: 3 | total time: 2.54m | eta: 1.2m
step 00690/01000 (69.00%) | loss: 6.618577 | lrm: 1.00 | dt: 180.28ms | tok/sec: 5,679 | bf16_mfu: 0.00 | epoch: 1 pq: 0 rg: 3 | total time: 2.54m | eta: 1.2m
step 00691/01000 (69.10%) | loss: 6.659813 | lrm: 1.00 | dt: 202.70ms | tok/sec: 5,051 | bf16_mfu: 0.00 | epoch: 1 pq: 0 rg: 3 | total time: 2.54m | eta: 1.2m
step 00692/01000 (69.20%) | loss: 6.611846 | lrm: 1.00 | dt: 189.45ms | tok/sec: 5,405 | bf16_mfu: 0.00 | epoch: 1 pq: 0 rg: 3 | total time: 2.55m | eta: 1.1m
step 00693/01000 (69.30%) | loss: 6.642236 | lrm: 1.00 | dt: 218.83ms | tok/sec: 4,679 | bf16_mfu: 0.00 | epoch: 1 pq: 0 rg: 3 | total time: 2.55m | eta: 1.1m
step 00694/01000 (69.40%) | loss: 6.609464 | lrm: 1.00 | dt: 224.70ms | tok/sec: 4,557 | bf16_mfu: 0.00 | epoch: 1 pq: 0 rg: 3 | total time: 2.55m | eta: 1.1m
step 00695/01000 (69.50%) | loss: 6.618178 | lrm: 1.00 | dt: 226.38ms | tok/sec: 4,523 | bf16_mfu: 0.00 | epoch: 1 pq: 0 rg: 3 | total time: 2.56m | eta: 1.1m
step 00696/01000 (69.60%) | loss: 6.685099 | lrm: 1.00 | dt: 210.48ms | tok/sec: 4,865 | bf16_mfu: 0.00 | epoch: 1 pq: 0 rg: 3 | total time: 2.56m | eta: 1.1m
step 00697/01000 (69.70%) | loss: 6.569080 | lrm: 1.00 | dt: 241.00ms | tok/sec: 4,248 | bf16_mfu: 0.00 | epoch: 1 pq: 0 rg: 3 | total time: 2.56m | eta: 1.1m
step 00698/01000 (69.80%) | loss: 6.629831 | lrm: 1.00 | dt: 261.70ms | tok/sec: 3,912 | bf16_mfu: 0.00 | epoch: 1 pq: 0 rg: 3 | total time: 2.57m | eta: 1.1m
step 00699/01000 (69.90%) | loss: 6.646394 | lrm: 1.00 | dt: 255.78ms | tok/sec: 4,003 | bf16_mfu: 0.00 | epoch: 1 pq: 0 rg: 3 | total time: 2.57m | eta: 1.1m
step 00700/01000 (70.00%) | loss: 6.688978 | lrm: 1.00 | dt: 241.88ms | tok/sec: 4,233 | bf16_mfu: 0.00 | epoch: 1 pq: 0 rg: 3 | total time: 2.58m | eta: 1.1m
step 00701/01000 (70.10%) | loss: 6.632414 | lrm: 1.00 | dt: 272.29ms | tok/sec: 3,760 | bf16_mfu: 0.00 | epoch: 1 pq: 0 rg: 3 | total time: 2.58m | eta: 1.1m
step 00702/01000 (70.20%) | loss: 6.624682 | lrm: 1.00 | dt: 405.24ms | tok/sec: 2,526 | bf16_mfu: 0.00 | epoch: 1 pq: 0 rg: 3 | total time: 2.59m | eta: 1.1m
step 00703/01000 (70.30%) | loss: 6.655382 | lrm: 1.00 | dt: 210.91ms | tok/sec: 4,855 | bf16_mfu: 0.00 | epoch: 1 pq: 0 rg: 3 | total time: 2.59m | eta: 1.1m
step 00704/01000 (70.40%) | loss: 6.673705 | lrm: 1.00 | dt: 173.44ms | tok/sec: 5,904 | bf16_mfu: 0.00 | epoch: 1 pq: 0 rg: 3 | total time: 2.59m | eta: 1.1m
step 00705/01000 (70.50%) | loss: 6.638991 | lrm: 1.00 | dt: 205.66ms | tok/sec: 4,979 | bf16_mfu: 0.00 | epoch: 1 pq: 0 rg: 3 | total time: 2.60m | eta: 1.1m
step 00706/01000 (70.60%) | loss: 6.507103 | lrm: 1.00 | dt: 193.05ms | tok/sec: 5,304 | bf16_mfu: 0.00 | epoch: 1 pq: 0 rg: 3 | total time: 2.60m | eta: 1.1m
step 00707/01000 (70.70%) | loss: 6.476248 | lrm: 1.00 | dt: 172.34ms | tok/sec: 5,941 | bf16_mfu: 0.00 | epoch: 1 pq: 0 rg: 3 | total time: 2.60m | eta: 1.1m
step 00708/01000 (70.80%) | loss: 6.531683 | lrm: 1.00 | dt: 167.61ms | tok/sec: 6,109 | bf16_mfu: 0.00 | epoch: 1 pq: 0 rg: 3 | total time: 2.61m | eta: 1.1m
step 00709/01000 (70.90%) | loss: 6.534760 | lrm: 1.00 | dt: 193.63ms | tok/sec: 5,288 | bf16_mfu: 0.00 | epoch: 1 pq: 0 rg: 3 | total time: 2.61m | eta: 1.1m
step 00710/01000 (71.00%) | loss: 6.508477 | lrm: 1.00 | dt: 206.49ms | tok/sec: 4,959 | bf16_mfu: 0.00 | epoch: 1 pq: 0 rg: 3 | total time: 2.61m | eta: 1.1m
step 00711/01000 (71.10%) | loss: 6.472243 | lrm: 1.00 | dt: 353.26ms | tok/sec: 2,898 | bf16_mfu: 0.00 | epoch: 1 pq: 0 rg: 3 | total time: 2.62m | eta: 1.1m
step 00712/01000 (71.20%) | loss: 6.522575 | lrm: 1.00 | dt: 152.37ms | tok/sec: 6,720 | bf16_mfu: 0.00 | epoch: 1 pq: 0 rg: 3 | total time: 2.62m | eta: 1.1m
step 00713/01000 (71.30%) | loss: 6.526399 | lrm: 1.00 | dt: 215.33ms | tok/sec: 4,755 | bf16_mfu: 0.00 | epoch: 1 pq: 0 rg: 3 | total time: 2.63m | eta: 1.1m
step 00714/01000 (71.40%) | loss: 6.554457 | lrm: 1.00 | dt: 227.64ms | tok/sec: 4,498 | bf16_mfu: 0.00 | epoch: 1 pq: 0 rg: 3 | total time: 2.63m | eta: 1.1m
step 00715/01000 (71.50%) | loss: 6.514490 | lrm: 1.00 | dt: 198.26ms | tok/sec: 5,164 | bf16_mfu: 0.00 | epoch: 1 pq: 0 rg: 3 | total time: 2.63m | eta: 1.1m
step 00716/01000 (71.60%) | loss: 6.561863 | lrm: 1.00 | dt: 175.83ms | tok/sec: 5,823 | bf16_mfu: 0.00 | epoch: 1 pq: 0 rg: 3 | total time: 2.64m | eta: 1.1m
step 00717/01000 (71.70%) | loss: 6.546103 | lrm: 1.00 | dt: 183.10ms | tok/sec: 5,592 | bf16_mfu: 0.00 | epoch: 1 pq: 0 rg: 3 | total time: 2.64m | eta: 1.1m
step 00718/01000 (71.80%) | loss: 6.555434 | lrm: 1.00 | dt: 199.01ms | tok/sec: 5,145 | bf16_mfu: 0.00 | epoch: 1 pq: 0 rg: 3 | total time: 2.64m | eta: 1.1m
step 00719/01000 (71.90%) | loss: 6.566801 | lrm: 1.00 | dt: 187.43ms | tok/sec: 5,463 | bf16_mfu: 0.00 | epoch: 1 pq: 0 rg: 3 | total time: 2.64m | eta: 1.0m
step 00720/01000 (72.00%) | loss: 6.559918 | lrm: 1.00 | dt: 201.76ms | tok/sec: 5,075 | bf16_mfu: 0.00 | epoch: 1 pq: 0 rg: 3 | total time: 2.65m | eta: 1.0m
step 00721/01000 (72.10%) | loss: 6.569408 | lrm: 1.00 | dt: 205.79ms | tok/sec: 4,976 | bf16_mfu: 0.00 | epoch: 1 pq: 0 rg: 3 | total time: 2.65m | eta: 1.0m
step 00722/01000 (72.20%) | loss: 6.546240 | lrm: 1.00 | dt: 214.21ms | tok/sec: 4,780 | bf16_mfu: 0.00 | epoch: 1 pq: 0 rg: 3 | total time: 2.66m | eta: 1.0m
step 00723/01000 (72.30%) | loss: 6.535391 | lrm: 1.00 | dt: 219.15ms | tok/sec: 4,672 | bf16_mfu: 0.00 | epoch: 1 pq: 0 rg: 3 | total time: 2.66m | eta: 1.0m
step 00724/01000 (72.40%) | loss: 6.506418 | lrm: 1.00 | dt: 220.97ms | tok/sec: 4,634 | bf16_mfu: 0.00 | epoch: 1 pq: 0 rg: 3 | total time: 2.66m | eta: 1.0m
step 00725/01000 (72.50%) | loss: 6.454709 | lrm: 1.00 | dt: 258.47ms | tok/sec: 3,961 | bf16_mfu: 0.00 | epoch: 1 pq: 0 rg: 3 | total time: 2.67m | eta: 1.0m
step 00726/01000 (72.60%) | loss: 6.545435 | lrm: 1.00 | dt: 222.26ms | tok/sec: 4,607 | bf16_mfu: 0.00 | epoch: 1 pq: 0 rg: 3 | total time: 2.67m | eta: 1.0m
step 00727/01000 (72.70%) | loss: 6.535878 | lrm: 1.00 | dt: 253.62ms | tok/sec: 4,037 | bf16_mfu: 0.00 | epoch: 1 pq: 0 rg: 3 | total time: 2.67m | eta: 1.0m
step 00728/01000 (72.80%) | loss: 6.528414 | lrm: 1.00 | dt: 211.96ms | tok/sec: 4,831 | bf16_mfu: 0.00 | epoch: 1 pq: 0 rg: 3 | total time: 2.68m | eta: 1.0m
step 00729/01000 (72.90%) | loss: 6.456643 | lrm: 1.00 | dt: 219.28ms | tok/sec: 4,669 | bf16_mfu: 0.00 | epoch: 1 pq: 0 rg: 3 | total time: 2.68m | eta: 1.0m
step 00730/01000 (73.00%) | loss: 6.450338 | lrm: 1.00 | dt: 237.71ms | tok/sec: 4,307 | bf16_mfu: 0.00 | epoch: 1 pq: 0 rg: 3 | total time: 2.69m | eta: 1.0m
step 00731/01000 (73.10%) | loss: 6.537383 | lrm: 1.00 | dt: 248.62ms | tok/sec: 4,118 | bf16_mfu: 0.00 | epoch: 1 pq: 0 rg: 3 | total time: 2.69m | eta: 1.0m
step 00732/01000 (73.20%) | loss: 6.559751 | lrm: 1.00 | dt: 434.71ms | tok/sec: 2,355 | bf16_mfu: 0.00 | epoch: 1 pq: 0 rg: 3 | total time: 2.70m | eta: 1.0m
step 00733/01000 (73.30%) | loss: 6.537552 | lrm: 1.00 | dt: 171.28ms | tok/sec: 5,978 | bf16_mfu: 0.00 | epoch: 1 pq: 0 rg: 3 | total time: 2.70m | eta: 1.0m
step 00734/01000 (73.40%) | loss: 6.567509 | lrm: 1.00 | dt: 221.85ms | tok/sec: 4,615 | bf16_mfu: 0.00 | epoch: 1 pq: 0 rg: 3 | total time: 2.70m | eta: 1.0m
step 00735/01000 (73.50%) | loss: 6.611425 | lrm: 1.00 | dt: 207.60ms | tok/sec: 4,932 | bf16_mfu: 0.00 | epoch: 1 pq: 0 rg: 3 | total time: 2.71m | eta: 1.0m
step 00736/01000 (73.60%) | loss: 6.651084 | lrm: 1.00 | dt: 172.49ms | tok/sec: 5,936 | bf16_mfu: 0.00 | epoch: 1 pq: 0 rg: 3 | total time: 2.71m | eta: 1.0m
step 00737/01000 (73.70%) | loss: 6.658411 | lrm: 1.00 | dt: 187.34ms | tok/sec: 5,465 | bf16_mfu: 0.00 | epoch: 1 pq: 0 rg: 3 | total time: 2.71m | eta: 1.0m
step 00738/01000 (73.80%) | loss: 6.628887 | lrm: 1.00 | dt: 181.45ms | tok/sec: 5,643 | bf16_mfu: 0.00 | epoch: 1 pq: 0 rg: 3 | total time: 2.72m | eta: 1.0m
step 00739/01000 (73.90%) | loss: 6.606890 | lrm: 1.00 | dt: 190.42ms | tok/sec: 5,377 | bf16_mfu: 0.00 | epoch: 1 pq: 0 rg: 3 | total time: 2.72m | eta: 1.0m
step 00740/01000 (74.00%) | loss: 6.628399 | lrm: 1.00 | dt: 199.49ms | tok/sec: 5,133 | bf16_mfu: 0.00 | epoch: 1 pq: 0 rg: 3 | total time: 2.72m | eta: 1.0m
step 00741/01000 (74.10%) | loss: 6.600029 | lrm: 1.00 | dt: 192.55ms | tok/sec: 5,317 | bf16_mfu: 0.00 | epoch: 1 pq: 0 rg: 3 | total time: 2.73m | eta: 1.0m
step 00742/01000 (74.20%) | loss: 6.595089 | lrm: 1.00 | dt: 192.96ms | tok/sec: 5,306 | bf16_mfu: 0.00 | epoch: 1 pq: 0 rg: 3 | total time: 2.73m | eta: 1.0m
step 00743/01000 (74.30%) | loss: 6.570291 | lrm: 1.00 | dt: 212.27ms | tok/sec: 4,824 | bf16_mfu: 0.00 | epoch: 1 pq: 0 rg: 3 | total time: 2.73m | eta: 1.0m
step 00744/01000 (74.40%) | loss: 6.500596 | lrm: 1.00 | dt: 212.49ms | tok/sec: 4,819 | bf16_mfu: 0.00 | epoch: 1 pq: 0 rg: 3 | total time: 2.74m | eta: 1.0m
step 00745/01000 (74.50%) | loss: 6.511635 | lrm: 1.00 | dt: 205.73ms | tok/sec: 4,977 | bf16_mfu: 0.00 | epoch: 1 pq: 0 rg: 3 | total time: 2.74m | eta: 1.0m
step 00746/01000 (74.60%) | loss: 6.544845 | lrm: 1.00 | dt: 244.78ms | tok/sec: 4,183 | bf16_mfu: 0.00 | epoch: 1 pq: 0 rg: 3 | total time: 2.74m | eta: 0.9m
step 00747/01000 (74.70%) | loss: 6.521970 | lrm: 1.00 | dt: 253.31ms | tok/sec: 4,042 | bf16_mfu: 0.00 | epoch: 1 pq: 0 rg: 3 | total time: 2.75m | eta: 0.9m
step 00748/01000 (74.80%) | loss: 6.468331 | lrm: 1.00 | dt: 217.91ms | tok/sec: 4,699 | bf16_mfu: 0.00 | epoch: 1 pq: 0 rg: 3 | total time: 2.75m | eta: 0.9m
step 00749/01000 (74.90%) | loss: 6.522816 | lrm: 1.00 | dt: 275.93ms | tok/sec: 3,711 | bf16_mfu: 0.00 | epoch: 1 pq: 0 rg: 3 | total time: 2.76m | eta: 0.9m
step 00750/01000 (75.00%) | loss: 6.458693 | lrm: 1.00 | dt: 289.42ms | tok/sec: 3,538 | bf16_mfu: 0.00 | epoch: 1 pq: 0 rg: 3 | total time: 2.76m | eta: 0.9m
step 00751/01000 (75.10%) | loss: 6.474947 | lrm: 1.00 | dt: 160.29ms | tok/sec: 6,388 | bf16_mfu: 0.00 | epoch: 1 pq: 0 rg: 3 | total time: 2.76m | eta: 0.9m
step 00752/01000 (75.20%) | loss: 6.487046 | lrm: 1.00 | dt: 320.94ms | tok/sec: 3,190 | bf16_mfu: 0.00 | epoch: 1 pq: 0 rg: 3 | total time: 2.77m | eta: 0.9m
step 00753/01000 (75.30%) | loss: 6.514636 | lrm: 1.00 | dt: 148.82ms | tok/sec: 6,880 | bf16_mfu: 0.00 | epoch: 1 pq: 0 rg: 3 | total time: 2.77m | eta: 0.9m
step 00754/01000 (75.40%) | loss: 6.545407 | lrm: 1.00 | dt: 196.07ms | tok/sec: 5,222 | bf16_mfu: 0.00 | epoch: 1 pq: 0 rg: 3 | total time: 2.77m | eta: 0.9m
step 00755/01000 (75.50%) | loss: 6.636648 | lrm: 1.00 | dt: 208.51ms | tok/sec: 4,910 | bf16_mfu: 0.00 | epoch: 1 pq: 0 rg: 3 | total time: 2.78m | eta: 0.9m
step 00756/01000 (75.60%) | loss: 6.596743 | lrm: 1.00 | dt: 197.33ms | tok/sec: 5,189 | bf16_mfu: 0.00 | epoch: 1 pq: 0 rg: 3 | total time: 2.78m | eta: 0.9m
step 00757/01000 (75.70%) | loss: 6.631423 | lrm: 1.00 | dt: 186.87ms | tok/sec: 5,479 | bf16_mfu: 0.00 | epoch: 1 pq: 0 rg: 3 | total time: 2.78m | eta: 0.9m
step 00758/01000 (75.80%) | loss: 6.640085 | lrm: 1.00 | dt: 188.78ms | tok/sec: 5,424 | bf16_mfu: 0.00 | epoch: 1 pq: 0 rg: 3 | total time: 2.79m | eta: 0.9m
step 00759/01000 (75.90%) | loss: 6.652321 | lrm: 1.00 | dt: 199.51ms | tok/sec: 5,132 | bf16_mfu: 0.00 | epoch: 1 pq: 0 rg: 3 | total time: 2.79m | eta: 0.9m
step 00760/01000 (76.00%) | loss: 6.587601 | lrm: 1.00 | dt: 196.40ms | tok/sec: 5,213 | bf16_mfu: 0.00 | epoch: 1 pq: 0 rg: 3 | total time: 2.79m | eta: 0.9m
step 00761/01000 (76.10%) | loss: 6.571471 | lrm: 1.00 | dt: 216.33ms | tok/sec: 4,733 | bf16_mfu: 0.00 | epoch: 1 pq: 0 rg: 3 | total time: 2.80m | eta: 0.9m
step 00762/01000 (76.20%) | loss: 6.531264 | lrm: 1.00 | dt: 224.17ms | tok/sec: 4,567 | bf16_mfu: 0.00 | epoch: 1 pq: 0 rg: 3 | total time: 2.80m | eta: 0.9m
step 00763/01000 (76.30%) | loss: 6.494513 | lrm: 1.00 | dt: 165.16ms | tok/sec: 6,199 | bf16_mfu: 0.00 | epoch: 1 pq: 0 rg: 3 | total time: 2.80m | eta: 0.9m
step 00764/01000 (76.40%) | loss: 6.496306 | lrm: 1.00 | dt: 237.21ms | tok/sec: 4,316 | bf16_mfu: 0.00 | epoch: 1 pq: 0 rg: 3 | total time: 2.81m | eta: 0.9m
step 00765/01000 (76.50%) | loss: 6.584382 | lrm: 1.00 | dt: 208.37ms | tok/sec: 4,914 | bf16_mfu: 0.00 | epoch: 1 pq: 0 rg: 3 | total time: 2.81m | eta: 0.9m
step 00766/01000 (76.60%) | loss: 6.505587 | lrm: 1.00 | dt: 203.56ms | tok/sec: 5,030 | bf16_mfu: 0.00 | epoch: 1 pq: 0 rg: 3 | total time: 2.82m | eta: 0.9m
step 00767/01000 (76.70%) | loss: 6.480189 | lrm: 1.00 | dt: 202.06ms | tok/sec: 5,067 | bf16_mfu: 0.00 | epoch: 1 pq: 0 rg: 3 | total time: 2.82m | eta: 0.9m
step 00768/01000 (76.80%) | loss: 6.535889 | lrm: 1.00 | dt: 209.06ms | tok/sec: 4,897 | bf16_mfu: 0.00 | epoch: 1 pq: 0 rg: 3 | total time: 2.82m | eta: 0.9m
step 00769/01000 (76.90%) | loss: 6.523799 | lrm: 1.00 | dt: 350.50ms | tok/sec: 2,921 | bf16_mfu: 0.00 | epoch: 1 pq: 0 rg: 3 | total time: 2.83m | eta: 0.9m
step 00770/01000 (77.00%) | loss: 6.522951 | lrm: 1.00 | dt: 186.90ms | tok/sec: 5,478 | bf16_mfu: 0.00 | epoch: 1 pq: 0 rg: 3 | total time: 2.83m | eta: 0.9m
step 00771/01000 (77.10%) | loss: 6.514182 | lrm: 1.00 | dt: 208.61ms | tok/sec: 4,908 | bf16_mfu: 0.00 | epoch: 1 pq: 0 rg: 3 | total time: 2.83m | eta: 0.9m
step 00772/01000 (77.20%) | loss: 6.522521 | lrm: 1.00 | dt: 183.78ms | tok/sec: 5,571 | bf16_mfu: 0.00 | epoch: 1 pq: 0 rg: 3 | total time: 2.84m | eta: 0.8m
step 00773/01000 (77.30%) | loss: 6.528465 | lrm: 1.00 | dt: 211.37ms | tok/sec: 4,844 | bf16_mfu: 0.00 | epoch: 1 pq: 0 rg: 3 | total time: 2.84m | eta: 0.8m
step 00774/01000 (77.40%) | loss: 6.509047 | lrm: 1.00 | dt: 185.50ms | tok/sec: 5,520 | bf16_mfu: 0.00 | epoch: 1 pq: 0 rg: 3 | total time: 2.84m | eta: 0.8m
step 00775/01000 (77.50%) | loss: 6.543877 | lrm: 1.00 | dt: 195.34ms | tok/sec: 5,242 | bf16_mfu: 0.00 | epoch: 1 pq: 0 rg: 3 | total time: 2.85m | eta: 0.8m
step 00776/01000 (77.60%) | loss: 6.527458 | lrm: 1.00 | dt: 206.75ms | tok/sec: 4,952 | bf16_mfu: 0.00 | epoch: 1 pq: 0 rg: 3 | total time: 2.85m | eta: 0.8m
step 00777/01000 (77.70%) | loss: 6.535282 | lrm: 1.00 | dt: 189.43ms | tok/sec: 5,405 | bf16_mfu: 0.00 | epoch: 1 pq: 0 rg: 3 | total time: 2.85m | eta: 0.8m
step 00778/01000 (77.80%) | loss: 6.554411 | lrm: 1.00 | dt: 215.02ms | tok/sec: 4,762 | bf16_mfu: 0.00 | epoch: 1 pq: 0 rg: 3 | total time: 2.86m | eta: 0.8m
step 00779/01000 (77.90%) | loss: 6.576793 | lrm: 1.00 | dt: 218.40ms | tok/sec: 4,688 | bf16_mfu: 0.00 | epoch: 1 pq: 0 rg: 3 | total time: 2.86m | eta: 0.8m
step 00780/01000 (78.00%) | loss: 6.642234 | lrm: 1.00 | dt: 228.54ms | tok/sec: 4,480 | bf16_mfu: 0.00 | epoch: 1 pq: 0 rg: 3 | total time: 2.87m | eta: 0.8m
step 00781/01000 (78.10%) | loss: 6.632965 | lrm: 1.00 | dt: 199.90ms | tok/sec: 5,122 | bf16_mfu: 0.00 | epoch: 1 pq: 0 rg: 3 | total time: 2.87m | eta: 0.8m
step 00782/01000 (78.20%) | loss: 6.679003 | lrm: 1.00 | dt: 206.31ms | tok/sec: 4,963 | bf16_mfu: 0.00 | epoch: 1 pq: 0 rg: 3 | total time: 2.87m | eta: 0.8m
step 00783/01000 (78.30%) | loss: 6.632888 | lrm: 1.00 | dt: 253.40ms | tok/sec: 4,040 | bf16_mfu: 0.00 | epoch: 1 pq: 0 rg: 3 | total time: 2.88m | eta: 0.8m
step 00784/01000 (78.40%) | loss: 6.587301 | lrm: 1.00 | dt: 235.83ms | tok/sec: 4,342 | bf16_mfu: 0.00 | epoch: 1 pq: 0 rg: 3 | total time: 2.88m | eta: 0.8m
step 00785/01000 (78.50%) | loss: 6.607553 | lrm: 1.00 | dt: 230.53ms | tok/sec: 4,441 | bf16_mfu: 0.00 | epoch: 1 pq: 0 rg: 3 | total time: 2.88m | eta: 0.8m
step 00786/01000 (78.60%) | loss: 6.551159 | lrm: 1.00 | dt: 225.85ms | tok/sec: 4,534 | bf16_mfu: 0.00 | epoch: 1 pq: 0 rg: 3 | total time: 2.89m | eta: 0.8m
step 00787/01000 (78.70%) | loss: 6.619363 | lrm: 1.00 | dt: 238.00ms | tok/sec: 4,302 | bf16_mfu: 0.00 | epoch: 1 pq: 0 rg: 3 | total time: 2.89m | eta: 0.8m
step 00788/01000 (78.80%) | loss: 6.592437 | lrm: 1.00 | dt: 210.53ms | tok/sec: 4,863 | bf16_mfu: 0.00 | epoch: 1 pq: 0 rg: 3 | total time: 2.90m | eta: 0.8m
step 00789/01000 (78.90%) | loss: 6.599442 | lrm: 1.00 | dt: 400.32ms | tok/sec: 2,557 | bf16_mfu: 0.00 | epoch: 1 pq: 0 rg: 3 | total time: 2.90m | eta: 0.8m
step 00790/01000 (79.00%) | loss: 6.618786 | lrm: 1.00 | dt: 159.97ms | tok/sec: 6,401 | bf16_mfu: 0.00 | epoch: 1 pq: 0 rg: 3 | total time: 2.90m | eta: 0.8m
step 00791/01000 (79.10%) | loss: 6.526937 | lrm: 1.00 | dt: 226.18ms | tok/sec: 4,527 | bf16_mfu: 0.00 | epoch: 1 pq: 0 rg: 3 | total time: 2.91m | eta: 0.8m
step 00792/01000 (79.20%) | loss: 6.584908 | lrm: 1.00 | dt: 213.36ms | tok/sec: 4,799 | bf16_mfu: 0.00 | epoch: 1 pq: 0 rg: 3 | total time: 2.91m | eta: 0.8m
step 00793/01000 (79.30%) | loss: 6.537511 | lrm: 1.00 | dt: 206.39ms | tok/sec: 4,961 | bf16_mfu: 0.00 | epoch: 1 pq: 0 rg: 3 | total time: 2.92m | eta: 0.8m
step 00794/01000 (79.40%) | loss: 6.560385 | lrm: 1.00 | dt: 182.49ms | tok/sec: 5,611 | bf16_mfu: 0.00 | epoch: 1 pq: 0 rg: 3 | total time: 2.92m | eta: 0.8m
step 00795/01000 (79.50%) | loss: 6.511688 | lrm: 1.00 | dt: 281.13ms | tok/sec: 3,642 | bf16_mfu: 0.00 | epoch: 1 pq: 0 rg: 3 | total time: 2.92m | eta: 0.8m
step 00796/01000 (79.60%) | loss: 6.583086 | lrm: 1.00 | dt: 159.77ms | tok/sec: 6,409 | bf16_mfu: 0.00 | epoch: 1 pq: 0 rg: 3 | total time: 2.93m | eta: 0.8m
step 00797/01000 (79.70%) | loss: 6.587689 | lrm: 1.00 | dt: 296.93ms | tok/sec: 3,448 | bf16_mfu: 0.00 | epoch: 1 pq: 0 rg: 3 | total time: 2.93m | eta: 0.8m
step 00798/01000 (79.80%) | loss: 6.589382 | lrm: 1.00 | dt: 191.59ms | tok/sec: 5,344 | bf16_mfu: 0.00 | epoch: 1 pq: 0 rg: 3 | total time: 2.93m | eta: 0.8m
step 00799/01000 (79.90%) | loss: 6.587457 | lrm: 1.00 | dt: 184.72ms | tok/sec: 5,543 | bf16_mfu: 0.00 | epoch: 1 pq: 0 rg: 3 | total time: 2.94m | eta: 0.7m
step 00800/01000 (80.00%) | loss: 6.592826 | lrm: 1.00 | dt: 183.64ms | tok/sec: 5,576 | bf16_mfu: 0.00 | epoch: 1 pq: 0 rg: 3 | total time: 2.94m | eta: 0.7m
step 00801/01000 (80.10%) | loss: 6.591251 | lrm: 1.00 | dt: 182.83ms | tok/sec: 5,600 | bf16_mfu: 0.00 | epoch: 1 pq: 0 rg: 3 | total time: 2.94m | eta: 0.7m
step 00802/01000 (80.20%) | loss: 6.628624 | lrm: 1.00 | dt: 201.84ms | tok/sec: 5,073 | bf16_mfu: 0.00 | epoch: 1 pq: 0 rg: 3 | total time: 2.95m | eta: 0.7m
step 00803/01000 (80.30%) | loss: 6.626960 | lrm: 1.00 | dt: 203.96ms | tok/sec: 5,020 | bf16_mfu: 0.00 | epoch: 1 pq: 0 rg: 3 | total time: 2.95m | eta: 0.7m
step 00804/01000 (80.40%) | loss: 6.652919 | lrm: 1.00 | dt: 188.20ms | tok/sec: 5,440 | bf16_mfu: 0.00 | epoch: 1 pq: 0 rg: 3 | total time: 2.95m | eta: 0.7m
step 00805/01000 (80.50%) | loss: 6.634115 | lrm: 1.00 | dt: 209.71ms | tok/sec: 4,882 | bf16_mfu: 0.00 | epoch: 1 pq: 0 rg: 3 | total time: 2.96m | eta: 0.7m
step 00806/01000 (80.60%) | loss: 6.658870 | lrm: 1.00 | dt: 206.15ms | tok/sec: 4,967 | bf16_mfu: 0.00 | epoch: 1 pq: 0 rg: 3 | total time: 2.96m | eta: 0.7m
step 00807/01000 (80.70%) | loss: 6.668818 | lrm: 1.00 | dt: 215.68ms | tok/sec: 4,747 | bf16_mfu: 0.00 | epoch: 1 pq: 0 rg: 3 | total time: 2.96m | eta: 0.7m
step 00808/01000 (80.80%) | loss: 6.676717 | lrm: 1.00 | dt: 221.61ms | tok/sec: 4,620 | bf16_mfu: 0.00 | epoch: 1 pq: 0 rg: 3 | total time: 2.97m | eta: 0.7m
step 00809/01000 (80.90%) | loss: 6.610722 | lrm: 1.00 | dt: 204.57ms | tok/sec: 5,005 | bf16_mfu: 0.00 | epoch: 1 pq: 0 rg: 3 | total time: 2.97m | eta: 0.7m
step 00810/01000 (81.00%) | loss: 6.595063 | lrm: 1.00 | dt: 410.36ms | tok/sec: 2,495 | bf16_mfu: 0.00 | epoch: 1 pq: 0 rg: 3 | total time: 2.98m | eta: 0.7m
step 00811/01000 (81.10%) | loss: 6.611899 | lrm: 1.00 | dt: 170.00ms | tok/sec: 6,023 | bf16_mfu: 0.00 | epoch: 1 pq: 0 rg: 3 | total time: 2.98m | eta: 0.7m
step 00812/01000 (81.20%) | loss: 6.647558 | lrm: 1.00 | dt: 189.84ms | tok/sec: 5,394 | bf16_mfu: 0.00 | epoch: 1 pq: 0 rg: 3 | total time: 2.98m | eta: 0.7m
step 00813/01000 (81.30%) | loss: 6.684677 | lrm: 1.00 | dt: 225.94ms | tok/sec: 4,532 | bf16_mfu: 0.00 | epoch: 1 pq: 0 rg: 3 | total time: 2.99m | eta: 0.7m
step 00814/01000 (81.40%) | loss: 6.671338 | lrm: 1.00 | dt: 183.02ms | tok/sec: 5,594 | bf16_mfu: 0.00 | epoch: 1 pq: 0 rg: 3 | total time: 2.99m | eta: 0.7m
step 00815/01000 (81.50%) | loss: 6.804801 | lrm: 1.00 | dt: 183.93ms | tok/sec: 5,567 | bf16_mfu: 0.00 | epoch: 1 pq: 0 rg: 3 | total time: 2.99m | eta: 0.7m
step 00816/01000 (81.60%) | loss: 6.756253 | lrm: 1.00 | dt: 168.68ms | tok/sec: 6,070 | bf16_mfu: 0.00 | epoch: 1 pq: 0 rg: 3 | total time: 3.00m | eta: 0.7m
step 00817/01000 (81.70%) | loss: 6.786190 | lrm: 1.00 | dt: 198.18ms | tok/sec: 5,167 | bf16_mfu: 0.00 | epoch: 1 pq: 0 rg: 3 | total time: 3.00m | eta: 0.7m
step 00818/01000 (81.80%) | loss: 6.771373 | lrm: 1.00 | dt: 197.16ms | tok/sec: 5,193 | bf16_mfu: 0.00 | epoch: 1 pq: 0 rg: 3 | total time: 3.00m | eta: 0.7m
step 00819/01000 (81.90%) | loss: 6.760943 | lrm: 1.00 | dt: 178.89ms | tok/sec: 5,724 | bf16_mfu: 0.00 | epoch: 1 pq: 0 rg: 3 | total time: 3.01m | eta: 0.7m
step 00820/01000 (82.00%) | loss: 6.799312 | lrm: 1.00 | dt: 223.56ms | tok/sec: 4,580 | bf16_mfu: 0.00 | epoch: 1 pq: 0 rg: 3 | total time: 3.01m | eta: 0.7m
step 00821/01000 (82.10%) | loss: 6.776176 | lrm: 1.00 | dt: 208.88ms | tok/sec: 4,902 | bf16_mfu: 0.00 | epoch: 1 pq: 0 rg: 3 | total time: 3.01m | eta: 0.7m
step 00822/01000 (82.20%) | loss: 6.752538 | lrm: 1.00 | dt: 244.72ms | tok/sec: 4,184 | bf16_mfu: 0.00 | epoch: 1 pq: 0 rg: 3 | total time: 3.02m | eta: 0.7m
step 00823/01000 (82.30%) | loss: 6.710313 | lrm: 1.00 | dt: 178.45ms | tok/sec: 5,738 | bf16_mfu: 0.00 | epoch: 1 pq: 0 rg: 3 | total time: 3.02m | eta: 0.7m
step 00824/01000 (82.40%) | loss: 6.657255 | lrm: 1.00 | dt: 412.73ms | tok/sec: 2,481 | bf16_mfu: 0.00 | epoch: 1 pq: 0 rg: 3 | total time: 3.03m | eta: 0.7m
step 00825/01000 (82.50%) | loss: 6.674910 | lrm: 1.00 | dt: 191.58ms | tok/sec: 5,344 | bf16_mfu: 0.00 | epoch: 1 pq: 0 rg: 3 | total time: 3.03m | eta: 0.7m
step 00826/01000 (82.60%) | loss: 6.716803 | lrm: 1.00 | dt: 253.76ms | tok/sec: 4,035 | bf16_mfu: 0.00 | epoch: 1 pq: 0 rg: 3 | total time: 3.03m | eta: 0.6m
step 00827/01000 (82.70%) | loss: 6.806312 | lrm: 1.00 | dt: 169.63ms | tok/sec: 6,036 | bf16_mfu: 0.00 | epoch: 1 pq: 0 rg: 3 | total time: 3.04m | eta: 0.6m
step 00828/01000 (82.80%) | loss: 6.767563 | lrm: 1.00 | dt: 224.29ms | tok/sec: 4,565 | bf16_mfu: 0.00 | epoch: 1 pq: 0 rg: 3 | total time: 3.04m | eta: 0.6m
step 00829/01000 (82.90%) | loss: 6.791559 | lrm: 1.00 | dt: 199.71ms | tok/sec: 5,127 | bf16_mfu: 0.00 | epoch: 1 pq: 0 rg: 3 | total time: 3.04m | eta: 0.6m
step 00830/01000 (83.00%) | loss: 6.770775 | lrm: 1.00 | dt: 216.68ms | tok/sec: 4,725 | bf16_mfu: 0.00 | epoch: 1 pq: 0 rg: 3 | total time: 3.05m | eta: 0.6m
step 00831/01000 (83.10%) | loss: 6.755529 | lrm: 1.00 | dt: 207.33ms | tok/sec: 4,939 | bf16_mfu: 0.00 | epoch: 1 pq: 0 rg: 3 | total time: 3.05m | eta: 0.6m
step 00832/01000 (83.20%) | loss: 6.701740 | lrm: 1.00 | dt: 193.59ms | tok/sec: 5,289 | bf16_mfu: 0.00 | epoch: 1 pq: 0 rg: 3 | total time: 3.05m | eta: 0.6m
step 00833/01000 (83.30%) | loss: 6.577297 | lrm: 1.00 | dt: 217.31ms | tok/sec: 4,712 | bf16_mfu: 0.00 | epoch: 1 pq: 0 rg: 3 | total time: 3.06m | eta: 0.6m
step 00834/01000 (83.40%) | loss: 6.573648 | lrm: 1.00 | dt: 214.27ms | tok/sec: 4,779 | bf16_mfu: 0.00 | epoch: 1 pq: 0 rg: 3 | total time: 3.06m | eta: 0.6m
step 00835/01000 (83.50%) | loss: 6.576392 | lrm: 1.00 | dt: 202.60ms | tok/sec: 5,054 | bf16_mfu: 0.00 | epoch: 1 pq: 0 rg: 3 | total time: 3.07m | eta: 0.6m
step 00836/01000 (83.60%) | loss: 6.549152 | lrm: 1.00 | dt: 232.12ms | tok/sec: 4,411 | bf16_mfu: 0.00 | epoch: 1 pq: 0 rg: 3 | total time: 3.07m | eta: 0.6m
step 00837/01000 (83.70%) | loss: 6.610087 | lrm: 1.00 | dt: 223.93ms | tok/sec: 4,572 | bf16_mfu: 0.00 | epoch: 1 pq: 0 rg: 3 | total time: 3.07m | eta: 0.6m
step 00838/01000 (83.80%) | loss: 6.641249 | lrm: 1.00 | dt: 243.63ms | tok/sec: 4,203 | bf16_mfu: 0.00 | epoch: 1 pq: 0 rg: 3 | total time: 3.08m | eta: 0.6m
step 00839/01000 (83.90%) | loss: 6.622988 | lrm: 1.00 | dt: 240.64ms | tok/sec: 4,255 | bf16_mfu: 0.00 | epoch: 1 pq: 0 rg: 3 | total time: 3.08m | eta: 0.6m
step 00840/01000 (84.00%) | loss: 6.643653 | lrm: 1.00 | dt: 229.28ms | tok/sec: 4,466 | bf16_mfu: 0.00 | epoch: 1 pq: 0 rg: 3 | total time: 3.08m | eta: 0.6m
step 00841/01000 (84.10%) | loss: 6.599915 | lrm: 1.00 | dt: 222.40ms | tok/sec: 4,604 | bf16_mfu: 0.00 | epoch: 1 pq: 0 rg: 3 | total time: 3.09m | eta: 0.6m
step 00842/01000 (84.20%) | loss: 6.614724 | lrm: 1.00 | dt: 402.98ms | tok/sec: 2,541 | bf16_mfu: 0.00 | epoch: 1 pq: 0 rg: 3 | total time: 3.09m | eta: 0.6m
step 00843/01000 (84.30%) | loss: 6.614845 | lrm: 1.00 | dt: 248.20ms | tok/sec: 4,125 | bf16_mfu: 0.00 | epoch: 1 pq: 0 rg: 3 | total time: 3.10m | eta: 0.6m
step 00844/01000 (84.40%) | loss: 6.633682 | lrm: 1.00 | dt: 270.82ms | tok/sec: 3,781 | bf16_mfu: 0.00 | epoch: 1 pq: 0 rg: 3 | total time: 3.10m | eta: 0.6m
step 00845/01000 (84.50%) | loss: 6.644257 | lrm: 1.00 | dt: 227.74ms | tok/sec: 4,496 | bf16_mfu: 0.00 | epoch: 1 pq: 0 rg: 3 | total time: 3.11m | eta: 0.6m
step 00846/01000 (84.60%) | loss: 6.566185 | lrm: 1.00 | dt: 175.57ms | tok/sec: 5,832 | bf16_mfu: 0.00 | epoch: 1 pq: 0 rg: 3 | total time: 3.11m | eta: 0.6m
step 00847/01000 (84.70%) | loss: 6.599918 | lrm: 1.00 | dt: 162.04ms | tok/sec: 6,319 | bf16_mfu: 0.00 | epoch: 1 pq: 0 rg: 3 | total time: 3.11m | eta: 0.6m
step 00848/01000 (84.80%) | loss: 6.625810 | lrm: 1.00 | dt: 159.64ms | tok/sec: 6,414 | bf16_mfu: 0.00 | epoch: 1 pq: 0 rg: 3 | total time: 3.12m | eta: 0.6m
step 00849/01000 (84.90%) | loss: 6.695549 | lrm: 1.00 | dt: 151.01ms | tok/sec: 6,780 | bf16_mfu: 0.00 | epoch: 1 pq: 0 rg: 3 | total time: 3.12m | eta: 0.6m
step 00850/01000 (85.00%) | loss: 6.672939 | lrm: 1.00 | dt: 158.45ms | tok/sec: 6,462 | bf16_mfu: 0.00 | epoch: 1 pq: 0 rg: 3 | total time: 3.12m | eta: 0.6m
step 00851/01000 (85.10%) | loss: 6.654023 | lrm: 1.00 | dt: 174.96ms | tok/sec: 5,852 | bf16_mfu: 0.00 | epoch: 1 pq: 0 rg: 3 | total time: 3.12m | eta: 0.6m
step 00852/01000 (85.20%) | loss: 6.624679 | lrm: 1.00 | dt: 173.02ms | tok/sec: 5,918 | bf16_mfu: 0.00 | epoch: 1 pq: 0 rg: 3 | total time: 3.13m | eta: 0.5m
step 00853/01000 (85.30%) | loss: 6.680044 | lrm: 1.00 | dt: 181.01ms | tok/sec: 5,657 | bf16_mfu: 0.00 | epoch: 1 pq: 0 rg: 3 | total time: 3.13m | eta: 0.5m
step 00854/01000 (85.40%) | loss: 6.702850 | lrm: 1.00 | dt: 201.42ms | tok/sec: 5,083 | bf16_mfu: 0.00 | epoch: 1 pq: 0 rg: 3 | total time: 3.13m | eta: 0.5m
step 00855/01000 (85.50%) | loss: 6.690404 | lrm: 1.00 | dt: 177.34ms | tok/sec: 5,774 | bf16_mfu: 0.00 | epoch: 1 pq: 0 rg: 3 | total time: 3.14m | eta: 0.5m
step 00856/01000 (85.60%) | loss: 6.705700 | lrm: 1.00 | dt: 229.38ms | tok/sec: 4,464 | bf16_mfu: 0.00 | epoch: 1 pq: 0 rg: 3 | total time: 3.14m | eta: 0.5m
step 00857/01000 (85.70%) | loss: 6.651321 | lrm: 1.00 | dt: 192.01ms | tok/sec: 5,333 | bf16_mfu: 0.00 | epoch: 1 pq: 0 rg: 3 | total time: 3.14m | eta: 0.5m
step 00858/01000 (85.80%) | loss: 6.689766 | lrm: 1.00 | dt: 239.70ms | tok/sec: 4,272 | bf16_mfu: 0.00 | epoch: 1 pq: 0 rg: 3 | total time: 3.15m | eta: 0.5m
step 00859/01000 (85.90%) | loss: 6.745309 | lrm: 1.00 | dt: 220.84ms | tok/sec: 4,636 | bf16_mfu: 0.00 | epoch: 1 pq: 0 rg: 3 | total time: 3.15m | eta: 0.5m
step 00860/01000 (86.00%) | loss: 6.770787 | lrm: 1.00 | dt: 239.08ms | tok/sec: 4,283 | bf16_mfu: 0.00 | epoch: 1 pq: 0 rg: 3 | total time: 3.15m | eta: 0.5m
step 00861/01000 (86.10%) | loss: 6.766591 | lrm: 1.00 | dt: 429.17ms | tok/sec: 2,385 | bf16_mfu: 0.00 | epoch: 1 pq: 0 rg: 3 | total time: 3.16m | eta: 0.5m
step 00862/01000 (86.20%) | loss: 6.815943 | lrm: 1.00 | dt: 308.01ms | tok/sec: 3,324 | bf16_mfu: 0.00 | epoch: 1 pq: 0 rg: 3 | total time: 3.17m | eta: 0.5m
step 00863/01000 (86.30%) | loss: 6.807892 | lrm: 1.00 | dt: 137.98ms | tok/sec: 7,421 | bf16_mfu: 0.00 | epoch: 1 pq: 0 rg: 3 | total time: 3.17m | eta: 0.5m
step 00864/01000 (86.40%) | loss: 6.807555 | lrm: 1.00 | dt: 132.96ms | tok/sec: 7,701 | bf16_mfu: 0.00 | epoch: 1 pq: 0 rg: 3 | total time: 3.17m | eta: 0.5m
step 00865/01000 (86.50%) | loss: 6.753261 | lrm: 1.00 | dt: 186.79ms | tok/sec: 5,481 | bf16_mfu: 0.00 | epoch: 1 pq: 0 rg: 3 | total time: 3.17m | eta: 0.5m
step 00866/01000 (86.60%) | loss: 6.744534 | lrm: 1.00 | dt: 190.77ms | tok/sec: 5,367 | bf16_mfu: 0.00 | epoch: 1 pq: 0 rg: 3 | total time: 3.18m | eta: 0.5m
step 00867/01000 (86.70%) | loss: 6.658623 | lrm: 1.00 | dt: 152.85ms | tok/sec: 6,699 | bf16_mfu: 0.00 | epoch: 1 pq: 0 rg: 3 | total time: 3.18m | eta: 0.5m
step 00868/01000 (86.80%) | loss: 6.597880 | lrm: 1.00 | dt: 163.98ms | tok/sec: 6,244 | bf16_mfu: 0.00 | epoch: 1 pq: 0 rg: 3 | total time: 3.18m | eta: 0.5m
step 00869/01000 (86.90%) | loss: 6.584618 | lrm: 1.00 | dt: 152.18ms | tok/sec: 6,728 | bf16_mfu: 0.00 | epoch: 1 pq: 0 rg: 3 | total time: 3.19m | eta: 0.5m
step 00870/01000 (87.00%) | loss: 6.552411 | lrm: 1.00 | dt: 178.13ms | tok/sec: 5,748 | bf16_mfu: 0.00 | epoch: 1 pq: 0 rg: 3 | total time: 3.19m | eta: 0.5m
step 00871/01000 (87.10%) | loss: 6.530611 | lrm: 1.00 | dt: 189.83ms | tok/sec: 5,394 | bf16_mfu: 0.00 | epoch: 1 pq: 0 rg: 3 | total time: 3.19m | eta: 0.5m
step 00872/01000 (87.20%) | loss: 6.476830 | lrm: 1.00 | dt: 191.11ms | tok/sec: 5,358 | bf16_mfu: 0.00 | epoch: 1 pq: 0 rg: 3 | total time: 3.19m | eta: 0.5m
step 00873/01000 (87.30%) | loss: 6.469776 | lrm: 1.00 | dt: 200.50ms | tok/sec: 5,107 | bf16_mfu: 0.00 | epoch: 1 pq: 0 rg: 3 | total time: 3.20m | eta: 0.5m
step 00874/01000 (87.40%) | loss: 6.406263 | lrm: 1.00 | dt: 191.86ms | tok/sec: 5,337 | bf16_mfu: 0.00 | epoch: 1 pq: 0 rg: 3 | total time: 3.20m | eta: 0.5m
step 00875/01000 (87.50%) | loss: 6.459005 | lrm: 1.00 | dt: 238.55ms | tok/sec: 4,292 | bf16_mfu: 0.00 | epoch: 1 pq: 0 rg: 3 | total time: 3.21m | eta: 0.5m
step 00876/01000 (87.60%) | loss: 6.512404 | lrm: 1.00 | dt: 349.49ms | tok/sec: 2,929 | bf16_mfu: 0.00 | epoch: 1 pq: 0 rg: 3 | total time: 3.21m | eta: 0.5m
step 00877/01000 (87.70%) | loss: 6.578172 | lrm: 1.00 | dt: 218.76ms | tok/sec: 4,680 | bf16_mfu: 0.00 | epoch: 1 pq: 0 rg: 3 | total time: 3.21m | eta: 0.5m
step 00878/01000 (87.80%) | loss: 6.560496 | lrm: 1.00 | dt: 232.03ms | tok/sec: 4,413 | bf16_mfu: 0.00 | epoch: 1 pq: 0 rg: 3 | total time: 3.22m | eta: 0.5m
step 00879/01000 (87.90%) | loss: 6.560904 | lrm: 1.00 | dt: 228.89ms | tok/sec: 4,473 | bf16_mfu: 0.00 | epoch: 1 pq: 0 rg: 3 | total time: 3.22m | eta: 0.4m
step 00880/01000 (88.00%) | loss: 6.615514 | lrm: 1.00 | dt: 191.39ms | tok/sec: 5,350 | bf16_mfu: 0.00 | epoch: 1 pq: 0 rg: 3 | total time: 3.23m | eta: 0.4m
step 00881/01000 (88.10%) | loss: 6.558164 | lrm: 1.00 | dt: 195.35ms | tok/sec: 5,241 | bf16_mfu: 0.00 | epoch: 1 pq: 0 rg: 3 | total time: 3.23m | eta: 0.4m
step 00882/01000 (88.20%) | loss: 6.563408 | lrm: 1.00 | dt: 213.50ms | tok/sec: 4,796 | bf16_mfu: 0.00 | epoch: 1 pq: 0 rg: 3 | total time: 3.23m | eta: 0.4m
step 00883/01000 (88.30%) | loss: 6.551913 | lrm: 1.00 | dt: 188.68ms | tok/sec: 5,427 | bf16_mfu: 0.00 | epoch: 1 pq: 0 rg: 3 | total time: 3.24m | eta: 0.4m
step 00884/01000 (88.40%) | loss: 6.544289 | lrm: 1.00 | dt: 195.63ms | tok/sec: 5,234 | bf16_mfu: 0.00 | epoch: 1 pq: 0 rg: 3 | total time: 3.24m | eta: 0.4m
step 00885/01000 (88.50%) | loss: 6.644052 | lrm: 1.00 | dt: 203.11ms | tok/sec: 5,041 | bf16_mfu: 0.00 | epoch: 1 pq: 0 rg: 3 | total time: 3.24m | eta: 0.4m
step 00886/01000 (88.60%) | loss: 6.629386 | lrm: 1.00 | dt: 212.84ms | tok/sec: 4,811 | bf16_mfu: 0.00 | epoch: 1 pq: 0 rg: 3 | total time: 3.25m | eta: 0.4m
step 00887/01000 (88.70%) | loss: 6.592636 | lrm: 1.00 | dt: 205.78ms | tok/sec: 4,976 | bf16_mfu: 0.00 | epoch: 1 pq: 0 rg: 3 | total time: 3.25m | eta: 0.4m
step 00888/01000 (88.80%) | loss: 6.588877 | lrm: 1.00 | dt: 240.59ms | tok/sec: 4,256 | bf16_mfu: 0.00 | epoch: 1 pq: 0 rg: 3 | total time: 3.25m | eta: 0.4m
step 00889/01000 (88.90%) | loss: 6.613431 | lrm: 1.00 | dt: 254.74ms | tok/sec: 4,019 | bf16_mfu: 0.00 | epoch: 1 pq: 0 rg: 3 | total time: 3.26m | eta: 0.4m
step 00890/01000 (89.00%) | loss: 6.673002 | lrm: 1.00 | dt: 224.54ms | tok/sec: 4,560 | bf16_mfu: 0.00 | epoch: 1 pq: 0 rg: 3 | total time: 3.26m | eta: 0.4m
step 00891/01000 (89.10%) | loss: 6.665958 | lrm: 1.00 | dt: 232.69ms | tok/sec: 4,400 | bf16_mfu: 0.00 | epoch: 1 pq: 0 rg: 3 | total time: 3.27m | eta: 0.4m
step 00892/01000 (89.20%) | loss: 6.658974 | lrm: 1.00 | dt: 219.51ms | tok/sec: 4,664 | bf16_mfu: 0.00 | epoch: 1 pq: 0 rg: 3 | total time: 3.27m | eta: 0.4m
step 00893/01000 (89.30%) | loss: 6.592442 | lrm: 1.00 | dt: 329.44ms | tok/sec: 3,108 | bf16_mfu: 0.00 | epoch: 1 pq: 0 rg: 3 | total time: 3.27m | eta: 0.4m
step 00894/01000 (89.40%) | loss: 6.596096 | lrm: 1.00 | dt: 336.05ms | tok/sec: 3,047 | bf16_mfu: 0.00 | epoch: 1 pq: 0 rg: 3 | total time: 3.28m | eta: 0.4m
step 00895/01000 (89.50%) | loss: 6.546679 | lrm: 1.00 | dt: 210.83ms | tok/sec: 4,856 | bf16_mfu: 0.00 | epoch: 1 pq: 0 rg: 3 | total time: 3.28m | eta: 0.4m
step 00896/01000 (89.60%) | loss: 6.506864 | lrm: 1.00 | dt: 169.90ms | tok/sec: 6,027 | bf16_mfu: 0.00 | epoch: 1 pq: 0 rg: 3 | total time: 3.29m | eta: 0.4m
step 00897/01000 (89.70%) | loss: 6.549489 | lrm: 1.00 | dt: 188.39ms | tok/sec: 5,435 | bf16_mfu: 0.00 | epoch: 1 pq: 0 rg: 3 | total time: 3.29m | eta: 0.4m
step 00898/01000 (89.80%) | loss: 6.569633 | lrm: 1.00 | dt: 178.14ms | tok/sec: 5,748 | bf16_mfu: 0.00 | epoch: 1 pq: 0 rg: 3 | total time: 3.29m | eta: 0.4m
step 00899/01000 (89.90%) | loss: 6.558584 | lrm: 1.00 | dt: 165.00ms | tok/sec: 6,205 | bf16_mfu: 0.00 | epoch: 1 pq: 0 rg: 3 | total time: 3.30m | eta: 0.4m
step 00900/01000 (90.00%) | loss: 6.627824 | lrm: 1.00 | dt: 181.49ms | tok/sec: 5,642 | bf16_mfu: 0.00 | epoch: 1 pq: 0 rg: 3 | total time: 3.30m | eta: 0.4m
step 00901/01000 (90.10%) | loss: 6.585419 | lrm: 0.99 | dt: 158.13ms | tok/sec: 6,475 | bf16_mfu: 0.00 | epoch: 1 pq: 0 rg: 3 | total time: 3.30m | eta: 0.4m
step 00902/01000 (90.20%) | loss: 6.598790 | lrm: 0.98 | dt: 191.51ms | tok/sec: 5,347 | bf16_mfu: 0.00 | epoch: 1 pq: 0 rg: 3 | total time: 3.30m | eta: 0.4m
step 00903/01000 (90.30%) | loss: 6.639402 | lrm: 0.97 | dt: 199.59ms | tok/sec: 5,130 | bf16_mfu: 0.00 | epoch: 1 pq: 0 rg: 3 | total time: 3.31m | eta: 0.4m
step 00904/01000 (90.40%) | loss: 6.692186 | lrm: 0.96 | dt: 168.17ms | tok/sec: 6,089 | bf16_mfu: 0.00 | epoch: 1 pq: 0 rg: 3 | total time: 3.31m | eta: 0.4m
step 00905/01000 (90.50%) | loss: 6.632179 | lrm: 0.95 | dt: 188.87ms | tok/sec: 5,421 | bf16_mfu: 0.00 | epoch: 1 pq: 0 rg: 3 | total time: 3.31m | eta: 0.4m
step 00906/01000 (90.60%) | loss: 6.556349 | lrm: 0.94 | dt: 230.14ms | tok/sec: 4,449 | bf16_mfu: 0.00 | epoch: 1 pq: 0 rg: 3 | total time: 3.32m | eta: 0.3m
step 00907/01000 (90.70%) | loss: 6.573597 | lrm: 0.93 | dt: 207.89ms | tok/sec: 4,925 | bf16_mfu: 0.00 | epoch: 1 pq: 0 rg: 3 | total time: 3.32m | eta: 0.3m
step 00908/01000 (90.80%) | loss: 6.618517 | lrm: 0.92 | dt: 209.43ms | tok/sec: 4,889 | bf16_mfu: 0.00 | epoch: 1 pq: 0 rg: 3 | total time: 3.32m | eta: 0.3m
step 00909/01000 (90.90%) | loss: 6.690935 | lrm: 0.91 | dt: 239.52ms | tok/sec: 4,275 | bf16_mfu: 0.00 | epoch: 1 pq: 0 rg: 3 | total time: 3.33m | eta: 0.3m
step 00910/01000 (91.00%) | loss: 6.670062 | lrm: 0.91 | dt: 215.50ms | tok/sec: 4,751 | bf16_mfu: 0.00 | epoch: 1 pq: 0 rg: 3 | total time: 3.33m | eta: 0.3m
step 00911/01000 (91.10%) | loss: 6.648265 | lrm: 0.90 | dt: 236.80ms | tok/sec: 4,324 | bf16_mfu: 0.00 | epoch: 1 pq: 0 rg: 3 | total time: 3.34m | eta: 0.3m
step 00912/01000 (91.20%) | loss: 6.722904 | lrm: 0.89 | dt: 360.38ms | tok/sec: 2,841 | bf16_mfu: 0.00 | epoch: 1 pq: 0 rg: 3 | total time: 3.34m | eta: 0.3m
step 00913/01000 (91.30%) | loss: 6.738074 | lrm: 0.88 | dt: 227.71ms | tok/sec: 4,496 | bf16_mfu: 0.00 | epoch: 1 pq: 0 rg: 3 | total time: 3.35m | eta: 0.3m
step 00914/01000 (91.40%) | loss: 6.667246 | lrm: 0.87 | dt: 233.94ms | tok/sec: 4,377 | bf16_mfu: 0.00 | epoch: 1 pq: 0 rg: 3 | total time: 3.35m | eta: 0.3m
step 00915/01000 (91.50%) | loss: 6.548676 | lrm: 0.86 | dt: 210.93ms | tok/sec: 4,854 | bf16_mfu: 0.00 | epoch: 1 pq: 0 rg: 3 | total time: 3.35m | eta: 0.3m
step 00916/01000 (91.60%) | loss: 6.525933 | lrm: 0.85 | dt: 184.68ms | tok/sec: 5,544 | bf16_mfu: 0.00 | epoch: 1 pq: 0 rg: 3 | total time: 3.36m | eta: 0.3m2026-04-21 00:36:04,394 - nanochat.checkpoint_manager - [32m[1mINFO[0m - Saved model parameters to: /Users/evergreen/.cache/nanochat/base_checkpoints/d4/model_001000.pt
2026-04-21 00:36:04,395 - nanochat.checkpoint_manager - [32m[1mINFO[0m - Saved metadata to: /Users/evergreen/.cache/nanochat/base_checkpoints/d4/meta_001000.json
2026-04-21 00:36:04,665 - nanochat.checkpoint_manager - [32m[1mINFO[0m - Saved optimizer state to: /Users/evergreen/.cache/nanochat/base_checkpoints/d4/optim_001000_rank0.pt

step 00917/01000 (91.70%) | loss: 6.467747 | lrm: 0.84 | dt: 178.78ms | tok/sec: 5,727 | bf16_mfu: 0.00 | epoch: 1 pq: 0 rg: 3 | total time: 3.36m | eta: 0.3m
step 00918/01000 (91.80%) | loss: 6.515446 | lrm: 0.83 | dt: 185.95ms | tok/sec: 5,506 | bf16_mfu: 0.00 | epoch: 1 pq: 0 rg: 3 | total time: 3.36m | eta: 0.3m
step 00919/01000 (91.90%) | loss: 6.534169 | lrm: 0.82 | dt: 213.31ms | tok/sec: 4,800 | bf16_mfu: 0.00 | epoch: 1 pq: 0 rg: 3 | total time: 3.37m | eta: 0.3m
step 00920/01000 (92.00%) | loss: 6.506462 | lrm: 0.81 | dt: 175.76ms | tok/sec: 5,825 | bf16_mfu: 0.00 | epoch: 1 pq: 0 rg: 3 | total time: 3.37m | eta: 0.3m
step 00921/01000 (92.10%) | loss: 6.590885 | lrm: 0.80 | dt: 193.77ms | tok/sec: 5,284 | bf16_mfu: 0.00 | epoch: 1 pq: 0 rg: 3 | total time: 3.37m | eta: 0.3m
step 00922/01000 (92.20%) | loss: 6.572667 | lrm: 0.79 | dt: 201.25ms | tok/sec: 5,088 | bf16_mfu: 0.00 | epoch: 1 pq: 0 rg: 3 | total time: 3.38m | eta: 0.3m
step 00923/01000 (92.30%) | loss: 6.592335 | lrm: 0.78 | dt: 182.91ms | tok/sec: 5,598 | bf16_mfu: 0.00 | epoch: 1 pq: 0 rg: 3 | total time: 3.38m | eta: 0.3m
step 00924/01000 (92.40%) | loss: 6.612388 | lrm: 0.77 | dt: 200.07ms | tok/sec: 5,118 | bf16_mfu: 0.00 | epoch: 1 pq: 0 rg: 3 | total time: 3.38m | eta: 0.3m
step 00925/01000 (92.50%) | loss: 6.582294 | lrm: 0.76 | dt: 212.99ms | tok/sec: 4,807 | bf16_mfu: 0.00 | epoch: 1 pq: 0 rg: 3 | total time: 3.38m | eta: 0.3m
step 00926/01000 (92.60%) | loss: 6.622894 | lrm: 0.75 | dt: 209.77ms | tok/sec: 4,881 | bf16_mfu: 0.00 | epoch: 1 pq: 0 rg: 3 | total time: 3.39m | eta: 0.3m
step 00927/01000 (92.70%) | loss: 6.635059 | lrm: 0.74 | dt: 403.83ms | tok/sec: 2,535 | bf16_mfu: 0.00 | epoch: 1 pq: 0 rg: 3 | total time: 3.40m | eta: 0.3m
step 00928/01000 (92.80%) | loss: 6.699828 | lrm: 0.73 | dt: 214.82ms | tok/sec: 4,766 | bf16_mfu: 0.00 | epoch: 1 pq: 0 rg: 3 | total time: 3.40m | eta: 0.3m
step 00929/01000 (92.90%) | loss: 6.653900 | lrm: 0.72 | dt: 209.33ms | tok/sec: 4,891 | bf16_mfu: 0.00 | epoch: 1 pq: 0 rg: 3 | total time: 3.40m | eta: 0.3m
step 00930/01000 (93.00%) | loss: 6.666233 | lrm: 0.71 | dt: 242.24ms | tok/sec: 4,227 | bf16_mfu: 0.00 | epoch: 1 pq: 0 rg: 3 | total time: 3.41m | eta: 0.3m
step 00931/01000 (93.10%) | loss: 6.657989 | lrm: 0.71 | dt: 182.04ms | tok/sec: 5,625 | bf16_mfu: 0.00 | epoch: 1 pq: 0 rg: 3 | total time: 3.41m | eta: 0.3m
step 00932/01000 (93.20%) | loss: 6.914308 | lrm: 0.70 | dt: 209.06ms | tok/sec: 4,898 | bf16_mfu: 0.00 | epoch: 1 pq: 0 rg: 3 | total time: 3.41m | eta: 0.3m
step 00933/01000 (93.30%) | loss: 6.844195 | lrm: 0.69 | dt: 220.36ms | tok/sec: 4,647 | bf16_mfu: 0.00 | epoch: 1 pq: 0 rg: 3 | total time: 3.42m | eta: 0.2m
step 00934/01000 (93.40%) | loss: 6.873513 | lrm: 0.68 | dt: 182.34ms | tok/sec: 5,615 | bf16_mfu: 0.00 | epoch: 1 pq: 0 rg: 3 | total time: 3.42m | eta: 0.2m
step 00935/01000 (93.50%) | loss: 6.867730 | lrm: 0.67 | dt: 224.48ms | tok/sec: 4,561 | bf16_mfu: 0.00 | epoch: 1 pq: 0 rg: 3 | total time: 3.42m | eta: 0.2m
step 00936/01000 (93.60%) | loss: 6.822422 | lrm: 0.66 | dt: 207.83ms | tok/sec: 4,927 | bf16_mfu: 0.00 | epoch: 1 pq: 0 rg: 3 | total time: 3.43m | eta: 0.2m
step 00937/01000 (93.70%) | loss: 6.816845 | lrm: 0.65 | dt: 215.50ms | tok/sec: 4,751 | bf16_mfu: 0.00 | epoch: 1 pq: 0 rg: 3 | total time: 3.43m | eta: 0.2m
step 00938/01000 (93.80%) | loss: 6.767113 | lrm: 0.64 | dt: 207.44ms | tok/sec: 4,936 | bf16_mfu: 0.00 | epoch: 1 pq: 0 rg: 3 | total time: 3.43m | eta: 0.2m
step 00939/01000 (93.90%) | loss: 6.761712 | lrm: 0.63 | dt: 222.41ms | tok/sec: 4,604 | bf16_mfu: 0.00 | epoch: 1 pq: 0 rg: 3 | total time: 3.44m | eta: 0.2m
step 00940/01000 (94.00%) | loss: 6.688380 | lrm: 0.62 | dt: 250.12ms | tok/sec: 4,093 | bf16_mfu: 0.00 | epoch: 1 pq: 0 rg: 3 | total time: 3.44m | eta: 0.2m
step 00941/01000 (94.10%) | loss: 6.610616 | lrm: 0.61 | dt: 222.00ms | tok/sec: 4,612 | bf16_mfu: 0.00 | epoch: 1 pq: 0 rg: 3 | total time: 3.45m | eta: 0.2m
step 00942/01000 (94.20%) | loss: 6.575916 | lrm: 0.60 | dt: 201.73ms | tok/sec: 5,076 | bf16_mfu: 0.00 | epoch: 1 pq: 0 rg: 3 | total time: 3.45m | eta: 0.2m
step 00943/01000 (94.30%) | loss: 6.507410 | lrm: 0.59 | dt: 240.82ms | tok/sec: 4,252 | bf16_mfu: 0.00 | epoch: 1 pq: 0 rg: 3 | total time: 3.45m | eta: 0.2m
step 00944/01000 (94.40%) | loss: 6.515552 | lrm: 0.58 | dt: 402.84ms | tok/sec: 2,541 | bf16_mfu: 0.00 | epoch: 1 pq: 0 rg: 3 | total time: 3.46m | eta: 0.2m
step 00945/01000 (94.50%) | loss: 6.530239 | lrm: 0.57 | dt: 153.97ms | tok/sec: 6,650 | bf16_mfu: 0.00 | epoch: 1 pq: 0 rg: 3 | total time: 3.46m | eta: 0.2m
step 00946/01000 (94.60%) | loss: 6.492126 | lrm: 0.56 | dt: 215.35ms | tok/sec: 4,755 | bf16_mfu: 0.00 | epoch: 1 pq: 0 rg: 3 | total time: 3.47m | eta: 0.2m
step 00947/01000 (94.70%) | loss: 6.494620 | lrm: 0.55 | dt: 216.15ms | tok/sec: 4,737 | bf16_mfu: 0.00 | epoch: 1 pq: 0 rg: 3 | total time: 3.47m | eta: 0.2m
step 00948/01000 (94.80%) | loss: 6.488101 | lrm: 0.54 | dt: 158.69ms | tok/sec: 6,452 | bf16_mfu: 0.00 | epoch: 1 pq: 0 rg: 3 | total time: 3.47m | eta: 0.2m
step 00949/01000 (94.90%) | loss: 6.481379 | lrm: 0.53 | dt: 182.07ms | tok/sec: 5,624 | bf16_mfu: 0.00 | epoch: 1 pq: 0 rg: 3 | total time: 3.47m | eta: 0.2m
step 00950/01000 (95.00%) | loss: 6.494600 | lrm: 0.53 | dt: 170.83ms | tok/sec: 5,994 | bf16_mfu: 0.00 | epoch: 1 pq: 0 rg: 3 | total time: 3.48m | eta: 0.2m
step 00951/01000 (95.10%) | loss: 6.493380 | lrm: 0.52 | dt: 177.21ms | tok/sec: 5,778 | bf16_mfu: 0.00 | epoch: 1 pq: 0 rg: 3 | total time: 3.48m | eta: 0.2m
step 00952/01000 (95.20%) | loss: 6.564725 | lrm: 0.51 | dt: 188.20ms | tok/sec: 5,440 | bf16_mfu: 0.00 | epoch: 1 pq: 0 rg: 3 | total time: 3.48m | eta: 0.2m
step 00953/01000 (95.30%) | loss: 6.542577 | lrm: 0.50 | dt: 185.37ms | tok/sec: 5,524 | bf16_mfu: 0.00 | epoch: 1 pq: 0 rg: 3 | total time: 3.49m | eta: 0.2m
step 00954/01000 (95.40%) | loss: 6.540504 | lrm: 0.49 | dt: 203.74ms | tok/sec: 5,025 | bf16_mfu: 0.00 | epoch: 1 pq: 0 rg: 3 | total time: 3.49m | eta: 0.2m
step 00955/01000 (95.50%) | loss: 6.571220 | lrm: 0.48 | dt: 205.44ms | tok/sec: 4,984 | bf16_mfu: 0.00 | epoch: 1 pq: 0 rg: 3 | total time: 3.49m | eta: 0.2m
step 00956/01000 (95.60%) | loss: 6.552875 | lrm: 0.47 | dt: 191.79ms | tok/sec: 5,339 | bf16_mfu: 0.00 | epoch: 1 pq: 0 rg: 3 | total time: 3.50m | eta: 0.2m
step 00957/01000 (95.70%) | loss: 6.473059 | lrm: 0.46 | dt: 219.00ms | tok/sec: 4,675 | bf16_mfu: 0.00 | epoch: 1 pq: 0 rg: 3 | total time: 3.50m | eta: 0.2m
step 00958/01000 (95.80%) | loss: 6.501841 | lrm: 0.45 | dt: 213.65ms | tok/sec: 4,792 | bf16_mfu: 0.00 | epoch: 1 pq: 0 rg: 3 | total time: 3.50m | eta: 0.2m
step 00959/01000 (95.90%) | loss: 6.496770 | lrm: 0.44 | dt: 237.99ms | tok/sec: 4,302 | bf16_mfu: 0.00 | epoch: 1 pq: 0 rg: 3 | total time: 3.51m | eta: 0.2m
step 00960/01000 (96.00%) | loss: 6.493818 | lrm: 0.43 | dt: 191.77ms | tok/sec: 5,339 | bf16_mfu: 0.00 | epoch: 1 pq: 0 rg: 3 | total time: 3.51m | eta: 0.1m
step 00961/01000 (96.10%) | loss: 6.494850 | lrm: 0.42 | dt: 241.36ms | tok/sec: 4,242 | bf16_mfu: 0.00 | epoch: 1 pq: 0 rg: 3 | total time: 3.52m | eta: 0.1m
step 00962/01000 (96.20%) | loss: 6.376471 | lrm: 0.41 | dt: 211.30ms | tok/sec: 4,846 | bf16_mfu: 0.00 | epoch: 1 pq: 0 rg: 3 | total time: 3.52m | eta: 0.1m
step 00963/01000 (96.30%) | loss: 6.426378 | lrm: 0.40 | dt: 352.83ms | tok/sec: 2,902 | bf16_mfu: 0.00 | epoch: 1 pq: 0 rg: 3 | total time: 3.52m | eta: 0.1m
step 00964/01000 (96.40%) | loss: 6.433258 | lrm: 0.39 | dt: 243.58ms | tok/sec: 4,203 | bf16_mfu: 0.00 | epoch: 1 pq: 0 rg: 3 | total time: 3.53m | eta: 0.1m
step 00965/01000 (96.50%) | loss: 6.456511 | lrm: 0.38 | dt: 263.95ms | tok/sec: 3,879 | bf16_mfu: 0.00 | epoch: 1 pq: 0 rg: 3 | total time: 3.53m | eta: 0.1m
step 00966/01000 (96.60%) | loss: 6.398843 | lrm: 0.37 | dt: 155.12ms | tok/sec: 6,601 | bf16_mfu: 0.00 | epoch: 1 pq: 0 rg: 3 | total time: 3.54m | eta: 0.1m
step 00967/01000 (96.70%) | loss: 6.378533 | lrm: 0.36 | dt: 224.63ms | tok/sec: 4,558 | bf16_mfu: 0.00 | epoch: 1 pq: 0 rg: 3 | total time: 3.54m | eta: 0.1m
step 00968/01000 (96.80%) | loss: 6.344496 | lrm: 0.35 | dt: 181.73ms | tok/sec: 5,634 | bf16_mfu: 0.00 | epoch: 1 pq: 0 rg: 3 | total time: 3.54m | eta: 0.1m
step 00969/01000 (96.90%) | loss: 6.361918 | lrm: 0.34 | dt: 175.04ms | tok/sec: 5,850 | bf16_mfu: 0.00 | epoch: 1 pq: 0 rg: 3 | total time: 3.55m | eta: 0.1m
step 00970/01000 (97.00%) | loss: 6.312354 | lrm: 0.33 | dt: 179.23ms | tok/sec: 5,713 | bf16_mfu: 0.00 | epoch: 1 pq: 0 rg: 3 | total time: 3.55m | eta: 0.1m
step 00971/01000 (97.10%) | loss: 6.319912 | lrm: 0.33 | dt: 166.35ms | tok/sec: 6,155 | bf16_mfu: 0.00 | epoch: 1 pq: 0 rg: 3 | total time: 3.55m | eta: 0.1m
step 00972/01000 (97.20%) | loss: 6.381916 | lrm: 0.32 | dt: 167.03ms | tok/sec: 6,130 | bf16_mfu: 0.00 | epoch: 1 pq: 0 rg: 3 | total time: 3.55m | eta: 0.1m
step 00973/01000 (97.30%) | loss: 6.351316 | lrm: 0.31 | dt: 189.67ms | tok/sec: 5,398 | bf16_mfu: 0.00 | epoch: 1 pq: 0 rg: 3 | total time: 3.56m | eta: 0.1m
step 00974/01000 (97.40%) | loss: 6.321250 | lrm: 0.30 | dt: 172.44ms | tok/sec: 5,938 | bf16_mfu: 0.00 | epoch: 1 pq: 0 rg: 3 | total time: 3.56m | eta: 0.1m
step 00975/01000 (97.50%) | loss: 6.333479 | lrm: 0.29 | dt: 197.09ms | tok/sec: 5,195 | bf16_mfu: 0.00 | epoch: 1 pq: 0 rg: 3 | total time: 3.56m | eta: 0.1m
step 00976/01000 (97.60%) | loss: 6.314390 | lrm: 0.28 | dt: 195.12ms | tok/sec: 5,248 | bf16_mfu: 0.00 | epoch: 1 pq: 0 rg: 3 | total time: 3.57m | eta: 0.1m
step 00977/01000 (97.70%) | loss: 6.270302 | lrm: 0.27 | dt: 224.12ms | tok/sec: 4,569 | bf16_mfu: 0.00 | epoch: 1 pq: 0 rg: 3 | total time: 3.57m | eta: 0.1m
step 00978/01000 (97.80%) | loss: 6.320947 | lrm: 0.26 | dt: 355.45ms | tok/sec: 2,880 | bf16_mfu: 0.00 | epoch: 1 pq: 0 rg: 3 | total time: 3.58m | eta: 0.1m
step 00979/01000 (97.90%) | loss: 6.376798 | lrm: 0.25 | dt: 159.31ms | tok/sec: 6,427 | bf16_mfu: 0.00 | epoch: 1 pq: 0 rg: 3 | total time: 3.58m | eta: 0.1m
step 00980/01000 (98.00%) | loss: 6.322690 | lrm: 0.24 | dt: 204.38ms | tok/sec: 5,010 | bf16_mfu: 0.00 | epoch: 1 pq: 0 rg: 3 | total time: 3.58m | eta: 0.1m
step 00981/01000 (98.10%) | loss: 6.338576 | lrm: 0.23 | dt: 242.00ms | tok/sec: 4,231 | bf16_mfu: 0.00 | epoch: 1 pq: 0 rg: 3 | total time: 3.59m | eta: 0.1m
step 00982/01000 (98.20%) | loss: 6.344393 | lrm: 0.22 | dt: 241.29ms | tok/sec: 4,243 | bf16_mfu: 0.00 | epoch: 1 pq: 0 rg: 3 | total time: 3.59m | eta: 0.1m
step 00983/01000 (98.30%) | loss: 6.321067 | lrm: 0.21 | dt: 256.77ms | tok/sec: 3,988 | bf16_mfu: 0.00 | epoch: 1 pq: 0 rg: 4 | total time: 3.59m | eta: 0.1m
step 00984/01000 (98.40%) | loss: 6.344503 | lrm: 0.20 | dt: 208.80ms | tok/sec: 4,904 | bf16_mfu: 0.00 | epoch: 1 pq: 0 rg: 4 | total time: 3.60m | eta: 0.1m
step 00985/01000 (98.50%) | loss: 6.361111 | lrm: 0.19 | dt: 202.67ms | tok/sec: 5,052 | bf16_mfu: 0.00 | epoch: 1 pq: 0 rg: 4 | total time: 3.60m | eta: 0.1m
step 00986/01000 (98.60%) | loss: 6.358742 | lrm: 0.18 | dt: 213.61ms | tok/sec: 4,793 | bf16_mfu: 0.00 | epoch: 1 pq: 0 rg: 4 | total time: 3.61m | eta: 0.1m
step 00987/01000 (98.70%) | loss: 6.346153 | lrm: 0.17 | dt: 232.11ms | tok/sec: 4,411 | bf16_mfu: 0.00 | epoch: 1 pq: 0 rg: 4 | total time: 3.61m | eta: 0.0m
step 00988/01000 (98.80%) | loss: 6.327594 | lrm: 0.16 | dt: 203.42ms | tok/sec: 5,033 | bf16_mfu: 0.00 | epoch: 1 pq: 0 rg: 4 | total time: 3.61m | eta: 0.0m
step 00989/01000 (98.90%) | loss: 6.308575 | lrm: 0.15 | dt: 204.65ms | tok/sec: 5,003 | bf16_mfu: 0.00 | epoch: 1 pq: 0 rg: 4 | total time: 3.62m | eta: 0.0m
step 00990/01000 (99.00%) | loss: 6.319823 | lrm: 0.15 | dt: 217.43ms | tok/sec: 4,709 | bf16_mfu: 0.00 | epoch: 1 pq: 0 rg: 4 | total time: 3.62m | eta: 0.0m
step 00991/01000 (99.10%) | loss: 6.384304 | lrm: 0.14 | dt: 225.22ms | tok/sec: 4,546 | bf16_mfu: 0.00 | epoch: 1 pq: 0 rg: 4 | total time: 3.62m | eta: 0.0m
step 00992/01000 (99.20%) | loss: 6.424156 | lrm: 0.13 | dt: 302.17ms | tok/sec: 3,388 | bf16_mfu: 0.00 | epoch: 1 pq: 0 rg: 4 | total time: 3.63m | eta: 0.0m
step 00993/01000 (99.30%) | loss: 6.435990 | lrm: 0.12 | dt: 219.85ms | tok/sec: 4,657 | bf16_mfu: 0.00 | epoch: 1 pq: 0 rg: 4 | total time: 3.63m | eta: 0.0m
step 00994/01000 (99.40%) | loss: 6.467522 | lrm: 0.11 | dt: 233.30ms | tok/sec: 4,389 | bf16_mfu: 0.00 | epoch: 1 pq: 0 rg: 4 | total time: 3.64m | eta: 0.0m
step 00995/01000 (99.50%) | loss: 6.445787 | lrm: 0.10 | dt: 161.84ms | tok/sec: 6,327 | bf16_mfu: 0.00 | epoch: 1 pq: 0 rg: 4 | total time: 3.64m | eta: 0.0m
step 00996/01000 (99.60%) | loss: 6.423640 | lrm: 0.09 | dt: 268.59ms | tok/sec: 3,812 | bf16_mfu: 0.00 | epoch: 1 pq: 0 rg: 4 | total time: 3.64m | eta: 0.0m
step 00997/01000 (99.70%) | loss: 6.401590 | lrm: 0.08 | dt: 129.94ms | tok/sec: 7,880 | bf16_mfu: 0.00 | epoch: 1 pq: 0 rg: 4 | total time: 3.65m | eta: 0.0m
step 00998/01000 (99.80%) | loss: 6.441583 | lrm: 0.07 | dt: 165.88ms | tok/sec: 6,173 | bf16_mfu: 0.00 | epoch: 1 pq: 0 rg: 4 | total time: 3.65m | eta: 0.0m
step 00999/01000 (99.90%) | loss: 6.516025 | lrm: 0.06 | dt: 197.78ms | tok/sec: 5,177 | bf16_mfu: 0.00 | epoch: 1 pq: 0 rg: 4 | total time: 3.65m | eta: 0.0m
Peak memory usage: 0.00MiB
Total training time: 3.65m
