/Users/evergreen/miniforge3/envs/py3_12/lib/python3.12/site-packages/requests/__init__.py:113: RequestsDependencyWarning: urllib3 (2.6.2) or chardet (6.0.0.post1)/charset_normalizer (3.4.4) doesn't match a supported version!
  warnings.warn(
/Users/evergreen/miniforge3/envs/py3_12/lib/python3.12/site-packages/pydantic/_internal/_generate_schema.py:2249: UnsupportedFieldAttributeWarning: The 'repr' attribute with value False was provided to the `Field()` function, which has no effect in the context it was used. 'repr' is field-specific metadata, and can only be attached to a model field using `Annotated` metadata or by assignment. This may have happened because an `Annotated` type alias using the `type` statement was used, or if the `Field()` function was attached to a single member of a union type.
  warnings.warn(
/Users/evergreen/miniforge3/envs/py3_12/lib/python3.12/site-packages/pydantic/_internal/_generate_schema.py:2249: UnsupportedFieldAttributeWarning: The 'frozen' attribute with value True was provided to the `Field()` function, which has no effect in the context it was used. 'frozen' is field-specific metadata, and can only be attached to a model field using `Annotated` metadata or by assignment. This may have happened because an `Annotated` type alias using the `type` statement was used, or if the `Field()` function was attached to a single member of a union type.
  warnings.warn(
2026-04-21 00:47:31,212 - nanochat.common - [32m[1mINFO[0m - Distributed world size: 1

                                                       █████                █████
                                                      ░░███                ░░███
     ████████    ██████   ████████    ██████   ██████  ░███████    ██████  ███████
    ░░███░░███  ░░░░░███ ░░███░░███  ███░░███ ███░░███ ░███░░███  ░░░░░███░░░███░
     ░███ ░███   ███████  ░███ ░███ ░███ ░███░███ ░░░  ░███ ░███   ███████  ░███
     ░███ ░███  ███░░███  ░███ ░███ ░███ ░███░███  ███ ░███ ░███  ███░░███  ░███ ███
     ████ █████░░████████ ████ █████░░██████ ░░██████  ████ █████░░███████  ░░█████
    ░░░░ ░░░░░  ░░░░░░░░ ░░░░ ░░░░░  ░░░░░░   ░░░░░░  ░░░░ ░░░░░  ░░░░░░░░   ░░░░░
    
Autodetected device type: mps
COMPUTE_DTYPE: torch.float32 (auto-detected: no CUDA (CPU/MPS))
!!!!!!!!!!!!!!!!!!!!!!!!!!!!!!!!!!!!!!!!!!!!!!!!!!!!!!!!!!!!!!!!!!!!!!!!!!!!!!!!
WARNING: Flash Attention 3 not available, using PyTorch SDPA fallback
WARNING: Training will be less efficient without FA3
WARNING: SDPA has no support for sliding window attention (window_pattern='SSSL'). Your GPU utilization will be terrible.
WARNING: Recommend using --window-pattern L for full context attention without alternating sliding window patterns.
!!!!!!!!!!!!!!!!!!!!!!!!!!!!!!!!!!!!!!!!!!!!!!!!!!!!!!!!!!!!!!!!!!!!!!!!!!!!!!!!
Vocab size: 32,768
Model config:
{
  "sequence_len": 512,
  "vocab_size": 32768,
  "n_layer": 4,
  "n_head": 1,
  "n_kv_head": 1,
  "n_embd": 128,
  "window_pattern": "SSSL",
  "mlp_activation": "relu"
}
Attention c_proj init: gaussian, std=1/sqrt(n_embd)
MLP activation: relu
MLP c_proj init: gaussian, std=1/sqrt(4*n_embd)
Skipping torch.compile on MPS because the Metal backend is still experimental
Parameter counts:
wte                     : 4,194,304
value_embeds            : 8,388,608
lm_head                 : 4,194,304
transformer_matrices    : 786,456
scalars                 : 34
total                   : 17,563,706
Estimated FLOPs per token: 3.126082e+07
Scaling LRs by 0.0442 for batch size 1,024 (reference: 524,288)
Scaling weight decay from 0.280000 to 0.084016 for depth 4
Scaling the LR for the AdamW parameters ∝1/√(128/768) = 2.449490
Paired FFN pairs active: 4, skipped: 0 (activation: relu)
Using user-provided number of iterations: 1,000
Total number of training tokens: 1,024,000
Tokens : Scaling params ratio: 0.21
Total training FLOPs estimate: 3.201108e+13
Tokens / micro-batch / rank: 1 x 512 = 512
Tokens / micro-batch: 512
Total batch size 1,024 => gradient accumulation steps: 2
step 00000/01000 (0.00%) | loss: 10.396892 | lrm: 0.03 | dt: 664.43ms | tok/sec: 1,541 | bf16_mfu: 0.00 | epoch: 1 pq: 0 rg: 0 | total time: 0.00m
step 00001/01000 (0.10%) | loss: 10.396684 | lrm: 0.05 | dt: 145.24ms | tok/sec: 7,050 | bf16_mfu: 0.00 | epoch: 1 pq: 0 rg: 0 | total time: 0.00m
step 00002/01000 (0.20%) | loss: 10.397181 | lrm: 0.07 | dt: 126.44ms | tok/sec: 8,098 | bf16_mfu: 0.00 | epoch: 1 pq: 0 rg: 0 | total time: 0.00m
step 00003/01000 (0.30%) | loss: 10.397078 | lrm: 0.10 | dt: 120.59ms | tok/sec: 8,491 | bf16_mfu: 0.00 | epoch: 1 pq: 0 rg: 0 | total time: 0.00m
step 00004/01000 (0.40%) | loss: 10.396722 | lrm: 0.12 | dt: 120.95ms | tok/sec: 8,466 | bf16_mfu: 0.00 | epoch: 1 pq: 0 rg: 0 | total time: 0.00m
step 00005/01000 (0.50%) | loss: 10.396095 | lrm: 0.15 | dt: 134.58ms | tok/sec: 7,608 | bf16_mfu: 0.00 | epoch: 1 pq: 0 rg: 1 | total time: 0.00m
step 00006/01000 (0.60%) | loss: 10.394873 | lrm: 0.17 | dt: 122.63ms | tok/sec: 8,350 | bf16_mfu: 0.00 | epoch: 1 pq: 0 rg: 1 | total time: 0.00m
step 00007/01000 (0.70%) | loss: 10.393657 | lrm: 0.20 | dt: 121.15ms | tok/sec: 8,452 | bf16_mfu: 0.00 | epoch: 1 pq: 0 rg: 1 | total time: 0.00m
step 00008/01000 (0.80%) | loss: 10.391929 | lrm: 0.23 | dt: 121.48ms | tok/sec: 8,429 | bf16_mfu: 0.00 | epoch: 1 pq: 0 rg: 1 | total time: 0.00m
step 00009/01000 (0.90%) | loss: 10.390131 | lrm: 0.25 | dt: 121.75ms | tok/sec: 8,410 | bf16_mfu: 0.00 | epoch: 1 pq: 0 rg: 1 | total time: 0.00m
step 00010/01000 (1.00%) | loss: 10.388297 | lrm: 0.28 | dt: 125.50ms | tok/sec: 8,159 | bf16_mfu: 0.00 | epoch: 1 pq: 0 rg: 1 | total time: 0.00m
step 00011/01000 (1.10%) | loss: 10.385356 | lrm: 0.30 | dt: 125.35ms | tok/sec: 8,169 | bf16_mfu: 0.00 | epoch: 1 pq: 0 rg: 1 | total time: 0.00m | eta: 2.1m
step 00012/01000 (1.20%) | loss: 10.380581 | lrm: 0.33 | dt: 127.46ms | tok/sec: 8,033 | bf16_mfu: 0.00 | epoch: 1 pq: 0 rg: 1 | total time: 0.00m | eta: 2.1m
step 00013/01000 (1.30%) | loss: 10.375629 | lrm: 0.35 | dt: 137.09ms | tok/sec: 7,469 | bf16_mfu: 0.00 | epoch: 1 pq: 0 rg: 1 | total time: 0.01m | eta: 2.1m
step 00014/01000 (1.40%) | loss: 10.369565 | lrm: 0.38 | dt: 285.78ms | tok/sec: 3,583 | bf16_mfu: 0.00 | epoch: 1 pq: 0 rg: 1 | total time: 0.01m | eta: 2.8m
step 00015/01000 (1.50%) | loss: 10.361750 | lrm: 0.40 | dt: 254.71ms | tok/sec: 4,020 | bf16_mfu: 0.00 | epoch: 1 pq: 0 rg: 1 | total time: 0.02m | eta: 3.1m
step 00016/01000 (1.60%) | loss: 10.351511 | lrm: 0.42 | dt: 471.51ms | tok/sec: 2,171 | bf16_mfu: 0.00 | epoch: 1 pq: 0 rg: 1 | total time: 0.02m | eta: 3.8m
step 00017/01000 (1.70%) | loss: 10.337224 | lrm: 0.45 | dt: 406.07ms | tok/sec: 2,521 | bf16_mfu: 0.00 | epoch: 1 pq: 0 rg: 1 | total time: 0.03m | eta: 4.2m
step 00018/01000 (1.80%) | loss: 10.319729 | lrm: 0.47 | dt: 360.83ms | tok/sec: 2,837 | bf16_mfu: 0.00 | epoch: 1 pq: 0 rg: 1 | total time: 0.04m | eta: 4.4m
step 00019/01000 (1.90%) | loss: 10.306418 | lrm: 0.50 | dt: 273.47ms | tok/sec: 3,744 | bf16_mfu: 0.00 | epoch: 1 pq: 0 rg: 1 | total time: 0.04m | eta: 4.4m
step 00020/01000 (2.00%) | loss: 10.284769 | lrm: 0.53 | dt: 335.19ms | tok/sec: 3,054 | bf16_mfu: 0.00 | epoch: 1 pq: 0 rg: 1 | total time: 0.05m | eta: 4.5m
step 00021/01000 (2.10%) | loss: 10.261509 | lrm: 0.55 | dt: 333.14ms | tok/sec: 3,073 | bf16_mfu: 0.00 | epoch: 1 pq: 0 rg: 1 | total time: 0.05m | eta: 4.6m
step 00022/01000 (2.20%) | loss: 10.229414 | lrm: 0.57 | dt: 161.95ms | tok/sec: 6,322 | bf16_mfu: 0.00 | epoch: 1 pq: 0 rg: 1 | total time: 0.05m | eta: 4.4m
step 00023/01000 (2.30%) | loss: 10.198162 | lrm: 0.60 | dt: 145.71ms | tok/sec: 7,027 | bf16_mfu: 0.00 | epoch: 1 pq: 0 rg: 1 | total time: 0.06m | eta: 4.3m
step 00024/01000 (2.40%) | loss: 10.166827 | lrm: 0.62 | dt: 152.05ms | tok/sec: 6,734 | bf16_mfu: 0.00 | epoch: 1 pq: 0 rg: 1 | total time: 0.06m | eta: 4.1m
step 00025/01000 (2.50%) | loss: 10.134155 | lrm: 0.65 | dt: 147.21ms | tok/sec: 6,956 | bf16_mfu: 0.00 | epoch: 1 pq: 0 rg: 1 | total time: 0.06m | eta: 4.0m
step 00026/01000 (2.60%) | loss: 10.096201 | lrm: 0.68 | dt: 141.99ms | tok/sec: 7,211 | bf16_mfu: 0.00 | epoch: 1 pq: 0 rg: 1 | total time: 0.06m | eta: 3.9m
step 00027/01000 (2.70%) | loss: 10.044614 | lrm: 0.70 | dt: 149.69ms | tok/sec: 6,840 | bf16_mfu: 0.00 | epoch: 1 pq: 0 rg: 1 | total time: 0.07m | eta: 3.8m
step 00028/01000 (2.80%) | loss: 9.994529 | lrm: 0.72 | dt: 144.13ms | tok/sec: 7,104 | bf16_mfu: 0.00 | epoch: 1 pq: 0 rg: 1 | total time: 0.07m | eta: 3.7m
step 00029/01000 (2.90%) | loss: 9.952934 | lrm: 0.75 | dt: 142.06ms | tok/sec: 7,208 | bf16_mfu: 0.00 | epoch: 1 pq: 0 rg: 1 | total time: 0.07m | eta: 3.7m
step 00030/01000 (3.00%) | loss: 9.886359 | lrm: 0.78 | dt: 151.05ms | tok/sec: 6,779 | bf16_mfu: 0.00 | epoch: 1 pq: 0 rg: 1 | total time: 0.07m | eta: 3.6m
step 00031/01000 (3.10%) | loss: 9.839905 | lrm: 0.80 | dt: 154.36ms | tok/sec: 6,633 | bf16_mfu: 0.00 | epoch: 1 pq: 0 rg: 1 | total time: 0.08m | eta: 3.5m
step 00032/01000 (3.20%) | loss: 9.796128 | lrm: 0.82 | dt: 155.69ms | tok/sec: 6,577 | bf16_mfu: 0.00 | epoch: 1 pq: 0 rg: 1 | total time: 0.08m | eta: 3.5m
step 00033/01000 (3.30%) | loss: 9.726276 | lrm: 0.85 | dt: 163.65ms | tok/sec: 6,257 | bf16_mfu: 0.00 | epoch: 1 pq: 0 rg: 1 | total time: 0.08m | eta: 3.4m
step 00034/01000 (3.40%) | loss: 9.652109 | lrm: 0.88 | dt: 173.47ms | tok/sec: 5,903 | bf16_mfu: 0.00 | epoch: 1 pq: 0 rg: 1 | total time: 0.08m | eta: 3.4m
step 00035/01000 (3.50%) | loss: 9.596407 | lrm: 0.90 | dt: 197.74ms | tok/sec: 5,178 | bf16_mfu: 0.00 | epoch: 1 pq: 0 rg: 1 | total time: 0.09m | eta: 3.4m
step 00036/01000 (3.60%) | loss: 9.566214 | lrm: 0.93 | dt: 356.91ms | tok/sec: 2,869 | bf16_mfu: 0.00 | epoch: 1 pq: 0 rg: 1 | total time: 0.09m | eta: 3.5m
step 00037/01000 (3.70%) | loss: 9.483045 | lrm: 0.95 | dt: 338.35ms | tok/sec: 3,026 | bf16_mfu: 0.00 | epoch: 1 pq: 0 rg: 1 | total time: 0.10m | eta: 3.6m
step 00038/01000 (3.80%) | loss: 9.408435 | lrm: 0.97 | dt: 252.39ms | tok/sec: 4,057 | bf16_mfu: 0.00 | epoch: 1 pq: 0 rg: 1 | total time: 0.10m | eta: 3.6m
step 00039/01000 (3.90%) | loss: 9.349973 | lrm: 1.00 | dt: 231.99ms | tok/sec: 4,413 | bf16_mfu: 0.00 | epoch: 1 pq: 0 rg: 1 | total time: 0.11m | eta: 3.6m
step 00040/01000 (4.00%) | loss: 9.300991 | lrm: 1.00 | dt: 225.32ms | tok/sec: 4,544 | bf16_mfu: 0.00 | epoch: 1 pq: 0 rg: 1 | total time: 0.11m | eta: 3.6m
step 00041/01000 (4.10%) | loss: 9.240650 | lrm: 1.00 | dt: 221.71ms | tok/sec: 4,618 | bf16_mfu: 0.00 | epoch: 1 pq: 0 rg: 1 | total time: 0.12m | eta: 3.6m
step 00042/01000 (4.20%) | loss: 9.168529 | lrm: 1.00 | dt: 250.99ms | tok/sec: 4,079 | bf16_mfu: 0.00 | epoch: 1 pq: 0 rg: 1 | total time: 0.12m | eta: 3.6m
step 00043/01000 (4.30%) | loss: 9.096938 | lrm: 1.00 | dt: 226.14ms | tok/sec: 4,528 | bf16_mfu: 0.00 | epoch: 1 pq: 0 rg: 1 | total time: 0.12m | eta: 3.6m
step 00044/01000 (4.40%) | loss: 9.022443 | lrm: 1.00 | dt: 362.95ms | tok/sec: 2,821 | bf16_mfu: 0.00 | epoch: 1 pq: 0 rg: 1 | total time: 0.13m | eta: 3.6m
step 00045/01000 (4.50%) | loss: 8.980903 | lrm: 1.00 | dt: 228.13ms | tok/sec: 4,488 | bf16_mfu: 0.00 | epoch: 1 pq: 0 rg: 1 | total time: 0.13m | eta: 3.6m
step 00046/01000 (4.60%) | loss: 8.916835 | lrm: 1.00 | dt: 217.92ms | tok/sec: 4,698 | bf16_mfu: 0.00 | epoch: 1 pq: 0 rg: 1 | total time: 0.14m | eta: 3.6m
step 00047/01000 (4.70%) | loss: 8.851517 | lrm: 1.00 | dt: 202.55ms | tok/sec: 5,055 | bf16_mfu: 0.00 | epoch: 1 pq: 0 rg: 1 | total time: 0.14m | eta: 3.6m
step 00048/01000 (4.80%) | loss: 8.808715 | lrm: 1.00 | dt: 198.10ms | tok/sec: 5,169 | bf16_mfu: 0.00 | epoch: 1 pq: 0 rg: 1 | total time: 0.14m | eta: 3.6m
step 00049/01000 (4.90%) | loss: 8.733494 | lrm: 1.00 | dt: 191.71ms | tok/sec: 5,341 | bf16_mfu: 0.00 | epoch: 1 pq: 0 rg: 1 | total time: 0.15m | eta: 3.6m
step 00050/01000 (5.00%) | loss: 8.663362 | lrm: 1.00 | dt: 194.03ms | tok/sec: 5,277 | bf16_mfu: 0.00 | epoch: 1 pq: 0 rg: 1 | total time: 0.15m | eta: 3.6m
step 00051/01000 (5.10%) | loss: 8.614336 | lrm: 1.00 | dt: 215.83ms | tok/sec: 4,744 | bf16_mfu: 0.00 | epoch: 1 pq: 0 rg: 1 | total time: 0.15m | eta: 3.6m
step 00052/01000 (5.20%) | loss: 8.561635 | lrm: 1.00 | dt: 214.63ms | tok/sec: 4,770 | bf16_mfu: 0.00 | epoch: 1 pq: 0 rg: 1 | total time: 0.16m | eta: 3.5m
step 00053/01000 (5.30%) | loss: 8.499687 | lrm: 1.00 | dt: 230.54ms | tok/sec: 4,441 | bf16_mfu: 0.00 | epoch: 1 pq: 0 rg: 1 | total time: 0.16m | eta: 3.5m
step 00054/01000 (5.40%) | loss: 8.459726 | lrm: 1.00 | dt: 424.21ms | tok/sec: 2,413 | bf16_mfu: 0.00 | epoch: 1 pq: 0 rg: 1 | total time: 0.17m | eta: 3.6m
step 00055/01000 (5.50%) | loss: 8.432808 | lrm: 1.00 | dt: 197.14ms | tok/sec: 5,194 | bf16_mfu: 0.00 | epoch: 1 pq: 0 rg: 1 | total time: 0.17m | eta: 3.6m
step 00056/01000 (5.60%) | loss: 8.390245 | lrm: 1.00 | dt: 195.47ms | tok/sec: 5,238 | bf16_mfu: 0.00 | epoch: 1 pq: 0 rg: 1 | total time: 0.17m | eta: 3.6m
step 00057/01000 (5.70%) | loss: 8.352899 | lrm: 1.00 | dt: 195.36ms | tok/sec: 5,241 | bf16_mfu: 0.00 | epoch: 1 pq: 0 rg: 1 | total time: 0.18m | eta: 3.6m
step 00058/01000 (5.80%) | loss: 8.273541 | lrm: 1.00 | dt: 185.90ms | tok/sec: 5,508 | bf16_mfu: 0.00 | epoch: 1 pq: 0 rg: 1 | total time: 0.18m | eta: 3.5m
step 00059/01000 (5.90%) | loss: 8.230159 | lrm: 1.00 | dt: 190.90ms | tok/sec: 5,364 | bf16_mfu: 0.00 | epoch: 1 pq: 0 rg: 1 | total time: 0.18m | eta: 3.5m
step 00060/01000 (6.00%) | loss: 8.170946 | lrm: 1.00 | dt: 195.36ms | tok/sec: 5,241 | bf16_mfu: 0.00 | epoch: 1 pq: 0 rg: 1 | total time: 0.19m | eta: 3.5m
step 00061/01000 (6.10%) | loss: 8.128271 | lrm: 1.00 | dt: 169.23ms | tok/sec: 6,051 | bf16_mfu: 0.00 | epoch: 1 pq: 0 rg: 1 | total time: 0.19m | eta: 3.5m
step 00062/01000 (6.20%) | loss: 8.109921 | lrm: 1.00 | dt: 209.47ms | tok/sec: 4,888 | bf16_mfu: 0.00 | epoch: 1 pq: 0 rg: 1 | total time: 0.19m | eta: 3.5m
step 00063/01000 (6.30%) | loss: 8.100602 | lrm: 1.00 | dt: 197.92ms | tok/sec: 5,173 | bf16_mfu: 0.00 | epoch: 1 pq: 0 rg: 1 | total time: 0.20m | eta: 3.5m
step 00064/01000 (6.40%) | loss: 8.027711 | lrm: 1.00 | dt: 186.66ms | tok/sec: 5,485 | bf16_mfu: 0.00 | epoch: 1 pq: 0 rg: 1 | total time: 0.20m | eta: 3.5m
step 00065/01000 (6.50%) | loss: 8.012407 | lrm: 1.00 | dt: 200.65ms | tok/sec: 5,103 | bf16_mfu: 0.00 | epoch: 1 pq: 0 rg: 1 | total time: 0.20m | eta: 3.5m
step 00066/01000 (6.60%) | loss: 7.990863 | lrm: 1.00 | dt: 200.78ms | tok/sec: 5,100 | bf16_mfu: 0.00 | epoch: 1 pq: 0 rg: 1 | total time: 0.21m | eta: 3.4m
step 00067/01000 (6.70%) | loss: 7.953849 | lrm: 1.00 | dt: 307.05ms | tok/sec: 3,334 | bf16_mfu: 0.00 | epoch: 1 pq: 0 rg: 1 | total time: 0.21m | eta: 3.5m
step 00068/01000 (6.80%) | loss: 7.935580 | lrm: 1.00 | dt: 195.22ms | tok/sec: 5,245 | bf16_mfu: 0.00 | epoch: 1 pq: 0 rg: 1 | total time: 0.22m | eta: 3.5m
step 00069/01000 (6.90%) | loss: 7.904807 | lrm: 1.00 | dt: 211.41ms | tok/sec: 4,843 | bf16_mfu: 0.00 | epoch: 1 pq: 0 rg: 1 | total time: 0.22m | eta: 3.4m
step 00070/01000 (7.00%) | loss: 7.879942 | lrm: 1.00 | dt: 186.91ms | tok/sec: 5,478 | bf16_mfu: 0.00 | epoch: 1 pq: 0 rg: 1 | total time: 0.22m | eta: 3.4m
step 00071/01000 (7.10%) | loss: 7.874952 | lrm: 1.00 | dt: 188.96ms | tok/sec: 5,419 | bf16_mfu: 0.00 | epoch: 1 pq: 0 rg: 1 | total time: 0.22m | eta: 3.4m
step 00072/01000 (7.20%) | loss: 7.984209 | lrm: 1.00 | dt: 195.60ms | tok/sec: 5,235 | bf16_mfu: 0.00 | epoch: 1 pq: 0 rg: 1 | total time: 0.23m | eta: 3.4m
step 00073/01000 (7.30%) | loss: 7.947311 | lrm: 1.00 | dt: 191.36ms | tok/sec: 5,351 | bf16_mfu: 0.00 | epoch: 1 pq: 0 rg: 1 | total time: 0.23m | eta: 3.4m
step 00074/01000 (7.40%) | loss: 7.896158 | lrm: 1.00 | dt: 202.49ms | tok/sec: 5,057 | bf16_mfu: 0.00 | epoch: 1 pq: 0 rg: 1 | total time: 0.23m | eta: 3.4m
step 00075/01000 (7.50%) | loss: 7.915585 | lrm: 1.00 | dt: 193.95ms | tok/sec: 5,279 | bf16_mfu: 0.00 | epoch: 1 pq: 0 rg: 1 | total time: 0.24m | eta: 3.4m
step 00076/01000 (7.60%) | loss: 7.863254 | lrm: 1.00 | dt: 196.79ms | tok/sec: 5,203 | bf16_mfu: 0.00 | epoch: 1 pq: 0 rg: 1 | total time: 0.24m | eta: 3.4m
step 00077/01000 (7.70%) | loss: 7.873082 | lrm: 1.00 | dt: 200.22ms | tok/sec: 5,114 | bf16_mfu: 0.00 | epoch: 1 pq: 0 rg: 1 | total time: 0.24m | eta: 3.4m
step 00078/01000 (7.80%) | loss: 7.828991 | lrm: 1.00 | dt: 197.22ms | tok/sec: 5,192 | bf16_mfu: 0.00 | epoch: 1 pq: 0 rg: 1 | total time: 0.25m | eta: 3.4m
step 00079/01000 (7.90%) | loss: 7.824130 | lrm: 1.00 | dt: 195.86ms | tok/sec: 5,228 | bf16_mfu: 0.00 | epoch: 1 pq: 0 rg: 1 | total time: 0.25m | eta: 3.4m
step 00080/01000 (8.00%) | loss: 7.798176 | lrm: 1.00 | dt: 190.02ms | tok/sec: 5,388 | bf16_mfu: 0.00 | epoch: 1 pq: 0 rg: 1 | total time: 0.25m | eta: 3.3m
step 00081/01000 (8.10%) | loss: 7.828495 | lrm: 1.00 | dt: 320.20ms | tok/sec: 3,197 | bf16_mfu: 0.00 | epoch: 1 pq: 0 rg: 1 | total time: 0.26m | eta: 3.4m
step 00082/01000 (8.20%) | loss: 7.852325 | lrm: 1.00 | dt: 226.40ms | tok/sec: 4,522 | bf16_mfu: 0.00 | epoch: 1 pq: 0 rg: 1 | total time: 0.26m | eta: 3.4m
step 00083/01000 (8.30%) | loss: 7.863930 | lrm: 1.00 | dt: 207.30ms | tok/sec: 4,939 | bf16_mfu: 0.00 | epoch: 1 pq: 0 rg: 1 | total time: 0.27m | eta: 3.4m
step 00084/01000 (8.40%) | loss: 7.851765 | lrm: 1.00 | dt: 215.19ms | tok/sec: 4,758 | bf16_mfu: 0.00 | epoch: 1 pq: 0 rg: 1 | total time: 0.27m | eta: 3.3m
step 00085/01000 (8.50%) | loss: 7.835425 | lrm: 1.00 | dt: 218.62ms | tok/sec: 4,683 | bf16_mfu: 0.00 | epoch: 1 pq: 0 rg: 1 | total time: 0.27m | eta: 3.3m
step 00086/01000 (8.60%) | loss: 7.840641 | lrm: 1.00 | dt: 363.06ms | tok/sec: 2,820 | bf16_mfu: 0.00 | epoch: 1 pq: 0 rg: 1 | total time: 0.28m | eta: 3.4m
step 00087/01000 (8.70%) | loss: 7.843749 | lrm: 1.00 | dt: 216.21ms | tok/sec: 4,736 | bf16_mfu: 0.00 | epoch: 1 pq: 0 rg: 1 | total time: 0.28m | eta: 3.4m
step 00088/01000 (8.80%) | loss: 7.845157 | lrm: 1.00 | dt: 212.01ms | tok/sec: 4,829 | bf16_mfu: 0.00 | epoch: 1 pq: 0 rg: 1 | total time: 0.29m | eta: 3.4m
step 00089/01000 (8.90%) | loss: 7.814904 | lrm: 1.00 | dt: 227.79ms | tok/sec: 4,495 | bf16_mfu: 0.00 | epoch: 1 pq: 0 rg: 1 | total time: 0.29m | eta: 3.4m
step 00090/01000 (9.00%) | loss: 7.787136 | lrm: 1.00 | dt: 237.34ms | tok/sec: 4,314 | bf16_mfu: 0.00 | epoch: 1 pq: 0 rg: 1 | total time: 0.29m | eta: 3.4m
step 00091/01000 (9.10%) | loss: 7.798177 | lrm: 1.00 | dt: 220.49ms | tok/sec: 4,644 | bf16_mfu: 0.00 | epoch: 1 pq: 0 rg: 1 | total time: 0.30m | eta: 3.4m
step 00092/01000 (9.20%) | loss: 7.788895 | lrm: 1.00 | dt: 231.05ms | tok/sec: 4,432 | bf16_mfu: 0.00 | epoch: 1 pq: 0 rg: 1 | total time: 0.30m | eta: 3.3m
step 00093/01000 (9.30%) | loss: 7.825239 | lrm: 1.00 | dt: 220.97ms | tok/sec: 4,634 | bf16_mfu: 0.00 | epoch: 1 pq: 0 rg: 1 | total time: 0.31m | eta: 3.3m
step 00094/01000 (9.40%) | loss: 7.834279 | lrm: 1.00 | dt: 221.95ms | tok/sec: 4,613 | bf16_mfu: 0.00 | epoch: 1 pq: 0 rg: 1 | total time: 0.31m | eta: 3.3m
step 00095/01000 (9.50%) | loss: 7.830178 | lrm: 1.00 | dt: 218.66ms | tok/sec: 4,683 | bf16_mfu: 0.00 | epoch: 1 pq: 0 rg: 1 | total time: 0.31m | eta: 3.3m
step 00096/01000 (9.60%) | loss: 7.782815 | lrm: 1.00 | dt: 233.05ms | tok/sec: 4,393 | bf16_mfu: 0.00 | epoch: 1 pq: 0 rg: 1 | total time: 0.32m | eta: 3.3m
step 00097/01000 (9.70%) | loss: 7.794518 | lrm: 1.00 | dt: 227.54ms | tok/sec: 4,500 | bf16_mfu: 0.00 | epoch: 1 pq: 0 rg: 1 | total time: 0.32m | eta: 3.3m
step 00098/01000 (9.80%) | loss: 7.781910 | lrm: 1.00 | dt: 386.64ms | tok/sec: 2,648 | bf16_mfu: 0.00 | epoch: 1 pq: 0 rg: 1 | total time: 0.33m | eta: 3.4m
step 00099/01000 (9.90%) | loss: 7.760044 | lrm: 1.00 | dt: 227.58ms | tok/sec: 4,499 | bf16_mfu: 0.00 | epoch: 1 pq: 0 rg: 1 | total time: 0.33m | eta: 3.4m
step 00100/01000 (10.00%) | loss: 7.790552 | lrm: 1.00 | dt: 274.18ms | tok/sec: 3,734 | bf16_mfu: 0.00 | epoch: 1 pq: 0 rg: 1 | total time: 0.34m | eta: 3.4m
step 00101/01000 (10.10%) | loss: 7.810915 | lrm: 1.00 | dt: 197.86ms | tok/sec: 5,175 | bf16_mfu: 0.00 | epoch: 1 pq: 0 rg: 1 | total time: 0.34m | eta: 3.4m
step 00102/01000 (10.20%) | loss: 7.778877 | lrm: 1.00 | dt: 178.68ms | tok/sec: 5,730 | bf16_mfu: 0.00 | epoch: 1 pq: 0 rg: 1 | total time: 0.34m | eta: 3.3m
step 00103/01000 (10.30%) | loss: 7.749548 | lrm: 1.00 | dt: 178.67ms | tok/sec: 5,731 | bf16_mfu: 0.00 | epoch: 1 pq: 0 rg: 1 | total time: 0.35m | eta: 3.3m
step 00104/01000 (10.40%) | loss: 7.754734 | lrm: 1.00 | dt: 161.28ms | tok/sec: 6,349 | bf16_mfu: 0.00 | epoch: 1 pq: 0 rg: 1 | total time: 0.35m | eta: 3.3m
step 00105/01000 (10.50%) | loss: 7.796103 | lrm: 1.00 | dt: 181.60ms | tok/sec: 5,638 | bf16_mfu: 0.00 | epoch: 1 pq: 0 rg: 1 | total time: 0.35m | eta: 3.3m
step 00106/01000 (10.60%) | loss: 7.800616 | lrm: 1.00 | dt: 314.67ms | tok/sec: 3,254 | bf16_mfu: 0.00 | epoch: 1 pq: 0 rg: 1 | total time: 0.36m | eta: 3.3m
step 00107/01000 (10.70%) | loss: 7.790179 | lrm: 1.00 | dt: 196.54ms | tok/sec: 5,210 | bf16_mfu: 0.00 | epoch: 1 pq: 0 rg: 1 | total time: 0.36m | eta: 3.3m
step 00108/01000 (10.80%) | loss: 7.757154 | lrm: 1.00 | dt: 177.00ms | tok/sec: 5,785 | bf16_mfu: 0.00 | epoch: 1 pq: 0 rg: 1 | total time: 0.36m | eta: 3.3m
step 00109/01000 (10.90%) | loss: 7.719792 | lrm: 1.00 | dt: 176.29ms | tok/sec: 5,808 | bf16_mfu: 0.00 | epoch: 1 pq: 0 rg: 1 | total time: 0.37m | eta: 3.3m
step 00110/01000 (11.00%) | loss: 7.716350 | lrm: 1.00 | dt: 205.37ms | tok/sec: 4,986 | bf16_mfu: 0.00 | epoch: 1 pq: 0 rg: 1 | total time: 0.37m | eta: 3.3m
step 00111/01000 (11.10%) | loss: 7.743480 | lrm: 1.00 | dt: 194.09ms | tok/sec: 5,275 | bf16_mfu: 0.00 | epoch: 1 pq: 0 rg: 1 | total time: 0.37m | eta: 3.3m
step 00112/01000 (11.20%) | loss: 7.740995 | lrm: 1.00 | dt: 198.45ms | tok/sec: 5,159 | bf16_mfu: 0.00 | epoch: 1 pq: 0 rg: 1 | total time: 0.38m | eta: 3.3m
step 00113/01000 (11.30%) | loss: 7.717184 | lrm: 1.00 | dt: 196.08ms | tok/sec: 5,222 | bf16_mfu: 0.00 | epoch: 1 pq: 0 rg: 1 | total time: 0.38m | eta: 3.3m
step 00114/01000 (11.40%) | loss: 7.713510 | lrm: 1.00 | dt: 194.43ms | tok/sec: 5,266 | bf16_mfu: 0.00 | epoch: 1 pq: 0 rg: 1 | total time: 0.38m | eta: 3.3m
step 00115/01000 (11.50%) | loss: 7.676572 | lrm: 1.00 | dt: 214.40ms | tok/sec: 4,776 | bf16_mfu: 0.00 | epoch: 1 pq: 0 rg: 1 | total time: 0.39m | eta: 3.2m
step 00116/01000 (11.60%) | loss: 7.685228 | lrm: 1.00 | dt: 195.75ms | tok/sec: 5,231 | bf16_mfu: 0.00 | epoch: 1 pq: 0 rg: 1 | total time: 0.39m | eta: 3.2m
step 00117/01000 (11.70%) | loss: 7.623939 | lrm: 1.00 | dt: 229.19ms | tok/sec: 4,467 | bf16_mfu: 0.00 | epoch: 1 pq: 0 rg: 1 | total time: 0.39m | eta: 3.2m
step 00118/01000 (11.80%) | loss: 7.588624 | lrm: 1.00 | dt: 208.95ms | tok/sec: 4,900 | bf16_mfu: 0.00 | epoch: 1 pq: 0 rg: 1 | total time: 0.40m | eta: 3.2m
step 00119/01000 (11.90%) | loss: 7.607754 | lrm: 1.00 | dt: 359.79ms | tok/sec: 2,846 | bf16_mfu: 0.00 | epoch: 1 pq: 0 rg: 1 | total time: 0.40m | eta: 3.2m
step 00120/01000 (12.00%) | loss: 7.632070 | lrm: 1.00 | dt: 239.80ms | tok/sec: 4,270 | bf16_mfu: 0.00 | epoch: 1 pq: 0 rg: 1 | total time: 0.41m | eta: 3.2m
step 00121/01000 (12.10%) | loss: 7.649380 | lrm: 1.00 | dt: 204.75ms | tok/sec: 5,001 | bf16_mfu: 0.00 | epoch: 1 pq: 0 rg: 1 | total time: 0.41m | eta: 3.2m
step 00122/01000 (12.20%) | loss: 7.637580 | lrm: 1.00 | dt: 216.77ms | tok/sec: 4,723 | bf16_mfu: 0.00 | epoch: 1 pq: 0 rg: 1 | total time: 0.41m | eta: 3.2m
step 00123/01000 (12.30%) | loss: 7.619067 | lrm: 1.00 | dt: 207.76ms | tok/sec: 4,928 | bf16_mfu: 0.00 | epoch: 1 pq: 0 rg: 1 | total time: 0.42m | eta: 3.2m
step 00124/01000 (12.40%) | loss: 7.618232 | lrm: 1.00 | dt: 300.71ms | tok/sec: 3,405 | bf16_mfu: 0.00 | epoch: 1 pq: 0 rg: 1 | total time: 0.42m | eta: 3.2m
step 00125/01000 (12.50%) | loss: 7.616653 | lrm: 1.00 | dt: 182.54ms | tok/sec: 5,609 | bf16_mfu: 0.00 | epoch: 1 pq: 0 rg: 1 | total time: 0.42m | eta: 3.2m
step 00126/01000 (12.60%) | loss: 7.600990 | lrm: 1.00 | dt: 201.45ms | tok/sec: 5,083 | bf16_mfu: 0.00 | epoch: 1 pq: 0 rg: 1 | total time: 0.43m | eta: 3.2m
step 00127/01000 (12.70%) | loss: 7.583505 | lrm: 1.00 | dt: 163.23ms | tok/sec: 6,273 | bf16_mfu: 0.00 | epoch: 1 pq: 0 rg: 1 | total time: 0.43m | eta: 3.2m
step 00128/01000 (12.80%) | loss: 7.587526 | lrm: 1.00 | dt: 170.68ms | tok/sec: 5,999 | bf16_mfu: 0.00 | epoch: 1 pq: 0 rg: 1 | total time: 0.43m | eta: 3.2m
step 00129/01000 (12.90%) | loss: 7.596819 | lrm: 1.00 | dt: 162.71ms | tok/sec: 6,293 | bf16_mfu: 0.00 | epoch: 1 pq: 0 rg: 1 | total time: 0.44m | eta: 3.2m
step 00130/01000 (13.00%) | loss: 7.623518 | lrm: 1.00 | dt: 166.79ms | tok/sec: 6,139 | bf16_mfu: 0.00 | epoch: 1 pq: 0 rg: 1 | total time: 0.44m | eta: 3.2m
step 00131/01000 (13.10%) | loss: 7.623578 | lrm: 1.00 | dt: 178.64ms | tok/sec: 5,732 | bf16_mfu: 0.00 | epoch: 1 pq: 0 rg: 1 | total time: 0.44m | eta: 3.2m
step 00132/01000 (13.20%) | loss: 7.590249 | lrm: 1.00 | dt: 178.04ms | tok/sec: 5,751 | bf16_mfu: 0.00 | epoch: 1 pq: 0 rg: 1 | total time: 0.44m | eta: 3.2m
step 00133/01000 (13.30%) | loss: 7.567944 | lrm: 1.00 | dt: 175.12ms | tok/sec: 5,847 | bf16_mfu: 0.00 | epoch: 1 pq: 0 rg: 1 | total time: 0.45m | eta: 3.2m
step 00134/01000 (13.40%) | loss: 7.538370 | lrm: 1.00 | dt: 201.37ms | tok/sec: 5,085 | bf16_mfu: 0.00 | epoch: 1 pq: 0 rg: 1 | total time: 0.45m | eta: 3.2m
step 00135/01000 (13.50%) | loss: 7.500590 | lrm: 1.00 | dt: 228.47ms | tok/sec: 4,481 | bf16_mfu: 0.00 | epoch: 1 pq: 0 rg: 1 | total time: 0.45m | eta: 3.1m
step 00136/01000 (13.60%) | loss: 7.495324 | lrm: 1.00 | dt: 456.72ms | tok/sec: 2,242 | bf16_mfu: 0.00 | epoch: 1 pq: 0 rg: 1 | total time: 0.46m | eta: 3.2m
step 00137/01000 (13.70%) | loss: 7.551183 | lrm: 1.00 | dt: 377.87ms | tok/sec: 2,709 | bf16_mfu: 0.00 | epoch: 1 pq: 0 rg: 1 | total time: 0.47m | eta: 3.2m
step 00138/01000 (13.80%) | loss: 7.534414 | lrm: 1.00 | dt: 232.15ms | tok/sec: 4,410 | bf16_mfu: 0.00 | epoch: 1 pq: 0 rg: 1 | total time: 0.47m | eta: 3.2m
step 00139/01000 (13.90%) | loss: 7.507666 | lrm: 1.00 | dt: 246.82ms | tok/sec: 4,148 | bf16_mfu: 0.00 | epoch: 1 pq: 0 rg: 1 | total time: 0.48m | eta: 3.2m
step 00140/01000 (14.00%) | loss: 7.551739 | lrm: 1.00 | dt: 231.05ms | tok/sec: 4,431 | bf16_mfu: 0.00 | epoch: 1 pq: 0 rg: 1 | total time: 0.48m | eta: 3.2m
step 00141/01000 (14.10%) | loss: 7.582388 | lrm: 1.00 | dt: 222.93ms | tok/sec: 4,593 | bf16_mfu: 0.00 | epoch: 1 pq: 0 rg: 1 | total time: 0.48m | eta: 3.2m
step 00142/01000 (14.20%) | loss: 7.543889 | lrm: 1.00 | dt: 201.42ms | tok/sec: 5,083 | bf16_mfu: 0.00 | epoch: 1 pq: 0 rg: 1 | total time: 0.49m | eta: 3.2m
step 00143/01000 (14.30%) | loss: 7.552148 | lrm: 1.00 | dt: 184.69ms | tok/sec: 5,544 | bf16_mfu: 0.00 | epoch: 1 pq: 0 rg: 1 | total time: 0.49m | eta: 3.2m
step 00144/01000 (14.40%) | loss: 7.563330 | lrm: 1.00 | dt: 192.53ms | tok/sec: 5,318 | bf16_mfu: 0.00 | epoch: 1 pq: 0 rg: 1 | total time: 0.49m | eta: 3.2m
step 00145/01000 (14.50%) | loss: 7.528724 | lrm: 1.00 | dt: 188.85ms | tok/sec: 5,422 | bf16_mfu: 0.00 | epoch: 1 pq: 0 rg: 1 | total time: 0.50m | eta: 3.1m
step 00146/01000 (14.60%) | loss: 7.511578 | lrm: 1.00 | dt: 210.33ms | tok/sec: 4,868 | bf16_mfu: 0.00 | epoch: 1 pq: 0 rg: 1 | total time: 0.50m | eta: 3.1m
step 00147/01000 (14.70%) | loss: 7.511845 | lrm: 1.00 | dt: 217.03ms | tok/sec: 4,718 | bf16_mfu: 0.00 | epoch: 1 pq: 0 rg: 1 | total time: 0.50m | eta: 3.1m
step 00148/01000 (14.80%) | loss: 7.507898 | lrm: 1.00 | dt: 375.95ms | tok/sec: 2,723 | bf16_mfu: 0.00 | epoch: 1 pq: 0 rg: 1 | total time: 0.51m | eta: 3.2m
step 00149/01000 (14.90%) | loss: 7.497822 | lrm: 1.00 | dt: 210.16ms | tok/sec: 4,872 | bf16_mfu: 0.00 | epoch: 1 pq: 0 rg: 1 | total time: 0.51m | eta: 3.1m
step 00150/01000 (15.00%) | loss: 7.466268 | lrm: 1.00 | dt: 250.43ms | tok/sec: 4,089 | bf16_mfu: 0.00 | epoch: 1 pq: 0 rg: 1 | total time: 0.52m | eta: 3.1m
step 00151/01000 (15.10%) | loss: 7.419710 | lrm: 1.00 | dt: 190.76ms | tok/sec: 5,368 | bf16_mfu: 0.00 | epoch: 1 pq: 0 rg: 1 | total time: 0.52m | eta: 3.1m
step 00152/01000 (15.20%) | loss: 7.428436 | lrm: 1.00 | dt: 191.61ms | tok/sec: 5,344 | bf16_mfu: 0.00 | epoch: 1 pq: 0 rg: 1 | total time: 0.52m | eta: 3.1m
step 00153/01000 (15.30%) | loss: 7.418715 | lrm: 1.00 | dt: 188.85ms | tok/sec: 5,422 | bf16_mfu: 0.00 | epoch: 1 pq: 0 rg: 1 | total time: 0.53m | eta: 3.1m
step 00154/01000 (15.40%) | loss: 7.390795 | lrm: 1.00 | dt: 188.32ms | tok/sec: 5,437 | bf16_mfu: 0.00 | epoch: 1 pq: 0 rg: 1 | total time: 0.53m | eta: 3.1m
step 00155/01000 (15.50%) | loss: 7.338165 | lrm: 1.00 | dt: 200.08ms | tok/sec: 5,117 | bf16_mfu: 0.00 | epoch: 1 pq: 0 rg: 1 | total time: 0.53m | eta: 3.1m
step 00156/01000 (15.60%) | loss: 7.399732 | lrm: 1.00 | dt: 184.20ms | tok/sec: 5,559 | bf16_mfu: 0.00 | epoch: 1 pq: 0 rg: 1 | total time: 0.54m | eta: 3.1m
step 00157/01000 (15.70%) | loss: 7.454414 | lrm: 1.00 | dt: 221.44ms | tok/sec: 4,624 | bf16_mfu: 0.00 | epoch: 1 pq: 0 rg: 1 | total time: 0.54m | eta: 3.1m
step 00158/01000 (15.80%) | loss: 7.465509 | lrm: 1.00 | dt: 229.52ms | tok/sec: 4,461 | bf16_mfu: 0.00 | epoch: 1 pq: 0 rg: 1 | total time: 0.54m | eta: 3.1m
step 00159/01000 (15.90%) | loss: 7.445108 | lrm: 1.00 | dt: 201.51ms | tok/sec: 5,081 | bf16_mfu: 0.00 | epoch: 1 pq: 0 rg: 1 | total time: 0.55m | eta: 3.1m
step 00160/01000 (16.00%) | loss: 7.487745 | lrm: 1.00 | dt: 336.51ms | tok/sec: 3,042 | bf16_mfu: 0.00 | epoch: 1 pq: 0 rg: 1 | total time: 0.55m | eta: 3.1m
step 00161/01000 (16.10%) | loss: 7.442006 | lrm: 1.00 | dt: 216.42ms | tok/sec: 4,731 | bf16_mfu: 0.00 | epoch: 1 pq: 0 rg: 1 | total time: 0.56m | eta: 3.1m
step 00162/01000 (16.20%) | loss: 7.379348 | lrm: 1.00 | dt: 213.51ms | tok/sec: 4,796 | bf16_mfu: 0.00 | epoch: 1 pq: 0 rg: 1 | total time: 0.56m | eta: 3.1m
step 00163/01000 (16.30%) | loss: 7.445112 | lrm: 1.00 | dt: 197.28ms | tok/sec: 5,190 | bf16_mfu: 0.00 | epoch: 1 pq: 0 rg: 1 | total time: 0.56m | eta: 3.1m
step 00164/01000 (16.40%) | loss: 7.432986 | lrm: 1.00 | dt: 208.70ms | tok/sec: 4,906 | bf16_mfu: 0.00 | epoch: 1 pq: 0 rg: 1 | total time: 0.57m | eta: 3.1m
step 00165/01000 (16.50%) | loss: 7.436460 | lrm: 1.00 | dt: 190.46ms | tok/sec: 5,376 | bf16_mfu: 0.00 | epoch: 1 pq: 0 rg: 1 | total time: 0.57m | eta: 3.1m
step 00166/01000 (16.60%) | loss: 7.446817 | lrm: 1.00 | dt: 188.83ms | tok/sec: 5,422 | bf16_mfu: 0.00 | epoch: 1 pq: 0 rg: 1 | total time: 0.57m | eta: 3.1m
step 00167/01000 (16.70%) | loss: 7.455139 | lrm: 1.00 | dt: 198.54ms | tok/sec: 5,157 | bf16_mfu: 0.00 | epoch: 1 pq: 0 rg: 1 | total time: 0.58m | eta: 3.1m
step 00168/01000 (16.80%) | loss: 7.438871 | lrm: 1.00 | dt: 213.54ms | tok/sec: 4,795 | bf16_mfu: 0.00 | epoch: 1 pq: 0 rg: 1 | total time: 0.58m | eta: 3.1m
step 00169/01000 (16.90%) | loss: 7.486499 | lrm: 1.00 | dt: 231.27ms | tok/sec: 4,427 | bf16_mfu: 0.00 | epoch: 1 pq: 0 rg: 1 | total time: 0.58m | eta: 3.1m
step 00170/01000 (17.00%) | loss: 7.542954 | lrm: 1.00 | dt: 214.35ms | tok/sec: 4,777 | bf16_mfu: 0.00 | epoch: 1 pq: 0 rg: 1 | total time: 0.59m | eta: 3.1m
step 00171/01000 (17.10%) | loss: 7.530384 | lrm: 1.00 | dt: 217.51ms | tok/sec: 4,707 | bf16_mfu: 0.00 | epoch: 1 pq: 0 rg: 1 | total time: 0.59m | eta: 3.0m
step 00172/01000 (17.20%) | loss: 7.531838 | lrm: 1.00 | dt: 217.05ms | tok/sec: 4,717 | bf16_mfu: 0.00 | epoch: 1 pq: 0 rg: 1 | total time: 0.60m | eta: 3.0m
step 00173/01000 (17.30%) | loss: 7.514105 | lrm: 1.00 | dt: 386.69ms | tok/sec: 2,648 | bf16_mfu: 0.00 | epoch: 1 pq: 0 rg: 1 | total time: 0.60m | eta: 3.1m
step 00174/01000 (17.40%) | loss: 7.461867 | lrm: 1.00 | dt: 287.00ms | tok/sec: 3,567 | bf16_mfu: 0.00 | epoch: 1 pq: 0 rg: 1 | total time: 0.61m | eta: 3.1m
step 00175/01000 (17.50%) | loss: 7.466612 | lrm: 1.00 | dt: 214.65ms | tok/sec: 4,770 | bf16_mfu: 0.00 | epoch: 1 pq: 0 rg: 1 | total time: 0.61m | eta: 3.1m
step 00176/01000 (17.60%) | loss: 7.475947 | lrm: 1.00 | dt: 211.32ms | tok/sec: 4,845 | bf16_mfu: 0.00 | epoch: 1 pq: 0 rg: 1 | total time: 0.61m | eta: 3.0m
step 00177/01000 (17.70%) | loss: 7.473334 | lrm: 1.00 | dt: 223.32ms | tok/sec: 4,585 | bf16_mfu: 0.00 | epoch: 1 pq: 0 rg: 1 | total time: 0.62m | eta: 3.0m
step 00178/01000 (17.80%) | loss: 7.534520 | lrm: 1.00 | dt: 202.37ms | tok/sec: 5,060 | bf16_mfu: 0.00 | epoch: 1 pq: 0 rg: 1 | total time: 0.62m | eta: 3.0m
step 00179/01000 (17.90%) | loss: 7.548486 | lrm: 1.00 | dt: 220.65ms | tok/sec: 4,640 | bf16_mfu: 0.00 | epoch: 1 pq: 0 rg: 1 | total time: 0.62m | eta: 3.0m
step 00180/01000 (18.00%) | loss: 7.518092 | lrm: 1.00 | dt: 252.62ms | tok/sec: 4,053 | bf16_mfu: 0.00 | epoch: 1 pq: 0 rg: 1 | total time: 0.63m | eta: 3.0m
step 00181/01000 (18.10%) | loss: 7.497491 | lrm: 1.00 | dt: 445.36ms | tok/sec: 2,299 | bf16_mfu: 0.00 | epoch: 1 pq: 0 rg: 1 | total time: 0.64m | eta: 3.0m
step 00182/01000 (18.20%) | loss: 7.407315 | lrm: 1.00 | dt: 237.94ms | tok/sec: 4,303 | bf16_mfu: 0.00 | epoch: 1 pq: 0 rg: 1 | total time: 0.64m | eta: 3.0m
step 00183/01000 (18.30%) | loss: 7.368691 | lrm: 1.00 | dt: 237.67ms | tok/sec: 4,308 | bf16_mfu: 0.00 | epoch: 1 pq: 0 rg: 1 | total time: 0.64m | eta: 3.0m
step 00184/01000 (18.40%) | loss: 7.324071 | lrm: 1.00 | dt: 210.64ms | tok/sec: 4,861 | bf16_mfu: 0.00 | epoch: 1 pq: 0 rg: 1 | total time: 0.65m | eta: 3.0m
step 00185/01000 (18.50%) | loss: 7.322373 | lrm: 1.00 | dt: 241.96ms | tok/sec: 4,232 | bf16_mfu: 0.00 | epoch: 1 pq: 0 rg: 1 | total time: 0.65m | eta: 3.0m
step 00186/01000 (18.60%) | loss: 7.338244 | lrm: 1.00 | dt: 208.40ms | tok/sec: 4,913 | bf16_mfu: 0.00 | epoch: 1 pq: 0 rg: 1 | total time: 0.66m | eta: 3.0m
step 00187/01000 (18.70%) | loss: 7.310535 | lrm: 1.00 | dt: 209.41ms | tok/sec: 4,889 | bf16_mfu: 0.00 | epoch: 1 pq: 0 rg: 1 | total time: 0.66m | eta: 3.0m
step 00188/01000 (18.80%) | loss: 7.345390 | lrm: 1.00 | dt: 210.01ms | tok/sec: 4,876 | bf16_mfu: 0.00 | epoch: 1 pq: 0 rg: 1 | total time: 0.66m | eta: 3.0m
step 00189/01000 (18.90%) | loss: 7.308790 | lrm: 1.00 | dt: 373.86ms | tok/sec: 2,738 | bf16_mfu: 0.00 | epoch: 1 pq: 0 rg: 1 | total time: 0.67m | eta: 3.0m
step 00190/01000 (19.00%) | loss: 7.245719 | lrm: 1.00 | dt: 254.46ms | tok/sec: 4,024 | bf16_mfu: 0.00 | epoch: 1 pq: 0 rg: 1 | total time: 0.67m | eta: 3.0m
step 00191/01000 (19.10%) | loss: 7.239482 | lrm: 1.00 | dt: 210.08ms | tok/sec: 4,874 | bf16_mfu: 0.00 | epoch: 1 pq: 0 rg: 1 | total time: 0.68m | eta: 3.0m
step 00192/01000 (19.20%) | loss: 7.279881 | lrm: 1.00 | dt: 220.17ms | tok/sec: 4,651 | bf16_mfu: 0.00 | epoch: 1 pq: 0 rg: 1 | total time: 0.68m | eta: 3.0m
step 00193/01000 (19.30%) | loss: 7.251346 | lrm: 1.00 | dt: 218.00ms | tok/sec: 4,697 | bf16_mfu: 0.00 | epoch: 1 pq: 0 rg: 1 | total time: 0.68m | eta: 3.0m
step 00194/01000 (19.40%) | loss: 7.218408 | lrm: 1.00 | dt: 182.04ms | tok/sec: 5,625 | bf16_mfu: 0.00 | epoch: 1 pq: 0 rg: 1 | total time: 0.69m | eta: 3.0m
step 00195/01000 (19.50%) | loss: 7.240672 | lrm: 1.00 | dt: 182.05ms | tok/sec: 5,624 | bf16_mfu: 0.00 | epoch: 1 pq: 0 rg: 1 | total time: 0.69m | eta: 3.0m
step 00196/01000 (19.60%) | loss: 7.238980 | lrm: 1.00 | dt: 196.32ms | tok/sec: 5,216 | bf16_mfu: 0.00 | epoch: 1 pq: 0 rg: 1 | total time: 0.69m | eta: 3.0m
step 00197/01000 (19.70%) | loss: 7.238490 | lrm: 1.00 | dt: 195.21ms | tok/sec: 5,245 | bf16_mfu: 0.00 | epoch: 1 pq: 0 rg: 1 | total time: 0.70m | eta: 3.0m
step 00198/01000 (19.80%) | loss: 7.210157 | lrm: 1.00 | dt: 211.24ms | tok/sec: 4,847 | bf16_mfu: 0.00 | epoch: 1 pq: 0 rg: 1 | total time: 0.70m | eta: 3.0m
step 00199/01000 (19.90%) | loss: 7.219304 | lrm: 1.00 | dt: 208.89ms | tok/sec: 4,902 | bf16_mfu: 0.00 | epoch: 1 pq: 0 rg: 1 | total time: 0.70m | eta: 3.0m
step 00200/01000 (20.00%) | loss: 7.207021 | lrm: 1.00 | dt: 233.80ms | tok/sec: 4,379 | bf16_mfu: 0.00 | epoch: 1 pq: 0 rg: 1 | total time: 0.71m | eta: 3.0m
step 00201/01000 (20.10%) | loss: 7.219066 | lrm: 1.00 | dt: 398.36ms | tok/sec: 2,570 | bf16_mfu: 0.00 | epoch: 1 pq: 0 rg: 1 | total time: 0.71m | eta: 3.0m
step 00202/01000 (20.20%) | loss: 7.171923 | lrm: 1.00 | dt: 229.30ms | tok/sec: 4,465 | bf16_mfu: 0.00 | epoch: 1 pq: 0 rg: 1 | total time: 0.72m | eta: 3.0m
step 00203/01000 (20.30%) | loss: 7.200188 | lrm: 1.00 | dt: 221.66ms | tok/sec: 4,619 | bf16_mfu: 0.00 | epoch: 1 pq: 0 rg: 1 | total time: 0.72m | eta: 3.0m
step 00204/01000 (20.40%) | loss: 7.197117 | lrm: 1.00 | dt: 216.22ms | tok/sec: 4,735 | bf16_mfu: 0.00 | epoch: 1 pq: 0 rg: 1 | total time: 0.72m | eta: 3.0m
step 00205/01000 (20.50%) | loss: 7.195768 | lrm: 1.00 | dt: 204.58ms | tok/sec: 5,005 | bf16_mfu: 0.00 | epoch: 1 pq: 0 rg: 1 | total time: 0.73m | eta: 3.0m
step 00206/01000 (20.60%) | loss: 7.182584 | lrm: 1.00 | dt: 199.41ms | tok/sec: 5,135 | bf16_mfu: 0.00 | epoch: 1 pq: 0 rg: 1 | total time: 0.73m | eta: 3.0m
step 00207/01000 (20.70%) | loss: 7.194935 | lrm: 1.00 | dt: 219.78ms | tok/sec: 4,659 | bf16_mfu: 0.00 | epoch: 1 pq: 0 rg: 1 | total time: 0.74m | eta: 3.0m
step 00208/01000 (20.80%) | loss: 7.182861 | lrm: 1.00 | dt: 214.49ms | tok/sec: 4,774 | bf16_mfu: 0.00 | epoch: 1 pq: 0 rg: 1 | total time: 0.74m | eta: 3.0m
step 00209/01000 (20.90%) | loss: 7.153548 | lrm: 1.00 | dt: 198.42ms | tok/sec: 5,160 | bf16_mfu: 0.00 | epoch: 1 pq: 0 rg: 1 | total time: 0.74m | eta: 2.9m
step 00210/01000 (21.00%) | loss: 7.147421 | lrm: 1.00 | dt: 341.68ms | tok/sec: 2,996 | bf16_mfu: 0.00 | epoch: 1 pq: 0 rg: 1 | total time: 0.75m | eta: 3.0m
step 00211/01000 (21.10%) | loss: 7.185080 | lrm: 1.00 | dt: 206.03ms | tok/sec: 4,970 | bf16_mfu: 0.00 | epoch: 1 pq: 0 rg: 1 | total time: 0.75m | eta: 2.9m
step 00212/01000 (21.20%) | loss: 7.189414 | lrm: 1.00 | dt: 191.67ms | tok/sec: 5,342 | bf16_mfu: 0.00 | epoch: 1 pq: 0 rg: 1 | total time: 0.75m | eta: 2.9m
step 00213/01000 (21.30%) | loss: 7.200002 | lrm: 1.00 | dt: 192.11ms | tok/sec: 5,330 | bf16_mfu: 0.00 | epoch: 1 pq: 0 rg: 1 | total time: 0.76m | eta: 2.9m
step 00214/01000 (21.40%) | loss: 7.233692 | lrm: 1.00 | dt: 196.79ms | tok/sec: 5,203 | bf16_mfu: 0.00 | epoch: 1 pq: 0 rg: 1 | total time: 0.76m | eta: 2.9m
step 00215/01000 (21.50%) | loss: 7.162747 | lrm: 1.00 | dt: 198.20ms | tok/sec: 5,166 | bf16_mfu: 0.00 | epoch: 1 pq: 0 rg: 1 | total time: 0.76m | eta: 2.9m
step 00216/01000 (21.60%) | loss: 7.126885 | lrm: 1.00 | dt: 197.91ms | tok/sec: 5,173 | bf16_mfu: 0.00 | epoch: 1 pq: 0 rg: 1 | total time: 0.77m | eta: 2.9m
step 00217/01000 (21.70%) | loss: 7.170807 | lrm: 1.00 | dt: 201.66ms | tok/sec: 5,077 | bf16_mfu: 0.00 | epoch: 1 pq: 0 rg: 1 | total time: 0.77m | eta: 2.9m
step 00218/01000 (21.80%) | loss: 7.192548 | lrm: 1.00 | dt: 199.23ms | tok/sec: 5,139 | bf16_mfu: 0.00 | epoch: 1 pq: 0 rg: 1 | total time: 0.77m | eta: 2.9m
step 00219/01000 (21.90%) | loss: 7.250957 | lrm: 1.00 | dt: 199.37ms | tok/sec: 5,136 | bf16_mfu: 0.00 | epoch: 1 pq: 0 rg: 1 | total time: 0.78m | eta: 2.9m
step 00220/01000 (22.00%) | loss: 7.276538 | lrm: 1.00 | dt: 192.70ms | tok/sec: 5,313 | bf16_mfu: 0.00 | epoch: 1 pq: 0 rg: 1 | total time: 0.78m | eta: 2.9m
step 00221/01000 (22.10%) | loss: 7.260234 | lrm: 1.00 | dt: 194.79ms | tok/sec: 5,257 | bf16_mfu: 0.00 | epoch: 1 pq: 0 rg: 1 | total time: 0.78m | eta: 2.9m
step 00222/01000 (22.20%) | loss: 7.273960 | lrm: 1.00 | dt: 358.56ms | tok/sec: 2,855 | bf16_mfu: 0.00 | epoch: 1 pq: 0 rg: 1 | total time: 0.79m | eta: 2.9m
step 00223/01000 (22.30%) | loss: 7.258375 | lrm: 1.00 | dt: 212.75ms | tok/sec: 4,813 | bf16_mfu: 0.00 | epoch: 1 pq: 0 rg: 1 | total time: 0.79m | eta: 2.9m
step 00224/01000 (22.40%) | loss: 7.280518 | lrm: 1.00 | dt: 194.78ms | tok/sec: 5,257 | bf16_mfu: 0.00 | epoch: 1 pq: 0 rg: 1 | total time: 0.80m | eta: 2.9m
step 00225/01000 (22.50%) | loss: 7.303269 | lrm: 1.00 | dt: 211.16ms | tok/sec: 4,849 | bf16_mfu: 0.00 | epoch: 1 pq: 0 rg: 1 | total time: 0.80m | eta: 2.9m
step 00226/01000 (22.60%) | loss: 7.313442 | lrm: 1.00 | dt: 247.64ms | tok/sec: 4,135 | bf16_mfu: 0.00 | epoch: 1 pq: 0 rg: 1 | total time: 0.80m | eta: 2.9m
step 00227/01000 (22.70%) | loss: 7.280030 | lrm: 1.00 | dt: 251.66ms | tok/sec: 4,068 | bf16_mfu: 0.00 | epoch: 1 pq: 0 rg: 1 | total time: 0.81m | eta: 2.9m
step 00228/01000 (22.80%) | loss: 7.358648 | lrm: 1.00 | dt: 234.25ms | tok/sec: 4,371 | bf16_mfu: 0.00 | epoch: 1 pq: 0 rg: 1 | total time: 0.81m | eta: 2.9m
step 00229/01000 (22.90%) | loss: 7.343279 | lrm: 1.00 | dt: 226.26ms | tok/sec: 4,525 | bf16_mfu: 0.00 | epoch: 1 pq: 0 rg: 1 | total time: 0.82m | eta: 2.9m
step 00230/01000 (23.00%) | loss: 7.385827 | lrm: 1.00 | dt: 259.49ms | tok/sec: 3,946 | bf16_mfu: 0.00 | epoch: 1 pq: 0 rg: 1 | total time: 0.82m | eta: 2.9m
step 00231/01000 (23.10%) | loss: 7.327470 | lrm: 1.00 | dt: 213.80ms | tok/sec: 4,789 | bf16_mfu: 0.00 | epoch: 1 pq: 0 rg: 1 | total time: 0.82m | eta: 2.9m
step 00232/01000 (23.20%) | loss: 7.297274 | lrm: 1.00 | dt: 235.37ms | tok/sec: 4,350 | bf16_mfu: 0.00 | epoch: 1 pq: 0 rg: 1 | total time: 0.83m | eta: 2.9m
step 00233/01000 (23.30%) | loss: 7.302920 | lrm: 1.00 | dt: 207.99ms | tok/sec: 4,923 | bf16_mfu: 0.00 | epoch: 1 pq: 0 rg: 1 | total time: 0.83m | eta: 2.9m
step 00234/01000 (23.40%) | loss: 7.325945 | lrm: 1.00 | dt: 366.95ms | tok/sec: 2,790 | bf16_mfu: 0.00 | epoch: 1 pq: 0 rg: 1 | total time: 0.84m | eta: 2.9m
step 00235/01000 (23.50%) | loss: 7.310110 | lrm: 1.00 | dt: 212.41ms | tok/sec: 4,820 | bf16_mfu: 0.00 | epoch: 1 pq: 0 rg: 1 | total time: 0.84m | eta: 2.9m
step 00236/01000 (23.60%) | loss: 7.290666 | lrm: 1.00 | dt: 242.84ms | tok/sec: 4,216 | bf16_mfu: 0.00 | epoch: 1 pq: 0 rg: 1 | total time: 0.85m | eta: 2.9m
step 00237/01000 (23.70%) | loss: 7.244317 | lrm: 1.00 | dt: 208.64ms | tok/sec: 4,907 | bf16_mfu: 0.00 | epoch: 1 pq: 0 rg: 1 | total time: 0.85m | eta: 2.9m
step 00238/01000 (23.80%) | loss: 7.258890 | lrm: 1.00 | dt: 250.27ms | tok/sec: 4,091 | bf16_mfu: 0.00 | epoch: 1 pq: 0 rg: 1 | total time: 0.85m | eta: 2.9m
step 00239/01000 (23.90%) | loss: 7.242940 | lrm: 1.00 | dt: 262.36ms | tok/sec: 3,903 | bf16_mfu: 0.00 | epoch: 1 pq: 0 rg: 1 | total time: 0.86m | eta: 2.8m
step 00240/01000 (24.00%) | loss: 7.265782 | lrm: 1.00 | dt: 205.98ms | tok/sec: 4,971 | bf16_mfu: 0.00 | epoch: 1 pq: 0 rg: 1 | total time: 0.86m | eta: 2.8m
step 00241/01000 (24.10%) | loss: 7.305100 | lrm: 1.00 | dt: 193.76ms | tok/sec: 5,284 | bf16_mfu: 0.00 | epoch: 1 pq: 0 rg: 1 | total time: 0.86m | eta: 2.8m
step 00242/01000 (24.20%) | loss: 7.243108 | lrm: 1.00 | dt: 349.43ms | tok/sec: 2,930 | bf16_mfu: 0.00 | epoch: 1 pq: 0 rg: 1 | total time: 0.87m | eta: 2.8m
step 00243/01000 (24.30%) | loss: 7.274938 | lrm: 1.00 | dt: 189.15ms | tok/sec: 5,413 | bf16_mfu: 0.00 | epoch: 1 pq: 0 rg: 1 | total time: 0.87m | eta: 2.8m
step 00244/01000 (24.40%) | loss: 7.296287 | lrm: 1.00 | dt: 189.32ms | tok/sec: 5,408 | bf16_mfu: 0.00 | epoch: 1 pq: 0 rg: 1 | total time: 0.88m | eta: 2.8m
step 00245/01000 (24.50%) | loss: 7.253537 | lrm: 1.00 | dt: 184.11ms | tok/sec: 5,561 | bf16_mfu: 0.00 | epoch: 1 pq: 0 rg: 1 | total time: 0.88m | eta: 2.8m
step 00246/01000 (24.60%) | loss: 7.242763 | lrm: 1.00 | dt: 182.96ms | tok/sec: 5,596 | bf16_mfu: 0.00 | epoch: 1 pq: 0 rg: 1 | total time: 0.88m | eta: 2.8m
step 00247/01000 (24.70%) | loss: 7.214911 | lrm: 1.00 | dt: 198.23ms | tok/sec: 5,165 | bf16_mfu: 0.00 | epoch: 1 pq: 0 rg: 1 | total time: 0.89m | eta: 2.8m
step 00248/01000 (24.80%) | loss: 7.209496 | lrm: 1.00 | dt: 188.60ms | tok/sec: 5,429 | bf16_mfu: 0.00 | epoch: 1 pq: 0 rg: 1 | total time: 0.89m | eta: 2.8m
step 00249/01000 (24.90%) | loss: 7.230067 | lrm: 1.00 | dt: 266.91ms | tok/sec: 3,836 | bf16_mfu: 0.00 | epoch: 1 pq: 0 rg: 2 | total time: 0.89m | eta: 2.8m
step 00250/01000 (25.00%) | loss: 7.261909 | lrm: 1.00 | dt: 201.16ms | tok/sec: 5,090 | bf16_mfu: 0.00 | epoch: 1 pq: 0 rg: 2 | total time: 0.90m | eta: 2.8m
step 00251/01000 (25.10%) | loss: 7.215019 | lrm: 1.00 | dt: 208.63ms | tok/sec: 4,908 | bf16_mfu: 0.00 | epoch: 1 pq: 0 rg: 2 | total time: 0.90m | eta: 2.8m
step 00252/01000 (25.20%) | loss: 7.216397 | lrm: 1.00 | dt: 208.92ms | tok/sec: 4,901 | bf16_mfu: 0.00 | epoch: 1 pq: 0 rg: 2 | total time: 0.90m | eta: 2.8m
step 00253/01000 (25.30%) | loss: 7.239676 | lrm: 1.00 | dt: 202.06ms | tok/sec: 5,067 | bf16_mfu: 0.00 | epoch: 1 pq: 0 rg: 2 | total time: 0.91m | eta: 2.8m
step 00254/01000 (25.40%) | loss: 7.160664 | lrm: 1.00 | dt: 346.37ms | tok/sec: 2,956 | bf16_mfu: 0.00 | epoch: 1 pq: 0 rg: 2 | total time: 0.91m | eta: 2.8m
step 00255/01000 (25.50%) | loss: 7.128201 | lrm: 1.00 | dt: 197.22ms | tok/sec: 5,192 | bf16_mfu: 0.00 | epoch: 1 pq: 0 rg: 2 | total time: 0.92m | eta: 2.8m
step 00256/01000 (25.60%) | loss: 7.115906 | lrm: 1.00 | dt: 218.44ms | tok/sec: 4,687 | bf16_mfu: 0.00 | epoch: 1 pq: 0 rg: 2 | total time: 0.92m | eta: 2.8m
step 00257/01000 (25.70%) | loss: 7.096333 | lrm: 1.00 | dt: 191.79ms | tok/sec: 5,339 | bf16_mfu: 0.00 | epoch: 1 pq: 0 rg: 2 | total time: 0.92m | eta: 2.8m
step 00258/01000 (25.80%) | loss: 7.081320 | lrm: 1.00 | dt: 201.50ms | tok/sec: 5,081 | bf16_mfu: 0.00 | epoch: 1 pq: 0 rg: 2 | total time: 0.93m | eta: 2.8m
step 00259/01000 (25.90%) | loss: 7.079575 | lrm: 1.00 | dt: 194.92ms | tok/sec: 5,253 | bf16_mfu: 0.00 | epoch: 1 pq: 0 rg: 2 | total time: 0.93m | eta: 2.8m
step 00260/01000 (26.00%) | loss: 7.104667 | lrm: 1.00 | dt: 184.19ms | tok/sec: 5,559 | bf16_mfu: 0.00 | epoch: 1 pq: 0 rg: 2 | total time: 0.93m | eta: 2.8m
step 00261/01000 (26.10%) | loss: 7.106413 | lrm: 1.00 | dt: 195.16ms | tok/sec: 5,247 | bf16_mfu: 0.00 | epoch: 1 pq: 0 rg: 2 | total time: 0.94m | eta: 2.8m
step 00262/01000 (26.20%) | loss: 7.064493 | lrm: 1.00 | dt: 187.95ms | tok/sec: 5,448 | bf16_mfu: 0.00 | epoch: 1 pq: 0 rg: 2 | total time: 0.94m | eta: 2.7m
step 00263/01000 (26.30%) | loss: 7.042974 | lrm: 1.00 | dt: 215.05ms | tok/sec: 4,761 | bf16_mfu: 0.00 | epoch: 1 pq: 0 rg: 2 | total time: 0.94m | eta: 2.7m
step 00264/01000 (26.40%) | loss: 7.048644 | lrm: 1.00 | dt: 346.71ms | tok/sec: 2,953 | bf16_mfu: 0.00 | epoch: 1 pq: 0 rg: 2 | total time: 0.95m | eta: 2.7m
step 00265/01000 (26.50%) | loss: 7.019311 | lrm: 1.00 | dt: 206.09ms | tok/sec: 4,968 | bf16_mfu: 0.00 | epoch: 1 pq: 0 rg: 2 | total time: 0.95m | eta: 2.7m
step 00266/01000 (26.60%) | loss: 6.972448 | lrm: 1.00 | dt: 199.36ms | tok/sec: 5,136 | bf16_mfu: 0.00 | epoch: 1 pq: 0 rg: 2 | total time: 0.95m | eta: 2.7m
step 00267/01000 (26.70%) | loss: 7.044072 | lrm: 1.00 | dt: 206.60ms | tok/sec: 4,956 | bf16_mfu: 0.00 | epoch: 1 pq: 0 rg: 2 | total time: 0.96m | eta: 2.7m
step 00268/01000 (26.80%) | loss: 7.097147 | lrm: 1.00 | dt: 197.03ms | tok/sec: 5,197 | bf16_mfu: 0.00 | epoch: 1 pq: 0 rg: 2 | total time: 0.96m | eta: 2.7m
step 00269/01000 (26.90%) | loss: 7.120398 | lrm: 1.00 | dt: 197.77ms | tok/sec: 5,177 | bf16_mfu: 0.00 | epoch: 1 pq: 0 rg: 2 | total time: 0.96m | eta: 2.7m
step 00270/01000 (27.00%) | loss: 7.095534 | lrm: 1.00 | dt: 212.09ms | tok/sec: 4,828 | bf16_mfu: 0.00 | epoch: 1 pq: 0 rg: 2 | total time: 0.97m | eta: 2.7m
step 00271/01000 (27.10%) | loss: 7.099279 | lrm: 1.00 | dt: 208.72ms | tok/sec: 4,906 | bf16_mfu: 0.00 | epoch: 1 pq: 0 rg: 2 | total time: 0.97m | eta: 2.7m
step 00272/01000 (27.20%) | loss: 7.116649 | lrm: 1.00 | dt: 251.73ms | tok/sec: 4,067 | bf16_mfu: 0.00 | epoch: 1 pq: 0 rg: 2 | total time: 0.98m | eta: 2.7m
step 00273/01000 (27.30%) | loss: 7.140936 | lrm: 1.00 | dt: 270.80ms | tok/sec: 3,781 | bf16_mfu: 0.00 | epoch: 1 pq: 0 rg: 2 | total time: 0.98m | eta: 2.7m
step 00274/01000 (27.40%) | loss: 7.162088 | lrm: 1.00 | dt: 250.29ms | tok/sec: 4,091 | bf16_mfu: 0.00 | epoch: 1 pq: 0 rg: 2 | total time: 0.98m | eta: 2.7m
step 00275/01000 (27.50%) | loss: 7.144940 | lrm: 1.00 | dt: 241.51ms | tok/sec: 4,239 | bf16_mfu: 0.00 | epoch: 1 pq: 0 rg: 2 | total time: 0.99m | eta: 2.7m
step 00276/01000 (27.60%) | loss: 7.182626 | lrm: 1.00 | dt: 391.11ms | tok/sec: 2,618 | bf16_mfu: 0.00 | epoch: 1 pq: 0 rg: 2 | total time: 1.00m | eta: 2.7m
step 00277/01000 (27.70%) | loss: 7.191395 | lrm: 1.00 | dt: 243.58ms | tok/sec: 4,203 | bf16_mfu: 0.00 | epoch: 1 pq: 0 rg: 2 | total time: 1.00m | eta: 2.7m
step 00278/01000 (27.80%) | loss: 7.195503 | lrm: 1.00 | dt: 233.88ms | tok/sec: 4,378 | bf16_mfu: 0.00 | epoch: 1 pq: 0 rg: 2 | total time: 1.00m | eta: 2.7m
step 00279/01000 (27.90%) | loss: 7.151116 | lrm: 1.00 | dt: 226.80ms | tok/sec: 4,514 | bf16_mfu: 0.00 | epoch: 1 pq: 0 rg: 2 | total time: 1.01m | eta: 2.7m
step 00280/01000 (28.00%) | loss: 7.132718 | lrm: 1.00 | dt: 233.83ms | tok/sec: 4,379 | bf16_mfu: 0.00 | epoch: 1 pq: 0 rg: 2 | total time: 1.01m | eta: 2.7m
step 00281/01000 (28.10%) | loss: 7.181098 | lrm: 1.00 | dt: 201.74ms | tok/sec: 5,075 | bf16_mfu: 0.00 | epoch: 1 pq: 0 rg: 2 | total time: 1.01m | eta: 2.7m
step 00282/01000 (28.20%) | loss: 7.113310 | lrm: 1.00 | dt: 217.51ms | tok/sec: 4,707 | bf16_mfu: 0.00 | epoch: 1 pq: 0 rg: 2 | total time: 1.02m | eta: 2.7m
step 00283/01000 (28.30%) | loss: 7.131299 | lrm: 1.00 | dt: 223.23ms | tok/sec: 4,587 | bf16_mfu: 0.00 | epoch: 1 pq: 0 rg: 2 | total time: 1.02m | eta: 2.7m
step 00284/01000 (28.40%) | loss: 7.080147 | lrm: 1.00 | dt: 331.61ms | tok/sec: 3,087 | bf16_mfu: 0.00 | epoch: 1 pq: 0 rg: 2 | total time: 1.03m | eta: 2.7m
step 00285/01000 (28.50%) | loss: 7.086832 | lrm: 1.00 | dt: 208.29ms | tok/sec: 4,916 | bf16_mfu: 0.00 | epoch: 1 pq: 0 rg: 2 | total time: 1.03m | eta: 2.7m
step 00286/01000 (28.60%) | loss: 7.044610 | lrm: 1.00 | dt: 197.37ms | tok/sec: 5,188 | bf16_mfu: 0.00 | epoch: 1 pq: 0 rg: 2 | total time: 1.03m | eta: 2.7m
step 00287/01000 (28.70%) | loss: 7.069242 | lrm: 1.00 | dt: 192.92ms | tok/sec: 5,307 | bf16_mfu: 0.00 | epoch: 1 pq: 0 rg: 2 | total time: 1.04m | eta: 2.7m
step 00288/01000 (28.80%) | loss: 6.990066 | lrm: 1.00 | dt: 179.81ms | tok/sec: 5,694 | bf16_mfu: 0.00 | epoch: 1 pq: 0 rg: 2 | total time: 1.04m | eta: 2.7m
step 00289/01000 (28.90%) | loss: 6.986519 | lrm: 1.00 | dt: 193.41ms | tok/sec: 5,294 | bf16_mfu: 0.00 | epoch: 1 pq: 0 rg: 2 | total time: 1.04m | eta: 2.7m
step 00290/01000 (29.00%) | loss: 7.035177 | lrm: 1.00 | dt: 186.05ms | tok/sec: 5,503 | bf16_mfu: 0.00 | epoch: 1 pq: 0 rg: 2 | total time: 1.05m | eta: 2.7m
step 00291/01000 (29.10%) | loss: 6.937801 | lrm: 1.00 | dt: 185.37ms | tok/sec: 5,524 | bf16_mfu: 0.00 | epoch: 1 pq: 0 rg: 2 | total time: 1.05m | eta: 2.6m
step 00292/01000 (29.20%) | loss: 6.913679 | lrm: 1.00 | dt: 220.20ms | tok/sec: 4,650 | bf16_mfu: 0.00 | epoch: 1 pq: 0 rg: 2 | total time: 1.05m | eta: 2.6m
step 00293/01000 (29.30%) | loss: 6.898183 | lrm: 1.00 | dt: 396.28ms | tok/sec: 2,584 | bf16_mfu: 0.00 | epoch: 1 pq: 0 rg: 2 | total time: 1.06m | eta: 2.6m
step 00294/01000 (29.40%) | loss: 6.827398 | lrm: 1.00 | dt: 294.56ms | tok/sec: 3,476 | bf16_mfu: 0.00 | epoch: 1 pq: 0 rg: 2 | total time: 1.06m | eta: 2.6m
step 00295/01000 (29.50%) | loss: 6.815014 | lrm: 1.00 | dt: 226.29ms | tok/sec: 4,525 | bf16_mfu: 0.00 | epoch: 1 pq: 0 rg: 2 | total time: 1.07m | eta: 2.6m
step 00296/01000 (29.60%) | loss: 6.910350 | lrm: 1.00 | dt: 197.16ms | tok/sec: 5,193 | bf16_mfu: 0.00 | epoch: 1 pq: 0 rg: 2 | total time: 1.07m | eta: 2.6m
step 00297/01000 (29.70%) | loss: 6.925671 | lrm: 1.00 | dt: 206.06ms | tok/sec: 4,969 | bf16_mfu: 0.00 | epoch: 1 pq: 0 rg: 2 | total time: 1.08m | eta: 2.6m
step 00298/01000 (29.80%) | loss: 6.889678 | lrm: 1.00 | dt: 211.98ms | tok/sec: 4,830 | bf16_mfu: 0.00 | epoch: 1 pq: 0 rg: 2 | total time: 1.08m | eta: 2.6m
step 00299/01000 (29.90%) | loss: 6.946785 | lrm: 1.00 | dt: 183.55ms | tok/sec: 5,578 | bf16_mfu: 0.00 | epoch: 1 pq: 0 rg: 2 | total time: 1.08m | eta: 2.6m
step 00300/01000 (30.00%) | loss: 6.936263 | lrm: 1.00 | dt: 194.71ms | tok/sec: 5,259 | bf16_mfu: 0.00 | epoch: 1 pq: 0 rg: 2 | total time: 1.09m | eta: 2.6m
step 00301/01000 (30.10%) | loss: 7.042935 | lrm: 1.00 | dt: 171.48ms | tok/sec: 5,971 | bf16_mfu: 0.00 | epoch: 1 pq: 0 rg: 2 | total time: 1.09m | eta: 2.6m
step 00302/01000 (30.20%) | loss: 6.980891 | lrm: 1.00 | dt: 187.52ms | tok/sec: 5,460 | bf16_mfu: 0.00 | epoch: 1 pq: 0 rg: 2 | total time: 1.09m | eta: 2.6m
step 00303/01000 (30.30%) | loss: 6.988950 | lrm: 1.00 | dt: 177.85ms | tok/sec: 5,757 | bf16_mfu: 0.00 | epoch: 1 pq: 0 rg: 2 | total time: 1.09m | eta: 2.6m
step 00304/01000 (30.40%) | loss: 7.088647 | lrm: 1.00 | dt: 183.45ms | tok/sec: 5,581 | bf16_mfu: 0.00 | epoch: 1 pq: 0 rg: 2 | total time: 1.10m | eta: 2.6m
step 00305/01000 (30.50%) | loss: 7.023211 | lrm: 1.00 | dt: 312.17ms | tok/sec: 3,280 | bf16_mfu: 0.00 | epoch: 1 pq: 0 rg: 2 | total time: 1.10m | eta: 2.6m
step 00306/01000 (30.60%) | loss: 7.020804 | lrm: 1.00 | dt: 193.51ms | tok/sec: 5,291 | bf16_mfu: 0.00 | epoch: 1 pq: 0 rg: 2 | total time: 1.11m | eta: 2.6m
step 00307/01000 (30.70%) | loss: 6.982098 | lrm: 1.00 | dt: 199.66ms | tok/sec: 5,128 | bf16_mfu: 0.00 | epoch: 1 pq: 0 rg: 2 | total time: 1.11m | eta: 2.6m
step 00308/01000 (30.80%) | loss: 6.960883 | lrm: 1.00 | dt: 195.28ms | tok/sec: 5,243 | bf16_mfu: 0.00 | epoch: 1 pq: 0 rg: 2 | total time: 1.11m | eta: 2.6m
step 00309/01000 (30.90%) | loss: 7.027744 | lrm: 1.00 | dt: 194.41ms | tok/sec: 5,267 | bf16_mfu: 0.00 | epoch: 1 pq: 0 rg: 2 | total time: 1.12m | eta: 2.6m
step 00310/01000 (31.00%) | loss: 7.055141 | lrm: 1.00 | dt: 205.28ms | tok/sec: 4,988 | bf16_mfu: 0.00 | epoch: 1 pq: 0 rg: 2 | total time: 1.12m | eta: 2.6m
step 00311/01000 (31.10%) | loss: 7.137956 | lrm: 1.00 | dt: 199.65ms | tok/sec: 5,128 | bf16_mfu: 0.00 | epoch: 1 pq: 0 rg: 2 | total time: 1.12m | eta: 2.6m
step 00312/01000 (31.20%) | loss: 7.070327 | lrm: 1.00 | dt: 207.79ms | tok/sec: 4,928 | bf16_mfu: 0.00 | epoch: 1 pq: 0 rg: 2 | total time: 1.13m | eta: 2.6m
step 00313/01000 (31.30%) | loss: 7.138342 | lrm: 1.00 | dt: 207.03ms | tok/sec: 4,946 | bf16_mfu: 0.00 | epoch: 1 pq: 0 rg: 2 | total time: 1.13m | eta: 2.6m
step 00314/01000 (31.40%) | loss: 7.113241 | lrm: 1.00 | dt: 208.35ms | tok/sec: 4,914 | bf16_mfu: 0.00 | epoch: 1 pq: 0 rg: 2 | total time: 1.13m | eta: 2.6m
step 00315/01000 (31.50%) | loss: 7.074869 | lrm: 1.00 | dt: 429.52ms | tok/sec: 2,384 | bf16_mfu: 0.00 | epoch: 1 pq: 0 rg: 2 | total time: 1.14m | eta: 2.6m
step 00316/01000 (31.60%) | loss: 7.094956 | lrm: 1.00 | dt: 222.59ms | tok/sec: 4,600 | bf16_mfu: 0.00 | epoch: 1 pq: 0 rg: 2 | total time: 1.14m | eta: 2.6m
step 00317/01000 (31.70%) | loss: 7.117364 | lrm: 1.00 | dt: 228.24ms | tok/sec: 4,486 | bf16_mfu: 0.00 | epoch: 1 pq: 0 rg: 2 | total time: 1.15m | eta: 2.6m
step 00318/01000 (31.80%) | loss: 7.106487 | lrm: 1.00 | dt: 236.66ms | tok/sec: 4,326 | bf16_mfu: 0.00 | epoch: 1 pq: 0 rg: 2 | total time: 1.15m | eta: 2.5m
step 00319/01000 (31.90%) | loss: 7.125629 | lrm: 1.00 | dt: 244.59ms | tok/sec: 4,186 | bf16_mfu: 0.00 | epoch: 1 pq: 0 rg: 2 | total time: 1.16m | eta: 2.5m
step 00320/01000 (32.00%) | loss: 7.159866 | lrm: 1.00 | dt: 229.26ms | tok/sec: 4,466 | bf16_mfu: 0.00 | epoch: 1 pq: 0 rg: 2 | total time: 1.16m | eta: 2.5m
step 00321/01000 (32.10%) | loss: 7.102898 | lrm: 1.00 | dt: 206.20ms | tok/sec: 4,966 | bf16_mfu: 0.00 | epoch: 1 pq: 0 rg: 2 | total time: 1.16m | eta: 2.5m
step 00322/01000 (32.20%) | loss: 7.087955 | lrm: 1.00 | dt: 195.66ms | tok/sec: 5,233 | bf16_mfu: 0.00 | epoch: 1 pq: 0 rg: 2 | total time: 1.17m | eta: 2.5m
step 00323/01000 (32.30%) | loss: 7.053161 | lrm: 1.00 | dt: 217.17ms | tok/sec: 4,715 | bf16_mfu: 0.00 | epoch: 1 pq: 0 rg: 2 | total time: 1.17m | eta: 2.5m
step 00324/01000 (32.40%) | loss: 7.102332 | lrm: 1.00 | dt: 204.41ms | tok/sec: 5,009 | bf16_mfu: 0.00 | epoch: 1 pq: 0 rg: 2 | total time: 1.17m | eta: 2.5m
step 00325/01000 (32.50%) | loss: 7.082023 | lrm: 1.00 | dt: 208.07ms | tok/sec: 4,921 | bf16_mfu: 0.00 | epoch: 1 pq: 0 rg: 2 | total time: 1.18m | eta: 2.5m
step 00326/01000 (32.60%) | loss: 7.004257 | lrm: 1.00 | dt: 206.77ms | tok/sec: 4,952 | bf16_mfu: 0.00 | epoch: 1 pq: 0 rg: 2 | total time: 1.18m | eta: 2.5m
step 00327/01000 (32.70%) | loss: 7.059513 | lrm: 1.00 | dt: 359.61ms | tok/sec: 2,847 | bf16_mfu: 0.00 | epoch: 1 pq: 0 rg: 2 | total time: 1.19m | eta: 2.5m
step 00328/01000 (32.80%) | loss: 7.295405 | lrm: 1.00 | dt: 234.18ms | tok/sec: 4,372 | bf16_mfu: 0.00 | epoch: 1 pq: 0 rg: 2 | total time: 1.19m | eta: 2.5m
step 00329/01000 (32.90%) | loss: 7.262271 | lrm: 1.00 | dt: 244.24ms | tok/sec: 4,192 | bf16_mfu: 0.00 | epoch: 1 pq: 0 rg: 2 | total time: 1.19m | eta: 2.5m
step 00330/01000 (33.00%) | loss: 7.252938 | lrm: 1.00 | dt: 243.08ms | tok/sec: 4,212 | bf16_mfu: 0.00 | epoch: 1 pq: 0 rg: 2 | total time: 1.20m | eta: 2.5m
step 00331/01000 (33.10%) | loss: 7.269609 | lrm: 1.00 | dt: 228.89ms | tok/sec: 4,473 | bf16_mfu: 0.00 | epoch: 1 pq: 0 rg: 2 | total time: 1.20m | eta: 2.5m
step 00332/01000 (33.20%) | loss: 7.268719 | lrm: 1.00 | dt: 191.26ms | tok/sec: 5,353 | bf16_mfu: 0.00 | epoch: 1 pq: 0 rg: 2 | total time: 1.20m | eta: 2.5m
step 00333/01000 (33.30%) | loss: 7.271271 | lrm: 1.00 | dt: 193.71ms | tok/sec: 5,286 | bf16_mfu: 0.00 | epoch: 1 pq: 0 rg: 2 | total time: 1.21m | eta: 2.5m
step 00334/01000 (33.40%) | loss: 7.249394 | lrm: 1.00 | dt: 226.18ms | tok/sec: 4,527 | bf16_mfu: 0.00 | epoch: 1 pq: 0 rg: 2 | total time: 1.21m | eta: 2.5m
step 00335/01000 (33.50%) | loss: 7.281792 | lrm: 1.00 | dt: 194.13ms | tok/sec: 5,274 | bf16_mfu: 0.00 | epoch: 1 pq: 0 rg: 2 | total time: 1.21m | eta: 2.5m
step 00336/01000 (33.60%) | loss: 7.272123 | lrm: 1.00 | dt: 310.25ms | tok/sec: 3,300 | bf16_mfu: 0.00 | epoch: 1 pq: 0 rg: 2 | total time: 1.22m | eta: 2.5m
step 00337/01000 (33.70%) | loss: 7.247731 | lrm: 1.00 | dt: 199.42ms | tok/sec: 5,134 | bf16_mfu: 0.00 | epoch: 1 pq: 0 rg: 2 | total time: 1.22m | eta: 2.5m
step 00338/01000 (33.80%) | loss: 7.183606 | lrm: 1.00 | dt: 201.74ms | tok/sec: 5,075 | bf16_mfu: 0.00 | epoch: 1 pq: 0 rg: 2 | total time: 1.23m | eta: 2.5m
step 00339/01000 (33.90%) | loss: 7.132824 | lrm: 1.00 | dt: 193.42ms | tok/sec: 5,294 | bf16_mfu: 0.00 | epoch: 1 pq: 0 rg: 2 | total time: 1.23m | eta: 2.5m
step 00340/01000 (34.00%) | loss: 7.077926 | lrm: 1.00 | dt: 200.55ms | tok/sec: 5,106 | bf16_mfu: 0.00 | epoch: 1 pq: 0 rg: 2 | total time: 1.23m | eta: 2.5m
step 00341/01000 (34.10%) | loss: 7.040423 | lrm: 1.00 | dt: 190.72ms | tok/sec: 5,369 | bf16_mfu: 0.00 | epoch: 1 pq: 0 rg: 2 | total time: 1.24m | eta: 2.5m
step 00342/01000 (34.20%) | loss: 7.041728 | lrm: 1.00 | dt: 191.24ms | tok/sec: 5,354 | bf16_mfu: 0.00 | epoch: 1 pq: 0 rg: 2 | total time: 1.24m | eta: 2.5m
step 00343/01000 (34.30%) | loss: 6.964591 | lrm: 1.00 | dt: 234.13ms | tok/sec: 4,373 | bf16_mfu: 0.00 | epoch: 1 pq: 0 rg: 2 | total time: 1.24m | eta: 2.5m
step 00344/01000 (34.40%) | loss: 6.983409 | lrm: 1.00 | dt: 232.32ms | tok/sec: 4,407 | bf16_mfu: 0.00 | epoch: 1 pq: 0 rg: 2 | total time: 1.25m | eta: 2.4m
step 00345/01000 (34.50%) | loss: 6.938809 | lrm: 1.00 | dt: 400.00ms | tok/sec: 2,559 | bf16_mfu: 0.00 | epoch: 1 pq: 0 rg: 2 | total time: 1.25m | eta: 2.5m
step 00346/01000 (34.60%) | loss: 6.999459 | lrm: 1.00 | dt: 300.70ms | tok/sec: 3,405 | bf16_mfu: 0.00 | epoch: 1 pq: 0 rg: 2 | total time: 1.26m | eta: 2.5m
step 00347/01000 (34.70%) | loss: 7.026862 | lrm: 1.00 | dt: 377.19ms | tok/sec: 2,714 | bf16_mfu: 0.00 | epoch: 1 pq: 0 rg: 2 | total time: 1.27m | eta: 2.5m
step 00348/01000 (34.80%) | loss: 7.103120 | lrm: 1.00 | dt: 287.56ms | tok/sec: 3,561 | bf16_mfu: 0.00 | epoch: 1 pq: 0 rg: 2 | total time: 1.27m | eta: 2.5m
step 00349/01000 (34.90%) | loss: 7.066402 | lrm: 1.00 | dt: 185.07ms | tok/sec: 5,533 | bf16_mfu: 0.00 | epoch: 1 pq: 0 rg: 2 | total time: 1.27m | eta: 2.4m
step 00350/01000 (35.00%) | loss: 7.026986 | lrm: 1.00 | dt: 170.97ms | tok/sec: 5,989 | bf16_mfu: 0.00 | epoch: 1 pq: 0 rg: 2 | total time: 1.28m | eta: 2.4m
step 00351/01000 (35.10%) | loss: 7.013105 | lrm: 1.00 | dt: 161.74ms | tok/sec: 6,330 | bf16_mfu: 0.00 | epoch: 1 pq: 0 rg: 2 | total time: 1.28m | eta: 2.4m
step 00352/01000 (35.20%) | loss: 7.164413 | lrm: 1.00 | dt: 158.15ms | tok/sec: 6,474 | bf16_mfu: 0.00 | epoch: 1 pq: 0 rg: 2 | total time: 1.28m | eta: 2.4m
step 00353/01000 (35.30%) | loss: 7.179537 | lrm: 1.00 | dt: 157.54ms | tok/sec: 6,500 | bf16_mfu: 0.00 | epoch: 1 pq: 0 rg: 2 | total time: 1.28m | eta: 2.4m
step 00354/01000 (35.40%) | loss: 7.186099 | lrm: 1.00 | dt: 138.16ms | tok/sec: 7,411 | bf16_mfu: 0.00 | epoch: 1 pq: 0 rg: 2 | total time: 1.29m | eta: 2.4m
step 00355/01000 (35.50%) | loss: 7.056925 | lrm: 1.00 | dt: 141.17ms | tok/sec: 7,253 | bf16_mfu: 0.00 | epoch: 1 pq: 0 rg: 2 | total time: 1.29m | eta: 2.4m
step 00356/01000 (35.60%) | loss: 7.082993 | lrm: 1.00 | dt: 143.69ms | tok/sec: 7,126 | bf16_mfu: 0.00 | epoch: 1 pq: 0 rg: 2 | total time: 1.29m | eta: 2.4m
step 00357/01000 (35.70%) | loss: 7.049599 | lrm: 1.00 | dt: 142.93ms | tok/sec: 7,164 | bf16_mfu: 0.00 | epoch: 1 pq: 0 rg: 2 | total time: 1.29m | eta: 2.4m
step 00358/01000 (35.80%) | loss: 7.020509 | lrm: 1.00 | dt: 140.15ms | tok/sec: 7,306 | bf16_mfu: 0.00 | epoch: 1 pq: 0 rg: 2 | total time: 1.30m | eta: 2.4m
step 00359/01000 (35.90%) | loss: 7.025269 | lrm: 1.00 | dt: 144.19ms | tok/sec: 7,101 | bf16_mfu: 0.00 | epoch: 1 pq: 0 rg: 2 | total time: 1.30m | eta: 2.4m
step 00360/01000 (36.00%) | loss: 7.048108 | lrm: 1.00 | dt: 160.19ms | tok/sec: 6,392 | bf16_mfu: 0.00 | epoch: 1 pq: 0 rg: 2 | total time: 1.30m | eta: 2.4m
step 00361/01000 (36.10%) | loss: 7.036418 | lrm: 1.00 | dt: 147.44ms | tok/sec: 6,945 | bf16_mfu: 0.00 | epoch: 1 pq: 0 rg: 2 | total time: 1.30m | eta: 2.4m
step 00362/01000 (36.20%) | loss: 7.070721 | lrm: 1.00 | dt: 164.18ms | tok/sec: 6,237 | bf16_mfu: 0.00 | epoch: 1 pq: 0 rg: 2 | total time: 1.31m | eta: 2.4m
step 00363/01000 (36.30%) | loss: 7.034686 | lrm: 1.00 | dt: 316.06ms | tok/sec: 3,239 | bf16_mfu: 0.00 | epoch: 1 pq: 0 rg: 2 | total time: 1.31m | eta: 2.4m
step 00364/01000 (36.40%) | loss: 7.024314 | lrm: 1.00 | dt: 179.24ms | tok/sec: 5,712 | bf16_mfu: 0.00 | epoch: 1 pq: 0 rg: 2 | total time: 1.31m | eta: 2.4m
step 00365/01000 (36.50%) | loss: 7.049700 | lrm: 1.00 | dt: 225.12ms | tok/sec: 4,548 | bf16_mfu: 0.00 | epoch: 1 pq: 0 rg: 2 | total time: 1.32m | eta: 2.4m
step 00366/01000 (36.60%) | loss: 7.081870 | lrm: 1.00 | dt: 233.05ms | tok/sec: 4,393 | bf16_mfu: 0.00 | epoch: 1 pq: 0 rg: 2 | total time: 1.32m | eta: 2.4m
step 00367/01000 (36.70%) | loss: 7.066416 | lrm: 1.00 | dt: 271.33ms | tok/sec: 3,774 | bf16_mfu: 0.00 | epoch: 1 pq: 0 rg: 2 | total time: 1.33m | eta: 2.4m
step 00368/01000 (36.80%) | loss: 7.102616 | lrm: 1.00 | dt: 318.83ms | tok/sec: 3,211 | bf16_mfu: 0.00 | epoch: 1 pq: 0 rg: 2 | total time: 1.33m | eta: 2.4m
step 00369/01000 (36.90%) | loss: 7.062859 | lrm: 1.00 | dt: 235.51ms | tok/sec: 4,348 | bf16_mfu: 0.00 | epoch: 1 pq: 0 rg: 2 | total time: 1.34m | eta: 2.3m
step 00370/01000 (37.00%) | loss: 6.948303 | lrm: 1.00 | dt: 213.11ms | tok/sec: 4,804 | bf16_mfu: 0.00 | epoch: 1 pq: 0 rg: 2 | total time: 1.34m | eta: 2.3m
step 00371/01000 (37.10%) | loss: 6.981548 | lrm: 1.00 | dt: 360.93ms | tok/sec: 2,837 | bf16_mfu: 0.00 | epoch: 1 pq: 0 rg: 2 | total time: 1.35m | eta: 2.3m
step 00372/01000 (37.20%) | loss: 7.052037 | lrm: 1.00 | dt: 199.39ms | tok/sec: 5,135 | bf16_mfu: 0.00 | epoch: 1 pq: 0 rg: 2 | total time: 1.35m | eta: 2.3m
step 00373/01000 (37.30%) | loss: 7.057586 | lrm: 1.00 | dt: 239.94ms | tok/sec: 4,267 | bf16_mfu: 0.00 | epoch: 1 pq: 0 rg: 2 | total time: 1.35m | eta: 2.3m
step 00374/01000 (37.40%) | loss: 6.979965 | lrm: 1.00 | dt: 186.77ms | tok/sec: 5,482 | bf16_mfu: 0.00 | epoch: 1 pq: 0 rg: 2 | total time: 1.36m | eta: 2.3m
step 00375/01000 (37.50%) | loss: 6.978075 | lrm: 1.00 | dt: 220.93ms | tok/sec: 4,634 | bf16_mfu: 0.00 | epoch: 1 pq: 0 rg: 2 | total time: 1.36m | eta: 2.3m
step 00376/01000 (37.60%) | loss: 6.969778 | lrm: 1.00 | dt: 193.80ms | tok/sec: 5,283 | bf16_mfu: 0.00 | epoch: 1 pq: 0 rg: 2 | total time: 1.36m | eta: 2.3m
step 00377/01000 (37.70%) | loss: 6.968091 | lrm: 1.00 | dt: 195.30ms | tok/sec: 5,243 | bf16_mfu: 0.00 | epoch: 1 pq: 0 rg: 2 | total time: 1.37m | eta: 2.3m
step 00378/01000 (37.80%) | loss: 6.916023 | lrm: 1.00 | dt: 190.19ms | tok/sec: 5,384 | bf16_mfu: 0.00 | epoch: 1 pq: 0 rg: 2 | total time: 1.37m | eta: 2.3m
step 00379/01000 (37.90%) | loss: 6.817864 | lrm: 1.00 | dt: 160.48ms | tok/sec: 6,381 | bf16_mfu: 0.00 | epoch: 1 pq: 0 rg: 2 | total time: 1.37m | eta: 2.3m
step 00380/01000 (38.00%) | loss: 6.830684 | lrm: 1.00 | dt: 169.51ms | tok/sec: 6,040 | bf16_mfu: 0.00 | epoch: 1 pq: 0 rg: 2 | total time: 1.37m | eta: 2.3m
step 00381/01000 (38.10%) | loss: 6.817822 | lrm: 1.00 | dt: 286.20ms | tok/sec: 3,577 | bf16_mfu: 0.00 | epoch: 1 pq: 0 rg: 2 | total time: 1.38m | eta: 2.3m
step 00382/01000 (38.20%) | loss: 6.851566 | lrm: 1.00 | dt: 160.29ms | tok/sec: 6,388 | bf16_mfu: 0.00 | epoch: 1 pq: 0 rg: 2 | total time: 1.38m | eta: 2.3m
step 00383/01000 (38.30%) | loss: 6.829482 | lrm: 1.00 | dt: 172.10ms | tok/sec: 5,950 | bf16_mfu: 0.00 | epoch: 1 pq: 0 rg: 2 | total time: 1.38m | eta: 2.3m
step 00384/01000 (38.40%) | loss: 6.842170 | lrm: 1.00 | dt: 162.36ms | tok/sec: 6,306 | bf16_mfu: 0.00 | epoch: 1 pq: 0 rg: 2 | total time: 1.39m | eta: 2.3m
step 00385/01000 (38.50%) | loss: 6.840207 | lrm: 1.00 | dt: 179.86ms | tok/sec: 5,693 | bf16_mfu: 0.00 | epoch: 1 pq: 0 rg: 2 | total time: 1.39m | eta: 2.3m
step 00386/01000 (38.60%) | loss: 6.861412 | lrm: 1.00 | dt: 177.36ms | tok/sec: 5,773 | bf16_mfu: 0.00 | epoch: 1 pq: 0 rg: 2 | total time: 1.39m | eta: 2.3m
step 00387/01000 (38.70%) | loss: 6.899289 | lrm: 1.00 | dt: 170.92ms | tok/sec: 5,991 | bf16_mfu: 0.00 | epoch: 1 pq: 0 rg: 2 | total time: 1.40m | eta: 2.3m
step 00388/01000 (38.80%) | loss: 6.906931 | lrm: 1.00 | dt: 174.29ms | tok/sec: 5,875 | bf16_mfu: 0.00 | epoch: 1 pq: 0 rg: 2 | total time: 1.40m | eta: 2.3m
step 00389/01000 (38.90%) | loss: 6.964278 | lrm: 1.00 | dt: 191.41ms | tok/sec: 5,349 | bf16_mfu: 0.00 | epoch: 1 pq: 0 rg: 2 | total time: 1.40m | eta: 2.3m
step 00390/01000 (39.00%) | loss: 6.948283 | lrm: 1.00 | dt: 174.60ms | tok/sec: 5,864 | bf16_mfu: 0.00 | epoch: 1 pq: 0 rg: 2 | total time: 1.41m | eta: 2.3m
step 00391/01000 (39.10%) | loss: 6.943554 | lrm: 1.00 | dt: 172.91ms | tok/sec: 5,922 | bf16_mfu: 0.00 | epoch: 1 pq: 0 rg: 2 | total time: 1.41m | eta: 2.3m
step 00392/01000 (39.20%) | loss: 6.966246 | lrm: 1.00 | dt: 183.38ms | tok/sec: 5,584 | bf16_mfu: 0.00 | epoch: 1 pq: 0 rg: 2 | total time: 1.41m | eta: 2.2m
step 00393/01000 (39.30%) | loss: 6.958231 | lrm: 1.00 | dt: 184.39ms | tok/sec: 5,553 | bf16_mfu: 0.00 | epoch: 1 pq: 0 rg: 2 | total time: 1.41m | eta: 2.2m
step 00394/01000 (39.40%) | loss: 6.949746 | lrm: 1.00 | dt: 214.22ms | tok/sec: 4,780 | bf16_mfu: 0.00 | epoch: 1 pq: 0 rg: 2 | total time: 1.42m | eta: 2.2m
step 00395/01000 (39.50%) | loss: 6.945154 | lrm: 1.00 | dt: 200.72ms | tok/sec: 5,101 | bf16_mfu: 0.00 | epoch: 1 pq: 0 rg: 2 | total time: 1.42m | eta: 2.2m
step 00396/01000 (39.60%) | loss: 6.906054 | lrm: 1.00 | dt: 355.22ms | tok/sec: 2,882 | bf16_mfu: 0.00 | epoch: 1 pq: 0 rg: 2 | total time: 1.43m | eta: 2.2m
step 00397/01000 (39.70%) | loss: 6.905830 | lrm: 1.00 | dt: 274.88ms | tok/sec: 3,725 | bf16_mfu: 0.00 | epoch: 1 pq: 0 rg: 2 | total time: 1.43m | eta: 2.2m
step 00398/01000 (39.80%) | loss: 6.920030 | lrm: 1.00 | dt: 251.80ms | tok/sec: 4,066 | bf16_mfu: 0.00 | epoch: 1 pq: 0 rg: 2 | total time: 1.44m | eta: 2.2m
step 00399/01000 (39.90%) | loss: 6.904794 | lrm: 1.00 | dt: 182.99ms | tok/sec: 5,595 | bf16_mfu: 0.00 | epoch: 1 pq: 0 rg: 2 | total time: 1.44m | eta: 2.2m
step 00400/01000 (40.00%) | loss: 6.909365 | lrm: 1.00 | dt: 172.36ms | tok/sec: 5,940 | bf16_mfu: 0.00 | epoch: 1 pq: 0 rg: 2 | total time: 1.44m | eta: 2.2m
step 00401/01000 (40.10%) | loss: 6.897240 | lrm: 1.00 | dt: 148.87ms | tok/sec: 6,878 | bf16_mfu: 0.00 | epoch: 1 pq: 0 rg: 2 | total time: 1.44m | eta: 2.2m
step 00402/01000 (40.20%) | loss: 6.926461 | lrm: 1.00 | dt: 148.02ms | tok/sec: 6,917 | bf16_mfu: 0.00 | epoch: 1 pq: 0 rg: 2 | total time: 1.45m | eta: 2.2m
step 00403/01000 (40.30%) | loss: 6.961090 | lrm: 1.00 | dt: 146.41ms | tok/sec: 6,993 | bf16_mfu: 0.00 | epoch: 1 pq: 0 rg: 2 | total time: 1.45m | eta: 2.2m
step 00404/01000 (40.40%) | loss: 6.960346 | lrm: 1.00 | dt: 147.17ms | tok/sec: 6,957 | bf16_mfu: 0.00 | epoch: 1 pq: 0 rg: 2 | total time: 1.45m | eta: 2.2m
step 00405/01000 (40.50%) | loss: 6.925140 | lrm: 1.00 | dt: 142.48ms | tok/sec: 7,186 | bf16_mfu: 0.00 | epoch: 1 pq: 0 rg: 2 | total time: 1.45m | eta: 2.2m
step 00406/01000 (40.60%) | loss: 6.939789 | lrm: 1.00 | dt: 145.12ms | tok/sec: 7,056 | bf16_mfu: 0.00 | epoch: 1 pq: 0 rg: 2 | total time: 1.46m | eta: 2.2m
step 00407/01000 (40.70%) | loss: 6.939941 | lrm: 1.00 | dt: 153.46ms | tok/sec: 6,672 | bf16_mfu: 0.00 | epoch: 1 pq: 0 rg: 2 | total time: 1.46m | eta: 2.2m
step 00408/01000 (40.80%) | loss: 6.889215 | lrm: 1.00 | dt: 144.85ms | tok/sec: 7,069 | bf16_mfu: 0.00 | epoch: 1 pq: 0 rg: 2 | total time: 1.46m | eta: 2.2m
step 00409/01000 (40.90%) | loss: 6.877915 | lrm: 1.00 | dt: 154.33ms | tok/sec: 6,635 | bf16_mfu: 0.00 | epoch: 1 pq: 0 rg: 2 | total time: 1.46m | eta: 2.2m
step 00410/01000 (41.00%) | loss: 6.917319 | lrm: 1.00 | dt: 164.64ms | tok/sec: 6,219 | bf16_mfu: 0.00 | epoch: 1 pq: 0 rg: 2 | total time: 1.47m | eta: 2.2m
step 00411/01000 (41.10%) | loss: 6.893263 | lrm: 1.00 | dt: 159.99ms | tok/sec: 6,400 | bf16_mfu: 0.00 | epoch: 1 pq: 0 rg: 2 | total time: 1.47m | eta: 2.2m
step 00412/01000 (41.20%) | loss: 6.910189 | lrm: 1.00 | dt: 153.87ms | tok/sec: 6,654 | bf16_mfu: 0.00 | epoch: 1 pq: 0 rg: 2 | total time: 1.47m | eta: 2.2m
step 00413/01000 (41.30%) | loss: 6.897419 | lrm: 1.00 | dt: 317.83ms | tok/sec: 3,221 | bf16_mfu: 0.00 | epoch: 1 pq: 0 rg: 2 | total time: 1.48m | eta: 2.2m
step 00414/01000 (41.40%) | loss: 6.907516 | lrm: 1.00 | dt: 182.18ms | tok/sec: 5,620 | bf16_mfu: 0.00 | epoch: 1 pq: 0 rg: 2 | total time: 1.48m | eta: 2.1m
step 00415/01000 (41.50%) | loss: 6.919912 | lrm: 1.00 | dt: 200.88ms | tok/sec: 5,097 | bf16_mfu: 0.00 | epoch: 1 pq: 0 rg: 2 | total time: 1.48m | eta: 2.1m
step 00416/01000 (41.60%) | loss: 6.894660 | lrm: 1.00 | dt: 225.85ms | tok/sec: 4,534 | bf16_mfu: 0.00 | epoch: 1 pq: 0 rg: 2 | total time: 1.49m | eta: 2.1m
step 00417/01000 (41.70%) | loss: 6.891460 | lrm: 1.00 | dt: 250.29ms | tok/sec: 4,091 | bf16_mfu: 0.00 | epoch: 1 pq: 0 rg: 2 | total time: 1.49m | eta: 2.1m
step 00418/01000 (41.80%) | loss: 6.939876 | lrm: 1.00 | dt: 268.69ms | tok/sec: 3,811 | bf16_mfu: 0.00 | epoch: 1 pq: 0 rg: 2 | total time: 1.50m | eta: 2.1m
step 00419/01000 (41.90%) | loss: 6.978663 | lrm: 1.00 | dt: 283.99ms | tok/sec: 3,605 | bf16_mfu: 0.00 | epoch: 1 pq: 0 rg: 2 | total time: 1.50m | eta: 2.1m
step 00420/01000 (42.00%) | loss: 6.995737 | lrm: 1.00 | dt: 293.37ms | tok/sec: 3,490 | bf16_mfu: 0.00 | epoch: 1 pq: 0 rg: 2 | total time: 1.51m | eta: 2.1m
step 00421/01000 (42.10%) | loss: 7.034881 | lrm: 1.00 | dt: 290.65ms | tok/sec: 3,523 | bf16_mfu: 0.00 | epoch: 1 pq: 0 rg: 2 | total time: 1.51m | eta: 2.1m
step 00422/01000 (42.20%) | loss: 7.129924 | lrm: 1.00 | dt: 203.57ms | tok/sec: 5,030 | bf16_mfu: 0.00 | epoch: 1 pq: 0 rg: 2 | total time: 1.51m | eta: 2.1m
step 00423/01000 (42.30%) | loss: 7.022926 | lrm: 1.00 | dt: 331.89ms | tok/sec: 3,085 | bf16_mfu: 0.00 | epoch: 1 pq: 0 rg: 2 | total time: 1.52m | eta: 2.1m
step 00424/01000 (42.40%) | loss: 6.991571 | lrm: 1.00 | dt: 174.69ms | tok/sec: 5,861 | bf16_mfu: 0.00 | epoch: 1 pq: 0 rg: 2 | total time: 1.52m | eta: 2.1m
step 00425/01000 (42.50%) | loss: 7.021450 | lrm: 1.00 | dt: 202.05ms | tok/sec: 5,068 | bf16_mfu: 0.00 | epoch: 1 pq: 0 rg: 2 | total time: 1.53m | eta: 2.1m
step 00426/01000 (42.60%) | loss: 6.932026 | lrm: 1.00 | dt: 186.24ms | tok/sec: 5,498 | bf16_mfu: 0.00 | epoch: 1 pq: 0 rg: 2 | total time: 1.53m | eta: 2.1m
step 00427/01000 (42.70%) | loss: 6.955681 | lrm: 1.00 | dt: 170.01ms | tok/sec: 6,023 | bf16_mfu: 0.00 | epoch: 1 pq: 0 rg: 2 | total time: 1.53m | eta: 2.1m
step 00428/01000 (42.80%) | loss: 6.862476 | lrm: 1.00 | dt: 190.98ms | tok/sec: 5,361 | bf16_mfu: 0.00 | epoch: 1 pq: 0 rg: 2 | total time: 1.53m | eta: 2.1m
step 00429/01000 (42.90%) | loss: 6.822139 | lrm: 1.00 | dt: 152.60ms | tok/sec: 6,710 | bf16_mfu: 0.00 | epoch: 1 pq: 0 rg: 2 | total time: 1.54m | eta: 2.1m
step 00430/01000 (43.00%) | loss: 6.783944 | lrm: 1.00 | dt: 154.94ms | tok/sec: 6,609 | bf16_mfu: 0.00 | epoch: 1 pq: 0 rg: 2 | total time: 1.54m | eta: 2.1m
step 00431/01000 (43.10%) | loss: 6.773452 | lrm: 1.00 | dt: 170.59ms | tok/sec: 6,002 | bf16_mfu: 0.00 | epoch: 1 pq: 0 rg: 2 | total time: 1.54m | eta: 2.1m
step 00432/01000 (43.20%) | loss: 6.720414 | lrm: 1.00 | dt: 152.83ms | tok/sec: 6,700 | bf16_mfu: 0.00 | epoch: 1 pq: 0 rg: 2 | total time: 1.55m | eta: 2.1m
step 00433/01000 (43.30%) | loss: 6.779207 | lrm: 1.00 | dt: 196.47ms | tok/sec: 5,212 | bf16_mfu: 0.00 | epoch: 1 pq: 0 rg: 2 | total time: 1.55m | eta: 2.1m
step 00434/01000 (43.40%) | loss: 6.827147 | lrm: 1.00 | dt: 168.62ms | tok/sec: 6,072 | bf16_mfu: 0.00 | epoch: 1 pq: 0 rg: 2 | total time: 1.55m | eta: 2.1m
step 00435/01000 (43.50%) | loss: 6.786397 | lrm: 1.00 | dt: 170.97ms | tok/sec: 5,989 | bf16_mfu: 0.00 | epoch: 1 pq: 0 rg: 2 | total time: 1.55m | eta: 2.1m
step 00436/01000 (43.60%) | loss: 6.790908 | lrm: 1.00 | dt: 285.90ms | tok/sec: 3,581 | bf16_mfu: 0.00 | epoch: 1 pq: 0 rg: 2 | total time: 1.56m | eta: 2.1m
step 00437/01000 (43.70%) | loss: 6.896907 | lrm: 1.00 | dt: 232.05ms | tok/sec: 4,412 | bf16_mfu: 0.00 | epoch: 1 pq: 0 rg: 2 | total time: 1.56m | eta: 2.1m
step 00438/01000 (43.80%) | loss: 6.900493 | lrm: 1.00 | dt: 207.74ms | tok/sec: 4,929 | bf16_mfu: 0.00 | epoch: 1 pq: 0 rg: 2 | total time: 1.57m | eta: 2.1m
step 00439/01000 (43.90%) | loss: 6.837035 | lrm: 1.00 | dt: 209.01ms | tok/sec: 4,899 | bf16_mfu: 0.00 | epoch: 1 pq: 0 rg: 2 | total time: 1.57m | eta: 2.1m
step 00440/01000 (44.00%) | loss: 6.849100 | lrm: 1.00 | dt: 229.97ms | tok/sec: 4,452 | bf16_mfu: 0.00 | epoch: 1 pq: 0 rg: 2 | total time: 1.57m | eta: 2.0m
step 00441/01000 (44.10%) | loss: 6.811316 | lrm: 1.00 | dt: 231.95ms | tok/sec: 4,414 | bf16_mfu: 0.00 | epoch: 1 pq: 0 rg: 2 | total time: 1.58m | eta: 2.0m
step 00442/01000 (44.20%) | loss: 6.822842 | lrm: 1.00 | dt: 211.38ms | tok/sec: 4,844 | bf16_mfu: 0.00 | epoch: 1 pq: 0 rg: 2 | total time: 1.58m | eta: 2.0m
step 00443/01000 (44.30%) | loss: 6.783910 | lrm: 1.00 | dt: 209.57ms | tok/sec: 4,886 | bf16_mfu: 0.00 | epoch: 1 pq: 0 rg: 2 | total time: 1.58m | eta: 2.0m
step 00444/01000 (44.40%) | loss: 6.823753 | lrm: 1.00 | dt: 202.68ms | tok/sec: 5,052 | bf16_mfu: 0.00 | epoch: 1 pq: 0 rg: 2 | total time: 1.59m | eta: 2.0m
step 00445/01000 (44.50%) | loss: 6.841392 | lrm: 1.00 | dt: 370.05ms | tok/sec: 2,767 | bf16_mfu: 0.00 | epoch: 1 pq: 0 rg: 2 | total time: 1.59m | eta: 2.0m
step 00446/01000 (44.60%) | loss: 6.847821 | lrm: 1.00 | dt: 200.57ms | tok/sec: 5,105 | bf16_mfu: 0.00 | epoch: 1 pq: 0 rg: 2 | total time: 1.60m | eta: 2.0m
step 00447/01000 (44.70%) | loss: 6.810443 | lrm: 1.00 | dt: 230.79ms | tok/sec: 4,436 | bf16_mfu: 0.00 | epoch: 1 pq: 0 rg: 2 | total time: 1.60m | eta: 2.0m
step 00448/01000 (44.80%) | loss: 6.831660 | lrm: 1.00 | dt: 202.17ms | tok/sec: 5,065 | bf16_mfu: 0.00 | epoch: 1 pq: 0 rg: 2 | total time: 1.60m | eta: 2.0m
step 00449/01000 (44.90%) | loss: 6.894903 | lrm: 1.00 | dt: 197.00ms | tok/sec: 5,198 | bf16_mfu: 0.00 | epoch: 1 pq: 0 rg: 2 | total time: 1.61m | eta: 2.0m
step 00450/01000 (45.00%) | loss: 6.920812 | lrm: 1.00 | dt: 304.05ms | tok/sec: 3,367 | bf16_mfu: 0.00 | epoch: 1 pq: 0 rg: 2 | total time: 1.61m | eta: 2.0m
step 00451/01000 (45.10%) | loss: 6.919910 | lrm: 1.00 | dt: 168.72ms | tok/sec: 6,069 | bf16_mfu: 0.00 | epoch: 1 pq: 0 rg: 2 | total time: 1.62m | eta: 2.0m
step 00452/01000 (45.20%) | loss: 6.982999 | lrm: 1.00 | dt: 167.16ms | tok/sec: 6,125 | bf16_mfu: 0.00 | epoch: 1 pq: 0 rg: 2 | total time: 1.62m | eta: 2.0m
step 00453/01000 (45.30%) | loss: 7.014500 | lrm: 1.00 | dt: 157.62ms | tok/sec: 6,496 | bf16_mfu: 0.00 | epoch: 1 pq: 0 rg: 2 | total time: 1.62m | eta: 2.0m
step 00454/01000 (45.40%) | loss: 7.038582 | lrm: 1.00 | dt: 156.06ms | tok/sec: 6,561 | bf16_mfu: 0.00 | epoch: 1 pq: 0 rg: 2 | total time: 1.62m | eta: 2.0m
step 00455/01000 (45.50%) | loss: 7.005224 | lrm: 1.00 | dt: 161.63ms | tok/sec: 6,335 | bf16_mfu: 0.00 | epoch: 1 pq: 0 rg: 2 | total time: 1.63m | eta: 2.0m
step 00456/01000 (45.60%) | loss: 6.965542 | lrm: 1.00 | dt: 153.44ms | tok/sec: 6,673 | bf16_mfu: 0.00 | epoch: 1 pq: 0 rg: 2 | total time: 1.63m | eta: 2.0m
step 00457/01000 (45.70%) | loss: 7.007777 | lrm: 1.00 | dt: 148.99ms | tok/sec: 6,872 | bf16_mfu: 0.00 | epoch: 1 pq: 0 rg: 2 | total time: 1.63m | eta: 2.0m
step 00458/01000 (45.80%) | loss: 6.967489 | lrm: 1.00 | dt: 182.75ms | tok/sec: 5,603 | bf16_mfu: 0.00 | epoch: 1 pq: 0 rg: 2 | total time: 1.63m | eta: 2.0m
step 00459/01000 (45.90%) | loss: 6.959884 | lrm: 1.00 | dt: 153.78ms | tok/sec: 6,659 | bf16_mfu: 0.00 | epoch: 1 pq: 0 rg: 2 | total time: 1.64m | eta: 2.0m
step 00460/01000 (46.00%) | loss: 6.898975 | lrm: 1.00 | dt: 170.92ms | tok/sec: 5,991 | bf16_mfu: 0.00 | epoch: 1 pq: 0 rg: 2 | total time: 1.64m | eta: 2.0m
step 00461/01000 (46.10%) | loss: 6.843474 | lrm: 1.00 | dt: 185.50ms | tok/sec: 5,520 | bf16_mfu: 0.00 | epoch: 1 pq: 0 rg: 2 | total time: 1.64m | eta: 2.0m
step 00462/01000 (46.20%) | loss: 6.860990 | lrm: 1.00 | dt: 193.60ms | tok/sec: 5,289 | bf16_mfu: 0.00 | epoch: 1 pq: 0 rg: 2 | total time: 1.65m | eta: 2.0m
step 00463/01000 (46.30%) | loss: 6.821292 | lrm: 1.00 | dt: 253.51ms | tok/sec: 4,039 | bf16_mfu: 0.00 | epoch: 1 pq: 0 rg: 2 | total time: 1.65m | eta: 2.0m
step 00464/01000 (46.40%) | loss: 6.685542 | lrm: 1.00 | dt: 260.81ms | tok/sec: 3,926 | bf16_mfu: 0.00 | epoch: 1 pq: 0 rg: 2 | total time: 1.66m | eta: 2.0m
step 00465/01000 (46.50%) | loss: 6.714878 | lrm: 1.00 | dt: 532.70ms | tok/sec: 1,922 | bf16_mfu: 0.00 | epoch: 1 pq: 0 rg: 2 | total time: 1.66m | eta: 2.0m
step 00466/01000 (46.60%) | loss: 6.751513 | lrm: 1.00 | dt: 247.44ms | tok/sec: 4,138 | bf16_mfu: 0.00 | epoch: 1 pq: 0 rg: 2 | total time: 1.67m | eta: 2.0m
step 00467/01000 (46.70%) | loss: 6.806085 | lrm: 1.00 | dt: 276.72ms | tok/sec: 3,700 | bf16_mfu: 0.00 | epoch: 1 pq: 0 rg: 2 | total time: 1.67m | eta: 2.0m
step 00468/01000 (46.80%) | loss: 6.834192 | lrm: 1.00 | dt: 254.94ms | tok/sec: 4,016 | bf16_mfu: 0.00 | epoch: 1 pq: 0 rg: 2 | total time: 1.68m | eta: 1.9m
step 00469/01000 (46.90%) | loss: 6.863401 | lrm: 1.00 | dt: 245.52ms | tok/sec: 4,170 | bf16_mfu: 0.00 | epoch: 1 pq: 0 rg: 2 | total time: 1.68m | eta: 1.9m
step 00470/01000 (47.00%) | loss: 6.899259 | lrm: 1.00 | dt: 230.29ms | tok/sec: 4,446 | bf16_mfu: 0.00 | epoch: 1 pq: 0 rg: 2 | total time: 1.68m | eta: 1.9m
step 00471/01000 (47.10%) | loss: 6.920004 | lrm: 1.00 | dt: 358.90ms | tok/sec: 2,853 | bf16_mfu: 0.00 | epoch: 1 pq: 0 rg: 2 | total time: 1.69m | eta: 1.9m
step 00472/01000 (47.20%) | loss: 6.911302 | lrm: 1.00 | dt: 233.38ms | tok/sec: 4,387 | bf16_mfu: 0.00 | epoch: 1 pq: 0 rg: 2 | total time: 1.69m | eta: 1.9m
step 00473/01000 (47.30%) | loss: 6.950709 | lrm: 1.00 | dt: 214.14ms | tok/sec: 4,781 | bf16_mfu: 0.00 | epoch: 1 pq: 0 rg: 2 | total time: 1.70m | eta: 1.9m
step 00474/01000 (47.40%) | loss: 6.883429 | lrm: 1.00 | dt: 201.44ms | tok/sec: 5,083 | bf16_mfu: 0.00 | epoch: 1 pq: 0 rg: 2 | total time: 1.70m | eta: 1.9m
step 00475/01000 (47.50%) | loss: 6.846385 | lrm: 1.00 | dt: 176.08ms | tok/sec: 5,815 | bf16_mfu: 0.00 | epoch: 1 pq: 0 rg: 2 | total time: 1.70m | eta: 1.9m
step 00476/01000 (47.60%) | loss: 6.811322 | lrm: 1.00 | dt: 195.34ms | tok/sec: 5,242 | bf16_mfu: 0.00 | epoch: 1 pq: 0 rg: 2 | total time: 1.71m | eta: 1.9m
step 00477/01000 (47.70%) | loss: 6.802477 | lrm: 1.00 | dt: 202.64ms | tok/sec: 5,053 | bf16_mfu: 0.00 | epoch: 1 pq: 0 rg: 2 | total time: 1.71m | eta: 1.9m
step 00478/01000 (47.80%) | loss: 6.791598 | lrm: 1.00 | dt: 199.10ms | tok/sec: 5,143 | bf16_mfu: 0.00 | epoch: 1 pq: 0 rg: 2 | total time: 1.71m | eta: 1.9m
step 00479/01000 (47.90%) | loss: 6.834424 | lrm: 1.00 | dt: 246.91ms | tok/sec: 4,147 | bf16_mfu: 0.00 | epoch: 1 pq: 0 rg: 2 | total time: 1.72m | eta: 1.9m
step 00480/01000 (48.00%) | loss: 6.814513 | lrm: 1.00 | dt: 185.18ms | tok/sec: 5,529 | bf16_mfu: 0.00 | epoch: 1 pq: 0 rg: 2 | total time: 1.72m | eta: 1.9m
step 00481/01000 (48.10%) | loss: 6.815107 | lrm: 1.00 | dt: 340.11ms | tok/sec: 3,010 | bf16_mfu: 0.00 | epoch: 1 pq: 0 rg: 2 | total time: 1.73m | eta: 1.9m
step 00482/01000 (48.20%) | loss: 6.788432 | lrm: 1.00 | dt: 197.89ms | tok/sec: 5,174 | bf16_mfu: 0.00 | epoch: 1 pq: 0 rg: 2 | total time: 1.73m | eta: 1.9m
step 00483/01000 (48.30%) | loss: 6.839779 | lrm: 1.00 | dt: 212.80ms | tok/sec: 4,811 | bf16_mfu: 0.00 | epoch: 1 pq: 0 rg: 2 | total time: 1.73m | eta: 1.9m
step 00484/01000 (48.40%) | loss: 6.819206 | lrm: 1.00 | dt: 225.16ms | tok/sec: 4,547 | bf16_mfu: 0.00 | epoch: 1 pq: 0 rg: 2 | total time: 1.74m | eta: 1.9m
step 00485/01000 (48.50%) | loss: 6.801074 | lrm: 1.00 | dt: 235.67ms | tok/sec: 4,344 | bf16_mfu: 0.00 | epoch: 1 pq: 0 rg: 2 | total time: 1.74m | eta: 1.9m
step 00486/01000 (48.60%) | loss: 6.841475 | lrm: 1.00 | dt: 198.55ms | tok/sec: 5,157 | bf16_mfu: 0.00 | epoch: 1 pq: 0 rg: 2 | total time: 1.75m | eta: 1.9m
step 00487/01000 (48.70%) | loss: 6.936861 | lrm: 1.00 | dt: 187.50ms | tok/sec: 5,461 | bf16_mfu: 0.00 | epoch: 1 pq: 0 rg: 2 | total time: 1.75m | eta: 1.9m
step 00488/01000 (48.80%) | loss: 6.959284 | lrm: 1.00 | dt: 313.07ms | tok/sec: 3,270 | bf16_mfu: 0.00 | epoch: 1 pq: 0 rg: 2 | total time: 1.75m | eta: 1.9m
step 00489/01000 (48.90%) | loss: 6.977045 | lrm: 1.00 | dt: 174.78ms | tok/sec: 5,858 | bf16_mfu: 0.00 | epoch: 1 pq: 0 rg: 2 | total time: 1.76m | eta: 1.9m
step 00490/01000 (49.00%) | loss: 6.988319 | lrm: 1.00 | dt: 187.53ms | tok/sec: 5,460 | bf16_mfu: 0.00 | epoch: 1 pq: 0 rg: 2 | total time: 1.76m | eta: 1.9m
step 00491/01000 (49.10%) | loss: 6.868157 | lrm: 1.00 | dt: 167.05ms | tok/sec: 6,129 | bf16_mfu: 0.00 | epoch: 1 pq: 0 rg: 2 | total time: 1.76m | eta: 1.9m
step 00492/01000 (49.20%) | loss: 6.837219 | lrm: 1.00 | dt: 167.81ms | tok/sec: 6,101 | bf16_mfu: 0.00 | epoch: 1 pq: 0 rg: 2 | total time: 1.77m | eta: 1.9m
step 00493/01000 (49.30%) | loss: 6.741465 | lrm: 1.00 | dt: 174.63ms | tok/sec: 5,863 | bf16_mfu: 0.00 | epoch: 1 pq: 0 rg: 2 | total time: 1.77m | eta: 1.9m
step 00494/01000 (49.40%) | loss: 6.689905 | lrm: 1.00 | dt: 181.66ms | tok/sec: 5,636 | bf16_mfu: 0.00 | epoch: 1 pq: 0 rg: 2 | total time: 1.77m | eta: 1.9m
step 00495/01000 (49.50%) | loss: 6.715124 | lrm: 1.00 | dt: 175.53ms | tok/sec: 5,833 | bf16_mfu: 0.00 | epoch: 1 pq: 0 rg: 2 | total time: 1.77m | eta: 1.8m
step 00496/01000 (49.60%) | loss: 6.594930 | lrm: 1.00 | dt: 178.94ms | tok/sec: 5,722 | bf16_mfu: 0.00 | epoch: 1 pq: 0 rg: 2 | total time: 1.78m | eta: 1.8m
step 00497/01000 (49.70%) | loss: 6.620679 | lrm: 1.00 | dt: 176.86ms | tok/sec: 5,789 | bf16_mfu: 0.00 | epoch: 1 pq: 0 rg: 2 | total time: 1.78m | eta: 1.8m
step 00498/01000 (49.80%) | loss: 6.584881 | lrm: 1.00 | dt: 177.52ms | tok/sec: 5,768 | bf16_mfu: 0.00 | epoch: 1 pq: 0 rg: 2 | total time: 1.78m | eta: 1.8m
step 00499/01000 (49.90%) | loss: 6.650028 | lrm: 1.00 | dt: 173.56ms | tok/sec: 5,899 | bf16_mfu: 0.00 | epoch: 1 pq: 0 rg: 2 | total time: 1.79m | eta: 1.8m
step 00500/01000 (50.00%) | loss: 6.678817 | lrm: 1.00 | dt: 205.55ms | tok/sec: 4,981 | bf16_mfu: 0.00 | epoch: 1 pq: 0 rg: 2 | total time: 1.79m | eta: 1.8m
step 00501/01000 (50.10%) | loss: 6.776650 | lrm: 1.00 | dt: 310.60ms | tok/sec: 3,296 | bf16_mfu: 0.00 | epoch: 1 pq: 0 rg: 2 | total time: 1.79m | eta: 1.8m
step 00502/01000 (50.20%) | loss: 6.770146 | lrm: 1.00 | dt: 244.78ms | tok/sec: 4,183 | bf16_mfu: 0.00 | epoch: 1 pq: 0 rg: 2 | total time: 1.80m | eta: 1.8m
step 00503/01000 (50.30%) | loss: 6.780897 | lrm: 1.00 | dt: 204.11ms | tok/sec: 5,016 | bf16_mfu: 0.00 | epoch: 1 pq: 0 rg: 2 | total time: 1.80m | eta: 1.8m
step 00504/01000 (50.40%) | loss: 6.769953 | lrm: 1.00 | dt: 182.17ms | tok/sec: 5,621 | bf16_mfu: 0.00 | epoch: 1 pq: 0 rg: 2 | total time: 1.81m | eta: 1.8m
step 00505/01000 (50.50%) | loss: 6.726899 | lrm: 1.00 | dt: 187.38ms | tok/sec: 5,464 | bf16_mfu: 0.00 | epoch: 1 pq: 0 rg: 2 | total time: 1.81m | eta: 1.8m
step 00506/01000 (50.60%) | loss: 6.765213 | lrm: 1.00 | dt: 176.96ms | tok/sec: 5,786 | bf16_mfu: 0.00 | epoch: 1 pq: 0 rg: 2 | total time: 1.81m | eta: 1.8m
step 00507/01000 (50.70%) | loss: 6.748455 | lrm: 1.00 | dt: 175.69ms | tok/sec: 5,828 | bf16_mfu: 0.00 | epoch: 1 pq: 0 rg: 2 | total time: 1.81m | eta: 1.8m
step 00508/01000 (50.80%) | loss: 6.702465 | lrm: 1.00 | dt: 192.37ms | tok/sec: 5,322 | bf16_mfu: 0.00 | epoch: 1 pq: 0 rg: 2 | total time: 1.82m | eta: 1.8m
step 00509/01000 (50.90%) | loss: 6.716924 | lrm: 1.00 | dt: 176.32ms | tok/sec: 5,807 | bf16_mfu: 0.00 | epoch: 1 pq: 0 rg: 2 | total time: 1.82m | eta: 1.8m
step 00510/01000 (51.00%) | loss: 6.719052 | lrm: 1.00 | dt: 178.95ms | tok/sec: 5,722 | bf16_mfu: 0.00 | epoch: 1 pq: 0 rg: 2 | total time: 1.82m | eta: 1.8m
step 00511/01000 (51.10%) | loss: 6.703655 | lrm: 1.00 | dt: 200.22ms | tok/sec: 5,114 | bf16_mfu: 0.00 | epoch: 1 pq: 0 rg: 2 | total time: 1.83m | eta: 1.8m
step 00512/01000 (51.20%) | loss: 6.684997 | lrm: 1.00 | dt: 191.79ms | tok/sec: 5,339 | bf16_mfu: 0.00 | epoch: 1 pq: 0 rg: 2 | total time: 1.83m | eta: 1.8m
step 00513/01000 (51.30%) | loss: 6.717951 | lrm: 1.00 | dt: 305.17ms | tok/sec: 3,355 | bf16_mfu: 0.00 | epoch: 1 pq: 0 rg: 2 | total time: 1.83m | eta: 1.8m
step 00514/01000 (51.40%) | loss: 6.712503 | lrm: 1.00 | dt: 231.88ms | tok/sec: 4,416 | bf16_mfu: 0.00 | epoch: 1 pq: 0 rg: 2 | total time: 1.84m | eta: 1.8m
step 00515/01000 (51.50%) | loss: 6.721962 | lrm: 1.00 | dt: 248.09ms | tok/sec: 4,127 | bf16_mfu: 0.00 | epoch: 1 pq: 0 rg: 2 | total time: 1.84m | eta: 1.8m
step 00516/01000 (51.60%) | loss: 6.729857 | lrm: 1.00 | dt: 227.70ms | tok/sec: 4,497 | bf16_mfu: 0.00 | epoch: 1 pq: 0 rg: 2 | total time: 1.85m | eta: 1.8m
step 00517/01000 (51.70%) | loss: 6.745860 | lrm: 1.00 | dt: 231.26ms | tok/sec: 4,427 | bf16_mfu: 0.00 | epoch: 1 pq: 0 rg: 2 | total time: 1.85m | eta: 1.8m
step 00518/01000 (51.80%) | loss: 6.814414 | lrm: 1.00 | dt: 244.80ms | tok/sec: 4,182 | bf16_mfu: 0.00 | epoch: 1 pq: 0 rg: 2 | total time: 1.85m | eta: 1.8m
step 00519/01000 (51.90%) | loss: 6.743568 | lrm: 1.00 | dt: 261.67ms | tok/sec: 3,913 | bf16_mfu: 0.00 | epoch: 1 pq: 0 rg: 2 | total time: 1.86m | eta: 1.8m
step 00520/01000 (52.00%) | loss: 6.768522 | lrm: 1.00 | dt: 231.33ms | tok/sec: 4,426 | bf16_mfu: 0.00 | epoch: 1 pq: 0 rg: 2 | total time: 1.86m | eta: 1.8m
step 00521/01000 (52.10%) | loss: 6.757727 | lrm: 1.00 | dt: 256.14ms | tok/sec: 3,997 | bf16_mfu: 0.00 | epoch: 1 pq: 0 rg: 2 | total time: 1.87m | eta: 1.8m
step 00522/01000 (52.20%) | loss: 6.730473 | lrm: 1.00 | dt: 244.10ms | tok/sec: 4,194 | bf16_mfu: 0.00 | epoch: 1 pq: 0 rg: 2 | total time: 1.87m | eta: 1.7m
step 00523/01000 (52.30%) | loss: 6.738628 | lrm: 1.00 | dt: 389.06ms | tok/sec: 2,631 | bf16_mfu: 0.00 | epoch: 1 pq: 0 rg: 2 | total time: 1.88m | eta: 1.7m
step 00524/01000 (52.40%) | loss: 6.736096 | lrm: 1.00 | dt: 206.65ms | tok/sec: 4,955 | bf16_mfu: 0.00 | epoch: 1 pq: 0 rg: 2 | total time: 1.88m | eta: 1.7m
step 00525/01000 (52.50%) | loss: 6.650184 | lrm: 1.00 | dt: 241.21ms | tok/sec: 4,245 | bf16_mfu: 0.00 | epoch: 1 pq: 0 rg: 2 | total time: 1.88m | eta: 1.7m
step 00526/01000 (52.60%) | loss: 6.665040 | lrm: 1.00 | dt: 234.67ms | tok/sec: 4,363 | bf16_mfu: 0.00 | epoch: 1 pq: 0 rg: 2 | total time: 1.89m | eta: 1.7m
step 00527/01000 (52.70%) | loss: 6.729987 | lrm: 1.00 | dt: 184.70ms | tok/sec: 5,544 | bf16_mfu: 0.00 | epoch: 1 pq: 0 rg: 2 | total time: 1.89m | eta: 1.7m
step 00528/01000 (52.80%) | loss: 6.749227 | lrm: 1.00 | dt: 154.93ms | tok/sec: 6,609 | bf16_mfu: 0.00 | epoch: 1 pq: 0 rg: 2 | total time: 1.89m | eta: 1.7m
step 00529/01000 (52.90%) | loss: 6.722439 | lrm: 1.00 | dt: 156.77ms | tok/sec: 6,531 | bf16_mfu: 0.00 | epoch: 1 pq: 0 rg: 2 | total time: 1.90m | eta: 1.7m
step 00530/01000 (53.00%) | loss: 6.726491 | lrm: 1.00 | dt: 158.81ms | tok/sec: 6,448 | bf16_mfu: 0.00 | epoch: 1 pq: 0 rg: 2 | total time: 1.90m | eta: 1.7m
step 00531/01000 (53.10%) | loss: 6.770152 | lrm: 1.00 | dt: 143.32ms | tok/sec: 7,144 | bf16_mfu: 0.00 | epoch: 1 pq: 0 rg: 2 | total time: 1.90m | eta: 1.7m
step 00532/01000 (53.20%) | loss: 6.806513 | lrm: 1.00 | dt: 149.03ms | tok/sec: 6,870 | bf16_mfu: 0.00 | epoch: 1 pq: 0 rg: 2 | total time: 1.90m | eta: 1.7m
step 00533/01000 (53.30%) | loss: 6.753796 | lrm: 1.00 | dt: 155.01ms | tok/sec: 6,605 | bf16_mfu: 0.00 | epoch: 1 pq: 0 rg: 2 | total time: 1.91m | eta: 1.7m
step 00534/01000 (53.40%) | loss: 6.756075 | lrm: 1.00 | dt: 295.99ms | tok/sec: 3,459 | bf16_mfu: 0.00 | epoch: 1 pq: 0 rg: 2 | total time: 1.91m | eta: 1.7m
step 00535/01000 (53.50%) | loss: 6.744140 | lrm: 1.00 | dt: 174.27ms | tok/sec: 5,875 | bf16_mfu: 0.00 | epoch: 1 pq: 0 rg: 2 | total time: 1.92m | eta: 1.7m
step 00536/01000 (53.60%) | loss: 6.774872 | lrm: 1.00 | dt: 182.02ms | tok/sec: 5,625 | bf16_mfu: 0.00 | epoch: 1 pq: 0 rg: 2 | total time: 1.92m | eta: 1.7m
step 00537/01000 (53.70%) | loss: 6.812669 | lrm: 1.00 | dt: 185.46ms | tok/sec: 5,521 | bf16_mfu: 0.00 | epoch: 1 pq: 0 rg: 2 | total time: 1.92m | eta: 1.7m
step 00538/01000 (53.80%) | loss: 6.791476 | lrm: 1.00 | dt: 177.72ms | tok/sec: 5,761 | bf16_mfu: 0.00 | epoch: 1 pq: 0 rg: 2 | total time: 1.92m | eta: 1.7m
step 00539/01000 (53.90%) | loss: 6.818542 | lrm: 1.00 | dt: 182.80ms | tok/sec: 5,601 | bf16_mfu: 0.00 | epoch: 1 pq: 0 rg: 2 | total time: 1.93m | eta: 1.7m
step 00540/01000 (54.00%) | loss: 6.840079 | lrm: 1.00 | dt: 210.88ms | tok/sec: 4,855 | bf16_mfu: 0.00 | epoch: 1 pq: 0 rg: 2 | total time: 1.93m | eta: 1.7m
step 00541/01000 (54.10%) | loss: 6.773851 | lrm: 1.00 | dt: 206.81ms | tok/sec: 4,951 | bf16_mfu: 0.00 | epoch: 1 pq: 0 rg: 2 | total time: 1.93m | eta: 1.7m
step 00542/01000 (54.20%) | loss: 6.720470 | lrm: 1.00 | dt: 240.14ms | tok/sec: 4,264 | bf16_mfu: 0.00 | epoch: 1 pq: 0 rg: 2 | total time: 1.94m | eta: 1.7m
step 00543/01000 (54.30%) | loss: 6.769674 | lrm: 1.00 | dt: 228.44ms | tok/sec: 4,482 | bf16_mfu: 0.00 | epoch: 1 pq: 0 rg: 2 | total time: 1.94m | eta: 1.7m
step 00544/01000 (54.40%) | loss: 6.792008 | lrm: 1.00 | dt: 257.36ms | tok/sec: 3,978 | bf16_mfu: 0.00 | epoch: 1 pq: 0 rg: 2 | total time: 1.95m | eta: 1.7m
step 00545/01000 (54.50%) | loss: 6.820790 | lrm: 1.00 | dt: 235.36ms | tok/sec: 4,350 | bf16_mfu: 0.00 | epoch: 1 pq: 0 rg: 2 | total time: 1.95m | eta: 1.7m
step 00546/01000 (54.60%) | loss: 6.815213 | lrm: 1.00 | dt: 218.19ms | tok/sec: 4,693 | bf16_mfu: 0.00 | epoch: 1 pq: 0 rg: 2 | total time: 1.95m | eta: 1.7m
step 00547/01000 (54.70%) | loss: 6.796238 | lrm: 1.00 | dt: 334.55ms | tok/sec: 3,060 | bf16_mfu: 0.00 | epoch: 1 pq: 0 rg: 2 | total time: 1.96m | eta: 1.7m
step 00548/01000 (54.80%) | loss: 6.836471 | lrm: 1.00 | dt: 191.03ms | tok/sec: 5,360 | bf16_mfu: 0.00 | epoch: 1 pq: 0 rg: 2 | total time: 1.96m | eta: 1.6m
step 00549/01000 (54.90%) | loss: 6.784845 | lrm: 1.00 | dt: 169.88ms | tok/sec: 6,027 | bf16_mfu: 0.00 | epoch: 1 pq: 0 rg: 2 | total time: 1.97m | eta: 1.6m
step 00550/01000 (55.00%) | loss: 6.731571 | lrm: 1.00 | dt: 174.07ms | tok/sec: 5,882 | bf16_mfu: 0.00 | epoch: 1 pq: 0 rg: 2 | total time: 1.97m | eta: 1.6m
step 00551/01000 (55.10%) | loss: 6.722561 | lrm: 1.00 | dt: 154.29ms | tok/sec: 6,636 | bf16_mfu: 0.00 | epoch: 1 pq: 0 rg: 2 | total time: 1.97m | eta: 1.6m
step 00552/01000 (55.20%) | loss: 6.673708 | lrm: 1.00 | dt: 177.04ms | tok/sec: 5,784 | bf16_mfu: 0.00 | epoch: 1 pq: 0 rg: 2 | total time: 1.97m | eta: 1.6m
step 00553/01000 (55.30%) | loss: 6.686396 | lrm: 1.00 | dt: 182.31ms | tok/sec: 5,616 | bf16_mfu: 0.00 | epoch: 1 pq: 0 rg: 2 | total time: 1.98m | eta: 1.6m
step 00554/01000 (55.40%) | loss: 6.700959 | lrm: 1.00 | dt: 310.60ms | tok/sec: 3,296 | bf16_mfu: 0.00 | epoch: 1 pq: 0 rg: 2 | total time: 1.98m | eta: 1.6m
step 00555/01000 (55.50%) | loss: 6.669336 | lrm: 1.00 | dt: 184.31ms | tok/sec: 5,555 | bf16_mfu: 0.00 | epoch: 1 pq: 0 rg: 2 | total time: 1.99m | eta: 1.6m
step 00556/01000 (55.60%) | loss: 6.612252 | lrm: 1.00 | dt: 159.46ms | tok/sec: 6,421 | bf16_mfu: 0.00 | epoch: 1 pq: 0 rg: 2 | total time: 1.99m | eta: 1.6m
step 00557/01000 (55.70%) | loss: 6.622446 | lrm: 1.00 | dt: 158.40ms | tok/sec: 6,464 | bf16_mfu: 0.00 | epoch: 1 pq: 0 rg: 2 | total time: 1.99m | eta: 1.6m
step 00558/01000 (55.80%) | loss: 6.590853 | lrm: 1.00 | dt: 172.23ms | tok/sec: 5,945 | bf16_mfu: 0.00 | epoch: 1 pq: 0 rg: 2 | total time: 1.99m | eta: 1.6m
step 00559/01000 (55.90%) | loss: 6.624373 | lrm: 1.00 | dt: 171.27ms | tok/sec: 5,978 | bf16_mfu: 0.00 | epoch: 1 pq: 0 rg: 2 | total time: 2.00m | eta: 1.6m
step 00560/01000 (56.00%) | loss: 6.663650 | lrm: 1.00 | dt: 169.64ms | tok/sec: 6,036 | bf16_mfu: 0.00 | epoch: 1 pq: 0 rg: 2 | total time: 2.00m | eta: 1.6m
step 00561/01000 (56.10%) | loss: 6.690808 | lrm: 1.00 | dt: 171.47ms | tok/sec: 5,972 | bf16_mfu: 0.00 | epoch: 1 pq: 0 rg: 2 | total time: 2.00m | eta: 1.6m
step 00562/01000 (56.20%) | loss: 6.699037 | lrm: 1.00 | dt: 168.75ms | tok/sec: 6,068 | bf16_mfu: 0.00 | epoch: 1 pq: 0 rg: 2 | total time: 2.00m | eta: 1.6m
step 00563/01000 (56.30%) | loss: 6.697401 | lrm: 1.00 | dt: 216.48ms | tok/sec: 4,730 | bf16_mfu: 0.00 | epoch: 1 pq: 0 rg: 2 | total time: 2.01m | eta: 1.6m
step 00564/01000 (56.40%) | loss: 6.743418 | lrm: 1.00 | dt: 229.66ms | tok/sec: 4,458 | bf16_mfu: 0.00 | epoch: 1 pq: 0 rg: 2 | total time: 2.01m | eta: 1.6m
step 00565/01000 (56.50%) | loss: 6.808166 | lrm: 1.00 | dt: 268.45ms | tok/sec: 3,814 | bf16_mfu: 0.00 | epoch: 1 pq: 0 rg: 2 | total time: 2.02m | eta: 1.6m
step 00566/01000 (56.60%) | loss: 6.767797 | lrm: 1.00 | dt: 280.51ms | tok/sec: 3,650 | bf16_mfu: 0.00 | epoch: 1 pq: 0 rg: 2 | total time: 2.02m | eta: 1.6m
step 00567/01000 (56.70%) | loss: 6.747045 | lrm: 1.00 | dt: 476.72ms | tok/sec: 2,148 | bf16_mfu: 0.00 | epoch: 1 pq: 0 rg: 2 | total time: 2.03m | eta: 1.6m
step 00568/01000 (56.80%) | loss: 6.810840 | lrm: 1.00 | dt: 275.54ms | tok/sec: 3,716 | bf16_mfu: 0.00 | epoch: 1 pq: 0 rg: 2 | total time: 2.03m | eta: 1.6m
step 00569/01000 (56.90%) | loss: 6.812847 | lrm: 1.00 | dt: 194.93ms | tok/sec: 5,253 | bf16_mfu: 0.00 | epoch: 1 pq: 0 rg: 2 | total time: 2.04m | eta: 1.6m
step 00570/01000 (57.00%) | loss: 6.805170 | lrm: 1.00 | dt: 192.95ms | tok/sec: 5,307 | bf16_mfu: 0.00 | epoch: 1 pq: 0 rg: 2 | total time: 2.04m | eta: 1.6m
step 00571/01000 (57.10%) | loss: 6.746429 | lrm: 1.00 | dt: 218.20ms | tok/sec: 4,692 | bf16_mfu: 0.00 | epoch: 1 pq: 0 rg: 2 | total time: 2.04m | eta: 1.6m
step 00572/01000 (57.20%) | loss: 6.737536 | lrm: 1.00 | dt: 189.41ms | tok/sec: 5,406 | bf16_mfu: 0.00 | epoch: 1 pq: 0 rg: 2 | total time: 2.05m | eta: 1.6m
step 00573/01000 (57.30%) | loss: 6.710782 | lrm: 1.00 | dt: 199.92ms | tok/sec: 5,121 | bf16_mfu: 0.00 | epoch: 1 pq: 0 rg: 2 | total time: 2.05m | eta: 1.6m
step 00574/01000 (57.40%) | loss: 6.739819 | lrm: 1.00 | dt: 181.81ms | tok/sec: 5,632 | bf16_mfu: 0.00 | epoch: 1 pq: 0 rg: 2 | total time: 2.05m | eta: 1.6m
step 00575/01000 (57.50%) | loss: 6.728795 | lrm: 1.00 | dt: 192.19ms | tok/sec: 5,327 | bf16_mfu: 0.00 | epoch: 1 pq: 0 rg: 2 | total time: 2.06m | eta: 1.5m
step 00576/01000 (57.60%) | loss: 6.704119 | lrm: 1.00 | dt: 305.34ms | tok/sec: 3,353 | bf16_mfu: 0.00 | epoch: 1 pq: 0 rg: 2 | total time: 2.06m | eta: 1.5m
step 00577/01000 (57.70%) | loss: 6.731803 | lrm: 1.00 | dt: 191.02ms | tok/sec: 5,360 | bf16_mfu: 0.00 | epoch: 1 pq: 0 rg: 2 | total time: 2.06m | eta: 1.5m
step 00578/01000 (57.80%) | loss: 6.690601 | lrm: 1.00 | dt: 172.61ms | tok/sec: 5,932 | bf16_mfu: 0.00 | epoch: 1 pq: 0 rg: 2 | total time: 2.07m | eta: 1.5m
step 00579/01000 (57.90%) | loss: 6.680154 | lrm: 1.00 | dt: 154.96ms | tok/sec: 6,608 | bf16_mfu: 0.00 | epoch: 1 pq: 0 rg: 2 | total time: 2.07m | eta: 1.5m
step 00580/01000 (58.00%) | loss: 6.675038 | lrm: 1.00 | dt: 180.24ms | tok/sec: 5,681 | bf16_mfu: 0.00 | epoch: 1 pq: 0 rg: 2 | total time: 2.07m | eta: 1.5m
step 00581/01000 (58.10%) | loss: 6.759319 | lrm: 1.00 | dt: 168.47ms | tok/sec: 6,078 | bf16_mfu: 0.00 | epoch: 1 pq: 0 rg: 2 | total time: 2.08m | eta: 1.5m
step 00582/01000 (58.20%) | loss: 6.710039 | lrm: 1.00 | dt: 170.69ms | tok/sec: 5,999 | bf16_mfu: 0.00 | epoch: 1 pq: 0 rg: 2 | total time: 2.08m | eta: 1.5m
step 00583/01000 (58.30%) | loss: 6.763500 | lrm: 1.00 | dt: 167.32ms | tok/sec: 6,120 | bf16_mfu: 0.00 | epoch: 1 pq: 0 rg: 2 | total time: 2.08m | eta: 1.5m
step 00584/01000 (58.40%) | loss: 6.755944 | lrm: 1.00 | dt: 181.04ms | tok/sec: 5,656 | bf16_mfu: 0.00 | epoch: 1 pq: 0 rg: 2 | total time: 2.08m | eta: 1.5m
step 00585/01000 (58.50%) | loss: 6.752835 | lrm: 1.00 | dt: 194.39ms | tok/sec: 5,267 | bf16_mfu: 0.00 | epoch: 1 pq: 0 rg: 2 | total time: 2.09m | eta: 1.5m
step 00586/01000 (58.60%) | loss: 6.808509 | lrm: 1.00 | dt: 210.52ms | tok/sec: 4,864 | bf16_mfu: 0.00 | epoch: 1 pq: 0 rg: 2 | total time: 2.09m | eta: 1.5m
step 00587/01000 (58.70%) | loss: 6.785850 | lrm: 1.00 | dt: 366.49ms | tok/sec: 2,794 | bf16_mfu: 0.00 | epoch: 1 pq: 0 rg: 2 | total time: 2.10m | eta: 1.5m
step 00588/01000 (58.80%) | loss: 6.809527 | lrm: 1.00 | dt: 224.66ms | tok/sec: 4,557 | bf16_mfu: 0.00 | epoch: 1 pq: 0 rg: 2 | total time: 2.10m | eta: 1.5m
step 00589/01000 (58.90%) | loss: 6.782171 | lrm: 1.00 | dt: 206.90ms | tok/sec: 4,949 | bf16_mfu: 0.00 | epoch: 1 pq: 0 rg: 2 | total time: 2.10m | eta: 1.5m
step 00590/01000 (59.00%) | loss: 6.795198 | lrm: 1.00 | dt: 218.35ms | tok/sec: 4,689 | bf16_mfu: 0.00 | epoch: 1 pq: 0 rg: 2 | total time: 2.11m | eta: 1.5m
step 00591/01000 (59.10%) | loss: 6.861853 | lrm: 1.00 | dt: 196.49ms | tok/sec: 5,211 | bf16_mfu: 0.00 | epoch: 1 pq: 0 rg: 2 | total time: 2.11m | eta: 1.5m
step 00592/01000 (59.20%) | loss: 6.849399 | lrm: 1.00 | dt: 187.09ms | tok/sec: 5,473 | bf16_mfu: 0.00 | epoch: 1 pq: 0 rg: 2 | total time: 2.11m | eta: 1.5m
step 00593/01000 (59.30%) | loss: 6.817041 | lrm: 1.00 | dt: 202.49ms | tok/sec: 5,057 | bf16_mfu: 0.00 | epoch: 1 pq: 0 rg: 2 | total time: 2.12m | eta: 1.5m
step 00594/01000 (59.40%) | loss: 6.818169 | lrm: 1.00 | dt: 192.64ms | tok/sec: 5,315 | bf16_mfu: 0.00 | epoch: 1 pq: 0 rg: 2 | total time: 2.12m | eta: 1.5m
step 00595/01000 (59.50%) | loss: 6.849481 | lrm: 1.00 | dt: 184.80ms | tok/sec: 5,541 | bf16_mfu: 0.00 | epoch: 1 pq: 0 rg: 2 | total time: 2.12m | eta: 1.5m
step 00596/01000 (59.60%) | loss: 6.896217 | lrm: 1.00 | dt: 169.96ms | tok/sec: 6,024 | bf16_mfu: 0.00 | epoch: 1 pq: 0 rg: 2 | total time: 2.13m | eta: 1.5m
step 00597/01000 (59.70%) | loss: 6.878213 | lrm: 1.00 | dt: 169.38ms | tok/sec: 6,045 | bf16_mfu: 0.00 | epoch: 1 pq: 0 rg: 2 | total time: 2.13m | eta: 1.5m
step 00598/01000 (59.80%) | loss: 6.928053 | lrm: 1.00 | dt: 173.26ms | tok/sec: 5,910 | bf16_mfu: 0.00 | epoch: 1 pq: 0 rg: 2 | total time: 2.13m | eta: 1.5m
step 00599/01000 (59.90%) | loss: 6.968056 | lrm: 1.00 | dt: 169.20ms | tok/sec: 6,051 | bf16_mfu: 0.00 | epoch: 1 pq: 0 rg: 2 | total time: 2.14m | eta: 1.5m
step 00600/01000 (60.00%) | loss: 7.021610 | lrm: 1.00 | dt: 167.08ms | tok/sec: 6,128 | bf16_mfu: 0.00 | epoch: 1 pq: 0 rg: 2 | total time: 2.14m | eta: 1.4m
step 00601/01000 (60.10%) | loss: 6.967165 | lrm: 1.00 | dt: 289.25ms | tok/sec: 3,540 | bf16_mfu: 0.00 | epoch: 1 pq: 0 rg: 2 | total time: 2.14m | eta: 1.4m
step 00602/01000 (60.20%) | loss: 6.901854 | lrm: 1.00 | dt: 165.95ms | tok/sec: 6,170 | bf16_mfu: 0.00 | epoch: 1 pq: 0 rg: 2 | total time: 2.15m | eta: 1.4m
step 00603/01000 (60.30%) | loss: 6.911764 | lrm: 1.00 | dt: 167.20ms | tok/sec: 6,124 | bf16_mfu: 0.00 | epoch: 1 pq: 0 rg: 2 | total time: 2.15m | eta: 1.4m
step 00604/01000 (60.40%) | loss: 6.919213 | lrm: 1.00 | dt: 200.99ms | tok/sec: 5,094 | bf16_mfu: 0.00 | epoch: 1 pq: 0 rg: 2 | total time: 2.15m | eta: 1.4m
step 00605/01000 (60.50%) | loss: 6.897926 | lrm: 1.00 | dt: 200.39ms | tok/sec: 5,109 | bf16_mfu: 0.00 | epoch: 1 pq: 0 rg: 2 | total time: 2.16m | eta: 1.4m
step 00606/01000 (60.60%) | loss: 6.880629 | lrm: 1.00 | dt: 317.81ms | tok/sec: 3,222 | bf16_mfu: 0.00 | epoch: 1 pq: 0 rg: 2 | total time: 2.16m | eta: 1.4m
step 00607/01000 (60.70%) | loss: 6.910214 | lrm: 1.00 | dt: 258.14ms | tok/sec: 3,966 | bf16_mfu: 0.00 | epoch: 1 pq: 0 rg: 2 | total time: 2.17m | eta: 1.4m
step 00608/01000 (60.80%) | loss: 6.916563 | lrm: 1.00 | dt: 238.39ms | tok/sec: 4,295 | bf16_mfu: 0.00 | epoch: 1 pq: 0 rg: 2 | total time: 2.17m | eta: 1.4m
step 00609/01000 (60.90%) | loss: 6.901787 | lrm: 1.00 | dt: 215.82ms | tok/sec: 4,744 | bf16_mfu: 0.00 | epoch: 1 pq: 0 rg: 2 | total time: 2.17m | eta: 1.4m
step 00610/01000 (61.00%) | loss: 6.930073 | lrm: 1.00 | dt: 201.30ms | tok/sec: 5,087 | bf16_mfu: 0.00 | epoch: 1 pq: 0 rg: 2 | total time: 2.18m | eta: 1.4m
step 00611/01000 (61.10%) | loss: 6.912241 | lrm: 1.00 | dt: 173.45ms | tok/sec: 5,903 | bf16_mfu: 0.00 | epoch: 1 pq: 0 rg: 2 | total time: 2.18m | eta: 1.4m
step 00612/01000 (61.20%) | loss: 6.831385 | lrm: 1.00 | dt: 323.25ms | tok/sec: 3,167 | bf16_mfu: 0.00 | epoch: 1 pq: 0 rg: 2 | total time: 2.18m | eta: 1.4m
step 00613/01000 (61.30%) | loss: 6.783452 | lrm: 1.00 | dt: 232.23ms | tok/sec: 4,409 | bf16_mfu: 0.00 | epoch: 1 pq: 0 rg: 2 | total time: 2.19m | eta: 1.4m
step 00614/01000 (61.40%) | loss: 6.660395 | lrm: 1.00 | dt: 247.39ms | tok/sec: 4,139 | bf16_mfu: 0.00 | epoch: 1 pq: 0 rg: 2 | total time: 2.19m | eta: 1.4m
step 00615/01000 (61.50%) | loss: 6.668942 | lrm: 1.00 | dt: 208.23ms | tok/sec: 4,917 | bf16_mfu: 0.00 | epoch: 1 pq: 0 rg: 2 | total time: 2.20m | eta: 1.4m
step 00616/01000 (61.60%) | loss: 6.564166 | lrm: 1.00 | dt: 203.35ms | tok/sec: 5,035 | bf16_mfu: 0.00 | epoch: 1 pq: 0 rg: 2 | total time: 2.20m | eta: 1.4m
step 00617/01000 (61.70%) | loss: 6.531674 | lrm: 1.00 | dt: 209.94ms | tok/sec: 4,877 | bf16_mfu: 0.00 | epoch: 1 pq: 0 rg: 2 | total time: 2.20m | eta: 1.4m
step 00618/01000 (61.80%) | loss: 6.622707 | lrm: 1.00 | dt: 265.54ms | tok/sec: 3,856 | bf16_mfu: 0.00 | epoch: 1 pq: 0 rg: 3 | total time: 2.21m | eta: 1.4m
step 00619/01000 (61.90%) | loss: 6.650460 | lrm: 1.00 | dt: 213.88ms | tok/sec: 4,787 | bf16_mfu: 0.00 | epoch: 1 pq: 0 rg: 3 | total time: 2.21m | eta: 1.4m
step 00620/01000 (62.00%) | loss: 6.687437 | lrm: 1.00 | dt: 211.30ms | tok/sec: 4,846 | bf16_mfu: 0.00 | epoch: 1 pq: 0 rg: 3 | total time: 2.21m | eta: 1.4m
step 00621/01000 (62.10%) | loss: 6.730805 | lrm: 1.00 | dt: 228.53ms | tok/sec: 4,480 | bf16_mfu: 0.00 | epoch: 1 pq: 0 rg: 3 | total time: 2.22m | eta: 1.4m
step 00622/01000 (62.20%) | loss: 6.690964 | lrm: 1.00 | dt: 207.46ms | tok/sec: 4,935 | bf16_mfu: 0.00 | epoch: 1 pq: 0 rg: 3 | total time: 2.22m | eta: 1.4m
step 00623/01000 (62.30%) | loss: 6.714015 | lrm: 1.00 | dt: 228.80ms | tok/sec: 4,475 | bf16_mfu: 0.00 | epoch: 1 pq: 0 rg: 3 | total time: 2.23m | eta: 1.4m
step 00624/01000 (62.40%) | loss: 6.735572 | lrm: 1.00 | dt: 212.35ms | tok/sec: 4,822 | bf16_mfu: 0.00 | epoch: 1 pq: 0 rg: 3 | total time: 2.23m | eta: 1.4m
step 00625/01000 (62.50%) | loss: 6.713235 | lrm: 1.00 | dt: 310.43ms | tok/sec: 3,298 | bf16_mfu: 0.00 | epoch: 1 pq: 0 rg: 3 | total time: 2.23m | eta: 1.4m
step 00626/01000 (62.60%) | loss: 6.788268 | lrm: 1.00 | dt: 228.85ms | tok/sec: 4,474 | bf16_mfu: 0.00 | epoch: 1 pq: 0 rg: 3 | total time: 2.24m | eta: 1.4m
step 00627/01000 (62.70%) | loss: 6.765698 | lrm: 1.00 | dt: 200.45ms | tok/sec: 5,108 | bf16_mfu: 0.00 | epoch: 1 pq: 0 rg: 3 | total time: 2.24m | eta: 1.4m
step 00628/01000 (62.80%) | loss: 6.693796 | lrm: 1.00 | dt: 175.51ms | tok/sec: 5,834 | bf16_mfu: 0.00 | epoch: 1 pq: 0 rg: 3 | total time: 2.24m | eta: 1.4m
step 00629/01000 (62.90%) | loss: 6.699214 | lrm: 1.00 | dt: 173.02ms | tok/sec: 5,918 | bf16_mfu: 0.00 | epoch: 1 pq: 0 rg: 3 | total time: 2.25m | eta: 1.3m
step 00630/01000 (63.00%) | loss: 6.736652 | lrm: 1.00 | dt: 289.46ms | tok/sec: 3,537 | bf16_mfu: 0.00 | epoch: 1 pq: 0 rg: 3 | total time: 2.25m | eta: 1.3m
step 00631/01000 (63.10%) | loss: 6.733096 | lrm: 1.00 | dt: 167.56ms | tok/sec: 6,111 | bf16_mfu: 0.00 | epoch: 1 pq: 0 rg: 3 | total time: 2.25m | eta: 1.3m
step 00632/01000 (63.20%) | loss: 6.692884 | lrm: 1.00 | dt: 168.64ms | tok/sec: 6,072 | bf16_mfu: 0.00 | epoch: 1 pq: 0 rg: 3 | total time: 2.26m | eta: 1.3m
step 00633/01000 (63.30%) | loss: 6.719699 | lrm: 1.00 | dt: 157.54ms | tok/sec: 6,499 | bf16_mfu: 0.00 | epoch: 1 pq: 0 rg: 3 | total time: 2.26m | eta: 1.3m
step 00634/01000 (63.40%) | loss: 6.695296 | lrm: 1.00 | dt: 166.93ms | tok/sec: 6,134 | bf16_mfu: 0.00 | epoch: 1 pq: 0 rg: 3 | total time: 2.26m | eta: 1.3m
step 00635/01000 (63.50%) | loss: 6.655530 | lrm: 1.00 | dt: 166.65ms | tok/sec: 6,144 | bf16_mfu: 0.00 | epoch: 1 pq: 0 rg: 3 | total time: 2.27m | eta: 1.3m
step 00636/01000 (63.60%) | loss: 6.712175 | lrm: 1.00 | dt: 165.66ms | tok/sec: 6,181 | bf16_mfu: 0.00 | epoch: 1 pq: 0 rg: 3 | total time: 2.27m | eta: 1.3m
step 00637/01000 (63.70%) | loss: 6.619182 | lrm: 1.00 | dt: 149.80ms | tok/sec: 6,835 | bf16_mfu: 0.00 | epoch: 1 pq: 0 rg: 3 | total time: 2.27m | eta: 1.3m
step 00638/01000 (63.80%) | loss: 6.605686 | lrm: 1.00 | dt: 168.35ms | tok/sec: 6,082 | bf16_mfu: 0.00 | epoch: 1 pq: 0 rg: 3 | total time: 2.27m | eta: 1.3m
step 00639/01000 (63.90%) | loss: 6.609071 | lrm: 1.00 | dt: 178.62ms | tok/sec: 5,732 | bf16_mfu: 0.00 | epoch: 1 pq: 0 rg: 3 | total time: 2.28m | eta: 1.3m
step 00640/01000 (64.00%) | loss: 6.549838 | lrm: 1.00 | dt: 178.34ms | tok/sec: 5,741 | bf16_mfu: 0.00 | epoch: 1 pq: 0 rg: 3 | total time: 2.28m | eta: 1.3m
step 00641/01000 (64.10%) | loss: 6.522196 | lrm: 1.00 | dt: 369.07ms | tok/sec: 2,774 | bf16_mfu: 0.00 | epoch: 1 pq: 0 rg: 3 | total time: 2.29m | eta: 1.3m
step 00642/01000 (64.20%) | loss: 6.601212 | lrm: 1.00 | dt: 195.84ms | tok/sec: 5,228 | bf16_mfu: 0.00 | epoch: 1 pq: 0 rg: 3 | total time: 2.29m | eta: 1.3m
step 00643/01000 (64.30%) | loss: 6.593832 | lrm: 1.00 | dt: 225.28ms | tok/sec: 4,545 | bf16_mfu: 0.00 | epoch: 1 pq: 0 rg: 3 | total time: 2.29m | eta: 1.3m
step 00644/01000 (64.40%) | loss: 6.587124 | lrm: 1.00 | dt: 206.08ms | tok/sec: 4,969 | bf16_mfu: 0.00 | epoch: 1 pq: 0 rg: 3 | total time: 2.30m | eta: 1.3m
step 00645/01000 (64.50%) | loss: 6.607064 | lrm: 1.00 | dt: 196.93ms | tok/sec: 5,199 | bf16_mfu: 0.00 | epoch: 1 pq: 0 rg: 3 | total time: 2.30m | eta: 1.3m
step 00646/01000 (64.60%) | loss: 6.647891 | lrm: 1.00 | dt: 180.00ms | tok/sec: 5,688 | bf16_mfu: 0.00 | epoch: 1 pq: 0 rg: 3 | total time: 2.30m | eta: 1.3m
step 00647/01000 (64.70%) | loss: 6.670076 | lrm: 1.00 | dt: 179.44ms | tok/sec: 5,706 | bf16_mfu: 0.00 | epoch: 1 pq: 0 rg: 3 | total time: 2.31m | eta: 1.3m
step 00648/01000 (64.80%) | loss: 6.674373 | lrm: 1.00 | dt: 173.80ms | tok/sec: 5,891 | bf16_mfu: 0.00 | epoch: 1 pq: 0 rg: 3 | total time: 2.31m | eta: 1.3m
step 00649/01000 (64.90%) | loss: 6.692359 | lrm: 1.00 | dt: 177.79ms | tok/sec: 5,759 | bf16_mfu: 0.00 | epoch: 1 pq: 0 rg: 3 | total time: 2.31m | eta: 1.3m
step 00650/01000 (65.00%) | loss: 6.722815 | lrm: 1.00 | dt: 162.12ms | tok/sec: 6,316 | bf16_mfu: 0.00 | epoch: 1 pq: 0 rg: 3 | total time: 2.31m | eta: 1.3m
step 00651/01000 (65.10%) | loss: 6.747502 | lrm: 1.00 | dt: 178.42ms | tok/sec: 5,739 | bf16_mfu: 0.00 | epoch: 1 pq: 0 rg: 3 | total time: 2.32m | eta: 1.3m
step 00652/01000 (65.20%) | loss: 6.734851 | lrm: 1.00 | dt: 161.04ms | tok/sec: 6,358 | bf16_mfu: 0.00 | epoch: 1 pq: 0 rg: 3 | total time: 2.32m | eta: 1.3m
step 00653/01000 (65.30%) | loss: 6.744001 | lrm: 1.00 | dt: 159.68ms | tok/sec: 6,412 | bf16_mfu: 0.00 | epoch: 1 pq: 0 rg: 3 | total time: 2.32m | eta: 1.3m
step 00654/01000 (65.40%) | loss: 6.762305 | lrm: 1.00 | dt: 184.55ms | tok/sec: 5,548 | bf16_mfu: 0.00 | epoch: 1 pq: 0 rg: 3 | total time: 2.33m | eta: 1.2m
step 00655/01000 (65.50%) | loss: 6.763045 | lrm: 1.00 | dt: 162.32ms | tok/sec: 6,308 | bf16_mfu: 0.00 | epoch: 1 pq: 0 rg: 3 | total time: 2.33m | eta: 1.2m
step 00656/01000 (65.60%) | loss: 6.757584 | lrm: 1.00 | dt: 276.28ms | tok/sec: 3,706 | bf16_mfu: 0.00 | epoch: 1 pq: 0 rg: 3 | total time: 2.33m | eta: 1.2m
step 00657/01000 (65.70%) | loss: 6.764685 | lrm: 1.00 | dt: 208.04ms | tok/sec: 4,922 | bf16_mfu: 0.00 | epoch: 1 pq: 0 rg: 3 | total time: 2.34m | eta: 1.2m
step 00658/01000 (65.80%) | loss: 6.766823 | lrm: 1.00 | dt: 254.02ms | tok/sec: 4,031 | bf16_mfu: 0.00 | epoch: 1 pq: 0 rg: 3 | total time: 2.34m | eta: 1.2m
step 00659/01000 (65.90%) | loss: 6.711408 | lrm: 1.00 | dt: 220.28ms | tok/sec: 4,648 | bf16_mfu: 0.00 | epoch: 1 pq: 0 rg: 3 | total time: 2.34m | eta: 1.2m
step 00660/01000 (66.00%) | loss: 6.679011 | lrm: 1.00 | dt: 191.02ms | tok/sec: 5,360 | bf16_mfu: 0.00 | epoch: 1 pq: 0 rg: 3 | total time: 2.35m | eta: 1.2m
step 00661/01000 (66.10%) | loss: 6.703216 | lrm: 1.00 | dt: 221.60ms | tok/sec: 4,621 | bf16_mfu: 0.00 | epoch: 1 pq: 0 rg: 3 | total time: 2.35m | eta: 1.2m
step 00662/01000 (66.20%) | loss: 6.751677 | lrm: 1.00 | dt: 179.30ms | tok/sec: 5,711 | bf16_mfu: 0.00 | epoch: 1 pq: 0 rg: 3 | total time: 2.35m | eta: 1.2m
step 00663/01000 (66.30%) | loss: 6.786250 | lrm: 1.00 | dt: 165.90ms | tok/sec: 6,172 | bf16_mfu: 0.00 | epoch: 1 pq: 0 rg: 3 | total time: 2.36m | eta: 1.2m
step 00664/01000 (66.40%) | loss: 6.784825 | lrm: 1.00 | dt: 188.65ms | tok/sec: 5,428 | bf16_mfu: 0.00 | epoch: 1 pq: 0 rg: 3 | total time: 2.36m | eta: 1.2m
step 00665/01000 (66.50%) | loss: 6.737284 | lrm: 1.00 | dt: 204.34ms | tok/sec: 5,011 | bf16_mfu: 0.00 | epoch: 1 pq: 0 rg: 3 | total time: 2.36m | eta: 1.2m
step 00666/01000 (66.60%) | loss: 6.698051 | lrm: 1.00 | dt: 367.80ms | tok/sec: 2,784 | bf16_mfu: 0.00 | epoch: 1 pq: 0 rg: 3 | total time: 2.37m | eta: 1.2m
step 00667/01000 (66.70%) | loss: 6.671862 | lrm: 1.00 | dt: 223.04ms | tok/sec: 4,591 | bf16_mfu: 0.00 | epoch: 1 pq: 0 rg: 3 | total time: 2.37m | eta: 1.2m
step 00668/01000 (66.80%) | loss: 6.673600 | lrm: 1.00 | dt: 234.42ms | tok/sec: 4,368 | bf16_mfu: 0.00 | epoch: 1 pq: 0 rg: 3 | total time: 2.38m | eta: 1.2m
step 00669/01000 (66.90%) | loss: 6.666229 | lrm: 1.00 | dt: 240.45ms | tok/sec: 4,258 | bf16_mfu: 0.00 | epoch: 1 pq: 0 rg: 3 | total time: 2.38m | eta: 1.2m
step 00670/01000 (67.00%) | loss: 6.648873 | lrm: 1.00 | dt: 259.61ms | tok/sec: 3,944 | bf16_mfu: 0.00 | epoch: 1 pq: 0 rg: 3 | total time: 2.39m | eta: 1.2m
step 00671/01000 (67.10%) | loss: 6.693846 | lrm: 1.00 | dt: 223.94ms | tok/sec: 4,572 | bf16_mfu: 0.00 | epoch: 1 pq: 0 rg: 3 | total time: 2.39m | eta: 1.2m
step 00672/01000 (67.20%) | loss: 6.693404 | lrm: 1.00 | dt: 225.07ms | tok/sec: 4,549 | bf16_mfu: 0.00 | epoch: 1 pq: 0 rg: 3 | total time: 2.39m | eta: 1.2m
step 00673/01000 (67.30%) | loss: 6.667749 | lrm: 1.00 | dt: 203.49ms | tok/sec: 5,032 | bf16_mfu: 0.00 | epoch: 1 pq: 0 rg: 3 | total time: 2.40m | eta: 1.2m
step 00674/01000 (67.40%) | loss: 6.718416 | lrm: 1.00 | dt: 219.09ms | tok/sec: 4,673 | bf16_mfu: 0.00 | epoch: 1 pq: 0 rg: 3 | total time: 2.40m | eta: 1.2m
step 00675/01000 (67.50%) | loss: 6.717892 | lrm: 1.00 | dt: 217.56ms | tok/sec: 4,706 | bf16_mfu: 0.00 | epoch: 1 pq: 0 rg: 3 | total time: 2.40m | eta: 1.2m
step 00676/01000 (67.60%) | loss: 6.810503 | lrm: 1.00 | dt: 214.55ms | tok/sec: 4,772 | bf16_mfu: 0.00 | epoch: 1 pq: 0 rg: 3 | total time: 2.41m | eta: 1.2m
step 00677/01000 (67.70%) | loss: 6.780561 | lrm: 1.00 | dt: 397.58ms | tok/sec: 2,575 | bf16_mfu: 0.00 | epoch: 1 pq: 0 rg: 3 | total time: 2.41m | eta: 1.2m
step 00678/01000 (67.80%) | loss: 6.755031 | lrm: 1.00 | dt: 228.00ms | tok/sec: 4,491 | bf16_mfu: 0.00 | epoch: 1 pq: 0 rg: 3 | total time: 2.42m | eta: 1.2m
step 00679/01000 (67.90%) | loss: 6.766914 | lrm: 1.00 | dt: 181.05ms | tok/sec: 5,655 | bf16_mfu: 0.00 | epoch: 1 pq: 0 rg: 3 | total time: 2.42m | eta: 1.2m
step 00680/01000 (68.00%) | loss: 6.833319 | lrm: 1.00 | dt: 164.96ms | tok/sec: 6,207 | bf16_mfu: 0.00 | epoch: 1 pq: 0 rg: 3 | total time: 2.42m | eta: 1.2m
step 00681/01000 (68.10%) | loss: 6.785288 | lrm: 1.00 | dt: 171.67ms | tok/sec: 5,964 | bf16_mfu: 0.00 | epoch: 1 pq: 0 rg: 3 | total time: 2.43m | eta: 1.2m
step 00682/01000 (68.20%) | loss: 6.792352 | lrm: 1.00 | dt: 159.57ms | tok/sec: 6,417 | bf16_mfu: 0.00 | epoch: 1 pq: 0 rg: 3 | total time: 2.43m | eta: 1.1m
step 00683/01000 (68.30%) | loss: 6.752947 | lrm: 1.00 | dt: 157.25ms | tok/sec: 6,511 | bf16_mfu: 0.00 | epoch: 1 pq: 0 rg: 3 | total time: 2.43m | eta: 1.1m
step 00684/01000 (68.40%) | loss: 6.703804 | lrm: 1.00 | dt: 335.09ms | tok/sec: 3,055 | bf16_mfu: 0.00 | epoch: 1 pq: 0 rg: 3 | total time: 2.44m | eta: 1.1m
step 00685/01000 (68.50%) | loss: 6.635565 | lrm: 1.00 | dt: 162.22ms | tok/sec: 6,312 | bf16_mfu: 0.00 | epoch: 1 pq: 0 rg: 3 | total time: 2.44m | eta: 1.1m
step 00686/01000 (68.60%) | loss: 6.692434 | lrm: 1.00 | dt: 181.66ms | tok/sec: 5,636 | bf16_mfu: 0.00 | epoch: 1 pq: 0 rg: 3 | total time: 2.44m | eta: 1.1m
step 00687/01000 (68.70%) | loss: 6.661736 | lrm: 1.00 | dt: 155.17ms | tok/sec: 6,599 | bf16_mfu: 0.00 | epoch: 1 pq: 0 rg: 3 | total time: 2.45m | eta: 1.1m
step 00688/01000 (68.80%) | loss: 6.684076 | lrm: 1.00 | dt: 161.22ms | tok/sec: 6,351 | bf16_mfu: 0.00 | epoch: 1 pq: 0 rg: 3 | total time: 2.45m | eta: 1.1m
step 00689/01000 (68.90%) | loss: 6.703381 | lrm: 1.00 | dt: 176.61ms | tok/sec: 5,798 | bf16_mfu: 0.00 | epoch: 1 pq: 0 rg: 3 | total time: 2.45m | eta: 1.1m
step 00690/01000 (69.00%) | loss: 6.651241 | lrm: 1.00 | dt: 155.83ms | tok/sec: 6,571 | bf16_mfu: 0.00 | epoch: 1 pq: 0 rg: 3 | total time: 2.45m | eta: 1.1m
step 00691/01000 (69.10%) | loss: 6.702993 | lrm: 1.00 | dt: 162.44ms | tok/sec: 6,303 | bf16_mfu: 0.00 | epoch: 1 pq: 0 rg: 3 | total time: 2.46m | eta: 1.1m
step 00692/01000 (69.20%) | loss: 6.653717 | lrm: 1.00 | dt: 179.65ms | tok/sec: 5,699 | bf16_mfu: 0.00 | epoch: 1 pq: 0 rg: 3 | total time: 2.46m | eta: 1.1m
step 00693/01000 (69.30%) | loss: 6.684349 | lrm: 1.00 | dt: 168.34ms | tok/sec: 6,082 | bf16_mfu: 0.00 | epoch: 1 pq: 0 rg: 3 | total time: 2.46m | eta: 1.1m
step 00694/01000 (69.40%) | loss: 6.651463 | lrm: 1.00 | dt: 175.00ms | tok/sec: 5,851 | bf16_mfu: 0.00 | epoch: 1 pq: 0 rg: 3 | total time: 2.47m | eta: 1.1m
step 00695/01000 (69.50%) | loss: 6.656458 | lrm: 1.00 | dt: 199.92ms | tok/sec: 5,122 | bf16_mfu: 0.00 | epoch: 1 pq: 0 rg: 3 | total time: 2.47m | eta: 1.1m
step 00696/01000 (69.60%) | loss: 6.725410 | lrm: 1.00 | dt: 195.29ms | tok/sec: 5,243 | bf16_mfu: 0.00 | epoch: 1 pq: 0 rg: 3 | total time: 2.47m | eta: 1.1m
step 00697/01000 (69.70%) | loss: 6.602770 | lrm: 1.00 | dt: 308.28ms | tok/sec: 3,321 | bf16_mfu: 0.00 | epoch: 1 pq: 0 rg: 3 | total time: 2.48m | eta: 1.1m
step 00698/01000 (69.80%) | loss: 6.660641 | lrm: 1.00 | dt: 186.92ms | tok/sec: 5,478 | bf16_mfu: 0.00 | epoch: 1 pq: 0 rg: 3 | total time: 2.48m | eta: 1.1m
step 00699/01000 (69.90%) | loss: 6.674787 | lrm: 1.00 | dt: 183.76ms | tok/sec: 5,572 | bf16_mfu: 0.00 | epoch: 1 pq: 0 rg: 3 | total time: 2.48m | eta: 1.1m
step 00700/01000 (70.00%) | loss: 6.709895 | lrm: 1.00 | dt: 186.54ms | tok/sec: 5,489 | bf16_mfu: 0.00 | epoch: 1 pq: 0 rg: 3 | total time: 2.49m | eta: 1.1m
step 00701/01000 (70.10%) | loss: 6.658652 | lrm: 1.00 | dt: 174.29ms | tok/sec: 5,875 | bf16_mfu: 0.00 | epoch: 1 pq: 0 rg: 3 | total time: 2.49m | eta: 1.1m
step 00702/01000 (70.20%) | loss: 6.658785 | lrm: 1.00 | dt: 202.34ms | tok/sec: 5,060 | bf16_mfu: 0.00 | epoch: 1 pq: 0 rg: 3 | total time: 2.49m | eta: 1.1m
step 00703/01000 (70.30%) | loss: 6.693078 | lrm: 1.00 | dt: 172.00ms | tok/sec: 5,953 | bf16_mfu: 0.00 | epoch: 1 pq: 0 rg: 3 | total time: 2.50m | eta: 1.1m
step 00704/01000 (70.40%) | loss: 6.711266 | lrm: 1.00 | dt: 168.69ms | tok/sec: 6,070 | bf16_mfu: 0.00 | epoch: 1 pq: 0 rg: 3 | total time: 2.50m | eta: 1.1m
step 00705/01000 (70.50%) | loss: 6.673673 | lrm: 1.00 | dt: 191.29ms | tok/sec: 5,353 | bf16_mfu: 0.00 | epoch: 1 pq: 0 rg: 3 | total time: 2.50m | eta: 1.1m
step 00706/01000 (70.60%) | loss: 6.542892 | lrm: 1.00 | dt: 183.36ms | tok/sec: 5,584 | bf16_mfu: 0.00 | epoch: 1 pq: 0 rg: 3 | total time: 2.50m | eta: 1.1m
step 00707/01000 (70.70%) | loss: 6.511205 | lrm: 1.00 | dt: 172.15ms | tok/sec: 5,948 | bf16_mfu: 0.00 | epoch: 1 pq: 0 rg: 3 | total time: 2.51m | eta: 1.1m
step 00708/01000 (70.80%) | loss: 6.567564 | lrm: 1.00 | dt: 200.92ms | tok/sec: 5,096 | bf16_mfu: 0.00 | epoch: 1 pq: 0 rg: 3 | total time: 2.51m | eta: 1.1m
step 00709/01000 (70.90%) | loss: 6.569614 | lrm: 1.00 | dt: 291.00ms | tok/sec: 3,518 | bf16_mfu: 0.00 | epoch: 1 pq: 0 rg: 3 | total time: 2.52m | eta: 1.0m
step 00710/01000 (71.00%) | loss: 6.538779 | lrm: 1.00 | dt: 238.53ms | tok/sec: 4,293 | bf16_mfu: 0.00 | epoch: 1 pq: 0 rg: 3 | total time: 2.52m | eta: 1.0m
step 00711/01000 (71.10%) | loss: 6.501874 | lrm: 1.00 | dt: 181.48ms | tok/sec: 5,642 | bf16_mfu: 0.00 | epoch: 1 pq: 0 rg: 3 | total time: 2.52m | eta: 1.0m
step 00712/01000 (71.20%) | loss: 6.553946 | lrm: 1.00 | dt: 176.88ms | tok/sec: 5,789 | bf16_mfu: 0.00 | epoch: 1 pq: 0 rg: 3 | total time: 2.53m | eta: 1.0m
step 00713/01000 (71.30%) | loss: 6.563248 | lrm: 1.00 | dt: 176.24ms | tok/sec: 5,810 | bf16_mfu: 0.00 | epoch: 1 pq: 0 rg: 3 | total time: 2.53m | eta: 1.0m
step 00714/01000 (71.40%) | loss: 6.589863 | lrm: 1.00 | dt: 193.44ms | tok/sec: 5,293 | bf16_mfu: 0.00 | epoch: 1 pq: 0 rg: 3 | total time: 2.53m | eta: 1.0m
step 00715/01000 (71.50%) | loss: 6.552198 | lrm: 1.00 | dt: 216.79ms | tok/sec: 4,723 | bf16_mfu: 0.00 | epoch: 1 pq: 0 rg: 3 | total time: 2.54m | eta: 1.0m
step 00716/01000 (71.60%) | loss: 6.595149 | lrm: 1.00 | dt: 224.08ms | tok/sec: 4,569 | bf16_mfu: 0.00 | epoch: 1 pq: 0 rg: 3 | total time: 2.54m | eta: 1.0m
step 00717/01000 (71.70%) | loss: 6.576899 | lrm: 1.00 | dt: 257.04ms | tok/sec: 3,983 | bf16_mfu: 0.00 | epoch: 1 pq: 0 rg: 3 | total time: 2.54m | eta: 1.0m
step 00718/01000 (71.80%) | loss: 6.584197 | lrm: 1.00 | dt: 219.39ms | tok/sec: 4,667 | bf16_mfu: 0.00 | epoch: 1 pq: 0 rg: 3 | total time: 2.55m | eta: 1.0m
step 00719/01000 (71.90%) | loss: 6.598796 | lrm: 1.00 | dt: 403.43ms | tok/sec: 2,538 | bf16_mfu: 0.00 | epoch: 1 pq: 0 rg: 3 | total time: 2.55m | eta: 1.0m
step 00720/01000 (72.00%) | loss: 6.594355 | lrm: 1.00 | dt: 264.79ms | tok/sec: 3,867 | bf16_mfu: 0.00 | epoch: 1 pq: 0 rg: 3 | total time: 2.56m | eta: 1.0m
step 00721/01000 (72.10%) | loss: 6.608869 | lrm: 1.00 | dt: 194.50ms | tok/sec: 5,264 | bf16_mfu: 0.00 | epoch: 1 pq: 0 rg: 3 | total time: 2.56m | eta: 1.0m
step 00722/01000 (72.20%) | loss: 6.585153 | lrm: 1.00 | dt: 175.85ms | tok/sec: 5,823 | bf16_mfu: 0.00 | epoch: 1 pq: 0 rg: 3 | total time: 2.56m | eta: 1.0m
step 00723/01000 (72.30%) | loss: 6.578310 | lrm: 1.00 | dt: 201.14ms | tok/sec: 5,090 | bf16_mfu: 0.00 | epoch: 1 pq: 0 rg: 3 | total time: 2.57m | eta: 1.0m
step 00724/01000 (72.40%) | loss: 6.547926 | lrm: 1.00 | dt: 201.72ms | tok/sec: 5,076 | bf16_mfu: 0.00 | epoch: 1 pq: 0 rg: 3 | total time: 2.57m | eta: 1.0m
step 00725/01000 (72.50%) | loss: 6.487690 | lrm: 1.00 | dt: 191.36ms | tok/sec: 5,351 | bf16_mfu: 0.00 | epoch: 1 pq: 0 rg: 3 | total time: 2.57m | eta: 1.0m
step 00726/01000 (72.60%) | loss: 6.578938 | lrm: 1.00 | dt: 198.20ms | tok/sec: 5,166 | bf16_mfu: 0.00 | epoch: 1 pq: 0 rg: 3 | total time: 2.58m | eta: 1.0m
step 00727/01000 (72.70%) | loss: 6.568795 | lrm: 1.00 | dt: 193.42ms | tok/sec: 5,294 | bf16_mfu: 0.00 | epoch: 1 pq: 0 rg: 3 | total time: 2.58m | eta: 1.0m
step 00728/01000 (72.80%) | loss: 6.560914 | lrm: 1.00 | dt: 171.65ms | tok/sec: 5,965 | bf16_mfu: 0.00 | epoch: 1 pq: 0 rg: 3 | total time: 2.58m | eta: 1.0m
step 00729/01000 (72.90%) | loss: 6.489195 | lrm: 1.00 | dt: 163.23ms | tok/sec: 6,273 | bf16_mfu: 0.00 | epoch: 1 pq: 0 rg: 3 | total time: 2.59m | eta: 1.0m
step 00730/01000 (73.00%) | loss: 6.485925 | lrm: 1.00 | dt: 160.97ms | tok/sec: 6,361 | bf16_mfu: 0.00 | epoch: 1 pq: 0 rg: 3 | total time: 2.59m | eta: 1.0m
step 00731/01000 (73.10%) | loss: 6.572566 | lrm: 1.00 | dt: 173.20ms | tok/sec: 5,912 | bf16_mfu: 0.00 | epoch: 1 pq: 0 rg: 3 | total time: 2.59m | eta: 1.0m
step 00732/01000 (73.20%) | loss: 6.592888 | lrm: 1.00 | dt: 164.40ms | tok/sec: 6,228 | bf16_mfu: 0.00 | epoch: 1 pq: 0 rg: 3 | total time: 2.59m | eta: 1.0m
step 00733/01000 (73.30%) | loss: 6.567964 | lrm: 1.00 | dt: 165.62ms | tok/sec: 6,182 | bf16_mfu: 0.00 | epoch: 1 pq: 0 rg: 3 | total time: 2.60m | eta: 1.0m
step 00734/01000 (73.40%) | loss: 6.600854 | lrm: 1.00 | dt: 313.71ms | tok/sec: 3,264 | bf16_mfu: 0.00 | epoch: 1 pq: 0 rg: 3 | total time: 2.60m | eta: 1.0m
step 00735/01000 (73.50%) | loss: 6.644809 | lrm: 1.00 | dt: 170.04ms | tok/sec: 6,022 | bf16_mfu: 0.00 | epoch: 1 pq: 0 rg: 3 | total time: 2.61m | eta: 1.0m
step 00736/01000 (73.60%) | loss: 6.685976 | lrm: 1.00 | dt: 180.63ms | tok/sec: 5,669 | bf16_mfu: 0.00 | epoch: 1 pq: 0 rg: 3 | total time: 2.61m | eta: 0.9m
step 00737/01000 (73.70%) | loss: 6.688994 | lrm: 1.00 | dt: 177.72ms | tok/sec: 5,762 | bf16_mfu: 0.00 | epoch: 1 pq: 0 rg: 3 | total time: 2.61m | eta: 0.9m
step 00738/01000 (73.80%) | loss: 6.658291 | lrm: 1.00 | dt: 180.94ms | tok/sec: 5,659 | bf16_mfu: 0.00 | epoch: 1 pq: 0 rg: 3 | total time: 2.61m | eta: 0.9m
step 00739/01000 (73.90%) | loss: 6.635891 | lrm: 1.00 | dt: 198.79ms | tok/sec: 5,151 | bf16_mfu: 0.00 | epoch: 1 pq: 0 rg: 3 | total time: 2.62m | eta: 0.9m
step 00740/01000 (74.00%) | loss: 6.658898 | lrm: 1.00 | dt: 176.62ms | tok/sec: 5,797 | bf16_mfu: 0.00 | epoch: 1 pq: 0 rg: 3 | total time: 2.62m | eta: 0.9m
step 00741/01000 (74.10%) | loss: 6.627187 | lrm: 1.00 | dt: 185.17ms | tok/sec: 5,530 | bf16_mfu: 0.00 | epoch: 1 pq: 0 rg: 3 | total time: 2.62m | eta: 0.9m
step 00742/01000 (74.20%) | loss: 6.621171 | lrm: 1.00 | dt: 198.61ms | tok/sec: 5,155 | bf16_mfu: 0.00 | epoch: 1 pq: 0 rg: 3 | total time: 2.63m | eta: 0.9m
step 00743/01000 (74.30%) | loss: 6.602792 | lrm: 1.00 | dt: 172.58ms | tok/sec: 5,933 | bf16_mfu: 0.00 | epoch: 1 pq: 0 rg: 3 | total time: 2.63m | eta: 0.9m
step 00744/01000 (74.40%) | loss: 6.536352 | lrm: 1.00 | dt: 220.16ms | tok/sec: 4,651 | bf16_mfu: 0.00 | epoch: 1 pq: 0 rg: 3 | total time: 2.63m | eta: 0.9m
step 00745/01000 (74.50%) | loss: 6.547073 | lrm: 1.00 | dt: 349.24ms | tok/sec: 2,932 | bf16_mfu: 0.00 | epoch: 1 pq: 0 rg: 3 | total time: 2.64m | eta: 0.9m
step 00746/01000 (74.60%) | loss: 6.578225 | lrm: 1.00 | dt: 209.14ms | tok/sec: 4,896 | bf16_mfu: 0.00 | epoch: 1 pq: 0 rg: 3 | total time: 2.64m | eta: 0.9m
step 00747/01000 (74.70%) | loss: 6.544378 | lrm: 1.00 | dt: 191.28ms | tok/sec: 5,353 | bf16_mfu: 0.00 | epoch: 1 pq: 0 rg: 3 | total time: 2.65m | eta: 0.9m
step 00748/01000 (74.80%) | loss: 6.493194 | lrm: 1.00 | dt: 180.88ms | tok/sec: 5,661 | bf16_mfu: 0.00 | epoch: 1 pq: 0 rg: 3 | total time: 2.65m | eta: 0.9m
step 00749/01000 (74.90%) | loss: 6.549212 | lrm: 1.00 | dt: 180.41ms | tok/sec: 5,676 | bf16_mfu: 0.00 | epoch: 1 pq: 0 rg: 3 | total time: 2.65m | eta: 0.9m
step 00750/01000 (75.00%) | loss: 6.483241 | lrm: 1.00 | dt: 200.25ms | tok/sec: 5,113 | bf16_mfu: 0.00 | epoch: 1 pq: 0 rg: 3 | total time: 2.66m | eta: 0.9m
step 00751/01000 (75.10%) | loss: 6.499399 | lrm: 1.00 | dt: 171.94ms | tok/sec: 5,955 | bf16_mfu: 0.00 | epoch: 1 pq: 0 rg: 3 | total time: 2.66m | eta: 0.9m
step 00752/01000 (75.20%) | loss: 6.513426 | lrm: 1.00 | dt: 171.85ms | tok/sec: 5,958 | bf16_mfu: 0.00 | epoch: 1 pq: 0 rg: 3 | total time: 2.66m | eta: 0.9m
step 00753/01000 (75.30%) | loss: 6.538590 | lrm: 1.00 | dt: 154.13ms | tok/sec: 6,643 | bf16_mfu: 0.00 | epoch: 1 pq: 0 rg: 3 | total time: 2.66m | eta: 0.9m
step 00754/01000 (75.40%) | loss: 6.566832 | lrm: 1.00 | dt: 174.43ms | tok/sec: 5,870 | bf16_mfu: 0.00 | epoch: 1 pq: 0 rg: 3 | total time: 2.67m | eta: 0.9m
step 00755/01000 (75.50%) | loss: 6.653334 | lrm: 1.00 | dt: 154.36ms | tok/sec: 6,634 | bf16_mfu: 0.00 | epoch: 1 pq: 0 rg: 3 | total time: 2.67m | eta: 0.9m
step 00756/01000 (75.60%) | loss: 6.611402 | lrm: 1.00 | dt: 162.07ms | tok/sec: 6,318 | bf16_mfu: 0.00 | epoch: 1 pq: 0 rg: 3 | total time: 2.67m | eta: 0.9m
step 00757/01000 (75.70%) | loss: 6.644252 | lrm: 1.00 | dt: 175.44ms | tok/sec: 5,836 | bf16_mfu: 0.00 | epoch: 1 pq: 0 rg: 3 | total time: 2.67m | eta: 0.9m
step 00758/01000 (75.80%) | loss: 6.656684 | lrm: 1.00 | dt: 171.69ms | tok/sec: 5,964 | bf16_mfu: 0.00 | epoch: 1 pq: 0 rg: 3 | total time: 2.68m | eta: 0.9m
step 00759/01000 (75.90%) | loss: 6.668847 | lrm: 1.00 | dt: 165.09ms | tok/sec: 6,202 | bf16_mfu: 0.00 | epoch: 1 pq: 0 rg: 3 | total time: 2.68m | eta: 0.9m
step 00760/01000 (76.00%) | loss: 6.603386 | lrm: 1.00 | dt: 325.67ms | tok/sec: 3,144 | bf16_mfu: 0.00 | epoch: 1 pq: 0 rg: 3 | total time: 2.69m | eta: 0.9m
step 00761/01000 (76.10%) | loss: 6.592097 | lrm: 1.00 | dt: 217.35ms | tok/sec: 4,711 | bf16_mfu: 0.00 | epoch: 1 pq: 0 rg: 3 | total time: 2.69m | eta: 0.9m
step 00762/01000 (76.20%) | loss: 6.555803 | lrm: 1.00 | dt: 257.76ms | tok/sec: 3,972 | bf16_mfu: 0.00 | epoch: 1 pq: 0 rg: 3 | total time: 2.69m | eta: 0.9m
step 00763/01000 (76.30%) | loss: 6.520693 | lrm: 1.00 | dt: 200.38ms | tok/sec: 5,110 | bf16_mfu: 0.00 | epoch: 1 pq: 0 rg: 3 | total time: 2.70m | eta: 0.8m
step 00764/01000 (76.40%) | loss: 6.526340 | lrm: 1.00 | dt: 233.70ms | tok/sec: 4,381 | bf16_mfu: 0.00 | epoch: 1 pq: 0 rg: 3 | total time: 2.70m | eta: 0.8m
step 00765/01000 (76.50%) | loss: 6.615100 | lrm: 1.00 | dt: 221.56ms | tok/sec: 4,621 | bf16_mfu: 0.00 | epoch: 1 pq: 0 rg: 3 | total time: 2.70m | eta: 0.8m
step 00766/01000 (76.60%) | loss: 6.541204 | lrm: 1.00 | dt: 266.19ms | tok/sec: 3,846 | bf16_mfu: 0.00 | epoch: 1 pq: 0 rg: 3 | total time: 2.71m | eta: 0.8m
step 00767/01000 (76.70%) | loss: 6.518805 | lrm: 1.00 | dt: 248.37ms | tok/sec: 4,122 | bf16_mfu: 0.00 | epoch: 1 pq: 0 rg: 3 | total time: 2.71m | eta: 0.8m
step 00768/01000 (76.80%) | loss: 6.570175 | lrm: 1.00 | dt: 267.28ms | tok/sec: 3,831 | bf16_mfu: 0.00 | epoch: 1 pq: 0 rg: 3 | total time: 2.72m | eta: 0.8m
step 00769/01000 (76.90%) | loss: 6.563042 | lrm: 1.00 | dt: 231.48ms | tok/sec: 4,423 | bf16_mfu: 0.00 | epoch: 1 pq: 0 rg: 3 | total time: 2.72m | eta: 0.8m
step 00770/01000 (77.00%) | loss: 6.563556 | lrm: 1.00 | dt: 396.98ms | tok/sec: 2,579 | bf16_mfu: 0.00 | epoch: 1 pq: 0 rg: 3 | total time: 2.73m | eta: 0.8m
step 00771/01000 (77.10%) | loss: 6.555751 | lrm: 1.00 | dt: 253.60ms | tok/sec: 4,037 | bf16_mfu: 0.00 | epoch: 1 pq: 0 rg: 3 | total time: 2.73m | eta: 0.8m
step 00772/01000 (77.20%) | loss: 6.566458 | lrm: 1.00 | dt: 201.17ms | tok/sec: 5,090 | bf16_mfu: 0.00 | epoch: 1 pq: 0 rg: 3 | total time: 2.74m | eta: 0.8m
step 00773/01000 (77.30%) | loss: 6.566044 | lrm: 1.00 | dt: 197.13ms | tok/sec: 5,194 | bf16_mfu: 0.00 | epoch: 1 pq: 0 rg: 3 | total time: 2.74m | eta: 0.8m
step 00774/01000 (77.40%) | loss: 6.547285 | lrm: 1.00 | dt: 218.44ms | tok/sec: 4,687 | bf16_mfu: 0.00 | epoch: 1 pq: 0 rg: 3 | total time: 2.74m | eta: 0.8m
step 00775/01000 (77.50%) | loss: 6.584245 | lrm: 1.00 | dt: 210.10ms | tok/sec: 4,873 | bf16_mfu: 0.00 | epoch: 1 pq: 0 rg: 3 | total time: 2.75m | eta: 0.8m
step 00776/01000 (77.60%) | loss: 6.572690 | lrm: 1.00 | dt: 198.55ms | tok/sec: 5,157 | bf16_mfu: 0.00 | epoch: 1 pq: 0 rg: 3 | total time: 2.75m | eta: 0.8m
step 00777/01000 (77.70%) | loss: 6.578474 | lrm: 1.00 | dt: 196.11ms | tok/sec: 5,221 | bf16_mfu: 0.00 | epoch: 1 pq: 0 rg: 3 | total time: 2.75m | eta: 0.8m
step 00778/01000 (77.80%) | loss: 6.597310 | lrm: 1.00 | dt: 184.86ms | tok/sec: 5,539 | bf16_mfu: 0.00 | epoch: 1 pq: 0 rg: 3 | total time: 2.76m | eta: 0.8m
step 00779/01000 (77.90%) | loss: 6.620918 | lrm: 1.00 | dt: 170.19ms | tok/sec: 6,016 | bf16_mfu: 0.00 | epoch: 1 pq: 0 rg: 3 | total time: 2.76m | eta: 0.8m
step 00780/01000 (78.00%) | loss: 6.679280 | lrm: 1.00 | dt: 153.74ms | tok/sec: 6,660 | bf16_mfu: 0.00 | epoch: 1 pq: 0 rg: 3 | total time: 2.76m | eta: 0.8m
step 00781/01000 (78.10%) | loss: 6.672375 | lrm: 1.00 | dt: 158.35ms | tok/sec: 6,466 | bf16_mfu: 0.00 | epoch: 1 pq: 0 rg: 3 | total time: 2.76m | eta: 0.8m
step 00782/01000 (78.20%) | loss: 6.711732 | lrm: 1.00 | dt: 168.16ms | tok/sec: 6,089 | bf16_mfu: 0.00 | epoch: 1 pq: 0 rg: 3 | total time: 2.77m | eta: 0.8m
step 00783/01000 (78.30%) | loss: 6.668224 | lrm: 1.00 | dt: 156.80ms | tok/sec: 6,530 | bf16_mfu: 0.00 | epoch: 1 pq: 0 rg: 3 | total time: 2.77m | eta: 0.8m
step 00784/01000 (78.40%) | loss: 6.625659 | lrm: 1.00 | dt: 293.66ms | tok/sec: 3,487 | bf16_mfu: 0.00 | epoch: 1 pq: 0 rg: 3 | total time: 2.77m | eta: 0.8m
step 00785/01000 (78.50%) | loss: 6.643938 | lrm: 1.00 | dt: 230.87ms | tok/sec: 4,435 | bf16_mfu: 0.00 | epoch: 1 pq: 0 rg: 3 | total time: 2.78m | eta: 0.8m
step 00786/01000 (78.60%) | loss: 6.590842 | lrm: 1.00 | dt: 192.59ms | tok/sec: 5,316 | bf16_mfu: 0.00 | epoch: 1 pq: 0 rg: 3 | total time: 2.78m | eta: 0.8m
step 00787/01000 (78.70%) | loss: 6.655270 | lrm: 1.00 | dt: 206.74ms | tok/sec: 4,953 | bf16_mfu: 0.00 | epoch: 1 pq: 0 rg: 3 | total time: 2.78m | eta: 0.8m
step 00788/01000 (78.80%) | loss: 6.623560 | lrm: 1.00 | dt: 178.52ms | tok/sec: 5,736 | bf16_mfu: 0.00 | epoch: 1 pq: 0 rg: 3 | total time: 2.79m | eta: 0.8m
step 00789/01000 (78.90%) | loss: 6.628403 | lrm: 1.00 | dt: 195.60ms | tok/sec: 5,235 | bf16_mfu: 0.00 | epoch: 1 pq: 0 rg: 3 | total time: 2.79m | eta: 0.8m
step 00790/01000 (79.00%) | loss: 6.650895 | lrm: 1.00 | dt: 213.52ms | tok/sec: 4,795 | bf16_mfu: 0.00 | epoch: 1 pq: 0 rg: 3 | total time: 2.79m | eta: 0.8m
step 00791/01000 (79.10%) | loss: 6.562860 | lrm: 1.00 | dt: 214.17ms | tok/sec: 4,781 | bf16_mfu: 0.00 | epoch: 1 pq: 0 rg: 3 | total time: 2.80m | eta: 0.7m
step 00792/01000 (79.20%) | loss: 6.628476 | lrm: 1.00 | dt: 215.09ms | tok/sec: 4,760 | bf16_mfu: 0.00 | epoch: 1 pq: 0 rg: 3 | total time: 2.80m | eta: 0.7m
step 00793/01000 (79.30%) | loss: 6.583713 | lrm: 1.00 | dt: 200.39ms | tok/sec: 5,110 | bf16_mfu: 0.00 | epoch: 1 pq: 0 rg: 3 | total time: 2.81m | eta: 0.7m
step 00794/01000 (79.40%) | loss: 6.607830 | lrm: 1.00 | dt: 244.98ms | tok/sec: 4,179 | bf16_mfu: 0.00 | epoch: 1 pq: 0 rg: 3 | total time: 2.81m | eta: 0.7m
step 00795/01000 (79.50%) | loss: 6.558114 | lrm: 1.00 | dt: 348.19ms | tok/sec: 2,940 | bf16_mfu: 0.00 | epoch: 1 pq: 0 rg: 3 | total time: 2.81m | eta: 0.7m
step 00796/01000 (79.60%) | loss: 6.628475 | lrm: 1.00 | dt: 198.22ms | tok/sec: 5,166 | bf16_mfu: 0.00 | epoch: 1 pq: 0 rg: 3 | total time: 2.82m | eta: 0.7m
step 00797/01000 (79.70%) | loss: 6.630742 | lrm: 1.00 | dt: 238.55ms | tok/sec: 4,292 | bf16_mfu: 0.00 | epoch: 1 pq: 0 rg: 3 | total time: 2.82m | eta: 0.7m
step 00798/01000 (79.80%) | loss: 6.639555 | lrm: 1.00 | dt: 178.16ms | tok/sec: 5,747 | bf16_mfu: 0.00 | epoch: 1 pq: 0 rg: 3 | total time: 2.83m | eta: 0.7m
step 00799/01000 (79.90%) | loss: 6.636501 | lrm: 1.00 | dt: 173.73ms | tok/sec: 5,894 | bf16_mfu: 0.00 | epoch: 1 pq: 0 rg: 3 | total time: 2.83m | eta: 0.7m
step 00800/01000 (80.00%) | loss: 6.638340 | lrm: 1.00 | dt: 173.96ms | tok/sec: 5,886 | bf16_mfu: 0.00 | epoch: 1 pq: 0 rg: 3 | total time: 2.83m | eta: 0.7m
step 00801/01000 (80.10%) | loss: 6.633051 | lrm: 1.00 | dt: 178.04ms | tok/sec: 5,751 | bf16_mfu: 0.00 | epoch: 1 pq: 0 rg: 3 | total time: 2.83m | eta: 0.7m
step 00802/01000 (80.20%) | loss: 6.670760 | lrm: 1.00 | dt: 160.13ms | tok/sec: 6,394 | bf16_mfu: 0.00 | epoch: 1 pq: 0 rg: 3 | total time: 2.84m | eta: 0.7m
step 00803/01000 (80.30%) | loss: 6.673897 | lrm: 1.00 | dt: 156.40ms | tok/sec: 6,547 | bf16_mfu: 0.00 | epoch: 1 pq: 0 rg: 3 | total time: 2.84m | eta: 0.7m
step 00804/01000 (80.40%) | loss: 6.699036 | lrm: 1.00 | dt: 189.48ms | tok/sec: 5,404 | bf16_mfu: 0.00 | epoch: 1 pq: 0 rg: 3 | total time: 2.84m | eta: 0.7m
step 00805/01000 (80.50%) | loss: 6.681149 | lrm: 1.00 | dt: 558.85ms | tok/sec: 1,832 | bf16_mfu: 0.00 | epoch: 1 pq: 0 rg: 3 | total time: 2.85m | eta: 0.7m
step 00806/01000 (80.60%) | loss: 6.703049 | lrm: 1.00 | dt: 196.27ms | tok/sec: 5,217 | bf16_mfu: 0.00 | epoch: 1 pq: 0 rg: 3 | total time: 2.85m | eta: 0.7m
step 00807/01000 (80.70%) | loss: 6.712876 | lrm: 1.00 | dt: 304.94ms | tok/sec: 3,358 | bf16_mfu: 0.00 | epoch: 1 pq: 0 rg: 3 | total time: 2.86m | eta: 0.7m
step 00808/01000 (80.80%) | loss: 6.721986 | lrm: 1.00 | dt: 177.59ms | tok/sec: 5,766 | bf16_mfu: 0.00 | epoch: 1 pq: 0 rg: 3 | total time: 2.86m | eta: 0.7m
step 00809/01000 (80.90%) | loss: 6.654147 | lrm: 1.00 | dt: 176.59ms | tok/sec: 5,798 | bf16_mfu: 0.00 | epoch: 1 pq: 0 rg: 3 | total time: 2.87m | eta: 0.7m
step 00810/01000 (81.00%) | loss: 6.639626 | lrm: 1.00 | dt: 155.55ms | tok/sec: 6,583 | bf16_mfu: 0.00 | epoch: 1 pq: 0 rg: 3 | total time: 2.87m | eta: 0.7m
step 00811/01000 (81.10%) | loss: 6.657927 | lrm: 1.00 | dt: 158.61ms | tok/sec: 6,456 | bf16_mfu: 0.00 | epoch: 1 pq: 0 rg: 3 | total time: 2.87m | eta: 0.7m
step 00812/01000 (81.20%) | loss: 6.694282 | lrm: 1.00 | dt: 192.18ms | tok/sec: 5,328 | bf16_mfu: 0.00 | epoch: 1 pq: 0 rg: 3 | total time: 2.87m | eta: 0.7m
step 00813/01000 (81.30%) | loss: 6.727425 | lrm: 1.00 | dt: 219.78ms | tok/sec: 4,659 | bf16_mfu: 0.00 | epoch: 1 pq: 0 rg: 3 | total time: 2.88m | eta: 0.7m
step 00814/01000 (81.40%) | loss: 6.716631 | lrm: 1.00 | dt: 359.48ms | tok/sec: 2,848 | bf16_mfu: 0.00 | epoch: 1 pq: 0 rg: 3 | total time: 2.88m | eta: 0.7m
step 00815/01000 (81.50%) | loss: 6.853453 | lrm: 1.00 | dt: 205.75ms | tok/sec: 4,976 | bf16_mfu: 0.00 | epoch: 1 pq: 0 rg: 3 | total time: 2.89m | eta: 0.7m
step 00816/01000 (81.60%) | loss: 6.805277 | lrm: 1.00 | dt: 209.96ms | tok/sec: 4,877 | bf16_mfu: 0.00 | epoch: 1 pq: 0 rg: 3 | total time: 2.89m | eta: 0.7m
step 00817/01000 (81.70%) | loss: 6.832890 | lrm: 1.00 | dt: 213.90ms | tok/sec: 4,787 | bf16_mfu: 0.00 | epoch: 1 pq: 0 rg: 3 | total time: 2.89m | eta: 0.7m
step 00818/01000 (81.80%) | loss: 6.819532 | lrm: 1.00 | dt: 209.12ms | tok/sec: 4,896 | bf16_mfu: 0.00 | epoch: 1 pq: 0 rg: 3 | total time: 2.90m | eta: 0.7m
step 00819/01000 (81.90%) | loss: 6.812280 | lrm: 1.00 | dt: 243.15ms | tok/sec: 4,211 | bf16_mfu: 0.00 | epoch: 1 pq: 0 rg: 3 | total time: 2.90m | eta: 0.6m
step 00820/01000 (82.00%) | loss: 6.851244 | lrm: 1.00 | dt: 255.82ms | tok/sec: 4,002 | bf16_mfu: 0.00 | epoch: 1 pq: 0 rg: 3 | total time: 2.91m | eta: 0.6m
step 00821/01000 (82.10%) | loss: 6.830580 | lrm: 1.00 | dt: 289.97ms | tok/sec: 3,531 | bf16_mfu: 0.00 | epoch: 1 pq: 0 rg: 3 | total time: 2.91m | eta: 0.6m
step 00822/01000 (82.20%) | loss: 6.800349 | lrm: 1.00 | dt: 457.34ms | tok/sec: 2,239 | bf16_mfu: 0.00 | epoch: 1 pq: 0 rg: 3 | total time: 2.92m | eta: 0.6m
step 00823/01000 (82.30%) | loss: 6.755009 | lrm: 1.00 | dt: 224.72ms | tok/sec: 4,556 | bf16_mfu: 0.00 | epoch: 1 pq: 0 rg: 3 | total time: 2.92m | eta: 0.6m
step 00824/01000 (82.40%) | loss: 6.703178 | lrm: 1.00 | dt: 200.19ms | tok/sec: 5,115 | bf16_mfu: 0.00 | epoch: 1 pq: 0 rg: 3 | total time: 2.93m | eta: 0.6m
step 00825/01000 (82.50%) | loss: 6.718814 | lrm: 1.00 | dt: 231.85ms | tok/sec: 4,416 | bf16_mfu: 0.00 | epoch: 1 pq: 0 rg: 3 | total time: 2.93m | eta: 0.6m
step 00826/01000 (82.60%) | loss: 6.760719 | lrm: 1.00 | dt: 232.34ms | tok/sec: 4,407 | bf16_mfu: 0.00 | epoch: 1 pq: 0 rg: 3 | total time: 2.93m | eta: 0.6m
step 00827/01000 (82.70%) | loss: 6.848415 | lrm: 1.00 | dt: 169.05ms | tok/sec: 6,057 | bf16_mfu: 0.00 | epoch: 1 pq: 0 rg: 3 | total time: 2.94m | eta: 0.6m
step 00828/01000 (82.80%) | loss: 6.808382 | lrm: 1.00 | dt: 164.55ms | tok/sec: 6,222 | bf16_mfu: 0.00 | epoch: 1 pq: 0 rg: 3 | total time: 2.94m | eta: 0.6m
step 00829/01000 (82.90%) | loss: 6.827543 | lrm: 1.00 | dt: 168.63ms | tok/sec: 6,072 | bf16_mfu: 0.00 | epoch: 1 pq: 0 rg: 3 | total time: 2.94m | eta: 0.6m
step 00830/01000 (83.00%) | loss: 6.807875 | lrm: 1.00 | dt: 151.77ms | tok/sec: 6,746 | bf16_mfu: 0.00 | epoch: 1 pq: 0 rg: 3 | total time: 2.94m | eta: 0.6m
step 00831/01000 (83.10%) | loss: 6.794323 | lrm: 1.00 | dt: 171.53ms | tok/sec: 5,969 | bf16_mfu: 0.00 | epoch: 1 pq: 0 rg: 3 | total time: 2.95m | eta: 0.6m
step 00832/01000 (83.20%) | loss: 6.740625 | lrm: 1.00 | dt: 171.84ms | tok/sec: 5,959 | bf16_mfu: 0.00 | epoch: 1 pq: 0 rg: 3 | total time: 2.95m | eta: 0.6m
step 00833/01000 (83.30%) | loss: 6.619957 | lrm: 1.00 | dt: 157.43ms | tok/sec: 6,504 | bf16_mfu: 0.00 | epoch: 1 pq: 0 rg: 3 | total time: 2.95m | eta: 0.6m
step 00834/01000 (83.40%) | loss: 6.619399 | lrm: 1.00 | dt: 165.33ms | tok/sec: 6,193 | bf16_mfu: 0.00 | epoch: 1 pq: 0 rg: 3 | total time: 2.96m | eta: 0.6m
step 00835/01000 (83.50%) | loss: 6.626438 | lrm: 1.00 | dt: 178.52ms | tok/sec: 5,736 | bf16_mfu: 0.00 | epoch: 1 pq: 0 rg: 3 | total time: 2.96m | eta: 0.6m
step 00836/01000 (83.60%) | loss: 6.595341 | lrm: 1.00 | dt: 163.00ms | tok/sec: 6,282 | bf16_mfu: 0.00 | epoch: 1 pq: 0 rg: 3 | total time: 2.96m | eta: 0.6m
step 00837/01000 (83.70%) | loss: 6.654162 | lrm: 1.00 | dt: 168.42ms | tok/sec: 6,080 | bf16_mfu: 0.00 | epoch: 1 pq: 0 rg: 3 | total time: 2.96m | eta: 0.6m
step 00838/01000 (83.80%) | loss: 6.682628 | lrm: 1.00 | dt: 304.85ms | tok/sec: 3,358 | bf16_mfu: 0.00 | epoch: 1 pq: 0 rg: 3 | total time: 2.97m | eta: 0.6m
step 00839/01000 (83.90%) | loss: 6.658559 | lrm: 1.00 | dt: 182.79ms | tok/sec: 5,601 | bf16_mfu: 0.00 | epoch: 1 pq: 0 rg: 3 | total time: 2.97m | eta: 0.6m
step 00840/01000 (84.00%) | loss: 6.679404 | lrm: 1.00 | dt: 211.67ms | tok/sec: 4,837 | bf16_mfu: 0.00 | epoch: 1 pq: 0 rg: 3 | total time: 2.98m | eta: 0.6m
step 00841/01000 (84.10%) | loss: 6.636766 | lrm: 1.00 | dt: 206.89ms | tok/sec: 4,949 | bf16_mfu: 0.00 | epoch: 1 pq: 0 rg: 3 | total time: 2.98m | eta: 0.6m
step 00842/01000 (84.20%) | loss: 6.651008 | lrm: 1.00 | dt: 197.31ms | tok/sec: 5,189 | bf16_mfu: 0.00 | epoch: 1 pq: 0 rg: 3 | total time: 2.98m | eta: 0.6m
step 00843/01000 (84.30%) | loss: 6.653212 | lrm: 1.00 | dt: 201.36ms | tok/sec: 5,085 | bf16_mfu: 0.00 | epoch: 1 pq: 0 rg: 3 | total time: 2.99m | eta: 0.6m
step 00844/01000 (84.40%) | loss: 6.675620 | lrm: 1.00 | dt: 211.09ms | tok/sec: 4,851 | bf16_mfu: 0.00 | epoch: 1 pq: 0 rg: 3 | total time: 2.99m | eta: 0.6m
step 00845/01000 (84.50%) | loss: 6.687692 | lrm: 1.00 | dt: 234.54ms | tok/sec: 4,365 | bf16_mfu: 0.00 | epoch: 1 pq: 0 rg: 3 | total time: 2.99m | eta: 0.6m
step 00846/01000 (84.60%) | loss: 6.607517 | lrm: 1.00 | dt: 252.32ms | tok/sec: 4,058 | bf16_mfu: 0.00 | epoch: 1 pq: 0 rg: 3 | total time: 3.00m | eta: 0.6m
step 00847/01000 (84.70%) | loss: 6.641190 | lrm: 1.00 | dt: 379.72ms | tok/sec: 2,696 | bf16_mfu: 0.00 | epoch: 1 pq: 0 rg: 3 | total time: 3.00m | eta: 0.5m
step 00848/01000 (84.80%) | loss: 6.666337 | lrm: 1.00 | dt: 176.48ms | tok/sec: 5,802 | bf16_mfu: 0.00 | epoch: 1 pq: 0 rg: 3 | total time: 3.01m | eta: 0.5m
step 00849/01000 (84.90%) | loss: 6.731034 | lrm: 1.00 | dt: 209.92ms | tok/sec: 4,877 | bf16_mfu: 0.00 | epoch: 1 pq: 0 rg: 3 | total time: 3.01m | eta: 0.5m
step 00850/01000 (85.00%) | loss: 6.706427 | lrm: 1.00 | dt: 166.83ms | tok/sec: 6,137 | bf16_mfu: 0.00 | epoch: 1 pq: 0 rg: 3 | total time: 3.01m | eta: 0.5m
step 00851/01000 (85.10%) | loss: 6.682563 | lrm: 1.00 | dt: 161.17ms | tok/sec: 6,353 | bf16_mfu: 0.00 | epoch: 1 pq: 0 rg: 3 | total time: 3.02m | eta: 0.5m
step 00852/01000 (85.20%) | loss: 6.649714 | lrm: 1.00 | dt: 160.63ms | tok/sec: 6,374 | bf16_mfu: 0.00 | epoch: 1 pq: 0 rg: 3 | total time: 3.02m | eta: 0.5m
step 00853/01000 (85.30%) | loss: 6.708362 | lrm: 1.00 | dt: 144.48ms | tok/sec: 7,087 | bf16_mfu: 0.00 | epoch: 1 pq: 0 rg: 3 | total time: 3.02m | eta: 0.5m
step 00854/01000 (85.40%) | loss: 6.732023 | lrm: 1.00 | dt: 150.93ms | tok/sec: 6,784 | bf16_mfu: 0.00 | epoch: 1 pq: 0 rg: 3 | total time: 3.02m | eta: 0.5m
step 00855/01000 (85.50%) | loss: 6.719576 | lrm: 1.00 | dt: 151.42ms | tok/sec: 6,762 | bf16_mfu: 0.00 | epoch: 1 pq: 0 rg: 3 | total time: 3.03m | eta: 0.5m
step 00856/01000 (85.60%) | loss: 6.737004 | lrm: 1.00 | dt: 147.55ms | tok/sec: 6,940 | bf16_mfu: 0.00 | epoch: 1 pq: 0 rg: 3 | total time: 3.03m | eta: 0.5m
step 00857/01000 (85.70%) | loss: 6.692786 | lrm: 1.00 | dt: 146.81ms | tok/sec: 6,975 | bf16_mfu: 0.00 | epoch: 1 pq: 0 rg: 3 | total time: 3.03m | eta: 0.5m
step 00858/01000 (85.80%) | loss: 6.728790 | lrm: 1.00 | dt: 218.63ms | tok/sec: 4,683 | bf16_mfu: 0.00 | epoch: 1 pq: 0 rg: 3 | total time: 3.03m | eta: 0.5m
step 00859/01000 (85.90%) | loss: 6.781364 | lrm: 1.00 | dt: 169.48ms | tok/sec: 6,041 | bf16_mfu: 0.00 | epoch: 1 pq: 0 rg: 3 | total time: 3.04m | eta: 0.5m
step 00860/01000 (86.00%) | loss: 6.805322 | lrm: 1.00 | dt: 155.83ms | tok/sec: 6,571 | bf16_mfu: 0.00 | epoch: 1 pq: 0 rg: 3 | total time: 3.04m | eta: 0.5m
step 00861/01000 (86.10%) | loss: 6.799988 | lrm: 1.00 | dt: 181.91ms | tok/sec: 5,629 | bf16_mfu: 0.00 | epoch: 1 pq: 0 rg: 3 | total time: 3.04m | eta: 0.5m
step 00862/01000 (86.20%) | loss: 6.851722 | lrm: 1.00 | dt: 163.58ms | tok/sec: 6,260 | bf16_mfu: 0.00 | epoch: 1 pq: 0 rg: 3 | total time: 3.05m | eta: 0.5m
step 00863/01000 (86.30%) | loss: 6.840891 | lrm: 1.00 | dt: 316.32ms | tok/sec: 3,237 | bf16_mfu: 0.00 | epoch: 1 pq: 0 rg: 3 | total time: 3.05m | eta: 0.5m
step 00864/01000 (86.40%) | loss: 6.844211 | lrm: 1.00 | dt: 256.07ms | tok/sec: 3,998 | bf16_mfu: 0.00 | epoch: 1 pq: 0 rg: 3 | total time: 3.06m | eta: 0.5m
step 00865/01000 (86.50%) | loss: 6.789945 | lrm: 1.00 | dt: 288.11ms | tok/sec: 3,554 | bf16_mfu: 0.00 | epoch: 1 pq: 0 rg: 3 | total time: 3.06m | eta: 0.5m
step 00866/01000 (86.60%) | loss: 6.780682 | lrm: 1.00 | dt: 514.39ms | tok/sec: 1,990 | bf16_mfu: 0.00 | epoch: 1 pq: 0 rg: 3 | total time: 3.07m | eta: 0.5m
step 00867/01000 (86.70%) | loss: 6.693522 | lrm: 1.00 | dt: 218.55ms | tok/sec: 4,685 | bf16_mfu: 0.00 | epoch: 1 pq: 0 rg: 3 | total time: 3.07m | eta: 0.5m
step 00868/01000 (86.80%) | loss: 6.631042 | lrm: 1.00 | dt: 203.34ms | tok/sec: 5,035 | bf16_mfu: 0.00 | epoch: 1 pq: 0 rg: 3 | total time: 3.08m | eta: 0.5m
step 00869/01000 (86.90%) | loss: 6.618481 | lrm: 1.00 | dt: 237.14ms | tok/sec: 4,318 | bf16_mfu: 0.00 | epoch: 1 pq: 0 rg: 3 | total time: 3.08m | eta: 0.5m
step 00870/01000 (87.00%) | loss: 6.589305 | lrm: 1.00 | dt: 227.52ms | tok/sec: 4,500 | bf16_mfu: 0.00 | epoch: 1 pq: 0 rg: 3 | total time: 3.08m | eta: 0.5m
step 00871/01000 (87.10%) | loss: 6.571737 | lrm: 1.00 | dt: 192.79ms | tok/sec: 5,311 | bf16_mfu: 0.00 | epoch: 1 pq: 0 rg: 3 | total time: 3.09m | eta: 0.5m
step 00872/01000 (87.20%) | loss: 6.519907 | lrm: 1.00 | dt: 179.14ms | tok/sec: 5,716 | bf16_mfu: 0.00 | epoch: 1 pq: 0 rg: 3 | total time: 3.09m | eta: 0.5m
step 00873/01000 (87.30%) | loss: 6.510365 | lrm: 1.00 | dt: 200.92ms | tok/sec: 5,096 | bf16_mfu: 0.00 | epoch: 1 pq: 0 rg: 3 | total time: 3.09m | eta: 0.5m
step 00874/01000 (87.40%) | loss: 6.450289 | lrm: 1.00 | dt: 183.86ms | tok/sec: 5,569 | bf16_mfu: 0.00 | epoch: 1 pq: 0 rg: 3 | total time: 3.10m | eta: 0.5m
step 00875/01000 (87.50%) | loss: 6.502435 | lrm: 1.00 | dt: 320.45ms | tok/sec: 3,195 | bf16_mfu: 0.00 | epoch: 1 pq: 0 rg: 3 | total time: 3.10m | eta: 0.4m
step 00876/01000 (87.60%) | loss: 6.551518 | lrm: 1.00 | dt: 203.62ms | tok/sec: 5,029 | bf16_mfu: 0.00 | epoch: 1 pq: 0 rg: 3 | total time: 3.10m | eta: 0.4m
step 00877/01000 (87.70%) | loss: 6.614896 | lrm: 1.00 | dt: 218.55ms | tok/sec: 4,685 | bf16_mfu: 0.00 | epoch: 1 pq: 0 rg: 3 | total time: 3.11m | eta: 0.4m
step 00878/01000 (87.80%) | loss: 6.592083 | lrm: 1.00 | dt: 179.66ms | tok/sec: 5,699 | bf16_mfu: 0.00 | epoch: 1 pq: 0 rg: 3 | total time: 3.11m | eta: 0.4m
step 00879/01000 (87.90%) | loss: 6.588375 | lrm: 1.00 | dt: 160.96ms | tok/sec: 6,361 | bf16_mfu: 0.00 | epoch: 1 pq: 0 rg: 3 | total time: 3.11m | eta: 0.4m
step 00880/01000 (88.00%) | loss: 6.638828 | lrm: 1.00 | dt: 170.51ms | tok/sec: 6,005 | bf16_mfu: 0.00 | epoch: 1 pq: 0 rg: 3 | total time: 3.12m | eta: 0.4m
step 00881/01000 (88.10%) | loss: 6.578400 | lrm: 1.00 | dt: 166.91ms | tok/sec: 6,134 | bf16_mfu: 0.00 | epoch: 1 pq: 0 rg: 3 | total time: 3.12m | eta: 0.4m
step 00882/01000 (88.20%) | loss: 6.582023 | lrm: 1.00 | dt: 178.44ms | tok/sec: 5,738 | bf16_mfu: 0.00 | epoch: 1 pq: 0 rg: 3 | total time: 3.12m | eta: 0.4m
step 00883/01000 (88.30%) | loss: 6.574007 | lrm: 1.00 | dt: 175.68ms | tok/sec: 5,828 | bf16_mfu: 0.00 | epoch: 1 pq: 0 rg: 3 | total time: 3.13m | eta: 0.4m
step 00884/01000 (88.40%) | loss: 6.568451 | lrm: 1.00 | dt: 177.95ms | tok/sec: 5,754 | bf16_mfu: 0.00 | epoch: 1 pq: 0 rg: 3 | total time: 3.13m | eta: 0.4m
step 00885/01000 (88.50%) | loss: 6.659093 | lrm: 1.00 | dt: 169.59ms | tok/sec: 6,037 | bf16_mfu: 0.00 | epoch: 1 pq: 0 rg: 3 | total time: 3.13m | eta: 0.4m
step 00886/01000 (88.60%) | loss: 6.645444 | lrm: 1.00 | dt: 184.32ms | tok/sec: 5,555 | bf16_mfu: 0.00 | epoch: 1 pq: 0 rg: 3 | total time: 3.13m | eta: 0.4m
step 00887/01000 (88.70%) | loss: 6.611302 | lrm: 1.00 | dt: 415.91ms | tok/sec: 2,462 | bf16_mfu: 0.00 | epoch: 1 pq: 0 rg: 3 | total time: 3.14m | eta: 0.4m
step 00888/01000 (88.80%) | loss: 6.611684 | lrm: 1.00 | dt: 399.60ms | tok/sec: 2,562 | bf16_mfu: 0.00 | epoch: 1 pq: 0 rg: 3 | total time: 3.15m | eta: 0.4m
step 00889/01000 (88.90%) | loss: 6.645291 | lrm: 1.00 | dt: 213.31ms | tok/sec: 4,800 | bf16_mfu: 0.00 | epoch: 1 pq: 0 rg: 3 | total time: 3.15m | eta: 0.4m
step 00890/01000 (89.00%) | loss: 6.705356 | lrm: 1.00 | dt: 174.73ms | tok/sec: 5,860 | bf16_mfu: 0.00 | epoch: 1 pq: 0 rg: 3 | total time: 3.15m | eta: 0.4m
step 00891/01000 (89.10%) | loss: 6.694747 | lrm: 1.00 | dt: 166.65ms | tok/sec: 6,144 | bf16_mfu: 0.00 | epoch: 1 pq: 0 rg: 3 | total time: 3.16m | eta: 0.4m
step 00892/01000 (89.20%) | loss: 6.687979 | lrm: 1.00 | dt: 156.36ms | tok/sec: 6,549 | bf16_mfu: 0.00 | epoch: 1 pq: 0 rg: 3 | total time: 3.16m | eta: 0.4m
step 00893/01000 (89.30%) | loss: 6.623179 | lrm: 1.00 | dt: 157.44ms | tok/sec: 6,504 | bf16_mfu: 0.00 | epoch: 1 pq: 0 rg: 3 | total time: 3.16m | eta: 0.4m
step 00894/01000 (89.40%) | loss: 6.628806 | lrm: 1.00 | dt: 145.08ms | tok/sec: 7,058 | bf16_mfu: 0.00 | epoch: 1 pq: 0 rg: 3 | total time: 3.16m | eta: 0.4m
step 00895/01000 (89.50%) | loss: 6.579534 | lrm: 1.00 | dt: 180.68ms | tok/sec: 5,667 | bf16_mfu: 0.00 | epoch: 1 pq: 0 rg: 3 | total time: 3.17m | eta: 0.4m
step 00896/01000 (89.60%) | loss: 6.536728 | lrm: 1.00 | dt: 161.22ms | tok/sec: 6,351 | bf16_mfu: 0.00 | epoch: 1 pq: 0 rg: 3 | total time: 3.17m | eta: 0.4m
step 00897/01000 (89.70%) | loss: 6.580358 | lrm: 1.00 | dt: 158.95ms | tok/sec: 6,442 | bf16_mfu: 0.00 | epoch: 1 pq: 0 rg: 3 | total time: 3.17m | eta: 0.4m
step 00898/01000 (89.80%) | loss: 6.599397 | lrm: 1.00 | dt: 164.23ms | tok/sec: 6,235 | bf16_mfu: 0.00 | epoch: 1 pq: 0 rg: 3 | total time: 3.18m | eta: 0.4m
step 00899/01000 (89.90%) | loss: 6.586268 | lrm: 1.00 | dt: 153.98ms | tok/sec: 6,650 | bf16_mfu: 0.00 | epoch: 1 pq: 0 rg: 3 | total time: 3.18m | eta: 0.4m
step 00900/01000 (90.00%) | loss: 6.659428 | lrm: 1.00 | dt: 162.44ms | tok/sec: 6,303 | bf16_mfu: 0.00 | epoch: 1 pq: 0 rg: 3 | total time: 3.18m | eta: 0.4m
step 00901/01000 (90.10%) | loss: 6.614627 | lrm: 0.99 | dt: 178.25ms | tok/sec: 5,744 | bf16_mfu: 0.00 | epoch: 1 pq: 0 rg: 3 | total time: 3.18m | eta: 0.4m
step 00902/01000 (90.20%) | loss: 6.623318 | lrm: 0.98 | dt: 171.92ms | tok/sec: 5,956 | bf16_mfu: 0.00 | epoch: 1 pq: 0 rg: 3 | total time: 3.19m | eta: 0.4m
step 00903/01000 (90.30%) | loss: 6.663557 | lrm: 0.97 | dt: 166.35ms | tok/sec: 6,155 | bf16_mfu: 0.00 | epoch: 1 pq: 0 rg: 3 | total time: 3.19m | eta: 0.3m
step 00904/01000 (90.40%) | loss: 6.719198 | lrm: 0.96 | dt: 331.00ms | tok/sec: 3,093 | bf16_mfu: 0.00 | epoch: 1 pq: 0 rg: 3 | total time: 3.20m | eta: 0.3m
step 00905/01000 (90.50%) | loss: 6.665974 | lrm: 0.95 | dt: 222.87ms | tok/sec: 4,594 | bf16_mfu: 0.00 | epoch: 1 pq: 0 rg: 3 | total time: 3.20m | eta: 0.3m
step 00906/01000 (90.60%) | loss: 6.591585 | lrm: 0.94 | dt: 218.92ms | tok/sec: 4,677 | bf16_mfu: 0.00 | epoch: 1 pq: 0 rg: 3 | total time: 3.20m | eta: 0.3m
step 00907/01000 (90.70%) | loss: 6.603813 | lrm: 0.93 | dt: 230.98ms | tok/sec: 4,433 | bf16_mfu: 0.00 | epoch: 1 pq: 0 rg: 3 | total time: 3.21m | eta: 0.3m
step 00908/01000 (90.80%) | loss: 6.645289 | lrm: 0.92 | dt: 364.43ms | tok/sec: 2,809 | bf16_mfu: 0.00 | epoch: 1 pq: 0 rg: 3 | total time: 3.21m | eta: 0.3m
step 00909/01000 (90.90%) | loss: 6.719298 | lrm: 0.91 | dt: 216.62ms | tok/sec: 4,727 | bf16_mfu: 0.00 | epoch: 1 pq: 0 rg: 3 | total time: 3.22m | eta: 0.3m
step 00910/01000 (91.00%) | loss: 6.696189 | lrm: 0.91 | dt: 190.46ms | tok/sec: 5,376 | bf16_mfu: 0.00 | epoch: 1 pq: 0 rg: 3 | total time: 3.22m | eta: 0.3m
step 00911/01000 (91.10%) | loss: 6.674902 | lrm: 0.90 | dt: 171.45ms | tok/sec: 5,972 | bf16_mfu: 0.00 | epoch: 1 pq: 0 rg: 3 | total time: 3.22m | eta: 0.3m
step 00912/01000 (91.20%) | loss: 6.753760 | lrm: 0.89 | dt: 195.18ms | tok/sec: 5,246 | bf16_mfu: 0.00 | epoch: 1 pq: 0 rg: 3 | total time: 3.23m | eta: 0.3m
step 00913/01000 (91.30%) | loss: 6.761785 | lrm: 0.88 | dt: 202.18ms | tok/sec: 5,064 | bf16_mfu: 0.00 | epoch: 1 pq: 0 rg: 3 | total time: 3.23m | eta: 0.3m
step 00914/01000 (91.40%) | loss: 6.689929 | lrm: 0.87 | dt: 222.58ms | tok/sec: 4,600 | bf16_mfu: 0.00 | epoch: 1 pq: 0 rg: 3 | total time: 3.23m | eta: 0.3m
step 00915/01000 (91.50%) | loss: 6.570890 | lrm: 0.86 | dt: 227.32ms | tok/sec: 4,504 | bf16_mfu: 0.00 | epoch: 1 pq: 0 rg: 3 | total time: 3.24m | eta: 0.3m2026-04-21 00:51:05,508 - nanochat.checkpoint_manager - [32m[1mINFO[0m - Saved model parameters to: /Users/evergreen/.cache/nanochat/base_checkpoints/d4/model_001000.pt
2026-04-21 00:51:05,508 - nanochat.checkpoint_manager - [32m[1mINFO[0m - Saved metadata to: /Users/evergreen/.cache/nanochat/base_checkpoints/d4/meta_001000.json
2026-04-21 00:51:05,697 - nanochat.checkpoint_manager - [32m[1mINFO[0m - Saved optimizer state to: /Users/evergreen/.cache/nanochat/base_checkpoints/d4/optim_001000_rank0.pt

step 00916/01000 (91.60%) | loss: 6.550223 | lrm: 0.85 | dt: 260.50ms | tok/sec: 3,930 | bf16_mfu: 0.00 | epoch: 1 pq: 0 rg: 3 | total time: 3.24m | eta: 0.3m
step 00917/01000 (91.70%) | loss: 6.489048 | lrm: 0.84 | dt: 413.09ms | tok/sec: 2,478 | bf16_mfu: 0.00 | epoch: 1 pq: 0 rg: 3 | total time: 3.25m | eta: 0.3m
step 00918/01000 (91.80%) | loss: 6.538582 | lrm: 0.83 | dt: 270.88ms | tok/sec: 3,780 | bf16_mfu: 0.00 | epoch: 1 pq: 0 rg: 3 | total time: 3.25m | eta: 0.3m
step 00919/01000 (91.90%) | loss: 6.553738 | lrm: 0.82 | dt: 226.08ms | tok/sec: 4,529 | bf16_mfu: 0.00 | epoch: 1 pq: 0 rg: 3 | total time: 3.26m | eta: 0.3m
step 00920/01000 (92.00%) | loss: 6.527551 | lrm: 0.81 | dt: 223.76ms | tok/sec: 4,576 | bf16_mfu: 0.00 | epoch: 1 pq: 0 rg: 3 | total time: 3.26m | eta: 0.3m
step 00921/01000 (92.10%) | loss: 6.608751 | lrm: 0.80 | dt: 191.23ms | tok/sec: 5,354 | bf16_mfu: 0.00 | epoch: 1 pq: 0 rg: 3 | total time: 3.26m | eta: 0.3m
step 00922/01000 (92.20%) | loss: 6.589042 | lrm: 0.79 | dt: 199.41ms | tok/sec: 5,135 | bf16_mfu: 0.00 | epoch: 1 pq: 0 rg: 3 | total time: 3.27m | eta: 0.3m
step 00923/01000 (92.30%) | loss: 6.609328 | lrm: 0.78 | dt: 206.03ms | tok/sec: 4,970 | bf16_mfu: 0.00 | epoch: 1 pq: 0 rg: 3 | total time: 3.27m | eta: 0.3m
step 00924/01000 (92.40%) | loss: 6.633246 | lrm: 0.77 | dt: 183.77ms | tok/sec: 5,572 | bf16_mfu: 0.00 | epoch: 1 pq: 0 rg: 3 | total time: 3.27m | eta: 0.3m
step 00925/01000 (92.50%) | loss: 6.600454 | lrm: 0.76 | dt: 212.54ms | tok/sec: 4,817 | bf16_mfu: 0.00 | epoch: 1 pq: 0 rg: 3 | total time: 3.28m | eta: 0.3m
step 00926/01000 (92.60%) | loss: 6.643377 | lrm: 0.75 | dt: 201.05ms | tok/sec: 5,093 | bf16_mfu: 0.00 | epoch: 1 pq: 0 rg: 3 | total time: 3.28m | eta: 0.3m
step 00927/01000 (92.70%) | loss: 6.658283 | lrm: 0.74 | dt: 175.50ms | tok/sec: 5,834 | bf16_mfu: 0.00 | epoch: 1 pq: 0 rg: 3 | total time: 3.28m | eta: 0.3m
step 00928/01000 (92.80%) | loss: 6.725355 | lrm: 0.73 | dt: 176.05ms | tok/sec: 5,816 | bf16_mfu: 0.00 | epoch: 1 pq: 0 rg: 3 | total time: 3.29m | eta: 0.3m
step 00929/01000 (92.90%) | loss: 6.683487 | lrm: 0.72 | dt: 165.75ms | tok/sec: 6,178 | bf16_mfu: 0.00 | epoch: 1 pq: 0 rg: 3 | total time: 3.29m | eta: 0.3m
step 00930/01000 (93.00%) | loss: 6.693205 | lrm: 0.71 | dt: 198.47ms | tok/sec: 5,159 | bf16_mfu: 0.00 | epoch: 1 pq: 0 rg: 3 | total time: 3.29m | eta: 0.3m
step 00931/01000 (93.10%) | loss: 6.686681 | lrm: 0.71 | dt: 175.07ms | tok/sec: 5,849 | bf16_mfu: 0.00 | epoch: 1 pq: 0 rg: 3 | total time: 3.29m | eta: 0.2m
step 00932/01000 (93.20%) | loss: 6.946318 | lrm: 0.70 | dt: 183.86ms | tok/sec: 5,569 | bf16_mfu: 0.00 | epoch: 1 pq: 0 rg: 3 | total time: 3.30m | eta: 0.2m
step 00933/01000 (93.30%) | loss: 6.876615 | lrm: 0.69 | dt: 339.17ms | tok/sec: 3,019 | bf16_mfu: 0.00 | epoch: 1 pq: 0 rg: 3 | total time: 3.30m | eta: 0.2m
step 00934/01000 (93.40%) | loss: 6.905133 | lrm: 0.68 | dt: 185.14ms | tok/sec: 5,530 | bf16_mfu: 0.00 | epoch: 1 pq: 0 rg: 3 | total time: 3.31m | eta: 0.2m
step 00935/01000 (93.50%) | loss: 6.893625 | lrm: 0.67 | dt: 205.52ms | tok/sec: 4,982 | bf16_mfu: 0.00 | epoch: 1 pq: 0 rg: 3 | total time: 3.31m | eta: 0.2m
step 00936/01000 (93.60%) | loss: 6.848772 | lrm: 0.66 | dt: 175.50ms | tok/sec: 5,834 | bf16_mfu: 0.00 | epoch: 1 pq: 0 rg: 3 | total time: 3.31m | eta: 0.2m
step 00937/01000 (93.70%) | loss: 6.841035 | lrm: 0.65 | dt: 232.17ms | tok/sec: 4,410 | bf16_mfu: 0.00 | epoch: 1 pq: 0 rg: 3 | total time: 3.32m | eta: 0.2m
step 00938/01000 (93.80%) | loss: 6.791714 | lrm: 0.64 | dt: 187.05ms | tok/sec: 5,474 | bf16_mfu: 0.00 | epoch: 1 pq: 0 rg: 3 | total time: 3.32m | eta: 0.2m
step 00939/01000 (93.90%) | loss: 6.787930 | lrm: 0.63 | dt: 215.47ms | tok/sec: 4,752 | bf16_mfu: 0.00 | epoch: 1 pq: 0 rg: 3 | total time: 3.32m | eta: 0.2m
step 00940/01000 (94.00%) | loss: 6.715438 | lrm: 0.62 | dt: 340.01ms | tok/sec: 3,011 | bf16_mfu: 0.00 | epoch: 1 pq: 0 rg: 3 | total time: 3.33m | eta: 0.2m
step 00941/01000 (94.10%) | loss: 6.640422 | lrm: 0.61 | dt: 179.08ms | tok/sec: 5,718 | bf16_mfu: 0.00 | epoch: 1 pq: 0 rg: 3 | total time: 3.33m | eta: 0.2m
step 00942/01000 (94.20%) | loss: 6.607742 | lrm: 0.60 | dt: 188.71ms | tok/sec: 5,426 | bf16_mfu: 0.00 | epoch: 1 pq: 0 rg: 3 | total time: 3.33m | eta: 0.2m
step 00943/01000 (94.30%) | loss: 6.542146 | lrm: 0.59 | dt: 170.89ms | tok/sec: 5,992 | bf16_mfu: 0.00 | epoch: 1 pq: 0 rg: 3 | total time: 3.34m | eta: 0.2m
step 00944/01000 (94.40%) | loss: 6.548178 | lrm: 0.58 | dt: 165.80ms | tok/sec: 6,176 | bf16_mfu: 0.00 | epoch: 1 pq: 0 rg: 3 | total time: 3.34m | eta: 0.2m
step 00945/01000 (94.50%) | loss: 6.562828 | lrm: 0.57 | dt: 195.07ms | tok/sec: 5,249 | bf16_mfu: 0.00 | epoch: 1 pq: 0 rg: 3 | total time: 3.34m | eta: 0.2m
step 00946/01000 (94.60%) | loss: 6.526977 | lrm: 0.56 | dt: 160.94ms | tok/sec: 6,362 | bf16_mfu: 0.00 | epoch: 1 pq: 0 rg: 3 | total time: 3.35m | eta: 0.2m
step 00947/01000 (94.70%) | loss: 6.527987 | lrm: 0.55 | dt: 172.12ms | tok/sec: 5,949 | bf16_mfu: 0.00 | epoch: 1 pq: 0 rg: 3 | total time: 3.35m | eta: 0.2m
step 00948/01000 (94.80%) | loss: 6.523957 | lrm: 0.54 | dt: 160.88ms | tok/sec: 6,364 | bf16_mfu: 0.00 | epoch: 1 pq: 0 rg: 3 | total time: 3.35m | eta: 0.2m
step 00949/01000 (94.90%) | loss: 6.516885 | lrm: 0.53 | dt: 169.72ms | tok/sec: 6,033 | bf16_mfu: 0.00 | epoch: 1 pq: 0 rg: 3 | total time: 3.35m | eta: 0.2m
step 00950/01000 (95.00%) | loss: 6.531547 | lrm: 0.53 | dt: 174.62ms | tok/sec: 5,864 | bf16_mfu: 0.00 | epoch: 1 pq: 0 rg: 3 | total time: 3.36m | eta: 0.2m
step 00951/01000 (95.10%) | loss: 6.523991 | lrm: 0.52 | dt: 183.92ms | tok/sec: 5,567 | bf16_mfu: 0.00 | epoch: 1 pq: 0 rg: 3 | total time: 3.36m | eta: 0.2m
step 00952/01000 (95.20%) | loss: 6.598369 | lrm: 0.51 | dt: 341.85ms | tok/sec: 2,995 | bf16_mfu: 0.00 | epoch: 1 pq: 0 rg: 3 | total time: 3.37m | eta: 0.2m
step 00953/01000 (95.30%) | loss: 6.574193 | lrm: 0.50 | dt: 198.21ms | tok/sec: 5,166 | bf16_mfu: 0.00 | epoch: 1 pq: 0 rg: 3 | total time: 3.37m | eta: 0.2m
step 00954/01000 (95.40%) | loss: 6.577770 | lrm: 0.49 | dt: 179.86ms | tok/sec: 5,693 | bf16_mfu: 0.00 | epoch: 1 pq: 0 rg: 3 | total time: 3.37m | eta: 0.2m
step 00955/01000 (95.50%) | loss: 6.606969 | lrm: 0.48 | dt: 189.84ms | tok/sec: 5,393 | bf16_mfu: 0.00 | epoch: 1 pq: 0 rg: 3 | total time: 3.38m | eta: 0.2m
step 00956/01000 (95.60%) | loss: 6.586183 | lrm: 0.47 | dt: 172.52ms | tok/sec: 5,935 | bf16_mfu: 0.00 | epoch: 1 pq: 0 rg: 3 | total time: 3.38m | eta: 0.2m
step 00957/01000 (95.70%) | loss: 6.508489 | lrm: 0.46 | dt: 178.37ms | tok/sec: 5,741 | bf16_mfu: 0.00 | epoch: 1 pq: 0 rg: 3 | total time: 3.38m | eta: 0.2m
step 00958/01000 (95.80%) | loss: 6.538137 | lrm: 0.45 | dt: 182.54ms | tok/sec: 5,609 | bf16_mfu: 0.00 | epoch: 1 pq: 0 rg: 3 | total time: 3.38m | eta: 0.1m
step 00959/01000 (95.90%) | loss: 6.532789 | lrm: 0.44 | dt: 177.37ms | tok/sec: 5,773 | bf16_mfu: 0.00 | epoch: 1 pq: 0 rg: 3 | total time: 3.39m | eta: 0.1m
step 00960/01000 (96.00%) | loss: 6.532171 | lrm: 0.43 | dt: 185.93ms | tok/sec: 5,507 | bf16_mfu: 0.00 | epoch: 1 pq: 0 rg: 3 | total time: 3.39m | eta: 0.1m
step 00961/01000 (96.10%) | loss: 6.532114 | lrm: 0.42 | dt: 183.23ms | tok/sec: 5,588 | bf16_mfu: 0.00 | epoch: 1 pq: 0 rg: 3 | total time: 3.39m | eta: 0.1m
step 00962/01000 (96.20%) | loss: 6.413156 | lrm: 0.41 | dt: 214.09ms | tok/sec: 4,783 | bf16_mfu: 0.00 | epoch: 1 pq: 0 rg: 3 | total time: 3.40m | eta: 0.1m
step 00963/01000 (96.30%) | loss: 6.459929 | lrm: 0.40 | dt: 365.61ms | tok/sec: 2,800 | bf16_mfu: 0.00 | epoch: 1 pq: 0 rg: 3 | total time: 3.40m | eta: 0.1m
step 00964/01000 (96.40%) | loss: 6.462654 | lrm: 0.39 | dt: 235.19ms | tok/sec: 4,353 | bf16_mfu: 0.00 | epoch: 1 pq: 0 rg: 3 | total time: 3.41m | eta: 0.1m
step 00965/01000 (96.50%) | loss: 6.489090 | lrm: 0.38 | dt: 247.47ms | tok/sec: 4,137 | bf16_mfu: 0.00 | epoch: 1 pq: 0 rg: 3 | total time: 3.41m | eta: 0.1m
step 00966/01000 (96.60%) | loss: 6.429057 | lrm: 0.37 | dt: 219.60ms | tok/sec: 4,663 | bf16_mfu: 0.00 | epoch: 1 pq: 0 rg: 3 | total time: 3.42m | eta: 0.1m
step 00967/01000 (96.70%) | loss: 6.413409 | lrm: 0.36 | dt: 227.44ms | tok/sec: 4,502 | bf16_mfu: 0.00 | epoch: 1 pq: 0 rg: 3 | total time: 3.42m | eta: 0.1m
step 00968/01000 (96.80%) | loss: 6.375708 | lrm: 0.35 | dt: 228.12ms | tok/sec: 4,488 | bf16_mfu: 0.00 | epoch: 1 pq: 0 rg: 3 | total time: 3.42m | eta: 0.1m
step 00969/01000 (96.90%) | loss: 6.392487 | lrm: 0.34 | dt: 223.17ms | tok/sec: 4,588 | bf16_mfu: 0.00 | epoch: 1 pq: 0 rg: 3 | total time: 3.43m | eta: 0.1m
step 00970/01000 (97.00%) | loss: 6.345151 | lrm: 0.33 | dt: 436.75ms | tok/sec: 2,344 | bf16_mfu: 0.00 | epoch: 1 pq: 0 rg: 3 | total time: 3.43m | eta: 0.1m
step 00971/01000 (97.10%) | loss: 6.353345 | lrm: 0.33 | dt: 224.19ms | tok/sec: 4,567 | bf16_mfu: 0.00 | epoch: 1 pq: 0 rg: 3 | total time: 3.44m | eta: 0.1m
step 00972/01000 (97.20%) | loss: 6.413476 | lrm: 0.32 | dt: 252.01ms | tok/sec: 4,063 | bf16_mfu: 0.00 | epoch: 1 pq: 0 rg: 3 | total time: 3.44m | eta: 0.1m
step 00973/01000 (97.30%) | loss: 6.379706 | lrm: 0.31 | dt: 211.96ms | tok/sec: 4,831 | bf16_mfu: 0.00 | epoch: 1 pq: 0 rg: 3 | total time: 3.45m | eta: 0.1m
step 00974/01000 (97.40%) | loss: 6.354763 | lrm: 0.30 | dt: 203.73ms | tok/sec: 5,026 | bf16_mfu: 0.00 | epoch: 1 pq: 0 rg: 3 | total time: 3.45m | eta: 0.1m
step 00975/01000 (97.50%) | loss: 6.364815 | lrm: 0.29 | dt: 206.20ms | tok/sec: 4,966 | bf16_mfu: 0.00 | epoch: 1 pq: 0 rg: 3 | total time: 3.45m | eta: 0.1m
step 00976/01000 (97.60%) | loss: 6.346002 | lrm: 0.28 | dt: 166.08ms | tok/sec: 6,165 | bf16_mfu: 0.00 | epoch: 1 pq: 0 rg: 3 | total time: 3.45m | eta: 0.1m
step 00977/01000 (97.70%) | loss: 6.299796 | lrm: 0.27 | dt: 166.97ms | tok/sec: 6,132 | bf16_mfu: 0.00 | epoch: 1 pq: 0 rg: 3 | total time: 3.46m | eta: 0.1m
step 00978/01000 (97.80%) | loss: 6.353425 | lrm: 0.26 | dt: 159.19ms | tok/sec: 6,432 | bf16_mfu: 0.00 | epoch: 1 pq: 0 rg: 3 | total time: 3.46m | eta: 0.1m
step 00979/01000 (97.90%) | loss: 6.407445 | lrm: 0.25 | dt: 148.11ms | tok/sec: 6,913 | bf16_mfu: 0.00 | epoch: 1 pq: 0 rg: 3 | total time: 3.46m | eta: 0.1m
step 00980/01000 (98.00%) | loss: 6.354866 | lrm: 0.24 | dt: 153.56ms | tok/sec: 6,668 | bf16_mfu: 0.00 | epoch: 1 pq: 0 rg: 3 | total time: 3.47m | eta: 0.1m
step 00981/01000 (98.10%) | loss: 6.373428 | lrm: 0.23 | dt: 160.21ms | tok/sec: 6,391 | bf16_mfu: 0.00 | epoch: 1 pq: 0 rg: 3 | total time: 3.47m | eta: 0.1m
step 00982/01000 (98.20%) | loss: 6.381393 | lrm: 0.22 | dt: 155.45ms | tok/sec: 6,587 | bf16_mfu: 0.00 | epoch: 1 pq: 0 rg: 3 | total time: 3.47m | eta: 0.1m
step 00983/01000 (98.30%) | loss: 6.354808 | lrm: 0.21 | dt: 335.19ms | tok/sec: 3,055 | bf16_mfu: 0.00 | epoch: 1 pq: 0 rg: 4 | total time: 3.48m | eta: 0.1m
step 00984/01000 (98.40%) | loss: 6.378020 | lrm: 0.20 | dt: 173.67ms | tok/sec: 5,896 | bf16_mfu: 0.00 | epoch: 1 pq: 0 rg: 4 | total time: 3.48m | eta: 0.1m
step 00985/01000 (98.50%) | loss: 6.390920 | lrm: 0.19 | dt: 176.49ms | tok/sec: 5,802 | bf16_mfu: 0.00 | epoch: 1 pq: 0 rg: 4 | total time: 3.48m | eta: 0.1m
step 00986/01000 (98.60%) | loss: 6.392264 | lrm: 0.18 | dt: 181.44ms | tok/sec: 5,643 | bf16_mfu: 0.00 | epoch: 1 pq: 0 rg: 4 | total time: 3.49m | eta: 0.0m
step 00987/01000 (98.70%) | loss: 6.378477 | lrm: 0.17 | dt: 187.90ms | tok/sec: 5,449 | bf16_mfu: 0.00 | epoch: 1 pq: 0 rg: 4 | total time: 3.49m | eta: 0.0m
step 00988/01000 (98.80%) | loss: 6.363474 | lrm: 0.16 | dt: 195.25ms | tok/sec: 5,244 | bf16_mfu: 0.00 | epoch: 1 pq: 0 rg: 4 | total time: 3.49m | eta: 0.0m
step 00989/01000 (98.90%) | loss: 6.347170 | lrm: 0.15 | dt: 182.63ms | tok/sec: 5,607 | bf16_mfu: 0.00 | epoch: 1 pq: 0 rg: 4 | total time: 3.49m | eta: 0.0m
step 00990/01000 (99.00%) | loss: 6.356205 | lrm: 0.15 | dt: 175.30ms | tok/sec: 5,841 | bf16_mfu: 0.00 | epoch: 1 pq: 0 rg: 4 | total time: 3.50m | eta: 0.0m
step 00991/01000 (99.10%) | loss: 6.420655 | lrm: 0.14 | dt: 221.84ms | tok/sec: 4,616 | bf16_mfu: 0.00 | epoch: 1 pq: 0 rg: 4 | total time: 3.50m | eta: 0.0m
step 00992/01000 (99.20%) | loss: 6.460467 | lrm: 0.13 | dt: 214.94ms | tok/sec: 4,764 | bf16_mfu: 0.00 | epoch: 1 pq: 0 rg: 4 | total time: 3.50m | eta: 0.0m
step 00993/01000 (99.30%) | loss: 6.471606 | lrm: 0.12 | dt: 367.64ms | tok/sec: 2,785 | bf16_mfu: 0.00 | epoch: 1 pq: 0 rg: 4 | total time: 3.51m | eta: 0.0m
step 00994/01000 (99.40%) | loss: 6.499095 | lrm: 0.11 | dt: 192.25ms | tok/sec: 5,326 | bf16_mfu: 0.00 | epoch: 1 pq: 0 rg: 4 | total time: 3.51m | eta: 0.0m
step 00995/01000 (99.50%) | loss: 6.475601 | lrm: 0.10 | dt: 213.62ms | tok/sec: 4,793 | bf16_mfu: 0.00 | epoch: 1 pq: 0 rg: 4 | total time: 3.52m | eta: 0.0m
step 00996/01000 (99.60%) | loss: 6.454381 | lrm: 0.09 | dt: 200.43ms | tok/sec: 5,108 | bf16_mfu: 0.00 | epoch: 1 pq: 0 rg: 4 | total time: 3.52m | eta: 0.0m
step 00997/01000 (99.70%) | loss: 6.433481 | lrm: 0.08 | dt: 181.97ms | tok/sec: 5,627 | bf16_mfu: 0.00 | epoch: 1 pq: 0 rg: 4 | total time: 3.52m | eta: 0.0m
step 00998/01000 (99.80%) | loss: 6.475357 | lrm: 0.07 | dt: 180.13ms | tok/sec: 5,684 | bf16_mfu: 0.00 | epoch: 1 pq: 0 rg: 4 | total time: 3.53m | eta: 0.0m
step 00999/01000 (99.90%) | loss: 6.551903 | lrm: 0.06 | dt: 170.29ms | tok/sec: 6,013 | bf16_mfu: 0.00 | epoch: 1 pq: 0 rg: 4 | total time: 3.53m | eta: 0.0m
Peak memory usage: 0.00MiB
Total training time: 3.53m
