/Users/evergreen/miniforge3/envs/py3_12/lib/python3.12/site-packages/requests/__init__.py:113: RequestsDependencyWarning: urllib3 (2.6.2) or chardet (6.0.0.post1)/charset_normalizer (3.4.4) doesn't match a supported version!
  warnings.warn(
/Users/evergreen/miniforge3/envs/py3_12/lib/python3.12/site-packages/pydantic/_internal/_generate_schema.py:2249: UnsupportedFieldAttributeWarning: The 'repr' attribute with value False was provided to the `Field()` function, which has no effect in the context it was used. 'repr' is field-specific metadata, and can only be attached to a model field using `Annotated` metadata or by assignment. This may have happened because an `Annotated` type alias using the `type` statement was used, or if the `Field()` function was attached to a single member of a union type.
  warnings.warn(
/Users/evergreen/miniforge3/envs/py3_12/lib/python3.12/site-packages/pydantic/_internal/_generate_schema.py:2249: UnsupportedFieldAttributeWarning: The 'frozen' attribute with value True was provided to the `Field()` function, which has no effect in the context it was used. 'frozen' is field-specific metadata, and can only be attached to a model field using `Annotated` metadata or by assignment. This may have happened because an `Annotated` type alias using the `type` statement was used, or if the `Field()` function was attached to a single member of a union type.
  warnings.warn(
2026-04-21 00:43:43,495 - nanochat.common - [32m[1mINFO[0m - Distributed world size: 1

                                                       █████                █████
                                                      ░░███                ░░███
     ████████    ██████   ████████    ██████   ██████  ░███████    ██████  ███████
    ░░███░░███  ░░░░░███ ░░███░░███  ███░░███ ███░░███ ░███░░███  ░░░░░███░░░███░
     ░███ ░███   ███████  ░███ ░███ ░███ ░███░███ ░░░  ░███ ░███   ███████  ░███
     ░███ ░███  ███░░███  ░███ ░███ ░███ ░███░███  ███ ░███ ░███  ███░░███  ░███ ███
     ████ █████░░████████ ████ █████░░██████ ░░██████  ████ █████░░███████  ░░█████
    ░░░░ ░░░░░  ░░░░░░░░ ░░░░ ░░░░░  ░░░░░░   ░░░░░░  ░░░░ ░░░░░  ░░░░░░░░   ░░░░░
    
Autodetected device type: mps
COMPUTE_DTYPE: torch.float32 (auto-detected: no CUDA (CPU/MPS))
!!!!!!!!!!!!!!!!!!!!!!!!!!!!!!!!!!!!!!!!!!!!!!!!!!!!!!!!!!!!!!!!!!!!!!!!!!!!!!!!
WARNING: Flash Attention 3 not available, using PyTorch SDPA fallback
WARNING: Training will be less efficient without FA3
WARNING: SDPA has no support for sliding window attention (window_pattern='SSSL'). Your GPU utilization will be terrible.
WARNING: Recommend using --window-pattern L for full context attention without alternating sliding window patterns.
!!!!!!!!!!!!!!!!!!!!!!!!!!!!!!!!!!!!!!!!!!!!!!!!!!!!!!!!!!!!!!!!!!!!!!!!!!!!!!!!
Vocab size: 32,768
Model config:
{
  "sequence_len": 512,
  "vocab_size": 32768,
  "n_layer": 4,
  "n_head": 1,
  "n_kv_head": 1,
  "n_embd": 128,
  "window_pattern": "SSSL",
  "mlp_activation": "relu_squared"
}
Attention c_proj init: gaussian, std=1/sqrt(n_embd)
MLP activation: relu_squared
MLP c_proj init: gaussian, std=1/sqrt(4*n_embd)
Skipping torch.compile on MPS because the Metal backend is still experimental
Parameter counts:
wte                     : 4,194,304
value_embeds            : 8,388,608
lm_head                 : 4,194,304
transformer_matrices    : 786,456
scalars                 : 34
total                   : 17,563,706
Estimated FLOPs per token: 3.126082e+07
Scaling LRs by 0.0442 for batch size 1,024 (reference: 524,288)
Scaling weight decay from 0.280000 to 0.084016 for depth 4
Scaling the LR for the AdamW parameters ∝1/√(128/768) = 2.449490
VO product Muon pairs active: 4, skipped: 0
Using user-provided number of iterations: 1,000
Total number of training tokens: 1,024,000
Tokens : Scaling params ratio: 0.21
Total training FLOPs estimate: 3.201108e+13
Tokens / micro-batch / rank: 1 x 512 = 512
Tokens / micro-batch: 512
Total batch size 1,024 => gradient accumulation steps: 2
step 00000/01000 (0.00%) | loss: 10.397029 | lrm: 0.03 | dt: 602.70ms | tok/sec: 1,699 | bf16_mfu: 0.00 | epoch: 1 pq: 0 rg: 0 | total time: 0.00m
step 00001/01000 (0.10%) | loss: 10.396819 | lrm: 0.05 | dt: 112.14ms | tok/sec: 9,131 | bf16_mfu: 0.00 | epoch: 1 pq: 0 rg: 0 | total time: 0.00m
step 00002/01000 (0.20%) | loss: 10.397423 | lrm: 0.07 | dt: 107.91ms | tok/sec: 9,489 | bf16_mfu: 0.00 | epoch: 1 pq: 0 rg: 0 | total time: 0.00m
step 00003/01000 (0.30%) | loss: 10.397454 | lrm: 0.10 | dt: 107.35ms | tok/sec: 9,538 | bf16_mfu: 0.00 | epoch: 1 pq: 0 rg: 0 | total time: 0.00m
step 00004/01000 (0.40%) | loss: 10.397285 | lrm: 0.12 | dt: 106.79ms | tok/sec: 9,588 | bf16_mfu: 0.00 | epoch: 1 pq: 0 rg: 0 | total time: 0.00m
step 00005/01000 (0.50%) | loss: 10.396829 | lrm: 0.15 | dt: 121.48ms | tok/sec: 8,429 | bf16_mfu: 0.00 | epoch: 1 pq: 0 rg: 1 | total time: 0.00m
step 00006/01000 (0.60%) | loss: 10.395980 | lrm: 0.17 | dt: 108.30ms | tok/sec: 9,455 | bf16_mfu: 0.00 | epoch: 1 pq: 0 rg: 1 | total time: 0.00m
step 00007/01000 (0.70%) | loss: 10.395102 | lrm: 0.20 | dt: 107.66ms | tok/sec: 9,511 | bf16_mfu: 0.00 | epoch: 1 pq: 0 rg: 1 | total time: 0.00m
step 00008/01000 (0.80%) | loss: 10.393974 | lrm: 0.23 | dt: 107.53ms | tok/sec: 9,522 | bf16_mfu: 0.00 | epoch: 1 pq: 0 rg: 1 | total time: 0.00m
step 00009/01000 (0.90%) | loss: 10.392680 | lrm: 0.25 | dt: 108.32ms | tok/sec: 9,453 | bf16_mfu: 0.00 | epoch: 1 pq: 0 rg: 1 | total time: 0.00m
step 00010/01000 (1.00%) | loss: 10.391442 | lrm: 0.28 | dt: 109.62ms | tok/sec: 9,341 | bf16_mfu: 0.00 | epoch: 1 pq: 0 rg: 1 | total time: 0.00m
step 00011/01000 (1.10%) | loss: 10.389256 | lrm: 0.30 | dt: 107.67ms | tok/sec: 9,510 | bf16_mfu: 0.00 | epoch: 1 pq: 0 rg: 1 | total time: 0.00m | eta: 1.8m
step 00012/01000 (1.20%) | loss: 10.385538 | lrm: 0.33 | dt: 108.29ms | tok/sec: 9,455 | bf16_mfu: 0.00 | epoch: 1 pq: 0 rg: 1 | total time: 0.00m | eta: 1.8m
step 00013/01000 (1.30%) | loss: 10.381573 | lrm: 0.35 | dt: 109.92ms | tok/sec: 9,315 | bf16_mfu: 0.00 | epoch: 1 pq: 0 rg: 1 | total time: 0.01m | eta: 1.8m
step 00014/01000 (1.40%) | loss: 10.376725 | lrm: 0.38 | dt: 114.16ms | tok/sec: 8,969 | bf16_mfu: 0.00 | epoch: 1 pq: 0 rg: 1 | total time: 0.01m | eta: 1.8m
step 00015/01000 (1.50%) | loss: 10.370398 | lrm: 0.40 | dt: 131.29ms | tok/sec: 7,799 | bf16_mfu: 0.00 | epoch: 1 pq: 0 rg: 1 | total time: 0.01m | eta: 1.9m
step 00016/01000 (1.60%) | loss: 10.362008 | lrm: 0.42 | dt: 139.61ms | tok/sec: 7,334 | bf16_mfu: 0.00 | epoch: 1 pq: 0 rg: 1 | total time: 0.01m | eta: 1.9m
step 00017/01000 (1.70%) | loss: 10.349468 | lrm: 0.45 | dt: 169.20ms | tok/sec: 6,052 | bf16_mfu: 0.00 | epoch: 1 pq: 0 rg: 1 | total time: 0.01m | eta: 2.1m
step 00018/01000 (1.80%) | loss: 10.333836 | lrm: 0.47 | dt: 246.63ms | tok/sec: 4,151 | bf16_mfu: 0.00 | epoch: 1 pq: 0 rg: 1 | total time: 0.02m | eta: 2.3m
step 00019/01000 (1.90%) | loss: 10.321417 | lrm: 0.50 | dt: 998.39ms | tok/sec: 1,025 | bf16_mfu: 0.00 | epoch: 1 pq: 0 rg: 1 | total time: 0.04m | eta: 3.9m
step 00020/01000 (2.00%) | loss: 10.300984 | lrm: 0.53 | dt: 548.18ms | tok/sec: 1,868 | bf16_mfu: 0.00 | epoch: 1 pq: 0 rg: 1 | total time: 0.04m | eta: 4.4m
step 00021/01000 (2.10%) | loss: 10.277912 | lrm: 0.55 | dt: 232.55ms | tok/sec: 4,403 | bf16_mfu: 0.00 | epoch: 1 pq: 0 rg: 1 | total time: 0.05m | eta: 4.3m
step 00022/01000 (2.20%) | loss: 10.246955 | lrm: 0.57 | dt: 224.23ms | tok/sec: 4,566 | bf16_mfu: 0.00 | epoch: 1 pq: 0 rg: 1 | total time: 0.05m | eta: 4.3m
step 00023/01000 (2.30%) | loss: 10.215684 | lrm: 0.60 | dt: 207.86ms | tok/sec: 4,926 | bf16_mfu: 0.00 | epoch: 1 pq: 0 rg: 1 | total time: 0.06m | eta: 4.2m
step 00024/01000 (2.40%) | loss: 10.184794 | lrm: 0.62 | dt: 178.66ms | tok/sec: 5,731 | bf16_mfu: 0.00 | epoch: 1 pq: 0 rg: 1 | total time: 0.06m | eta: 4.1m
step 00025/01000 (2.50%) | loss: 10.152315 | lrm: 0.65 | dt: 162.49ms | tok/sec: 6,302 | bf16_mfu: 0.00 | epoch: 1 pq: 0 rg: 1 | total time: 0.06m | eta: 4.0m
step 00026/01000 (2.60%) | loss: 10.115024 | lrm: 0.68 | dt: 148.70ms | tok/sec: 6,886 | bf16_mfu: 0.00 | epoch: 1 pq: 0 rg: 1 | total time: 0.06m | eta: 3.9m
step 00027/01000 (2.70%) | loss: 10.063596 | lrm: 0.70 | dt: 151.82ms | tok/sec: 6,745 | bf16_mfu: 0.00 | epoch: 1 pq: 0 rg: 1 | total time: 0.07m | eta: 3.8m
step 00028/01000 (2.80%) | loss: 10.013532 | lrm: 0.72 | dt: 174.80ms | tok/sec: 5,858 | bf16_mfu: 0.00 | epoch: 1 pq: 0 rg: 1 | total time: 0.07m | eta: 3.7m
step 00029/01000 (2.90%) | loss: 9.971991 | lrm: 0.75 | dt: 148.02ms | tok/sec: 6,917 | bf16_mfu: 0.00 | epoch: 1 pq: 0 rg: 1 | total time: 0.07m | eta: 3.7m
step 00030/01000 (3.00%) | loss: 9.905747 | lrm: 0.78 | dt: 267.94ms | tok/sec: 3,821 | bf16_mfu: 0.00 | epoch: 1 pq: 0 rg: 1 | total time: 0.08m | eta: 3.7m
step 00031/01000 (3.10%) | loss: 9.859030 | lrm: 0.80 | dt: 176.48ms | tok/sec: 5,802 | bf16_mfu: 0.00 | epoch: 1 pq: 0 rg: 1 | total time: 0.08m | eta: 3.7m
step 00032/01000 (3.20%) | loss: 9.814759 | lrm: 0.82 | dt: 178.20ms | tok/sec: 5,746 | bf16_mfu: 0.00 | epoch: 1 pq: 0 rg: 1 | total time: 0.08m | eta: 3.6m
step 00033/01000 (3.30%) | loss: 9.745617 | lrm: 0.85 | dt: 205.43ms | tok/sec: 4,984 | bf16_mfu: 0.00 | epoch: 1 pq: 0 rg: 1 | total time: 0.09m | eta: 3.6m
step 00034/01000 (3.40%) | loss: 9.671688 | lrm: 0.88 | dt: 199.50ms | tok/sec: 5,132 | bf16_mfu: 0.00 | epoch: 1 pq: 0 rg: 1 | total time: 0.09m | eta: 3.6m
step 00035/01000 (3.50%) | loss: 9.615583 | lrm: 0.90 | dt: 268.20ms | tok/sec: 3,818 | bf16_mfu: 0.00 | epoch: 1 pq: 0 rg: 1 | total time: 0.09m | eta: 3.6m
step 00036/01000 (3.60%) | loss: 9.585474 | lrm: 0.93 | dt: 282.87ms | tok/sec: 3,620 | bf16_mfu: 0.00 | epoch: 1 pq: 0 rg: 1 | total time: 0.10m | eta: 3.6m
step 00037/01000 (3.70%) | loss: 9.501606 | lrm: 0.95 | dt: 336.82ms | tok/sec: 3,040 | bf16_mfu: 0.00 | epoch: 1 pq: 0 rg: 1 | total time: 0.10m | eta: 3.7m
step 00038/01000 (3.80%) | loss: 9.426655 | lrm: 0.97 | dt: 210.07ms | tok/sec: 4,874 | bf16_mfu: 0.00 | epoch: 1 pq: 0 rg: 1 | total time: 0.11m | eta: 3.7m
step 00039/01000 (3.90%) | loss: 9.368189 | lrm: 1.00 | dt: 205.24ms | tok/sec: 4,989 | bf16_mfu: 0.00 | epoch: 1 pq: 0 rg: 1 | total time: 0.11m | eta: 3.7m
step 00040/01000 (4.00%) | loss: 9.318434 | lrm: 1.00 | dt: 298.01ms | tok/sec: 3,436 | bf16_mfu: 0.00 | epoch: 1 pq: 0 rg: 1 | total time: 0.12m | eta: 3.7m
step 00041/01000 (4.10%) | loss: 9.257563 | lrm: 1.00 | dt: 276.00ms | tok/sec: 3,710 | bf16_mfu: 0.00 | epoch: 1 pq: 0 rg: 1 | total time: 0.12m | eta: 3.7m
step 00042/01000 (4.20%) | loss: 9.184803 | lrm: 1.00 | dt: 227.74ms | tok/sec: 4,496 | bf16_mfu: 0.00 | epoch: 1 pq: 0 rg: 1 | total time: 0.12m | eta: 3.7m
step 00043/01000 (4.30%) | loss: 9.112138 | lrm: 1.00 | dt: 228.00ms | tok/sec: 4,491 | bf16_mfu: 0.00 | epoch: 1 pq: 0 rg: 1 | total time: 0.13m | eta: 3.7m
step 00044/01000 (4.40%) | loss: 9.037056 | lrm: 1.00 | dt: 438.50ms | tok/sec: 2,335 | bf16_mfu: 0.00 | epoch: 1 pq: 0 rg: 1 | total time: 0.14m | eta: 3.8m
step 00045/01000 (4.50%) | loss: 8.994680 | lrm: 1.00 | dt: 229.48ms | tok/sec: 4,462 | bf16_mfu: 0.00 | epoch: 1 pq: 0 rg: 1 | total time: 0.14m | eta: 3.8m
step 00046/01000 (4.60%) | loss: 8.930383 | lrm: 1.00 | dt: 392.09ms | tok/sec: 2,611 | bf16_mfu: 0.00 | epoch: 1 pq: 0 rg: 1 | total time: 0.15m | eta: 3.9m
step 00047/01000 (4.70%) | loss: 8.864837 | lrm: 1.00 | dt: 153.34ms | tok/sec: 6,677 | bf16_mfu: 0.00 | epoch: 1 pq: 0 rg: 1 | total time: 0.15m | eta: 3.8m
step 00048/01000 (4.80%) | loss: 8.821736 | lrm: 1.00 | dt: 189.72ms | tok/sec: 5,397 | bf16_mfu: 0.00 | epoch: 1 pq: 0 rg: 1 | total time: 0.15m | eta: 3.8m
step 00049/01000 (4.90%) | loss: 8.746061 | lrm: 1.00 | dt: 148.61ms | tok/sec: 6,890 | bf16_mfu: 0.00 | epoch: 1 pq: 0 rg: 1 | total time: 0.15m | eta: 3.7m
step 00050/01000 (5.00%) | loss: 8.675445 | lrm: 1.00 | dt: 161.37ms | tok/sec: 6,345 | bf16_mfu: 0.00 | epoch: 1 pq: 0 rg: 1 | total time: 0.16m | eta: 3.7m
step 00051/01000 (5.10%) | loss: 8.625833 | lrm: 1.00 | dt: 161.91ms | tok/sec: 6,324 | bf16_mfu: 0.00 | epoch: 1 pq: 0 rg: 1 | total time: 0.16m | eta: 3.7m
step 00052/01000 (5.20%) | loss: 8.572649 | lrm: 1.00 | dt: 160.48ms | tok/sec: 6,380 | bf16_mfu: 0.00 | epoch: 1 pq: 0 rg: 1 | total time: 0.16m | eta: 3.6m
step 00053/01000 (5.30%) | loss: 8.510962 | lrm: 1.00 | dt: 173.20ms | tok/sec: 5,912 | bf16_mfu: 0.00 | epoch: 1 pq: 0 rg: 1 | total time: 0.16m | eta: 3.6m
step 00054/01000 (5.40%) | loss: 8.470463 | lrm: 1.00 | dt: 201.78ms | tok/sec: 5,074 | bf16_mfu: 0.00 | epoch: 1 pq: 0 rg: 1 | total time: 0.17m | eta: 3.6m
step 00055/01000 (5.50%) | loss: 8.442992 | lrm: 1.00 | dt: 318.02ms | tok/sec: 3,219 | bf16_mfu: 0.00 | epoch: 1 pq: 0 rg: 1 | total time: 0.17m | eta: 3.6m
step 00056/01000 (5.60%) | loss: 8.400055 | lrm: 1.00 | dt: 262.04ms | tok/sec: 3,907 | bf16_mfu: 0.00 | epoch: 1 pq: 0 rg: 1 | total time: 0.18m | eta: 3.6m
step 00057/01000 (5.70%) | loss: 8.362003 | lrm: 1.00 | dt: 221.18ms | tok/sec: 4,629 | bf16_mfu: 0.00 | epoch: 1 pq: 0 rg: 1 | total time: 0.18m | eta: 3.6m
step 00058/01000 (5.80%) | loss: 8.282234 | lrm: 1.00 | dt: 522.28ms | tok/sec: 1,960 | bf16_mfu: 0.00 | epoch: 1 pq: 0 rg: 1 | total time: 0.19m | eta: 3.7m
step 00059/01000 (5.90%) | loss: 8.238399 | lrm: 1.00 | dt: 266.23ms | tok/sec: 3,846 | bf16_mfu: 0.00 | epoch: 1 pq: 0 rg: 1 | total time: 0.19m | eta: 3.7m
step 00060/01000 (6.00%) | loss: 8.178639 | lrm: 1.00 | dt: 253.42ms | tok/sec: 4,040 | bf16_mfu: 0.00 | epoch: 1 pq: 0 rg: 1 | total time: 0.20m | eta: 3.7m
step 00061/01000 (6.10%) | loss: 8.135579 | lrm: 1.00 | dt: 203.57ms | tok/sec: 5,030 | bf16_mfu: 0.00 | epoch: 1 pq: 0 rg: 1 | total time: 0.20m | eta: 3.7m
step 00062/01000 (6.20%) | loss: 8.116790 | lrm: 1.00 | dt: 180.14ms | tok/sec: 5,684 | bf16_mfu: 0.00 | epoch: 1 pq: 0 rg: 1 | total time: 0.21m | eta: 3.7m
step 00063/01000 (6.30%) | loss: 8.106809 | lrm: 1.00 | dt: 174.57ms | tok/sec: 5,865 | bf16_mfu: 0.00 | epoch: 1 pq: 0 rg: 1 | total time: 0.21m | eta: 3.7m
step 00064/01000 (6.40%) | loss: 8.033837 | lrm: 1.00 | dt: 176.80ms | tok/sec: 5,791 | bf16_mfu: 0.00 | epoch: 1 pq: 0 rg: 1 | total time: 0.21m | eta: 3.7m
step 00065/01000 (6.50%) | loss: 8.018157 | lrm: 1.00 | dt: 163.47ms | tok/sec: 6,264 | bf16_mfu: 0.00 | epoch: 1 pq: 0 rg: 1 | total time: 0.21m | eta: 3.6m
step 00066/01000 (6.60%) | loss: 7.996425 | lrm: 1.00 | dt: 156.79ms | tok/sec: 6,530 | bf16_mfu: 0.00 | epoch: 1 pq: 0 rg: 1 | total time: 0.22m | eta: 3.6m
step 00067/01000 (6.70%) | loss: 7.958991 | lrm: 1.00 | dt: 163.18ms | tok/sec: 6,275 | bf16_mfu: 0.00 | epoch: 1 pq: 0 rg: 1 | total time: 0.22m | eta: 3.6m
step 00068/01000 (6.80%) | loss: 7.940323 | lrm: 1.00 | dt: 178.24ms | tok/sec: 5,745 | bf16_mfu: 0.00 | epoch: 1 pq: 0 rg: 1 | total time: 0.22m | eta: 3.6m
step 00069/01000 (6.90%) | loss: 7.909237 | lrm: 1.00 | dt: 221.55ms | tok/sec: 4,621 | bf16_mfu: 0.00 | epoch: 1 pq: 0 rg: 1 | total time: 0.23m | eta: 3.6m
step 00070/01000 (7.00%) | loss: 7.883925 | lrm: 1.00 | dt: 251.72ms | tok/sec: 4,068 | bf16_mfu: 0.00 | epoch: 1 pq: 0 rg: 1 | total time: 0.23m | eta: 3.6m
step 00071/01000 (7.10%) | loss: 7.878420 | lrm: 1.00 | dt: 398.46ms | tok/sec: 2,569 | bf16_mfu: 0.00 | epoch: 1 pq: 0 rg: 1 | total time: 0.24m | eta: 3.6m
step 00072/01000 (7.20%) | loss: 7.986766 | lrm: 1.00 | dt: 238.48ms | tok/sec: 4,293 | bf16_mfu: 0.00 | epoch: 1 pq: 0 rg: 1 | total time: 0.24m | eta: 3.6m
step 00073/01000 (7.30%) | loss: 7.950250 | lrm: 1.00 | dt: 254.37ms | tok/sec: 4,025 | bf16_mfu: 0.00 | epoch: 1 pq: 0 rg: 1 | total time: 0.24m | eta: 3.6m
step 00074/01000 (7.40%) | loss: 7.899920 | lrm: 1.00 | dt: 243.72ms | tok/sec: 4,201 | bf16_mfu: 0.00 | epoch: 1 pq: 0 rg: 1 | total time: 0.25m | eta: 3.6m
step 00075/01000 (7.50%) | loss: 7.918961 | lrm: 1.00 | dt: 244.20ms | tok/sec: 4,193 | bf16_mfu: 0.00 | epoch: 1 pq: 0 rg: 1 | total time: 0.25m | eta: 3.6m
step 00076/01000 (7.60%) | loss: 7.866094 | lrm: 1.00 | dt: 264.25ms | tok/sec: 3,875 | bf16_mfu: 0.00 | epoch: 1 pq: 0 rg: 1 | total time: 0.26m | eta: 3.6m
step 00077/01000 (7.70%) | loss: 7.875956 | lrm: 1.00 | dt: 273.36ms | tok/sec: 3,746 | bf16_mfu: 0.00 | epoch: 1 pq: 0 rg: 1 | total time: 0.26m | eta: 3.6m
step 00078/01000 (7.80%) | loss: 7.831578 | lrm: 1.00 | dt: 250.07ms | tok/sec: 4,094 | bf16_mfu: 0.00 | epoch: 1 pq: 0 rg: 1 | total time: 0.27m | eta: 3.6m
step 00079/01000 (7.90%) | loss: 7.826461 | lrm: 1.00 | dt: 236.48ms | tok/sec: 4,330 | bf16_mfu: 0.00 | epoch: 1 pq: 0 rg: 1 | total time: 0.27m | eta: 3.6m
step 00080/01000 (8.00%) | loss: 7.800630 | lrm: 1.00 | dt: 209.44ms | tok/sec: 4,889 | bf16_mfu: 0.00 | epoch: 1 pq: 0 rg: 1 | total time: 0.27m | eta: 3.6m
step 00081/01000 (8.10%) | loss: 7.830399 | lrm: 1.00 | dt: 228.48ms | tok/sec: 4,481 | bf16_mfu: 0.00 | epoch: 1 pq: 0 rg: 1 | total time: 0.28m | eta: 3.6m
step 00082/01000 (8.20%) | loss: 7.854003 | lrm: 1.00 | dt: 220.93ms | tok/sec: 4,634 | bf16_mfu: 0.00 | epoch: 1 pq: 0 rg: 1 | total time: 0.28m | eta: 3.6m
step 00083/01000 (8.30%) | loss: 7.866215 | lrm: 1.00 | dt: 242.05ms | tok/sec: 4,230 | bf16_mfu: 0.00 | epoch: 1 pq: 0 rg: 1 | total time: 0.28m | eta: 3.6m
step 00084/01000 (8.40%) | loss: 7.853829 | lrm: 1.00 | dt: 417.38ms | tok/sec: 2,453 | bf16_mfu: 0.00 | epoch: 1 pq: 0 rg: 1 | total time: 0.29m | eta: 3.6m
step 00085/01000 (8.50%) | loss: 7.836789 | lrm: 1.00 | dt: 284.93ms | tok/sec: 3,593 | bf16_mfu: 0.00 | epoch: 1 pq: 0 rg: 1 | total time: 0.30m | eta: 3.6m
step 00086/01000 (8.60%) | loss: 7.842552 | lrm: 1.00 | dt: 222.32ms | tok/sec: 4,606 | bf16_mfu: 0.00 | epoch: 1 pq: 0 rg: 1 | total time: 0.30m | eta: 3.6m
step 00087/01000 (8.70%) | loss: 7.845973 | lrm: 1.00 | dt: 200.69ms | tok/sec: 5,102 | bf16_mfu: 0.00 | epoch: 1 pq: 0 rg: 1 | total time: 0.30m | eta: 3.6m
step 00088/01000 (8.80%) | loss: 7.847068 | lrm: 1.00 | dt: 207.31ms | tok/sec: 4,939 | bf16_mfu: 0.00 | epoch: 1 pq: 0 rg: 1 | total time: 0.31m | eta: 3.6m
step 00089/01000 (8.90%) | loss: 7.817054 | lrm: 1.00 | dt: 197.08ms | tok/sec: 5,195 | bf16_mfu: 0.00 | epoch: 1 pq: 0 rg: 1 | total time: 0.31m | eta: 3.6m
step 00090/01000 (9.00%) | loss: 7.789292 | lrm: 1.00 | dt: 184.71ms | tok/sec: 5,543 | bf16_mfu: 0.00 | epoch: 1 pq: 0 rg: 1 | total time: 0.31m | eta: 3.6m
step 00091/01000 (9.10%) | loss: 7.800095 | lrm: 1.00 | dt: 229.24ms | tok/sec: 4,466 | bf16_mfu: 0.00 | epoch: 1 pq: 0 rg: 1 | total time: 0.32m | eta: 3.6m
step 00092/01000 (9.20%) | loss: 7.790887 | lrm: 1.00 | dt: 184.01ms | tok/sec: 5,564 | bf16_mfu: 0.00 | epoch: 1 pq: 0 rg: 1 | total time: 0.32m | eta: 3.5m
step 00093/01000 (9.30%) | loss: 7.826682 | lrm: 1.00 | dt: 222.79ms | tok/sec: 4,596 | bf16_mfu: 0.00 | epoch: 1 pq: 0 rg: 1 | total time: 0.32m | eta: 3.5m
step 00094/01000 (9.40%) | loss: 7.835215 | lrm: 1.00 | dt: 199.07ms | tok/sec: 5,143 | bf16_mfu: 0.00 | epoch: 1 pq: 0 rg: 1 | total time: 0.33m | eta: 3.5m
step 00095/01000 (9.50%) | loss: 7.831711 | lrm: 1.00 | dt: 204.62ms | tok/sec: 5,004 | bf16_mfu: 0.00 | epoch: 1 pq: 0 rg: 1 | total time: 0.33m | eta: 3.5m
step 00096/01000 (9.60%) | loss: 7.784095 | lrm: 1.00 | dt: 230.10ms | tok/sec: 4,450 | bf16_mfu: 0.00 | epoch: 1 pq: 0 rg: 1 | total time: 0.33m | eta: 3.5m
step 00097/01000 (9.70%) | loss: 7.795834 | lrm: 1.00 | dt: 208.26ms | tok/sec: 4,916 | bf16_mfu: 0.00 | epoch: 1 pq: 0 rg: 1 | total time: 0.34m | eta: 3.5m
step 00098/01000 (9.80%) | loss: 7.783328 | lrm: 1.00 | dt: 413.70ms | tok/sec: 2,475 | bf16_mfu: 0.00 | epoch: 1 pq: 0 rg: 1 | total time: 0.34m | eta: 3.5m
step 00099/01000 (9.90%) | loss: 7.761127 | lrm: 1.00 | dt: 197.80ms | tok/sec: 5,176 | bf16_mfu: 0.00 | epoch: 1 pq: 0 rg: 1 | total time: 0.35m | eta: 3.5m
step 00100/01000 (10.00%) | loss: 7.792175 | lrm: 1.00 | dt: 242.88ms | tok/sec: 4,216 | bf16_mfu: 0.00 | epoch: 1 pq: 0 rg: 1 | total time: 0.35m | eta: 3.5m
step 00101/01000 (10.10%) | loss: 7.812952 | lrm: 1.00 | dt: 174.91ms | tok/sec: 5,854 | bf16_mfu: 0.00 | epoch: 1 pq: 0 rg: 1 | total time: 0.36m | eta: 3.5m
step 00102/01000 (10.20%) | loss: 7.781597 | lrm: 1.00 | dt: 219.09ms | tok/sec: 4,673 | bf16_mfu: 0.00 | epoch: 1 pq: 0 rg: 1 | total time: 0.36m | eta: 3.5m
step 00103/01000 (10.30%) | loss: 7.751810 | lrm: 1.00 | dt: 182.26ms | tok/sec: 5,618 | bf16_mfu: 0.00 | epoch: 1 pq: 0 rg: 1 | total time: 0.36m | eta: 3.5m
step 00104/01000 (10.40%) | loss: 7.757068 | lrm: 1.00 | dt: 185.65ms | tok/sec: 5,515 | bf16_mfu: 0.00 | epoch: 1 pq: 0 rg: 1 | total time: 0.36m | eta: 3.5m
step 00105/01000 (10.50%) | loss: 7.798805 | lrm: 1.00 | dt: 195.19ms | tok/sec: 5,246 | bf16_mfu: 0.00 | epoch: 1 pq: 0 rg: 1 | total time: 0.37m | eta: 3.5m
step 00106/01000 (10.60%) | loss: 7.803514 | lrm: 1.00 | dt: 231.32ms | tok/sec: 4,426 | bf16_mfu: 0.00 | epoch: 1 pq: 0 rg: 1 | total time: 0.37m | eta: 3.5m
step 00107/01000 (10.70%) | loss: 7.793545 | lrm: 1.00 | dt: 343.57ms | tok/sec: 2,980 | bf16_mfu: 0.00 | epoch: 1 pq: 0 rg: 1 | total time: 0.38m | eta: 3.5m
step 00108/01000 (10.80%) | loss: 7.760723 | lrm: 1.00 | dt: 168.79ms | tok/sec: 6,066 | bf16_mfu: 0.00 | epoch: 1 pq: 0 rg: 1 | total time: 0.38m | eta: 3.5m
step 00109/01000 (10.90%) | loss: 7.723494 | lrm: 1.00 | dt: 226.51ms | tok/sec: 4,520 | bf16_mfu: 0.00 | epoch: 1 pq: 0 rg: 1 | total time: 0.38m | eta: 3.5m
step 00110/01000 (11.00%) | loss: 7.720344 | lrm: 1.00 | dt: 195.40ms | tok/sec: 5,240 | bf16_mfu: 0.00 | epoch: 1 pq: 0 rg: 1 | total time: 0.39m | eta: 3.5m
step 00111/01000 (11.10%) | loss: 7.748238 | lrm: 1.00 | dt: 197.76ms | tok/sec: 5,177 | bf16_mfu: 0.00 | epoch: 1 pq: 0 rg: 1 | total time: 0.39m | eta: 3.4m
step 00112/01000 (11.20%) | loss: 7.747061 | lrm: 1.00 | dt: 205.26ms | tok/sec: 4,988 | bf16_mfu: 0.00 | epoch: 1 pq: 0 rg: 1 | total time: 0.39m | eta: 3.4m
step 00113/01000 (11.30%) | loss: 7.723998 | lrm: 1.00 | dt: 212.18ms | tok/sec: 4,826 | bf16_mfu: 0.00 | epoch: 1 pq: 0 rg: 1 | total time: 0.40m | eta: 3.4m
step 00114/01000 (11.40%) | loss: 7.718677 | lrm: 1.00 | dt: 238.33ms | tok/sec: 4,296 | bf16_mfu: 0.00 | epoch: 1 pq: 0 rg: 1 | total time: 0.40m | eta: 3.4m
step 00115/01000 (11.50%) | loss: 7.682824 | lrm: 1.00 | dt: 264.80ms | tok/sec: 3,867 | bf16_mfu: 0.00 | epoch: 1 pq: 0 rg: 1 | total time: 0.41m | eta: 3.4m
step 00116/01000 (11.60%) | loss: 7.693147 | lrm: 1.00 | dt: 284.24ms | tok/sec: 3,602 | bf16_mfu: 0.00 | epoch: 1 pq: 0 rg: 1 | total time: 0.41m | eta: 3.4m
step 00117/01000 (11.70%) | loss: 7.632699 | lrm: 1.00 | dt: 246.67ms | tok/sec: 4,151 | bf16_mfu: 0.00 | epoch: 1 pq: 0 rg: 1 | total time: 0.42m | eta: 3.4m
step 00118/01000 (11.80%) | loss: 7.597599 | lrm: 1.00 | dt: 250.44ms | tok/sec: 4,088 | bf16_mfu: 0.00 | epoch: 1 pq: 0 rg: 1 | total time: 0.42m | eta: 3.4m
step 00119/01000 (11.90%) | loss: 7.616094 | lrm: 1.00 | dt: 237.39ms | tok/sec: 4,313 | bf16_mfu: 0.00 | epoch: 1 pq: 0 rg: 1 | total time: 0.42m | eta: 3.4m
step 00120/01000 (12.00%) | loss: 7.640372 | lrm: 1.00 | dt: 237.41ms | tok/sec: 4,313 | bf16_mfu: 0.00 | epoch: 1 pq: 0 rg: 1 | total time: 0.43m | eta: 3.4m
step 00121/01000 (12.10%) | loss: 7.657223 | lrm: 1.00 | dt: 255.37ms | tok/sec: 4,009 | bf16_mfu: 0.00 | epoch: 1 pq: 0 rg: 1 | total time: 0.43m | eta: 3.4m
step 00122/01000 (12.20%) | loss: 7.645582 | lrm: 1.00 | dt: 360.93ms | tok/sec: 2,837 | bf16_mfu: 0.00 | epoch: 1 pq: 0 rg: 1 | total time: 0.44m | eta: 3.4m
step 00123/01000 (12.30%) | loss: 7.628400 | lrm: 1.00 | dt: 242.11ms | tok/sec: 4,229 | bf16_mfu: 0.00 | epoch: 1 pq: 0 rg: 1 | total time: 0.44m | eta: 3.4m
step 00124/01000 (12.40%) | loss: 7.627889 | lrm: 1.00 | dt: 206.60ms | tok/sec: 4,956 | bf16_mfu: 0.00 | epoch: 1 pq: 0 rg: 1 | total time: 0.44m | eta: 3.4m
step 00125/01000 (12.50%) | loss: 7.626436 | lrm: 1.00 | dt: 218.81ms | tok/sec: 4,679 | bf16_mfu: 0.00 | epoch: 1 pq: 0 rg: 1 | total time: 0.45m | eta: 3.4m
step 00126/01000 (12.60%) | loss: 7.610940 | lrm: 1.00 | dt: 299.04ms | tok/sec: 3,424 | bf16_mfu: 0.00 | epoch: 1 pq: 0 rg: 1 | total time: 0.45m | eta: 3.4m
step 00127/01000 (12.70%) | loss: 7.593450 | lrm: 1.00 | dt: 207.21ms | tok/sec: 4,941 | bf16_mfu: 0.00 | epoch: 1 pq: 0 rg: 1 | total time: 0.46m | eta: 3.4m
step 00128/01000 (12.80%) | loss: 7.597403 | lrm: 1.00 | dt: 237.90ms | tok/sec: 4,304 | bf16_mfu: 0.00 | epoch: 1 pq: 0 rg: 1 | total time: 0.46m | eta: 3.4m
step 00129/01000 (12.90%) | loss: 7.606444 | lrm: 1.00 | dt: 216.55ms | tok/sec: 4,728 | bf16_mfu: 0.00 | epoch: 1 pq: 0 rg: 1 | total time: 0.46m | eta: 3.4m
step 00130/01000 (13.00%) | loss: 7.633773 | lrm: 1.00 | dt: 254.65ms | tok/sec: 4,021 | bf16_mfu: 0.00 | epoch: 1 pq: 0 rg: 1 | total time: 0.47m | eta: 3.4m
step 00131/01000 (13.10%) | loss: 7.634281 | lrm: 1.00 | dt: 227.60ms | tok/sec: 4,499 | bf16_mfu: 0.00 | epoch: 1 pq: 0 rg: 1 | total time: 0.47m | eta: 3.4m
step 00132/01000 (13.20%) | loss: 7.601694 | lrm: 1.00 | dt: 391.78ms | tok/sec: 2,613 | bf16_mfu: 0.00 | epoch: 1 pq: 0 rg: 1 | total time: 0.48m | eta: 3.4m
step 00133/01000 (13.30%) | loss: 7.581039 | lrm: 1.00 | dt: 202.00ms | tok/sec: 5,069 | bf16_mfu: 0.00 | epoch: 1 pq: 0 rg: 1 | total time: 0.48m | eta: 3.4m
step 00134/01000 (13.40%) | loss: 7.549931 | lrm: 1.00 | dt: 203.75ms | tok/sec: 5,025 | bf16_mfu: 0.00 | epoch: 1 pq: 0 rg: 1 | total time: 0.49m | eta: 3.4m
step 00135/01000 (13.50%) | loss: 7.512135 | lrm: 1.00 | dt: 206.69ms | tok/sec: 4,954 | bf16_mfu: 0.00 | epoch: 1 pq: 0 rg: 1 | total time: 0.49m | eta: 3.4m
step 00136/01000 (13.60%) | loss: 7.507002 | lrm: 1.00 | dt: 232.89ms | tok/sec: 4,396 | bf16_mfu: 0.00 | epoch: 1 pq: 0 rg: 1 | total time: 0.49m | eta: 3.4m
step 00137/01000 (13.70%) | loss: 7.562858 | lrm: 1.00 | dt: 202.46ms | tok/sec: 5,057 | bf16_mfu: 0.00 | epoch: 1 pq: 0 rg: 1 | total time: 0.50m | eta: 3.4m
step 00138/01000 (13.80%) | loss: 7.547484 | lrm: 1.00 | dt: 327.03ms | tok/sec: 3,131 | bf16_mfu: 0.00 | epoch: 1 pq: 0 rg: 1 | total time: 0.50m | eta: 3.4m
step 00139/01000 (13.90%) | loss: 7.519989 | lrm: 1.00 | dt: 176.57ms | tok/sec: 5,799 | bf16_mfu: 0.00 | epoch: 1 pq: 0 rg: 1 | total time: 0.51m | eta: 3.4m
step 00140/01000 (14.00%) | loss: 7.565089 | lrm: 1.00 | dt: 186.87ms | tok/sec: 5,479 | bf16_mfu: 0.00 | epoch: 1 pq: 0 rg: 1 | total time: 0.51m | eta: 3.4m
step 00141/01000 (14.10%) | loss: 7.595873 | lrm: 1.00 | dt: 185.59ms | tok/sec: 5,517 | bf16_mfu: 0.00 | epoch: 1 pq: 0 rg: 1 | total time: 0.51m | eta: 3.4m
step 00142/01000 (14.20%) | loss: 7.556491 | lrm: 1.00 | dt: 179.80ms | tok/sec: 5,695 | bf16_mfu: 0.00 | epoch: 1 pq: 0 rg: 1 | total time: 0.51m | eta: 3.3m
step 00143/01000 (14.30%) | loss: 7.564436 | lrm: 1.00 | dt: 213.75ms | tok/sec: 4,790 | bf16_mfu: 0.00 | epoch: 1 pq: 0 rg: 1 | total time: 0.52m | eta: 3.3m
step 00144/01000 (14.40%) | loss: 7.574772 | lrm: 1.00 | dt: 197.94ms | tok/sec: 5,173 | bf16_mfu: 0.00 | epoch: 1 pq: 0 rg: 1 | total time: 0.52m | eta: 3.3m
step 00145/01000 (14.50%) | loss: 7.541819 | lrm: 1.00 | dt: 216.07ms | tok/sec: 4,739 | bf16_mfu: 0.00 | epoch: 1 pq: 0 rg: 1 | total time: 0.52m | eta: 3.3m
step 00146/01000 (14.60%) | loss: 7.524267 | lrm: 1.00 | dt: 208.08ms | tok/sec: 4,921 | bf16_mfu: 0.00 | epoch: 1 pq: 0 rg: 1 | total time: 0.53m | eta: 3.3m
step 00147/01000 (14.70%) | loss: 7.525838 | lrm: 1.00 | dt: 221.62ms | tok/sec: 4,620 | bf16_mfu: 0.00 | epoch: 1 pq: 0 rg: 1 | total time: 0.53m | eta: 3.3m
step 00148/01000 (14.80%) | loss: 7.521992 | lrm: 1.00 | dt: 241.02ms | tok/sec: 4,248 | bf16_mfu: 0.00 | epoch: 1 pq: 0 rg: 1 | total time: 0.54m | eta: 3.3m
step 00149/01000 (14.90%) | loss: 7.514489 | lrm: 1.00 | dt: 236.35ms | tok/sec: 4,332 | bf16_mfu: 0.00 | epoch: 1 pq: 0 rg: 1 | total time: 0.54m | eta: 3.3m
step 00150/01000 (15.00%) | loss: 7.483498 | lrm: 1.00 | dt: 227.38ms | tok/sec: 4,503 | bf16_mfu: 0.00 | epoch: 1 pq: 0 rg: 1 | total time: 0.54m | eta: 3.3m
step 00151/01000 (15.10%) | loss: 7.437127 | lrm: 1.00 | dt: 253.09ms | tok/sec: 4,046 | bf16_mfu: 0.00 | epoch: 1 pq: 0 rg: 1 | total time: 0.55m | eta: 3.3m
step 00152/01000 (15.20%) | loss: 7.444955 | lrm: 1.00 | dt: 236.15ms | tok/sec: 4,336 | bf16_mfu: 0.00 | epoch: 1 pq: 0 rg: 1 | total time: 0.55m | eta: 3.3m
step 00153/01000 (15.30%) | loss: 7.435134 | lrm: 1.00 | dt: 206.56ms | tok/sec: 4,957 | bf16_mfu: 0.00 | epoch: 1 pq: 0 rg: 1 | total time: 0.56m | eta: 3.3m
step 00154/01000 (15.40%) | loss: 7.407487 | lrm: 1.00 | dt: 370.78ms | tok/sec: 2,761 | bf16_mfu: 0.00 | epoch: 1 pq: 0 rg: 1 | total time: 0.56m | eta: 3.3m
step 00155/01000 (15.50%) | loss: 7.356205 | lrm: 1.00 | dt: 212.02ms | tok/sec: 4,829 | bf16_mfu: 0.00 | epoch: 1 pq: 0 rg: 1 | total time: 0.56m | eta: 3.3m
step 00156/01000 (15.60%) | loss: 7.416581 | lrm: 1.00 | dt: 204.46ms | tok/sec: 5,008 | bf16_mfu: 0.00 | epoch: 1 pq: 0 rg: 1 | total time: 0.57m | eta: 3.3m
step 00157/01000 (15.70%) | loss: 7.469206 | lrm: 1.00 | dt: 224.90ms | tok/sec: 4,553 | bf16_mfu: 0.00 | epoch: 1 pq: 0 rg: 1 | total time: 0.57m | eta: 3.3m
step 00158/01000 (15.80%) | loss: 7.480637 | lrm: 1.00 | dt: 226.83ms | tok/sec: 4,514 | bf16_mfu: 0.00 | epoch: 1 pq: 0 rg: 1 | total time: 0.58m | eta: 3.3m
step 00159/01000 (15.90%) | loss: 7.463613 | lrm: 1.00 | dt: 217.41ms | tok/sec: 4,710 | bf16_mfu: 0.00 | epoch: 1 pq: 0 rg: 1 | total time: 0.58m | eta: 3.3m
step 00160/01000 (16.00%) | loss: 7.507368 | lrm: 1.00 | dt: 199.15ms | tok/sec: 5,141 | bf16_mfu: 0.00 | epoch: 1 pq: 0 rg: 1 | total time: 0.58m | eta: 3.3m
step 00161/01000 (16.10%) | loss: 7.462088 | lrm: 1.00 | dt: 233.84ms | tok/sec: 4,379 | bf16_mfu: 0.00 | epoch: 1 pq: 0 rg: 1 | total time: 0.59m | eta: 3.3m
step 00162/01000 (16.20%) | loss: 7.396510 | lrm: 1.00 | dt: 195.96ms | tok/sec: 5,225 | bf16_mfu: 0.00 | epoch: 1 pq: 0 rg: 1 | total time: 0.59m | eta: 3.3m
step 00163/01000 (16.30%) | loss: 7.462326 | lrm: 1.00 | dt: 225.15ms | tok/sec: 4,548 | bf16_mfu: 0.00 | epoch: 1 pq: 0 rg: 1 | total time: 0.59m | eta: 3.2m
step 00164/01000 (16.40%) | loss: 7.450809 | lrm: 1.00 | dt: 208.37ms | tok/sec: 4,914 | bf16_mfu: 0.00 | epoch: 1 pq: 0 rg: 1 | total time: 0.60m | eta: 3.2m
step 00165/01000 (16.50%) | loss: 7.453778 | lrm: 1.00 | dt: 347.21ms | tok/sec: 2,949 | bf16_mfu: 0.00 | epoch: 1 pq: 0 rg: 1 | total time: 0.60m | eta: 3.2m
step 00166/01000 (16.60%) | loss: 7.465242 | lrm: 1.00 | dt: 206.55ms | tok/sec: 4,957 | bf16_mfu: 0.00 | epoch: 1 pq: 0 rg: 1 | total time: 0.61m | eta: 3.2m
step 00167/01000 (16.70%) | loss: 7.476517 | lrm: 1.00 | dt: 217.63ms | tok/sec: 4,705 | bf16_mfu: 0.00 | epoch: 1 pq: 0 rg: 1 | total time: 0.61m | eta: 3.2m
step 00168/01000 (16.80%) | loss: 7.461031 | lrm: 1.00 | dt: 211.28ms | tok/sec: 4,846 | bf16_mfu: 0.00 | epoch: 1 pq: 0 rg: 1 | total time: 0.61m | eta: 3.2m
step 00169/01000 (16.90%) | loss: 7.505347 | lrm: 1.00 | dt: 235.94ms | tok/sec: 4,340 | bf16_mfu: 0.00 | epoch: 1 pq: 0 rg: 1 | total time: 0.62m | eta: 3.2m
step 00170/01000 (17.00%) | loss: 7.562728 | lrm: 1.00 | dt: 253.92ms | tok/sec: 4,032 | bf16_mfu: 0.00 | epoch: 1 pq: 0 rg: 1 | total time: 0.62m | eta: 3.2m
step 00171/01000 (17.10%) | loss: 7.551167 | lrm: 1.00 | dt: 243.82ms | tok/sec: 4,199 | bf16_mfu: 0.00 | epoch: 1 pq: 0 rg: 1 | total time: 0.63m | eta: 3.2m
step 00172/01000 (17.20%) | loss: 7.554225 | lrm: 1.00 | dt: 281.95ms | tok/sec: 3,631 | bf16_mfu: 0.00 | epoch: 1 pq: 0 rg: 1 | total time: 0.63m | eta: 3.2m
step 00173/01000 (17.30%) | loss: 7.535763 | lrm: 1.00 | dt: 249.04ms | tok/sec: 4,111 | bf16_mfu: 0.00 | epoch: 1 pq: 0 rg: 1 | total time: 0.63m | eta: 3.2m
step 00174/01000 (17.40%) | loss: 7.484856 | lrm: 1.00 | dt: 188.21ms | tok/sec: 5,440 | bf16_mfu: 0.00 | epoch: 1 pq: 0 rg: 1 | total time: 0.64m | eta: 3.2m
step 00175/01000 (17.50%) | loss: 7.489137 | lrm: 1.00 | dt: 379.57ms | tok/sec: 2,697 | bf16_mfu: 0.00 | epoch: 1 pq: 0 rg: 1 | total time: 0.64m | eta: 3.2m
step 00176/01000 (17.60%) | loss: 7.498384 | lrm: 1.00 | dt: 173.32ms | tok/sec: 5,908 | bf16_mfu: 0.00 | epoch: 1 pq: 0 rg: 1 | total time: 0.65m | eta: 3.2m
step 00177/01000 (17.70%) | loss: 7.497981 | lrm: 1.00 | dt: 164.50ms | tok/sec: 6,224 | bf16_mfu: 0.00 | epoch: 1 pq: 0 rg: 1 | total time: 0.65m | eta: 3.2m
step 00178/01000 (17.80%) | loss: 7.559083 | lrm: 1.00 | dt: 188.14ms | tok/sec: 5,442 | bf16_mfu: 0.00 | epoch: 1 pq: 0 rg: 1 | total time: 0.65m | eta: 3.2m
step 00179/01000 (17.90%) | loss: 7.572227 | lrm: 1.00 | dt: 184.00ms | tok/sec: 5,565 | bf16_mfu: 0.00 | epoch: 1 pq: 0 rg: 1 | total time: 0.66m | eta: 3.2m
step 00180/01000 (18.00%) | loss: 7.542808 | lrm: 1.00 | dt: 188.66ms | tok/sec: 5,427 | bf16_mfu: 0.00 | epoch: 1 pq: 0 rg: 1 | total time: 0.66m | eta: 3.2m
step 00181/01000 (18.10%) | loss: 7.524534 | lrm: 1.00 | dt: 201.74ms | tok/sec: 5,075 | bf16_mfu: 0.00 | epoch: 1 pq: 0 rg: 1 | total time: 0.66m | eta: 3.2m
step 00182/01000 (18.20%) | loss: 7.434774 | lrm: 1.00 | dt: 186.93ms | tok/sec: 5,478 | bf16_mfu: 0.00 | epoch: 1 pq: 0 rg: 1 | total time: 0.67m | eta: 3.2m
step 00183/01000 (18.30%) | loss: 7.394332 | lrm: 1.00 | dt: 193.63ms | tok/sec: 5,288 | bf16_mfu: 0.00 | epoch: 1 pq: 0 rg: 1 | total time: 0.67m | eta: 3.2m
step 00184/01000 (18.40%) | loss: 7.346843 | lrm: 1.00 | dt: 175.24ms | tok/sec: 5,843 | bf16_mfu: 0.00 | epoch: 1 pq: 0 rg: 1 | total time: 0.67m | eta: 3.2m
step 00185/01000 (18.50%) | loss: 7.344333 | lrm: 1.00 | dt: 239.59ms | tok/sec: 4,273 | bf16_mfu: 0.00 | epoch: 1 pq: 0 rg: 1 | total time: 0.68m | eta: 3.1m
step 00186/01000 (18.60%) | loss: 7.360719 | lrm: 1.00 | dt: 173.97ms | tok/sec: 5,886 | bf16_mfu: 0.00 | epoch: 1 pq: 0 rg: 1 | total time: 0.68m | eta: 3.1m
step 00187/01000 (18.70%) | loss: 7.335241 | lrm: 1.00 | dt: 203.61ms | tok/sec: 5,029 | bf16_mfu: 0.00 | epoch: 1 pq: 0 rg: 1 | total time: 0.68m | eta: 3.1m
step 00188/01000 (18.80%) | loss: 7.370190 | lrm: 1.00 | dt: 235.58ms | tok/sec: 4,346 | bf16_mfu: 0.00 | epoch: 1 pq: 0 rg: 1 | total time: 0.69m | eta: 3.1m
step 00189/01000 (18.90%) | loss: 7.333216 | lrm: 1.00 | dt: 383.78ms | tok/sec: 2,668 | bf16_mfu: 0.00 | epoch: 1 pq: 0 rg: 1 | total time: 0.69m | eta: 3.1m
step 00190/01000 (19.00%) | loss: 7.271125 | lrm: 1.00 | dt: 203.62ms | tok/sec: 5,029 | bf16_mfu: 0.00 | epoch: 1 pq: 0 rg: 1 | total time: 0.70m | eta: 3.1m
step 00191/01000 (19.10%) | loss: 7.266203 | lrm: 1.00 | dt: 272.71ms | tok/sec: 3,754 | bf16_mfu: 0.00 | epoch: 1 pq: 0 rg: 1 | total time: 0.70m | eta: 3.1m
step 00192/01000 (19.20%) | loss: 7.304901 | lrm: 1.00 | dt: 220.02ms | tok/sec: 4,654 | bf16_mfu: 0.00 | epoch: 1 pq: 0 rg: 1 | total time: 0.70m | eta: 3.1m
step 00193/01000 (19.30%) | loss: 7.276090 | lrm: 1.00 | dt: 234.89ms | tok/sec: 4,359 | bf16_mfu: 0.00 | epoch: 1 pq: 0 rg: 1 | total time: 0.71m | eta: 3.1m
step 00194/01000 (19.40%) | loss: 7.242198 | lrm: 1.00 | dt: 188.09ms | tok/sec: 5,444 | bf16_mfu: 0.00 | epoch: 1 pq: 0 rg: 1 | total time: 0.71m | eta: 3.1m
step 00195/01000 (19.50%) | loss: 7.264401 | lrm: 1.00 | dt: 190.26ms | tok/sec: 5,382 | bf16_mfu: 0.00 | epoch: 1 pq: 0 rg: 1 | total time: 0.71m | eta: 3.1m
step 00196/01000 (19.60%) | loss: 7.262990 | lrm: 1.00 | dt: 201.40ms | tok/sec: 5,084 | bf16_mfu: 0.00 | epoch: 1 pq: 0 rg: 1 | total time: 0.72m | eta: 3.1m
step 00197/01000 (19.70%) | loss: 7.263261 | lrm: 1.00 | dt: 173.88ms | tok/sec: 5,888 | bf16_mfu: 0.00 | epoch: 1 pq: 0 rg: 1 | total time: 0.72m | eta: 3.1m
step 00198/01000 (19.80%) | loss: 7.234755 | lrm: 1.00 | dt: 177.19ms | tok/sec: 5,778 | bf16_mfu: 0.00 | epoch: 1 pq: 0 rg: 1 | total time: 0.72m | eta: 3.1m
step 00199/01000 (19.90%) | loss: 7.243696 | lrm: 1.00 | dt: 196.85ms | tok/sec: 5,201 | bf16_mfu: 0.00 | epoch: 1 pq: 0 rg: 1 | total time: 0.73m | eta: 3.1m
step 00200/01000 (20.00%) | loss: 7.233111 | lrm: 1.00 | dt: 204.91ms | tok/sec: 4,997 | bf16_mfu: 0.00 | epoch: 1 pq: 0 rg: 1 | total time: 0.73m | eta: 3.1m
step 00201/01000 (20.10%) | loss: 7.245842 | lrm: 1.00 | dt: 192.95ms | tok/sec: 5,307 | bf16_mfu: 0.00 | epoch: 1 pq: 0 rg: 1 | total time: 0.73m | eta: 3.1m
step 00202/01000 (20.20%) | loss: 7.197773 | lrm: 1.00 | dt: 196.83ms | tok/sec: 5,202 | bf16_mfu: 0.00 | epoch: 1 pq: 0 rg: 1 | total time: 0.74m | eta: 3.1m
step 00203/01000 (20.30%) | loss: 7.226670 | lrm: 1.00 | dt: 199.03ms | tok/sec: 5,144 | bf16_mfu: 0.00 | epoch: 1 pq: 0 rg: 1 | total time: 0.74m | eta: 3.1m
step 00204/01000 (20.40%) | loss: 7.223022 | lrm: 1.00 | dt: 345.99ms | tok/sec: 2,959 | bf16_mfu: 0.00 | epoch: 1 pq: 0 rg: 1 | total time: 0.75m | eta: 3.1m
step 00205/01000 (20.50%) | loss: 7.219745 | lrm: 1.00 | dt: 223.52ms | tok/sec: 4,581 | bf16_mfu: 0.00 | epoch: 1 pq: 0 rg: 1 | total time: 0.75m | eta: 3.1m
step 00206/01000 (20.60%) | loss: 7.205612 | lrm: 1.00 | dt: 262.41ms | tok/sec: 3,902 | bf16_mfu: 0.00 | epoch: 1 pq: 0 rg: 1 | total time: 0.75m | eta: 3.1m
step 00207/01000 (20.70%) | loss: 7.219725 | lrm: 1.00 | dt: 229.87ms | tok/sec: 4,454 | bf16_mfu: 0.00 | epoch: 1 pq: 0 rg: 1 | total time: 0.76m | eta: 3.0m
step 00208/01000 (20.80%) | loss: 7.208162 | lrm: 1.00 | dt: 265.41ms | tok/sec: 3,858 | bf16_mfu: 0.00 | epoch: 1 pq: 0 rg: 1 | total time: 0.76m | eta: 3.0m
step 00209/01000 (20.90%) | loss: 7.180419 | lrm: 1.00 | dt: 264.54ms | tok/sec: 3,870 | bf16_mfu: 0.00 | epoch: 1 pq: 0 rg: 1 | total time: 0.77m | eta: 3.0m
step 00210/01000 (21.00%) | loss: 7.172304 | lrm: 1.00 | dt: 262.59ms | tok/sec: 3,899 | bf16_mfu: 0.00 | epoch: 1 pq: 0 rg: 1 | total time: 0.77m | eta: 3.0m
step 00211/01000 (21.10%) | loss: 7.209082 | lrm: 1.00 | dt: 220.12ms | tok/sec: 4,651 | bf16_mfu: 0.00 | epoch: 1 pq: 0 rg: 1 | total time: 0.77m | eta: 3.0m
step 00212/01000 (21.20%) | loss: 7.213892 | lrm: 1.00 | dt: 234.45ms | tok/sec: 4,367 | bf16_mfu: 0.00 | epoch: 1 pq: 0 rg: 1 | total time: 0.78m | eta: 3.0m
step 00213/01000 (21.30%) | loss: 7.223105 | lrm: 1.00 | dt: 231.44ms | tok/sec: 4,424 | bf16_mfu: 0.00 | epoch: 1 pq: 0 rg: 1 | total time: 0.78m | eta: 3.0m
step 00214/01000 (21.40%) | loss: 7.254368 | lrm: 1.00 | dt: 378.53ms | tok/sec: 2,705 | bf16_mfu: 0.00 | epoch: 1 pq: 0 rg: 1 | total time: 0.79m | eta: 3.0m
step 00215/01000 (21.50%) | loss: 7.186467 | lrm: 1.00 | dt: 244.07ms | tok/sec: 4,195 | bf16_mfu: 0.00 | epoch: 1 pq: 0 rg: 1 | total time: 0.79m | eta: 3.0m
step 00216/01000 (21.60%) | loss: 7.151627 | lrm: 1.00 | dt: 254.99ms | tok/sec: 4,015 | bf16_mfu: 0.00 | epoch: 1 pq: 0 rg: 1 | total time: 0.80m | eta: 3.0m
step 00217/01000 (21.70%) | loss: 7.194371 | lrm: 1.00 | dt: 219.74ms | tok/sec: 4,660 | bf16_mfu: 0.00 | epoch: 1 pq: 0 rg: 1 | total time: 0.80m | eta: 3.0m
step 00218/01000 (21.80%) | loss: 7.215926 | lrm: 1.00 | dt: 210.48ms | tok/sec: 4,864 | bf16_mfu: 0.00 | epoch: 1 pq: 0 rg: 1 | total time: 0.80m | eta: 3.0m
step 00219/01000 (21.90%) | loss: 7.275162 | lrm: 1.00 | dt: 194.94ms | tok/sec: 5,252 | bf16_mfu: 0.00 | epoch: 1 pq: 0 rg: 1 | total time: 0.81m | eta: 3.0m
step 00220/01000 (22.00%) | loss: 7.301512 | lrm: 1.00 | dt: 239.29ms | tok/sec: 4,279 | bf16_mfu: 0.00 | epoch: 1 pq: 0 rg: 1 | total time: 0.81m | eta: 3.0m
step 00221/01000 (22.10%) | loss: 7.286573 | lrm: 1.00 | dt: 207.63ms | tok/sec: 4,931 | bf16_mfu: 0.00 | epoch: 1 pq: 0 rg: 1 | total time: 0.81m | eta: 3.0m
step 00222/01000 (22.20%) | loss: 7.299074 | lrm: 1.00 | dt: 227.13ms | tok/sec: 4,508 | bf16_mfu: 0.00 | epoch: 1 pq: 0 rg: 1 | total time: 0.82m | eta: 3.0m
step 00223/01000 (22.30%) | loss: 7.282611 | lrm: 1.00 | dt: 272.53ms | tok/sec: 3,757 | bf16_mfu: 0.00 | epoch: 1 pq: 0 rg: 1 | total time: 0.82m | eta: 3.0m
step 00224/01000 (22.40%) | loss: 7.306400 | lrm: 1.00 | dt: 351.04ms | tok/sec: 2,917 | bf16_mfu: 0.00 | epoch: 1 pq: 0 rg: 1 | total time: 0.83m | eta: 3.0m
step 00225/01000 (22.50%) | loss: 7.328503 | lrm: 1.00 | dt: 202.70ms | tok/sec: 5,051 | bf16_mfu: 0.00 | epoch: 1 pq: 0 rg: 1 | total time: 0.83m | eta: 3.0m
step 00226/01000 (22.60%) | loss: 7.336385 | lrm: 1.00 | dt: 213.28ms | tok/sec: 4,801 | bf16_mfu: 0.00 | epoch: 1 pq: 0 rg: 1 | total time: 0.84m | eta: 3.0m
step 00227/01000 (22.70%) | loss: 7.303500 | lrm: 1.00 | dt: 190.20ms | tok/sec: 5,383 | bf16_mfu: 0.00 | epoch: 1 pq: 0 rg: 1 | total time: 0.84m | eta: 3.0m
step 00228/01000 (22.80%) | loss: 7.383423 | lrm: 1.00 | dt: 205.13ms | tok/sec: 4,991 | bf16_mfu: 0.00 | epoch: 1 pq: 0 rg: 1 | total time: 0.84m | eta: 3.0m
step 00229/01000 (22.90%) | loss: 7.367751 | lrm: 1.00 | dt: 205.55ms | tok/sec: 4,981 | bf16_mfu: 0.00 | epoch: 1 pq: 0 rg: 1 | total time: 0.85m | eta: 3.0m
step 00230/01000 (23.00%) | loss: 7.412761 | lrm: 1.00 | dt: 208.09ms | tok/sec: 4,921 | bf16_mfu: 0.00 | epoch: 1 pq: 0 rg: 1 | total time: 0.85m | eta: 3.0m
step 00231/01000 (23.10%) | loss: 7.353093 | lrm: 1.00 | dt: 207.84ms | tok/sec: 4,926 | bf16_mfu: 0.00 | epoch: 1 pq: 0 rg: 1 | total time: 0.85m | eta: 3.0m
step 00232/01000 (23.20%) | loss: 7.322928 | lrm: 1.00 | dt: 203.11ms | tok/sec: 5,041 | bf16_mfu: 0.00 | epoch: 1 pq: 0 rg: 1 | total time: 0.86m | eta: 3.0m
step 00233/01000 (23.30%) | loss: 7.328956 | lrm: 1.00 | dt: 232.64ms | tok/sec: 4,401 | bf16_mfu: 0.00 | epoch: 1 pq: 0 rg: 1 | total time: 0.86m | eta: 3.0m
step 00234/01000 (23.40%) | loss: 7.350276 | lrm: 1.00 | dt: 207.56ms | tok/sec: 4,933 | bf16_mfu: 0.00 | epoch: 1 pq: 0 rg: 1 | total time: 0.86m | eta: 3.0m
step 00235/01000 (23.50%) | loss: 7.333539 | lrm: 1.00 | dt: 220.35ms | tok/sec: 4,647 | bf16_mfu: 0.00 | epoch: 1 pq: 0 rg: 1 | total time: 0.87m | eta: 2.9m
step 00236/01000 (23.60%) | loss: 7.315059 | lrm: 1.00 | dt: 217.49ms | tok/sec: 4,708 | bf16_mfu: 0.00 | epoch: 1 pq: 0 rg: 1 | total time: 0.87m | eta: 2.9m
step 00237/01000 (23.70%) | loss: 7.269056 | lrm: 1.00 | dt: 224.84ms | tok/sec: 4,554 | bf16_mfu: 0.00 | epoch: 1 pq: 0 rg: 1 | total time: 0.87m | eta: 2.9m
step 00238/01000 (23.80%) | loss: 7.282158 | lrm: 1.00 | dt: 244.04ms | tok/sec: 4,195 | bf16_mfu: 0.00 | epoch: 1 pq: 0 rg: 1 | total time: 0.88m | eta: 2.9m
step 00239/01000 (23.90%) | loss: 7.266984 | lrm: 1.00 | dt: 235.41ms | tok/sec: 4,349 | bf16_mfu: 0.00 | epoch: 1 pq: 0 rg: 1 | total time: 0.88m | eta: 2.9m
step 00240/01000 (24.00%) | loss: 7.292894 | lrm: 1.00 | dt: 422.14ms | tok/sec: 2,425 | bf16_mfu: 0.00 | epoch: 1 pq: 0 rg: 1 | total time: 0.89m | eta: 2.9m
step 00241/01000 (24.10%) | loss: 7.333168 | lrm: 1.00 | dt: 283.86ms | tok/sec: 3,607 | bf16_mfu: 0.00 | epoch: 1 pq: 0 rg: 1 | total time: 0.89m | eta: 2.9m
step 00242/01000 (24.20%) | loss: 7.272103 | lrm: 1.00 | dt: 212.91ms | tok/sec: 4,809 | bf16_mfu: 0.00 | epoch: 1 pq: 0 rg: 1 | total time: 0.90m | eta: 2.9m
step 00243/01000 (24.30%) | loss: 7.306689 | lrm: 1.00 | dt: 204.38ms | tok/sec: 5,010 | bf16_mfu: 0.00 | epoch: 1 pq: 0 rg: 1 | total time: 0.90m | eta: 2.9m
step 00244/01000 (24.40%) | loss: 7.327555 | lrm: 1.00 | dt: 373.66ms | tok/sec: 2,740 | bf16_mfu: 0.00 | epoch: 1 pq: 0 rg: 1 | total time: 0.91m | eta: 2.9m
step 00245/01000 (24.50%) | loss: 7.283155 | lrm: 1.00 | dt: 205.82ms | tok/sec: 4,975 | bf16_mfu: 0.00 | epoch: 1 pq: 0 rg: 1 | total time: 0.91m | eta: 2.9m
step 00246/01000 (24.60%) | loss: 7.272517 | lrm: 1.00 | dt: 194.71ms | tok/sec: 5,259 | bf16_mfu: 0.00 | epoch: 1 pq: 0 rg: 1 | total time: 0.91m | eta: 2.9m
step 00247/01000 (24.70%) | loss: 7.244973 | lrm: 1.00 | dt: 325.86ms | tok/sec: 3,142 | bf16_mfu: 0.00 | epoch: 1 pq: 0 rg: 1 | total time: 0.92m | eta: 2.9m
step 00248/01000 (24.80%) | loss: 7.240084 | lrm: 1.00 | dt: 200.24ms | tok/sec: 5,113 | bf16_mfu: 0.00 | epoch: 1 pq: 0 rg: 1 | total time: 0.92m | eta: 2.9m
step 00249/01000 (24.90%) | loss: 7.257209 | lrm: 1.00 | dt: 276.96ms | tok/sec: 3,697 | bf16_mfu: 0.00 | epoch: 1 pq: 0 rg: 2 | total time: 0.93m | eta: 2.9m
step 00250/01000 (25.00%) | loss: 7.287355 | lrm: 1.00 | dt: 380.46ms | tok/sec: 2,691 | bf16_mfu: 0.00 | epoch: 1 pq: 0 rg: 2 | total time: 0.93m | eta: 2.9m
step 00251/01000 (25.10%) | loss: 7.241881 | lrm: 1.00 | dt: 188.21ms | tok/sec: 5,440 | bf16_mfu: 0.00 | epoch: 1 pq: 0 rg: 2 | total time: 0.94m | eta: 2.9m
step 00252/01000 (25.20%) | loss: 7.242069 | lrm: 1.00 | dt: 187.32ms | tok/sec: 5,466 | bf16_mfu: 0.00 | epoch: 1 pq: 0 rg: 2 | total time: 0.94m | eta: 2.9m
step 00253/01000 (25.30%) | loss: 7.265899 | lrm: 1.00 | dt: 234.87ms | tok/sec: 4,359 | bf16_mfu: 0.00 | epoch: 1 pq: 0 rg: 2 | total time: 0.94m | eta: 2.9m
step 00254/01000 (25.40%) | loss: 7.184494 | lrm: 1.00 | dt: 227.65ms | tok/sec: 4,498 | bf16_mfu: 0.00 | epoch: 1 pq: 0 rg: 2 | total time: 0.95m | eta: 2.9m
step 00255/01000 (25.50%) | loss: 7.149738 | lrm: 1.00 | dt: 216.01ms | tok/sec: 4,740 | bf16_mfu: 0.00 | epoch: 1 pq: 0 rg: 2 | total time: 0.95m | eta: 2.9m
step 00256/01000 (25.60%) | loss: 7.139420 | lrm: 1.00 | dt: 226.58ms | tok/sec: 4,519 | bf16_mfu: 0.00 | epoch: 1 pq: 0 rg: 2 | total time: 0.96m | eta: 2.9m
step 00257/01000 (25.70%) | loss: 7.120454 | lrm: 1.00 | dt: 240.14ms | tok/sec: 4,264 | bf16_mfu: 0.00 | epoch: 1 pq: 0 rg: 2 | total time: 0.96m | eta: 2.9m
step 00258/01000 (25.80%) | loss: 7.107373 | lrm: 1.00 | dt: 222.24ms | tok/sec: 4,607 | bf16_mfu: 0.00 | epoch: 1 pq: 0 rg: 2 | total time: 0.96m | eta: 2.9m
step 00259/01000 (25.90%) | loss: 7.102123 | lrm: 1.00 | dt: 239.27ms | tok/sec: 4,279 | bf16_mfu: 0.00 | epoch: 1 pq: 0 rg: 2 | total time: 0.97m | eta: 2.9m
step 00260/01000 (26.00%) | loss: 7.128554 | lrm: 1.00 | dt: 262.09ms | tok/sec: 3,907 | bf16_mfu: 0.00 | epoch: 1 pq: 0 rg: 2 | total time: 0.97m | eta: 2.9m
step 00261/01000 (26.10%) | loss: 7.126966 | lrm: 1.00 | dt: 445.82ms | tok/sec: 2,296 | bf16_mfu: 0.00 | epoch: 1 pq: 0 rg: 2 | total time: 0.98m | eta: 2.9m
step 00262/01000 (26.20%) | loss: 7.083448 | lrm: 1.00 | dt: 206.87ms | tok/sec: 4,949 | bf16_mfu: 0.00 | epoch: 1 pq: 0 rg: 2 | total time: 0.98m | eta: 2.9m
step 00263/01000 (26.30%) | loss: 7.059439 | lrm: 1.00 | dt: 225.90ms | tok/sec: 4,533 | bf16_mfu: 0.00 | epoch: 1 pq: 0 rg: 2 | total time: 0.99m | eta: 2.9m
step 00264/01000 (26.40%) | loss: 7.067909 | lrm: 1.00 | dt: 231.67ms | tok/sec: 4,420 | bf16_mfu: 0.00 | epoch: 1 pq: 0 rg: 2 | total time: 0.99m | eta: 2.9m
step 00265/01000 (26.50%) | loss: 7.039293 | lrm: 1.00 | dt: 203.66ms | tok/sec: 5,027 | bf16_mfu: 0.00 | epoch: 1 pq: 0 rg: 2 | total time: 0.99m | eta: 2.9m
step 00266/01000 (26.60%) | loss: 6.992551 | lrm: 1.00 | dt: 196.56ms | tok/sec: 5,209 | bf16_mfu: 0.00 | epoch: 1 pq: 0 rg: 2 | total time: 1.00m | eta: 2.9m
step 00267/01000 (26.70%) | loss: 7.065655 | lrm: 1.00 | dt: 204.04ms | tok/sec: 5,018 | bf16_mfu: 0.00 | epoch: 1 pq: 0 rg: 2 | total time: 1.00m | eta: 2.9m
step 00268/01000 (26.80%) | loss: 7.120725 | lrm: 1.00 | dt: 176.10ms | tok/sec: 5,814 | bf16_mfu: 0.00 | epoch: 1 pq: 0 rg: 2 | total time: 1.00m | eta: 2.8m
step 00269/01000 (26.90%) | loss: 7.145717 | lrm: 1.00 | dt: 399.20ms | tok/sec: 2,565 | bf16_mfu: 0.00 | epoch: 1 pq: 0 rg: 2 | total time: 1.01m | eta: 2.8m
step 00270/01000 (27.00%) | loss: 7.120899 | lrm: 1.00 | dt: 160.98ms | tok/sec: 6,361 | bf16_mfu: 0.00 | epoch: 1 pq: 0 rg: 2 | total time: 1.01m | eta: 2.8m
step 00271/01000 (27.10%) | loss: 7.121793 | lrm: 1.00 | dt: 241.59ms | tok/sec: 4,238 | bf16_mfu: 0.00 | epoch: 1 pq: 0 rg: 2 | total time: 1.02m | eta: 2.8m
step 00272/01000 (27.20%) | loss: 7.140301 | lrm: 1.00 | dt: 190.03ms | tok/sec: 5,388 | bf16_mfu: 0.00 | epoch: 1 pq: 0 rg: 2 | total time: 1.02m | eta: 2.8m
step 00273/01000 (27.30%) | loss: 7.163639 | lrm: 1.00 | dt: 171.68ms | tok/sec: 5,964 | bf16_mfu: 0.00 | epoch: 1 pq: 0 rg: 2 | total time: 1.02m | eta: 2.8m
step 00274/01000 (27.40%) | loss: 7.181801 | lrm: 1.00 | dt: 321.41ms | tok/sec: 3,185 | bf16_mfu: 0.00 | epoch: 1 pq: 0 rg: 2 | total time: 1.03m | eta: 2.8m
step 00275/01000 (27.50%) | loss: 7.165050 | lrm: 1.00 | dt: 169.23ms | tok/sec: 6,050 | bf16_mfu: 0.00 | epoch: 1 pq: 0 rg: 2 | total time: 1.03m | eta: 2.8m
step 00276/01000 (27.60%) | loss: 7.201789 | lrm: 1.00 | dt: 185.34ms | tok/sec: 5,524 | bf16_mfu: 0.00 | epoch: 1 pq: 0 rg: 2 | total time: 1.03m | eta: 2.8m
step 00277/01000 (27.70%) | loss: 7.208330 | lrm: 1.00 | dt: 177.63ms | tok/sec: 5,764 | bf16_mfu: 0.00 | epoch: 1 pq: 0 rg: 2 | total time: 1.04m | eta: 2.8m
step 00278/01000 (27.80%) | loss: 7.212216 | lrm: 1.00 | dt: 188.07ms | tok/sec: 5,444 | bf16_mfu: 0.00 | epoch: 1 pq: 0 rg: 2 | total time: 1.04m | eta: 2.8m
step 00279/01000 (27.90%) | loss: 7.167665 | lrm: 1.00 | dt: 198.55ms | tok/sec: 5,157 | bf16_mfu: 0.00 | epoch: 1 pq: 0 rg: 2 | total time: 1.04m | eta: 2.8m
step 00280/01000 (28.00%) | loss: 7.151288 | lrm: 1.00 | dt: 207.79ms | tok/sec: 4,927 | bf16_mfu: 0.00 | epoch: 1 pq: 0 rg: 2 | total time: 1.05m | eta: 2.8m
step 00281/01000 (28.10%) | loss: 7.201245 | lrm: 1.00 | dt: 228.06ms | tok/sec: 4,490 | bf16_mfu: 0.00 | epoch: 1 pq: 0 rg: 2 | total time: 1.05m | eta: 2.8m
step 00282/01000 (28.20%) | loss: 7.133282 | lrm: 1.00 | dt: 215.24ms | tok/sec: 4,757 | bf16_mfu: 0.00 | epoch: 1 pq: 0 rg: 2 | total time: 1.05m | eta: 2.8m
step 00283/01000 (28.30%) | loss: 7.151679 | lrm: 1.00 | dt: 219.96ms | tok/sec: 4,655 | bf16_mfu: 0.00 | epoch: 1 pq: 0 rg: 2 | total time: 1.06m | eta: 2.8m
step 00284/01000 (28.40%) | loss: 7.097613 | lrm: 1.00 | dt: 254.35ms | tok/sec: 4,025 | bf16_mfu: 0.00 | epoch: 1 pq: 0 rg: 2 | total time: 1.06m | eta: 2.8m
step 00285/01000 (28.50%) | loss: 7.103441 | lrm: 1.00 | dt: 219.63ms | tok/sec: 4,662 | bf16_mfu: 0.00 | epoch: 1 pq: 0 rg: 2 | total time: 1.07m | eta: 2.8m
step 00286/01000 (28.60%) | loss: 7.063435 | lrm: 1.00 | dt: 270.12ms | tok/sec: 3,790 | bf16_mfu: 0.00 | epoch: 1 pq: 0 rg: 2 | total time: 1.07m | eta: 2.8m
step 00287/01000 (28.70%) | loss: 7.090686 | lrm: 1.00 | dt: 221.69ms | tok/sec: 4,619 | bf16_mfu: 0.00 | epoch: 1 pq: 0 rg: 2 | total time: 1.07m | eta: 2.8m
step 00288/01000 (28.80%) | loss: 7.010883 | lrm: 1.00 | dt: 254.44ms | tok/sec: 4,024 | bf16_mfu: 0.00 | epoch: 1 pq: 0 rg: 2 | total time: 1.08m | eta: 2.8m
step 00289/01000 (28.90%) | loss: 7.006884 | lrm: 1.00 | dt: 259.61ms | tok/sec: 3,944 | bf16_mfu: 0.00 | epoch: 1 pq: 0 rg: 2 | total time: 1.08m | eta: 2.8m
step 00290/01000 (29.00%) | loss: 7.056370 | lrm: 1.00 | dt: 395.11ms | tok/sec: 2,591 | bf16_mfu: 0.00 | epoch: 1 pq: 0 rg: 2 | total time: 1.09m | eta: 2.8m
step 00291/01000 (29.10%) | loss: 6.960116 | lrm: 1.00 | dt: 212.17ms | tok/sec: 4,826 | bf16_mfu: 0.00 | epoch: 1 pq: 0 rg: 2 | total time: 1.09m | eta: 2.8m
step 00292/01000 (29.20%) | loss: 6.935247 | lrm: 1.00 | dt: 256.00ms | tok/sec: 4,000 | bf16_mfu: 0.00 | epoch: 1 pq: 0 rg: 2 | total time: 1.10m | eta: 2.8m
step 00293/01000 (29.30%) | loss: 6.919223 | lrm: 1.00 | dt: 212.44ms | tok/sec: 4,820 | bf16_mfu: 0.00 | epoch: 1 pq: 0 rg: 2 | total time: 1.10m | eta: 2.7m
step 00294/01000 (29.40%) | loss: 6.847765 | lrm: 1.00 | dt: 358.11ms | tok/sec: 2,859 | bf16_mfu: 0.00 | epoch: 1 pq: 0 rg: 2 | total time: 1.11m | eta: 2.7m
step 00295/01000 (29.50%) | loss: 6.834780 | lrm: 1.00 | dt: 200.94ms | tok/sec: 5,096 | bf16_mfu: 0.00 | epoch: 1 pq: 0 rg: 2 | total time: 1.11m | eta: 2.7m
step 00296/01000 (29.60%) | loss: 6.935193 | lrm: 1.00 | dt: 200.93ms | tok/sec: 5,096 | bf16_mfu: 0.00 | epoch: 1 pq: 0 rg: 2 | total time: 1.11m | eta: 2.7m
step 00297/01000 (29.70%) | loss: 6.948142 | lrm: 1.00 | dt: 183.34ms | tok/sec: 5,585 | bf16_mfu: 0.00 | epoch: 1 pq: 0 rg: 2 | total time: 1.12m | eta: 2.7m
step 00298/01000 (29.80%) | loss: 6.912767 | lrm: 1.00 | dt: 222.53ms | tok/sec: 4,601 | bf16_mfu: 0.00 | epoch: 1 pq: 0 rg: 2 | total time: 1.12m | eta: 2.7m
step 00299/01000 (29.90%) | loss: 6.966993 | lrm: 1.00 | dt: 186.10ms | tok/sec: 5,502 | bf16_mfu: 0.00 | epoch: 1 pq: 0 rg: 2 | total time: 1.12m | eta: 2.7m
step 00300/01000 (30.00%) | loss: 6.955129 | lrm: 1.00 | dt: 242.87ms | tok/sec: 4,216 | bf16_mfu: 0.00 | epoch: 1 pq: 0 rg: 2 | total time: 1.13m | eta: 2.7m
step 00301/01000 (30.10%) | loss: 7.064707 | lrm: 1.00 | dt: 203.26ms | tok/sec: 5,037 | bf16_mfu: 0.00 | epoch: 1 pq: 0 rg: 2 | total time: 1.13m | eta: 2.7m
step 00302/01000 (30.20%) | loss: 7.002561 | lrm: 1.00 | dt: 226.14ms | tok/sec: 4,528 | bf16_mfu: 0.00 | epoch: 1 pq: 0 rg: 2 | total time: 1.13m | eta: 2.7m
step 00303/01000 (30.30%) | loss: 7.009583 | lrm: 1.00 | dt: 216.55ms | tok/sec: 4,728 | bf16_mfu: 0.00 | epoch: 1 pq: 0 rg: 2 | total time: 1.14m | eta: 2.7m
step 00304/01000 (30.40%) | loss: 7.109319 | lrm: 1.00 | dt: 242.44ms | tok/sec: 4,223 | bf16_mfu: 0.00 | epoch: 1 pq: 0 rg: 2 | total time: 1.14m | eta: 2.7m
step 00305/01000 (30.50%) | loss: 7.044959 | lrm: 1.00 | dt: 246.04ms | tok/sec: 4,161 | bf16_mfu: 0.00 | epoch: 1 pq: 0 rg: 2 | total time: 1.15m | eta: 2.7m
step 00306/01000 (30.60%) | loss: 7.045833 | lrm: 1.00 | dt: 273.85ms | tok/sec: 3,739 | bf16_mfu: 0.00 | epoch: 1 pq: 0 rg: 2 | total time: 1.15m | eta: 2.7m
step 00307/01000 (30.70%) | loss: 7.006288 | lrm: 1.00 | dt: 275.04ms | tok/sec: 3,723 | bf16_mfu: 0.00 | epoch: 1 pq: 0 rg: 2 | total time: 1.15m | eta: 2.7m
step 00308/01000 (30.80%) | loss: 6.985890 | lrm: 1.00 | dt: 470.20ms | tok/sec: 2,177 | bf16_mfu: 0.00 | epoch: 1 pq: 0 rg: 2 | total time: 1.16m | eta: 2.7m
step 00309/01000 (30.90%) | loss: 7.051219 | lrm: 1.00 | dt: 174.45ms | tok/sec: 5,870 | bf16_mfu: 0.00 | epoch: 1 pq: 0 rg: 2 | total time: 1.17m | eta: 2.7m
step 00310/01000 (31.00%) | loss: 7.077098 | lrm: 1.00 | dt: 178.66ms | tok/sec: 5,731 | bf16_mfu: 0.00 | epoch: 1 pq: 0 rg: 2 | total time: 1.17m | eta: 2.7m
step 00311/01000 (31.10%) | loss: 7.162278 | lrm: 1.00 | dt: 205.09ms | tok/sec: 4,992 | bf16_mfu: 0.00 | epoch: 1 pq: 0 rg: 2 | total time: 1.17m | eta: 2.7m
step 00312/01000 (31.20%) | loss: 7.093463 | lrm: 1.00 | dt: 184.30ms | tok/sec: 5,556 | bf16_mfu: 0.00 | epoch: 1 pq: 0 rg: 2 | total time: 1.17m | eta: 2.7m
step 00313/01000 (31.30%) | loss: 7.160802 | lrm: 1.00 | dt: 212.22ms | tok/sec: 4,825 | bf16_mfu: 0.00 | epoch: 1 pq: 0 rg: 2 | total time: 1.18m | eta: 2.7m
step 00314/01000 (31.40%) | loss: 7.133335 | lrm: 1.00 | dt: 224.36ms | tok/sec: 4,563 | bf16_mfu: 0.00 | epoch: 1 pq: 0 rg: 2 | total time: 1.18m | eta: 2.7m
step 00315/01000 (31.50%) | loss: 7.094467 | lrm: 1.00 | dt: 305.02ms | tok/sec: 3,357 | bf16_mfu: 0.00 | epoch: 1 pq: 0 rg: 2 | total time: 1.19m | eta: 2.7m
step 00316/01000 (31.60%) | loss: 7.113227 | lrm: 1.00 | dt: 196.27ms | tok/sec: 5,217 | bf16_mfu: 0.00 | epoch: 1 pq: 0 rg: 2 | total time: 1.19m | eta: 2.7m
step 00317/01000 (31.70%) | loss: 7.138312 | lrm: 1.00 | dt: 218.57ms | tok/sec: 4,685 | bf16_mfu: 0.00 | epoch: 1 pq: 0 rg: 2 | total time: 1.19m | eta: 2.7m
step 00318/01000 (31.80%) | loss: 7.128320 | lrm: 1.00 | dt: 195.93ms | tok/sec: 5,226 | bf16_mfu: 0.00 | epoch: 1 pq: 0 rg: 2 | total time: 1.20m | eta: 2.7m
step 00319/01000 (31.90%) | loss: 7.145340 | lrm: 1.00 | dt: 214.27ms | tok/sec: 4,779 | bf16_mfu: 0.00 | epoch: 1 pq: 0 rg: 2 | total time: 1.20m | eta: 2.6m
step 00320/01000 (32.00%) | loss: 7.178165 | lrm: 1.00 | dt: 188.30ms | tok/sec: 5,438 | bf16_mfu: 0.00 | epoch: 1 pq: 0 rg: 2 | total time: 1.20m | eta: 2.6m
step 00321/01000 (32.10%) | loss: 7.122423 | lrm: 1.00 | dt: 213.01ms | tok/sec: 4,807 | bf16_mfu: 0.00 | epoch: 1 pq: 0 rg: 2 | total time: 1.21m | eta: 2.6m
step 00322/01000 (32.20%) | loss: 7.107046 | lrm: 1.00 | dt: 204.66ms | tok/sec: 5,003 | bf16_mfu: 0.00 | epoch: 1 pq: 0 rg: 2 | total time: 1.21m | eta: 2.6m
step 00323/01000 (32.30%) | loss: 7.073643 | lrm: 1.00 | dt: 219.21ms | tok/sec: 4,671 | bf16_mfu: 0.00 | epoch: 1 pq: 0 rg: 2 | total time: 1.21m | eta: 2.6m
step 00324/01000 (32.40%) | loss: 7.123059 | lrm: 1.00 | dt: 229.91ms | tok/sec: 4,453 | bf16_mfu: 0.00 | epoch: 1 pq: 0 rg: 2 | total time: 1.22m | eta: 2.6m
step 00325/01000 (32.50%) | loss: 7.104162 | lrm: 1.00 | dt: 385.29ms | tok/sec: 2,657 | bf16_mfu: 0.00 | epoch: 1 pq: 0 rg: 2 | total time: 1.22m | eta: 2.6m
step 00326/01000 (32.60%) | loss: 7.025592 | lrm: 1.00 | dt: 189.82ms | tok/sec: 5,394 | bf16_mfu: 0.00 | epoch: 1 pq: 0 rg: 2 | total time: 1.23m | eta: 2.6m
step 00327/01000 (32.70%) | loss: 7.081759 | lrm: 1.00 | dt: 200.90ms | tok/sec: 5,097 | bf16_mfu: 0.00 | epoch: 1 pq: 0 rg: 2 | total time: 1.23m | eta: 2.6m
step 00328/01000 (32.80%) | loss: 7.325948 | lrm: 1.00 | dt: 264.13ms | tok/sec: 3,876 | bf16_mfu: 0.00 | epoch: 1 pq: 0 rg: 2 | total time: 1.24m | eta: 2.6m
step 00329/01000 (32.90%) | loss: 7.291889 | lrm: 1.00 | dt: 209.54ms | tok/sec: 4,886 | bf16_mfu: 0.00 | epoch: 1 pq: 0 rg: 2 | total time: 1.24m | eta: 2.6m
step 00330/01000 (33.00%) | loss: 7.282047 | lrm: 1.00 | dt: 212.58ms | tok/sec: 4,816 | bf16_mfu: 0.00 | epoch: 1 pq: 0 rg: 2 | total time: 1.24m | eta: 2.6m
step 00331/01000 (33.10%) | loss: 7.297821 | lrm: 1.00 | dt: 187.83ms | tok/sec: 5,451 | bf16_mfu: 0.00 | epoch: 1 pq: 0 rg: 2 | total time: 1.25m | eta: 2.6m
step 00332/01000 (33.20%) | loss: 7.293180 | lrm: 1.00 | dt: 185.99ms | tok/sec: 5,505 | bf16_mfu: 0.00 | epoch: 1 pq: 0 rg: 2 | total time: 1.25m | eta: 2.6m
step 00333/01000 (33.30%) | loss: 7.296289 | lrm: 1.00 | dt: 205.84ms | tok/sec: 4,974 | bf16_mfu: 0.00 | epoch: 1 pq: 0 rg: 2 | total time: 1.25m | eta: 2.6m
step 00334/01000 (33.40%) | loss: 7.273856 | lrm: 1.00 | dt: 188.83ms | tok/sec: 5,422 | bf16_mfu: 0.00 | epoch: 1 pq: 0 rg: 2 | total time: 1.26m | eta: 2.6m
step 00335/01000 (33.50%) | loss: 7.300870 | lrm: 1.00 | dt: 227.10ms | tok/sec: 4,509 | bf16_mfu: 0.00 | epoch: 1 pq: 0 rg: 2 | total time: 1.26m | eta: 2.6m
step 00336/01000 (33.60%) | loss: 7.289002 | lrm: 1.00 | dt: 193.21ms | tok/sec: 5,299 | bf16_mfu: 0.00 | epoch: 1 pq: 0 rg: 2 | total time: 1.26m | eta: 2.6m
step 00337/01000 (33.70%) | loss: 7.264298 | lrm: 1.00 | dt: 219.14ms | tok/sec: 4,672 | bf16_mfu: 0.00 | epoch: 1 pq: 0 rg: 2 | total time: 1.27m | eta: 2.6m
step 00338/01000 (33.80%) | loss: 7.204079 | lrm: 1.00 | dt: 206.81ms | tok/sec: 4,951 | bf16_mfu: 0.00 | epoch: 1 pq: 0 rg: 2 | total time: 1.27m | eta: 2.6m
step 00339/01000 (33.90%) | loss: 7.151838 | lrm: 1.00 | dt: 362.00ms | tok/sec: 2,828 | bf16_mfu: 0.00 | epoch: 1 pq: 0 rg: 2 | total time: 1.28m | eta: 2.6m
step 00340/01000 (34.00%) | loss: 7.097677 | lrm: 1.00 | dt: 328.11ms | tok/sec: 3,120 | bf16_mfu: 0.00 | epoch: 1 pq: 0 rg: 2 | total time: 1.28m | eta: 2.6m
step 00341/01000 (34.10%) | loss: 7.060856 | lrm: 1.00 | dt: 234.90ms | tok/sec: 4,359 | bf16_mfu: 0.00 | epoch: 1 pq: 0 rg: 2 | total time: 1.29m | eta: 2.6m
step 00342/01000 (34.20%) | loss: 7.058898 | lrm: 1.00 | dt: 223.07ms | tok/sec: 4,590 | bf16_mfu: 0.00 | epoch: 1 pq: 0 rg: 2 | total time: 1.29m | eta: 2.6m
step 00343/01000 (34.30%) | loss: 6.982963 | lrm: 1.00 | dt: 238.79ms | tok/sec: 4,288 | bf16_mfu: 0.00 | epoch: 1 pq: 0 rg: 2 | total time: 1.29m | eta: 2.6m
step 00344/01000 (34.40%) | loss: 7.000893 | lrm: 1.00 | dt: 250.22ms | tok/sec: 4,092 | bf16_mfu: 0.00 | epoch: 1 pq: 0 rg: 2 | total time: 1.30m | eta: 2.5m
step 00345/01000 (34.50%) | loss: 6.956426 | lrm: 1.00 | dt: 446.82ms | tok/sec: 2,291 | bf16_mfu: 0.00 | epoch: 1 pq: 0 rg: 2 | total time: 1.30m | eta: 2.6m
step 00346/01000 (34.60%) | loss: 7.017059 | lrm: 1.00 | dt: 246.78ms | tok/sec: 4,149 | bf16_mfu: 0.00 | epoch: 1 pq: 0 rg: 2 | total time: 1.31m | eta: 2.5m
step 00347/01000 (34.70%) | loss: 7.041690 | lrm: 1.00 | dt: 208.78ms | tok/sec: 4,904 | bf16_mfu: 0.00 | epoch: 1 pq: 0 rg: 2 | total time: 1.31m | eta: 2.5m
step 00348/01000 (34.80%) | loss: 7.120813 | lrm: 1.00 | dt: 248.98ms | tok/sec: 4,112 | bf16_mfu: 0.00 | epoch: 1 pq: 0 rg: 2 | total time: 1.32m | eta: 2.5m
step 00349/01000 (34.90%) | loss: 7.083323 | lrm: 1.00 | dt: 198.14ms | tok/sec: 5,168 | bf16_mfu: 0.00 | epoch: 1 pq: 0 rg: 2 | total time: 1.32m | eta: 2.5m
step 00350/01000 (35.00%) | loss: 7.044601 | lrm: 1.00 | dt: 214.48ms | tok/sec: 4,774 | bf16_mfu: 0.00 | epoch: 1 pq: 0 rg: 2 | total time: 1.32m | eta: 2.5m
step 00351/01000 (35.10%) | loss: 7.031687 | lrm: 1.00 | dt: 210.65ms | tok/sec: 4,861 | bf16_mfu: 0.00 | epoch: 1 pq: 0 rg: 2 | total time: 1.33m | eta: 2.5m
step 00352/01000 (35.20%) | loss: 7.177499 | lrm: 1.00 | dt: 205.12ms | tok/sec: 4,992 | bf16_mfu: 0.00 | epoch: 1 pq: 0 rg: 2 | total time: 1.33m | eta: 2.5m
step 00353/01000 (35.30%) | loss: 7.190878 | lrm: 1.00 | dt: 240.68ms | tok/sec: 4,254 | bf16_mfu: 0.00 | epoch: 1 pq: 0 rg: 2 | total time: 1.33m | eta: 2.5m
step 00354/01000 (35.40%) | loss: 7.198159 | lrm: 1.00 | dt: 224.35ms | tok/sec: 4,564 | bf16_mfu: 0.00 | epoch: 1 pq: 0 rg: 2 | total time: 1.34m | eta: 2.5m
step 00355/01000 (35.50%) | loss: 7.069222 | lrm: 1.00 | dt: 237.92ms | tok/sec: 4,303 | bf16_mfu: 0.00 | epoch: 1 pq: 0 rg: 2 | total time: 1.34m | eta: 2.5m
step 00356/01000 (35.60%) | loss: 7.094147 | lrm: 1.00 | dt: 199.10ms | tok/sec: 5,143 | bf16_mfu: 0.00 | epoch: 1 pq: 0 rg: 2 | total time: 1.35m | eta: 2.5m
step 00357/01000 (35.70%) | loss: 7.061697 | lrm: 1.00 | dt: 206.78ms | tok/sec: 4,952 | bf16_mfu: 0.00 | epoch: 1 pq: 0 rg: 2 | total time: 1.35m | eta: 2.5m
step 00358/01000 (35.80%) | loss: 7.035441 | lrm: 1.00 | dt: 249.46ms | tok/sec: 4,104 | bf16_mfu: 0.00 | epoch: 1 pq: 0 rg: 2 | total time: 1.35m | eta: 2.5m
step 00359/01000 (35.90%) | loss: 7.040179 | lrm: 1.00 | dt: 219.73ms | tok/sec: 4,660 | bf16_mfu: 0.00 | epoch: 1 pq: 0 rg: 2 | total time: 1.36m | eta: 2.5m
step 00360/01000 (36.00%) | loss: 7.062973 | lrm: 1.00 | dt: 419.50ms | tok/sec: 2,441 | bf16_mfu: 0.00 | epoch: 1 pq: 0 rg: 2 | total time: 1.36m | eta: 2.5m
step 00361/01000 (36.10%) | loss: 7.050852 | lrm: 1.00 | dt: 261.09ms | tok/sec: 3,922 | bf16_mfu: 0.00 | epoch: 1 pq: 0 rg: 2 | total time: 1.37m | eta: 2.5m
step 00362/01000 (36.20%) | loss: 7.087124 | lrm: 1.00 | dt: 197.68ms | tok/sec: 5,180 | bf16_mfu: 0.00 | epoch: 1 pq: 0 rg: 2 | total time: 1.37m | eta: 2.5m
step 00363/01000 (36.30%) | loss: 7.050021 | lrm: 1.00 | dt: 229.34ms | tok/sec: 4,464 | bf16_mfu: 0.00 | epoch: 1 pq: 0 rg: 2 | total time: 1.37m | eta: 2.5m
step 00364/01000 (36.40%) | loss: 7.040737 | lrm: 1.00 | dt: 225.46ms | tok/sec: 4,541 | bf16_mfu: 0.00 | epoch: 1 pq: 0 rg: 2 | total time: 1.38m | eta: 2.5m
step 00365/01000 (36.50%) | loss: 7.070432 | lrm: 1.00 | dt: 201.93ms | tok/sec: 5,071 | bf16_mfu: 0.00 | epoch: 1 pq: 0 rg: 2 | total time: 1.38m | eta: 2.5m
step 00366/01000 (36.60%) | loss: 7.101115 | lrm: 1.00 | dt: 203.96ms | tok/sec: 5,020 | bf16_mfu: 0.00 | epoch: 1 pq: 0 rg: 2 | total time: 1.39m | eta: 2.5m
step 00367/01000 (36.70%) | loss: 7.084165 | lrm: 1.00 | dt: 190.16ms | tok/sec: 5,385 | bf16_mfu: 0.00 | epoch: 1 pq: 0 rg: 2 | total time: 1.39m | eta: 2.5m
step 00368/01000 (36.80%) | loss: 7.118261 | lrm: 1.00 | dt: 360.56ms | tok/sec: 2,839 | bf16_mfu: 0.00 | epoch: 1 pq: 0 rg: 2 | total time: 1.39m | eta: 2.5m
step 00369/01000 (36.90%) | loss: 7.079526 | lrm: 1.00 | dt: 187.68ms | tok/sec: 5,456 | bf16_mfu: 0.00 | epoch: 1 pq: 0 rg: 2 | total time: 1.40m | eta: 2.5m
step 00370/01000 (37.00%) | loss: 6.967175 | lrm: 1.00 | dt: 185.99ms | tok/sec: 5,505 | bf16_mfu: 0.00 | epoch: 1 pq: 0 rg: 2 | total time: 1.40m | eta: 2.5m
step 00371/01000 (37.10%) | loss: 7.003778 | lrm: 1.00 | dt: 205.96ms | tok/sec: 4,971 | bf16_mfu: 0.00 | epoch: 1 pq: 0 rg: 2 | total time: 1.40m | eta: 2.4m
step 00372/01000 (37.20%) | loss: 7.074612 | lrm: 1.00 | dt: 202.63ms | tok/sec: 5,053 | bf16_mfu: 0.00 | epoch: 1 pq: 0 rg: 2 | total time: 1.41m | eta: 2.4m
step 00373/01000 (37.30%) | loss: 7.077083 | lrm: 1.00 | dt: 190.88ms | tok/sec: 5,364 | bf16_mfu: 0.00 | epoch: 1 pq: 0 rg: 2 | total time: 1.41m | eta: 2.4m
step 00374/01000 (37.40%) | loss: 6.997737 | lrm: 1.00 | dt: 193.16ms | tok/sec: 5,301 | bf16_mfu: 0.00 | epoch: 1 pq: 0 rg: 2 | total time: 1.41m | eta: 2.4m
step 00375/01000 (37.50%) | loss: 7.000616 | lrm: 1.00 | dt: 187.59ms | tok/sec: 5,458 | bf16_mfu: 0.00 | epoch: 1 pq: 0 rg: 2 | total time: 1.42m | eta: 2.4m
step 00376/01000 (37.60%) | loss: 6.992137 | lrm: 1.00 | dt: 191.77ms | tok/sec: 5,339 | bf16_mfu: 0.00 | epoch: 1 pq: 0 rg: 2 | total time: 1.42m | eta: 2.4m
step 00377/01000 (37.70%) | loss: 6.996986 | lrm: 1.00 | dt: 194.76ms | tok/sec: 5,257 | bf16_mfu: 0.00 | epoch: 1 pq: 0 rg: 2 | total time: 1.42m | eta: 2.4m
step 00378/01000 (37.80%) | loss: 6.945056 | lrm: 1.00 | dt: 224.12ms | tok/sec: 4,568 | bf16_mfu: 0.00 | epoch: 1 pq: 0 rg: 2 | total time: 1.43m | eta: 2.4m
step 00379/01000 (37.90%) | loss: 6.842284 | lrm: 1.00 | dt: 189.55ms | tok/sec: 5,402 | bf16_mfu: 0.00 | epoch: 1 pq: 0 rg: 2 | total time: 1.43m | eta: 2.4m
step 00380/01000 (38.00%) | loss: 6.854140 | lrm: 1.00 | dt: 230.81ms | tok/sec: 4,436 | bf16_mfu: 0.00 | epoch: 1 pq: 0 rg: 2 | total time: 1.43m | eta: 2.4m
step 00381/01000 (38.10%) | loss: 6.839968 | lrm: 1.00 | dt: 413.53ms | tok/sec: 2,476 | bf16_mfu: 0.00 | epoch: 1 pq: 0 rg: 2 | total time: 1.44m | eta: 2.4m
step 00382/01000 (38.20%) | loss: 6.873566 | lrm: 1.00 | dt: 229.76ms | tok/sec: 4,456 | bf16_mfu: 0.00 | epoch: 1 pq: 0 rg: 2 | total time: 1.45m | eta: 2.4m
step 00383/01000 (38.30%) | loss: 6.848019 | lrm: 1.00 | dt: 279.91ms | tok/sec: 3,658 | bf16_mfu: 0.00 | epoch: 1 pq: 0 rg: 2 | total time: 1.45m | eta: 2.4m
step 00384/01000 (38.40%) | loss: 6.860298 | lrm: 1.00 | dt: 215.79ms | tok/sec: 4,745 | bf16_mfu: 0.00 | epoch: 1 pq: 0 rg: 2 | total time: 1.45m | eta: 2.4m
step 00385/01000 (38.50%) | loss: 6.855854 | lrm: 1.00 | dt: 237.33ms | tok/sec: 4,314 | bf16_mfu: 0.00 | epoch: 1 pq: 0 rg: 2 | total time: 1.46m | eta: 2.4m
step 00386/01000 (38.60%) | loss: 6.876469 | lrm: 1.00 | dt: 261.26ms | tok/sec: 3,919 | bf16_mfu: 0.00 | epoch: 1 pq: 0 rg: 2 | total time: 1.46m | eta: 2.4m
step 00387/01000 (38.70%) | loss: 6.915644 | lrm: 1.00 | dt: 221.04ms | tok/sec: 4,632 | bf16_mfu: 0.00 | epoch: 1 pq: 0 rg: 2 | total time: 1.47m | eta: 2.4m
step 00388/01000 (38.80%) | loss: 6.923106 | lrm: 1.00 | dt: 232.47ms | tok/sec: 4,404 | bf16_mfu: 0.00 | epoch: 1 pq: 0 rg: 2 | total time: 1.47m | eta: 2.4m
step 00389/01000 (38.90%) | loss: 6.979789 | lrm: 1.00 | dt: 243.14ms | tok/sec: 4,211 | bf16_mfu: 0.00 | epoch: 1 pq: 0 rg: 2 | total time: 1.47m | eta: 2.4m
step 00390/01000 (39.00%) | loss: 6.964862 | lrm: 1.00 | dt: 253.49ms | tok/sec: 4,039 | bf16_mfu: 0.00 | epoch: 1 pq: 0 rg: 2 | total time: 1.48m | eta: 2.4m
step 00391/01000 (39.10%) | loss: 6.958997 | lrm: 1.00 | dt: 234.54ms | tok/sec: 4,365 | bf16_mfu: 0.00 | epoch: 1 pq: 0 rg: 2 | total time: 1.48m | eta: 2.4m
step 00392/01000 (39.20%) | loss: 6.983808 | lrm: 1.00 | dt: 250.28ms | tok/sec: 4,091 | bf16_mfu: 0.00 | epoch: 1 pq: 0 rg: 2 | total time: 1.49m | eta: 2.4m
step 00393/01000 (39.30%) | loss: 6.976364 | lrm: 1.00 | dt: 234.59ms | tok/sec: 4,365 | bf16_mfu: 0.00 | epoch: 1 pq: 0 rg: 2 | total time: 1.49m | eta: 2.4m
step 00394/01000 (39.40%) | loss: 6.967922 | lrm: 1.00 | dt: 457.78ms | tok/sec: 2,236 | bf16_mfu: 0.00 | epoch: 1 pq: 0 rg: 2 | total time: 1.50m | eta: 2.4m
step 00395/01000 (39.50%) | loss: 6.960581 | lrm: 1.00 | dt: 268.19ms | tok/sec: 3,818 | bf16_mfu: 0.00 | epoch: 1 pq: 0 rg: 2 | total time: 1.50m | eta: 2.4m
step 00396/01000 (39.60%) | loss: 6.923393 | lrm: 1.00 | dt: 281.27ms | tok/sec: 3,640 | bf16_mfu: 0.00 | epoch: 1 pq: 0 rg: 2 | total time: 1.51m | eta: 2.4m
step 00397/01000 (39.70%) | loss: 6.925139 | lrm: 1.00 | dt: 248.89ms | tok/sec: 4,114 | bf16_mfu: 0.00 | epoch: 1 pq: 0 rg: 2 | total time: 1.51m | eta: 2.4m
step 00398/01000 (39.80%) | loss: 6.940103 | lrm: 1.00 | dt: 360.50ms | tok/sec: 2,840 | bf16_mfu: 0.00 | epoch: 1 pq: 0 rg: 2 | total time: 1.52m | eta: 2.4m
step 00399/01000 (39.90%) | loss: 6.926034 | lrm: 1.00 | dt: 180.40ms | tok/sec: 5,676 | bf16_mfu: 0.00 | epoch: 1 pq: 0 rg: 2 | total time: 1.52m | eta: 2.3m
step 00400/01000 (40.00%) | loss: 6.928370 | lrm: 1.00 | dt: 199.91ms | tok/sec: 5,122 | bf16_mfu: 0.00 | epoch: 1 pq: 0 rg: 2 | total time: 1.52m | eta: 2.3m
step 00401/01000 (40.10%) | loss: 6.916469 | lrm: 1.00 | dt: 213.20ms | tok/sec: 4,803 | bf16_mfu: 0.00 | epoch: 1 pq: 0 rg: 2 | total time: 1.53m | eta: 2.3m
step 00402/01000 (40.20%) | loss: 6.948664 | lrm: 1.00 | dt: 164.82ms | tok/sec: 6,212 | bf16_mfu: 0.00 | epoch: 1 pq: 0 rg: 2 | total time: 1.53m | eta: 2.3m
step 00403/01000 (40.30%) | loss: 6.982097 | lrm: 1.00 | dt: 175.42ms | tok/sec: 5,837 | bf16_mfu: 0.00 | epoch: 1 pq: 0 rg: 2 | total time: 1.53m | eta: 2.3m
step 00404/01000 (40.40%) | loss: 6.981371 | lrm: 1.00 | dt: 168.67ms | tok/sec: 6,071 | bf16_mfu: 0.00 | epoch: 1 pq: 0 rg: 2 | total time: 1.53m | eta: 2.3m
step 00405/01000 (40.50%) | loss: 6.947759 | lrm: 1.00 | dt: 156.98ms | tok/sec: 6,523 | bf16_mfu: 0.00 | epoch: 1 pq: 0 rg: 2 | total time: 1.54m | eta: 2.3m
step 00406/01000 (40.60%) | loss: 6.958473 | lrm: 1.00 | dt: 177.98ms | tok/sec: 5,753 | bf16_mfu: 0.00 | epoch: 1 pq: 0 rg: 2 | total time: 1.54m | eta: 2.3m
step 00407/01000 (40.70%) | loss: 6.959405 | lrm: 1.00 | dt: 198.73ms | tok/sec: 5,152 | bf16_mfu: 0.00 | epoch: 1 pq: 0 rg: 2 | total time: 1.54m | eta: 2.3m
step 00408/01000 (40.80%) | loss: 6.908640 | lrm: 1.00 | dt: 188.57ms | tok/sec: 5,430 | bf16_mfu: 0.00 | epoch: 1 pq: 0 rg: 2 | total time: 1.55m | eta: 2.3m
step 00409/01000 (40.90%) | loss: 6.901733 | lrm: 1.00 | dt: 195.07ms | tok/sec: 5,249 | bf16_mfu: 0.00 | epoch: 1 pq: 0 rg: 2 | total time: 1.55m | eta: 2.3m
step 00410/01000 (41.00%) | loss: 6.940511 | lrm: 1.00 | dt: 204.63ms | tok/sec: 5,004 | bf16_mfu: 0.00 | epoch: 1 pq: 0 rg: 2 | total time: 1.55m | eta: 2.3m
step 00411/01000 (41.10%) | loss: 6.916056 | lrm: 1.00 | dt: 224.96ms | tok/sec: 4,551 | bf16_mfu: 0.00 | epoch: 1 pq: 0 rg: 2 | total time: 1.56m | eta: 2.3m
step 00412/01000 (41.20%) | loss: 6.931921 | lrm: 1.00 | dt: 257.12ms | tok/sec: 3,982 | bf16_mfu: 0.00 | epoch: 1 pq: 0 rg: 2 | total time: 1.56m | eta: 2.3m
step 00413/01000 (41.30%) | loss: 6.919200 | lrm: 1.00 | dt: 219.88ms | tok/sec: 4,657 | bf16_mfu: 0.00 | epoch: 1 pq: 0 rg: 2 | total time: 1.57m | eta: 2.3m
step 00414/01000 (41.40%) | loss: 6.928718 | lrm: 1.00 | dt: 400.71ms | tok/sec: 2,555 | bf16_mfu: 0.00 | epoch: 1 pq: 0 rg: 2 | total time: 1.57m | eta: 2.3m
step 00415/01000 (41.50%) | loss: 6.941493 | lrm: 1.00 | dt: 250.49ms | tok/sec: 4,087 | bf16_mfu: 0.00 | epoch: 1 pq: 0 rg: 2 | total time: 1.58m | eta: 2.3m
step 00416/01000 (41.60%) | loss: 6.912640 | lrm: 1.00 | dt: 222.32ms | tok/sec: 4,606 | bf16_mfu: 0.00 | epoch: 1 pq: 0 rg: 2 | total time: 1.58m | eta: 2.3m
step 00417/01000 (41.70%) | loss: 6.905287 | lrm: 1.00 | dt: 224.04ms | tok/sec: 4,570 | bf16_mfu: 0.00 | epoch: 1 pq: 0 rg: 2 | total time: 1.58m | eta: 2.3m
step 00418/01000 (41.80%) | loss: 6.950943 | lrm: 1.00 | dt: 213.20ms | tok/sec: 4,803 | bf16_mfu: 0.00 | epoch: 1 pq: 0 rg: 2 | total time: 1.59m | eta: 2.3m
step 00419/01000 (41.90%) | loss: 6.986933 | lrm: 1.00 | dt: 194.93ms | tok/sec: 5,253 | bf16_mfu: 0.00 | epoch: 1 pq: 0 rg: 2 | total time: 1.59m | eta: 2.3m
step 00420/01000 (42.00%) | loss: 7.007940 | lrm: 1.00 | dt: 185.23ms | tok/sec: 5,528 | bf16_mfu: 0.00 | epoch: 1 pq: 0 rg: 2 | total time: 1.59m | eta: 2.3m
step 00421/01000 (42.10%) | loss: 7.050530 | lrm: 1.00 | dt: 181.86ms | tok/sec: 5,630 | bf16_mfu: 0.00 | epoch: 1 pq: 0 rg: 2 | total time: 1.60m | eta: 2.2m
step 00422/01000 (42.20%) | loss: 7.145774 | lrm: 1.00 | dt: 225.64ms | tok/sec: 4,538 | bf16_mfu: 0.00 | epoch: 1 pq: 0 rg: 2 | total time: 1.60m | eta: 2.2m
step 00423/01000 (42.30%) | loss: 7.038975 | lrm: 1.00 | dt: 246.25ms | tok/sec: 4,158 | bf16_mfu: 0.00 | epoch: 1 pq: 0 rg: 2 | total time: 1.60m | eta: 2.2m
step 00424/01000 (42.40%) | loss: 7.005663 | lrm: 1.00 | dt: 185.65ms | tok/sec: 5,515 | bf16_mfu: 0.00 | epoch: 1 pq: 0 rg: 2 | total time: 1.61m | eta: 2.2m
step 00425/01000 (42.50%) | loss: 7.037274 | lrm: 1.00 | dt: 197.12ms | tok/sec: 5,194 | bf16_mfu: 0.00 | epoch: 1 pq: 0 rg: 2 | total time: 1.61m | eta: 2.2m
step 00426/01000 (42.60%) | loss: 6.946898 | lrm: 1.00 | dt: 185.07ms | tok/sec: 5,533 | bf16_mfu: 0.00 | epoch: 1 pq: 0 rg: 2 | total time: 1.61m | eta: 2.2m
step 00427/01000 (42.70%) | loss: 6.967103 | lrm: 1.00 | dt: 197.14ms | tok/sec: 5,194 | bf16_mfu: 0.00 | epoch: 1 pq: 0 rg: 2 | total time: 1.62m | eta: 2.2m
step 00428/01000 (42.80%) | loss: 6.874913 | lrm: 1.00 | dt: 224.98ms | tok/sec: 4,551 | bf16_mfu: 0.00 | epoch: 1 pq: 0 rg: 2 | total time: 1.62m | eta: 2.2m
step 00429/01000 (42.90%) | loss: 6.832594 | lrm: 1.00 | dt: 254.65ms | tok/sec: 4,021 | bf16_mfu: 0.00 | epoch: 1 pq: 0 rg: 2 | total time: 1.62m | eta: 2.2m
step 00430/01000 (43.00%) | loss: 6.793942 | lrm: 1.00 | dt: 270.34ms | tok/sec: 3,787 | bf16_mfu: 0.00 | epoch: 1 pq: 0 rg: 2 | total time: 1.63m | eta: 2.2m
step 00431/01000 (43.10%) | loss: 6.784964 | lrm: 1.00 | dt: 290.78ms | tok/sec: 3,521 | bf16_mfu: 0.00 | epoch: 1 pq: 0 rg: 2 | total time: 1.63m | eta: 2.2m
step 00432/01000 (43.20%) | loss: 6.734064 | lrm: 1.00 | dt: 543.82ms | tok/sec: 1,882 | bf16_mfu: 0.00 | epoch: 1 pq: 0 rg: 2 | total time: 1.64m | eta: 2.2m
step 00433/01000 (43.30%) | loss: 6.790136 | lrm: 1.00 | dt: 245.64ms | tok/sec: 4,168 | bf16_mfu: 0.00 | epoch: 1 pq: 0 rg: 2 | total time: 1.65m | eta: 2.2m
step 00434/01000 (43.40%) | loss: 6.840484 | lrm: 1.00 | dt: 209.24ms | tok/sec: 4,893 | bf16_mfu: 0.00 | epoch: 1 pq: 0 rg: 2 | total time: 1.65m | eta: 2.2m
step 00435/01000 (43.50%) | loss: 6.801304 | lrm: 1.00 | dt: 225.58ms | tok/sec: 4,539 | bf16_mfu: 0.00 | epoch: 1 pq: 0 rg: 2 | total time: 1.65m | eta: 2.2m
step 00436/01000 (43.60%) | loss: 6.806750 | lrm: 1.00 | dt: 205.85ms | tok/sec: 4,974 | bf16_mfu: 0.00 | epoch: 1 pq: 0 rg: 2 | total time: 1.66m | eta: 2.2m
step 00437/01000 (43.70%) | loss: 6.907496 | lrm: 1.00 | dt: 181.80ms | tok/sec: 5,632 | bf16_mfu: 0.00 | epoch: 1 pq: 0 rg: 2 | total time: 1.66m | eta: 2.2m
step 00438/01000 (43.80%) | loss: 6.910825 | lrm: 1.00 | dt: 179.52ms | tok/sec: 5,704 | bf16_mfu: 0.00 | epoch: 1 pq: 0 rg: 2 | total time: 1.66m | eta: 2.2m
step 00439/01000 (43.90%) | loss: 6.846376 | lrm: 1.00 | dt: 192.98ms | tok/sec: 5,306 | bf16_mfu: 0.00 | epoch: 1 pq: 0 rg: 2 | total time: 1.67m | eta: 2.2m
step 00440/01000 (44.00%) | loss: 6.859297 | lrm: 1.00 | dt: 188.50ms | tok/sec: 5,432 | bf16_mfu: 0.00 | epoch: 1 pq: 0 rg: 2 | total time: 1.67m | eta: 2.2m
step 00441/01000 (44.10%) | loss: 6.825691 | lrm: 1.00 | dt: 196.52ms | tok/sec: 5,210 | bf16_mfu: 0.00 | epoch: 1 pq: 0 rg: 2 | total time: 1.67m | eta: 2.2m
step 00442/01000 (44.20%) | loss: 6.836764 | lrm: 1.00 | dt: 206.58ms | tok/sec: 4,956 | bf16_mfu: 0.00 | epoch: 1 pq: 0 rg: 2 | total time: 1.68m | eta: 2.2m
step 00443/01000 (44.30%) | loss: 6.798753 | lrm: 1.00 | dt: 231.12ms | tok/sec: 4,430 | bf16_mfu: 0.00 | epoch: 1 pq: 0 rg: 2 | total time: 1.68m | eta: 2.2m
step 00444/01000 (44.40%) | loss: 6.840887 | lrm: 1.00 | dt: 389.29ms | tok/sec: 2,630 | bf16_mfu: 0.00 | epoch: 1 pq: 0 rg: 2 | total time: 1.69m | eta: 2.2m
step 00445/01000 (44.50%) | loss: 6.857123 | lrm: 1.00 | dt: 213.62ms | tok/sec: 4,793 | bf16_mfu: 0.00 | epoch: 1 pq: 0 rg: 2 | total time: 1.69m | eta: 2.2m
step 00446/01000 (44.60%) | loss: 6.862856 | lrm: 1.00 | dt: 234.29ms | tok/sec: 4,370 | bf16_mfu: 0.00 | epoch: 1 pq: 0 rg: 2 | total time: 1.70m | eta: 2.2m
step 00447/01000 (44.70%) | loss: 6.824447 | lrm: 1.00 | dt: 195.45ms | tok/sec: 5,239 | bf16_mfu: 0.00 | epoch: 1 pq: 0 rg: 2 | total time: 1.70m | eta: 2.1m
step 00448/01000 (44.80%) | loss: 6.845810 | lrm: 1.00 | dt: 275.16ms | tok/sec: 3,721 | bf16_mfu: 0.00 | epoch: 1 pq: 0 rg: 2 | total time: 1.70m | eta: 2.1m
step 00449/01000 (44.90%) | loss: 6.907694 | lrm: 1.00 | dt: 352.29ms | tok/sec: 2,906 | bf16_mfu: 0.00 | epoch: 1 pq: 0 rg: 2 | total time: 1.71m | eta: 2.1m
step 00450/01000 (45.00%) | loss: 6.934188 | lrm: 1.00 | dt: 290.70ms | tok/sec: 3,522 | bf16_mfu: 0.00 | epoch: 1 pq: 0 rg: 2 | total time: 1.71m | eta: 2.1m
step 00451/01000 (45.10%) | loss: 6.935776 | lrm: 1.00 | dt: 249.98ms | tok/sec: 4,096 | bf16_mfu: 0.00 | epoch: 1 pq: 0 rg: 2 | total time: 1.72m | eta: 2.1m
step 00452/01000 (45.20%) | loss: 6.998059 | lrm: 1.00 | dt: 199.01ms | tok/sec: 5,145 | bf16_mfu: 0.00 | epoch: 1 pq: 0 rg: 2 | total time: 1.72m | eta: 2.1m
step 00453/01000 (45.30%) | loss: 7.032068 | lrm: 1.00 | dt: 191.60ms | tok/sec: 5,344 | bf16_mfu: 0.00 | epoch: 1 pq: 0 rg: 2 | total time: 1.72m | eta: 2.1m
step 00454/01000 (45.40%) | loss: 7.053150 | lrm: 1.00 | dt: 180.38ms | tok/sec: 5,676 | bf16_mfu: 0.00 | epoch: 1 pq: 0 rg: 2 | total time: 1.73m | eta: 2.1m
step 00455/01000 (45.50%) | loss: 7.020348 | lrm: 1.00 | dt: 205.82ms | tok/sec: 4,975 | bf16_mfu: 0.00 | epoch: 1 pq: 0 rg: 2 | total time: 1.73m | eta: 2.1m
step 00456/01000 (45.60%) | loss: 6.979275 | lrm: 1.00 | dt: 191.03ms | tok/sec: 5,360 | bf16_mfu: 0.00 | epoch: 1 pq: 0 rg: 2 | total time: 1.73m | eta: 2.1m
step 00457/01000 (45.70%) | loss: 7.025082 | lrm: 1.00 | dt: 178.34ms | tok/sec: 5,741 | bf16_mfu: 0.00 | epoch: 1 pq: 0 rg: 2 | total time: 1.74m | eta: 2.1m
step 00458/01000 (45.80%) | loss: 6.988748 | lrm: 1.00 | dt: 187.23ms | tok/sec: 5,469 | bf16_mfu: 0.00 | epoch: 1 pq: 0 rg: 2 | total time: 1.74m | eta: 2.1m
step 00459/01000 (45.90%) | loss: 6.979024 | lrm: 1.00 | dt: 197.72ms | tok/sec: 5,179 | bf16_mfu: 0.00 | epoch: 1 pq: 0 rg: 2 | total time: 1.74m | eta: 2.1m
step 00460/01000 (46.00%) | loss: 6.922051 | lrm: 1.00 | dt: 198.54ms | tok/sec: 5,157 | bf16_mfu: 0.00 | epoch: 1 pq: 0 rg: 2 | total time: 1.75m | eta: 2.1m
step 00461/01000 (46.10%) | loss: 6.867427 | lrm: 1.00 | dt: 220.20ms | tok/sec: 4,650 | bf16_mfu: 0.00 | epoch: 1 pq: 0 rg: 2 | total time: 1.75m | eta: 2.1m
step 00462/01000 (46.20%) | loss: 6.885406 | lrm: 1.00 | dt: 191.80ms | tok/sec: 5,338 | bf16_mfu: 0.00 | epoch: 1 pq: 0 rg: 2 | total time: 1.75m | eta: 2.1m
step 00463/01000 (46.30%) | loss: 6.846306 | lrm: 1.00 | dt: 214.71ms | tok/sec: 4,769 | bf16_mfu: 0.00 | epoch: 1 pq: 0 rg: 2 | total time: 1.76m | eta: 2.1m
step 00464/01000 (46.40%) | loss: 6.709922 | lrm: 1.00 | dt: 226.85ms | tok/sec: 4,513 | bf16_mfu: 0.00 | epoch: 1 pq: 0 rg: 2 | total time: 1.76m | eta: 2.1m
step 00465/01000 (46.50%) | loss: 6.735267 | lrm: 1.00 | dt: 211.75ms | tok/sec: 4,835 | bf16_mfu: 0.00 | epoch: 1 pq: 0 rg: 2 | total time: 1.76m | eta: 2.1m
step 00466/01000 (46.60%) | loss: 6.770417 | lrm: 1.00 | dt: 403.50ms | tok/sec: 2,537 | bf16_mfu: 0.00 | epoch: 1 pq: 0 rg: 2 | total time: 1.77m | eta: 2.1m
step 00467/01000 (46.70%) | loss: 6.824450 | lrm: 1.00 | dt: 199.80ms | tok/sec: 5,125 | bf16_mfu: 0.00 | epoch: 1 pq: 0 rg: 2 | total time: 1.77m | eta: 2.1m
step 00468/01000 (46.80%) | loss: 6.853123 | lrm: 1.00 | dt: 249.45ms | tok/sec: 4,104 | bf16_mfu: 0.00 | epoch: 1 pq: 0 rg: 2 | total time: 1.78m | eta: 2.1m
step 00469/01000 (46.90%) | loss: 6.881439 | lrm: 1.00 | dt: 200.22ms | tok/sec: 5,114 | bf16_mfu: 0.00 | epoch: 1 pq: 0 rg: 2 | total time: 1.78m | eta: 2.1m
step 00470/01000 (47.00%) | loss: 6.917682 | lrm: 1.00 | dt: 232.22ms | tok/sec: 4,409 | bf16_mfu: 0.00 | epoch: 1 pq: 0 rg: 2 | total time: 1.79m | eta: 2.1m
step 00471/01000 (47.10%) | loss: 6.936515 | lrm: 1.00 | dt: 216.19ms | tok/sec: 4,736 | bf16_mfu: 0.00 | epoch: 1 pq: 0 rg: 2 | total time: 1.79m | eta: 2.1m
step 00472/01000 (47.20%) | loss: 6.925390 | lrm: 1.00 | dt: 215.68ms | tok/sec: 4,747 | bf16_mfu: 0.00 | epoch: 1 pq: 0 rg: 2 | total time: 1.79m | eta: 2.0m
step 00473/01000 (47.30%) | loss: 6.964215 | lrm: 1.00 | dt: 202.62ms | tok/sec: 5,053 | bf16_mfu: 0.00 | epoch: 1 pq: 0 rg: 2 | total time: 1.80m | eta: 2.0m
step 00474/01000 (47.40%) | loss: 6.897630 | lrm: 1.00 | dt: 356.27ms | tok/sec: 2,874 | bf16_mfu: 0.00 | epoch: 1 pq: 0 rg: 2 | total time: 1.80m | eta: 2.0m
step 00475/01000 (47.50%) | loss: 6.860417 | lrm: 1.00 | dt: 210.62ms | tok/sec: 4,861 | bf16_mfu: 0.00 | epoch: 1 pq: 0 rg: 2 | total time: 1.81m | eta: 2.0m
step 00476/01000 (47.60%) | loss: 6.827813 | lrm: 1.00 | dt: 230.15ms | tok/sec: 4,449 | bf16_mfu: 0.00 | epoch: 1 pq: 0 rg: 2 | total time: 1.81m | eta: 2.0m
step 00477/01000 (47.70%) | loss: 6.817329 | lrm: 1.00 | dt: 198.09ms | tok/sec: 5,169 | bf16_mfu: 0.00 | epoch: 1 pq: 0 rg: 2 | total time: 1.81m | eta: 2.0m
step 00478/01000 (47.80%) | loss: 6.806037 | lrm: 1.00 | dt: 285.10ms | tok/sec: 3,591 | bf16_mfu: 0.00 | epoch: 1 pq: 0 rg: 2 | total time: 1.82m | eta: 2.0m
step 00479/01000 (47.90%) | loss: 6.847566 | lrm: 1.00 | dt: 235.83ms | tok/sec: 4,342 | bf16_mfu: 0.00 | epoch: 1 pq: 0 rg: 2 | total time: 1.82m | eta: 2.0m
step 00480/01000 (48.00%) | loss: 6.831654 | lrm: 1.00 | dt: 227.91ms | tok/sec: 4,492 | bf16_mfu: 0.00 | epoch: 1 pq: 0 rg: 2 | total time: 1.83m | eta: 2.0m
step 00481/01000 (48.10%) | loss: 6.832768 | lrm: 1.00 | dt: 205.69ms | tok/sec: 4,978 | bf16_mfu: 0.00 | epoch: 1 pq: 0 rg: 2 | total time: 1.83m | eta: 2.0m
step 00482/01000 (48.20%) | loss: 6.806507 | lrm: 1.00 | dt: 214.53ms | tok/sec: 4,773 | bf16_mfu: 0.00 | epoch: 1 pq: 0 rg: 2 | total time: 1.83m | eta: 2.0m
step 00483/01000 (48.30%) | loss: 6.858188 | lrm: 1.00 | dt: 254.63ms | tok/sec: 4,021 | bf16_mfu: 0.00 | epoch: 1 pq: 0 rg: 2 | total time: 1.84m | eta: 2.0m
step 00484/01000 (48.40%) | loss: 6.835191 | lrm: 1.00 | dt: 221.48ms | tok/sec: 4,623 | bf16_mfu: 0.00 | epoch: 1 pq: 0 rg: 2 | total time: 1.84m | eta: 2.0m
step 00485/01000 (48.50%) | loss: 6.819697 | lrm: 1.00 | dt: 256.82ms | tok/sec: 3,987 | bf16_mfu: 0.00 | epoch: 1 pq: 0 rg: 2 | total time: 1.84m | eta: 2.0m
step 00486/01000 (48.60%) | loss: 6.862135 | lrm: 1.00 | dt: 206.99ms | tok/sec: 4,947 | bf16_mfu: 0.00 | epoch: 1 pq: 0 rg: 2 | total time: 1.85m | eta: 2.0m
step 00487/01000 (48.70%) | loss: 6.956398 | lrm: 1.00 | dt: 422.43ms | tok/sec: 2,424 | bf16_mfu: 0.00 | epoch: 1 pq: 0 rg: 2 | total time: 1.86m | eta: 2.0m
step 00488/01000 (48.80%) | loss: 6.978809 | lrm: 1.00 | dt: 201.68ms | tok/sec: 5,077 | bf16_mfu: 0.00 | epoch: 1 pq: 0 rg: 2 | total time: 1.86m | eta: 2.0m
step 00489/01000 (48.90%) | loss: 6.994595 | lrm: 1.00 | dt: 202.52ms | tok/sec: 5,056 | bf16_mfu: 0.00 | epoch: 1 pq: 0 rg: 2 | total time: 1.86m | eta: 2.0m
step 00490/01000 (49.00%) | loss: 7.006483 | lrm: 1.00 | dt: 226.52ms | tok/sec: 4,520 | bf16_mfu: 0.00 | epoch: 1 pq: 0 rg: 2 | total time: 1.87m | eta: 2.0m
step 00491/01000 (49.10%) | loss: 6.885168 | lrm: 1.00 | dt: 199.87ms | tok/sec: 5,123 | bf16_mfu: 0.00 | epoch: 1 pq: 0 rg: 2 | total time: 1.87m | eta: 2.0m
step 00492/01000 (49.20%) | loss: 6.855492 | lrm: 1.00 | dt: 206.77ms | tok/sec: 4,952 | bf16_mfu: 0.00 | epoch: 1 pq: 0 rg: 2 | total time: 1.87m | eta: 2.0m
step 00493/01000 (49.30%) | loss: 6.757153 | lrm: 1.00 | dt: 191.50ms | tok/sec: 5,347 | bf16_mfu: 0.00 | epoch: 1 pq: 0 rg: 2 | total time: 1.88m | eta: 2.0m
step 00494/01000 (49.40%) | loss: 6.704665 | lrm: 1.00 | dt: 182.35ms | tok/sec: 5,615 | bf16_mfu: 0.00 | epoch: 1 pq: 0 rg: 2 | total time: 1.88m | eta: 2.0m
step 00495/01000 (49.50%) | loss: 6.728807 | lrm: 1.00 | dt: 187.29ms | tok/sec: 5,467 | bf16_mfu: 0.00 | epoch: 1 pq: 0 rg: 2 | total time: 1.88m | eta: 2.0m
step 00496/01000 (49.60%) | loss: 6.607371 | lrm: 1.00 | dt: 186.27ms | tok/sec: 5,497 | bf16_mfu: 0.00 | epoch: 1 pq: 0 rg: 2 | total time: 1.88m | eta: 2.0m
step 00497/01000 (49.70%) | loss: 6.633076 | lrm: 1.00 | dt: 180.84ms | tok/sec: 5,662 | bf16_mfu: 0.00 | epoch: 1 pq: 0 rg: 2 | total time: 1.89m | eta: 1.9m
step 00498/01000 (49.80%) | loss: 6.598408 | lrm: 1.00 | dt: 366.35ms | tok/sec: 2,795 | bf16_mfu: 0.00 | epoch: 1 pq: 0 rg: 2 | total time: 1.89m | eta: 1.9m
step 00499/01000 (49.90%) | loss: 6.661857 | lrm: 1.00 | dt: 192.59ms | tok/sec: 5,316 | bf16_mfu: 0.00 | epoch: 1 pq: 0 rg: 2 | total time: 1.90m | eta: 1.9m
step 00500/01000 (50.00%) | loss: 6.691395 | lrm: 1.00 | dt: 233.36ms | tok/sec: 4,387 | bf16_mfu: 0.00 | epoch: 1 pq: 0 rg: 2 | total time: 1.90m | eta: 1.9m
step 00501/01000 (50.10%) | loss: 6.791583 | lrm: 1.00 | dt: 199.84ms | tok/sec: 5,124 | bf16_mfu: 0.00 | epoch: 1 pq: 0 rg: 2 | total time: 1.90m | eta: 1.9m
step 00502/01000 (50.20%) | loss: 6.781326 | lrm: 1.00 | dt: 380.45ms | tok/sec: 2,691 | bf16_mfu: 0.00 | epoch: 1 pq: 0 rg: 2 | total time: 1.91m | eta: 1.9m
step 00503/01000 (50.30%) | loss: 6.791110 | lrm: 1.00 | dt: 200.15ms | tok/sec: 5,116 | bf16_mfu: 0.00 | epoch: 1 pq: 0 rg: 2 | total time: 1.91m | eta: 1.9m
step 00504/01000 (50.40%) | loss: 6.779398 | lrm: 1.00 | dt: 221.25ms | tok/sec: 4,628 | bf16_mfu: 0.00 | epoch: 1 pq: 0 rg: 2 | total time: 1.92m | eta: 1.9m
step 00505/01000 (50.50%) | loss: 6.734545 | lrm: 1.00 | dt: 238.37ms | tok/sec: 4,295 | bf16_mfu: 0.00 | epoch: 1 pq: 0 rg: 2 | total time: 1.92m | eta: 1.9m
step 00506/01000 (50.60%) | loss: 6.774058 | lrm: 1.00 | dt: 236.15ms | tok/sec: 4,336 | bf16_mfu: 0.00 | epoch: 1 pq: 0 rg: 2 | total time: 1.93m | eta: 1.9m
step 00507/01000 (50.70%) | loss: 6.760733 | lrm: 1.00 | dt: 198.10ms | tok/sec: 5,169 | bf16_mfu: 0.00 | epoch: 1 pq: 0 rg: 2 | total time: 1.93m | eta: 1.9m
step 00508/01000 (50.80%) | loss: 6.715072 | lrm: 1.00 | dt: 181.87ms | tok/sec: 5,630 | bf16_mfu: 0.00 | epoch: 1 pq: 0 rg: 2 | total time: 1.93m | eta: 1.9m
step 00509/01000 (50.90%) | loss: 6.727153 | lrm: 1.00 | dt: 185.04ms | tok/sec: 5,533 | bf16_mfu: 0.00 | epoch: 1 pq: 0 rg: 2 | total time: 1.94m | eta: 1.9m
step 00510/01000 (51.00%) | loss: 6.728378 | lrm: 1.00 | dt: 172.93ms | tok/sec: 5,921 | bf16_mfu: 0.00 | epoch: 1 pq: 0 rg: 2 | total time: 1.94m | eta: 1.9m
step 00511/01000 (51.10%) | loss: 6.717618 | lrm: 1.00 | dt: 178.00ms | tok/sec: 5,752 | bf16_mfu: 0.00 | epoch: 1 pq: 0 rg: 2 | total time: 1.94m | eta: 1.9m
step 00512/01000 (51.20%) | loss: 6.696653 | lrm: 1.00 | dt: 177.38ms | tok/sec: 5,772 | bf16_mfu: 0.00 | epoch: 1 pq: 0 rg: 2 | total time: 1.94m | eta: 1.9m
step 00513/01000 (51.30%) | loss: 6.731525 | lrm: 1.00 | dt: 182.37ms | tok/sec: 5,614 | bf16_mfu: 0.00 | epoch: 1 pq: 0 rg: 2 | total time: 1.95m | eta: 1.9m
step 00514/01000 (51.40%) | loss: 6.726449 | lrm: 1.00 | dt: 185.51ms | tok/sec: 5,519 | bf16_mfu: 0.00 | epoch: 1 pq: 0 rg: 2 | total time: 1.95m | eta: 1.9m
step 00515/01000 (51.50%) | loss: 6.738113 | lrm: 1.00 | dt: 180.74ms | tok/sec: 5,665 | bf16_mfu: 0.00 | epoch: 1 pq: 0 rg: 2 | total time: 1.95m | eta: 1.9m
step 00516/01000 (51.60%) | loss: 6.746394 | lrm: 1.00 | dt: 201.19ms | tok/sec: 5,089 | bf16_mfu: 0.00 | epoch: 1 pq: 0 rg: 2 | total time: 1.96m | eta: 1.9m
step 00517/01000 (51.70%) | loss: 6.761434 | lrm: 1.00 | dt: 374.21ms | tok/sec: 2,736 | bf16_mfu: 0.00 | epoch: 1 pq: 0 rg: 2 | total time: 1.96m | eta: 1.9m
step 00518/01000 (51.80%) | loss: 6.826235 | lrm: 1.00 | dt: 264.98ms | tok/sec: 3,864 | bf16_mfu: 0.00 | epoch: 1 pq: 0 rg: 2 | total time: 1.97m | eta: 1.9m
step 00519/01000 (51.90%) | loss: 6.754522 | lrm: 1.00 | dt: 239.83ms | tok/sec: 4,269 | bf16_mfu: 0.00 | epoch: 1 pq: 0 rg: 2 | total time: 1.97m | eta: 1.9m
step 00520/01000 (52.00%) | loss: 6.783355 | lrm: 1.00 | dt: 248.34ms | tok/sec: 4,123 | bf16_mfu: 0.00 | epoch: 1 pq: 0 rg: 2 | total time: 1.98m | eta: 1.9m
step 00521/01000 (52.10%) | loss: 6.775853 | lrm: 1.00 | dt: 265.05ms | tok/sec: 3,863 | bf16_mfu: 0.00 | epoch: 1 pq: 0 rg: 2 | total time: 1.98m | eta: 1.9m
step 00522/01000 (52.20%) | loss: 6.750471 | lrm: 1.00 | dt: 228.39ms | tok/sec: 4,483 | bf16_mfu: 0.00 | epoch: 1 pq: 0 rg: 2 | total time: 1.98m | eta: 1.9m
step 00523/01000 (52.30%) | loss: 6.759354 | lrm: 1.00 | dt: 205.16ms | tok/sec: 4,991 | bf16_mfu: 0.00 | epoch: 1 pq: 0 rg: 2 | total time: 1.99m | eta: 1.8m
step 00524/01000 (52.40%) | loss: 6.754682 | lrm: 1.00 | dt: 268.57ms | tok/sec: 3,812 | bf16_mfu: 0.00 | epoch: 1 pq: 0 rg: 2 | total time: 1.99m | eta: 1.8m
step 00525/01000 (52.50%) | loss: 6.667984 | lrm: 1.00 | dt: 229.96ms | tok/sec: 4,452 | bf16_mfu: 0.00 | epoch: 1 pq: 0 rg: 2 | total time: 2.00m | eta: 1.8m
step 00526/01000 (52.60%) | loss: 6.679439 | lrm: 1.00 | dt: 378.35ms | tok/sec: 2,706 | bf16_mfu: 0.00 | epoch: 1 pq: 0 rg: 2 | total time: 2.00m | eta: 1.8m
step 00527/01000 (52.70%) | loss: 6.743997 | lrm: 1.00 | dt: 263.37ms | tok/sec: 3,887 | bf16_mfu: 0.00 | epoch: 1 pq: 0 rg: 2 | total time: 2.01m | eta: 1.8m
step 00528/01000 (52.80%) | loss: 6.761509 | lrm: 1.00 | dt: 208.66ms | tok/sec: 4,907 | bf16_mfu: 0.00 | epoch: 1 pq: 0 rg: 2 | total time: 2.01m | eta: 1.8m
step 00529/01000 (52.90%) | loss: 6.733180 | lrm: 1.00 | dt: 211.35ms | tok/sec: 4,844 | bf16_mfu: 0.00 | epoch: 1 pq: 0 rg: 2 | total time: 2.01m | eta: 1.8m
step 00530/01000 (53.00%) | loss: 6.734091 | lrm: 1.00 | dt: 230.32ms | tok/sec: 4,446 | bf16_mfu: 0.00 | epoch: 1 pq: 0 rg: 2 | total time: 2.02m | eta: 1.8m
step 00531/01000 (53.10%) | loss: 6.778064 | lrm: 1.00 | dt: 203.32ms | tok/sec: 5,036 | bf16_mfu: 0.00 | epoch: 1 pq: 0 rg: 2 | total time: 2.02m | eta: 1.8m
step 00532/01000 (53.20%) | loss: 6.814999 | lrm: 1.00 | dt: 211.28ms | tok/sec: 4,846 | bf16_mfu: 0.00 | epoch: 1 pq: 0 rg: 2 | total time: 2.02m | eta: 1.8m
step 00533/01000 (53.30%) | loss: 6.762228 | lrm: 1.00 | dt: 229.53ms | tok/sec: 4,461 | bf16_mfu: 0.00 | epoch: 1 pq: 0 rg: 2 | total time: 2.03m | eta: 1.8m
step 00534/01000 (53.40%) | loss: 6.767784 | lrm: 1.00 | dt: 209.56ms | tok/sec: 4,886 | bf16_mfu: 0.00 | epoch: 1 pq: 0 rg: 2 | total time: 2.03m | eta: 1.8m
step 00535/01000 (53.50%) | loss: 6.759796 | lrm: 1.00 | dt: 319.90ms | tok/sec: 3,200 | bf16_mfu: 0.00 | epoch: 1 pq: 0 rg: 2 | total time: 2.04m | eta: 1.8m
step 00536/01000 (53.60%) | loss: 6.790295 | lrm: 1.00 | dt: 178.08ms | tok/sec: 5,750 | bf16_mfu: 0.00 | epoch: 1 pq: 0 rg: 2 | total time: 2.04m | eta: 1.8m
step 00537/01000 (53.70%) | loss: 6.826608 | lrm: 1.00 | dt: 202.84ms | tok/sec: 5,048 | bf16_mfu: 0.00 | epoch: 1 pq: 0 rg: 2 | total time: 2.04m | eta: 1.8m
step 00538/01000 (53.80%) | loss: 6.805497 | lrm: 1.00 | dt: 181.54ms | tok/sec: 5,640 | bf16_mfu: 0.00 | epoch: 1 pq: 0 rg: 2 | total time: 2.05m | eta: 1.8m
step 00539/01000 (53.90%) | loss: 6.832003 | lrm: 1.00 | dt: 204.17ms | tok/sec: 5,015 | bf16_mfu: 0.00 | epoch: 1 pq: 0 rg: 2 | total time: 2.05m | eta: 1.8m
step 00540/01000 (54.00%) | loss: 6.854911 | lrm: 1.00 | dt: 197.85ms | tok/sec: 5,175 | bf16_mfu: 0.00 | epoch: 1 pq: 0 rg: 2 | total time: 2.05m | eta: 1.8m
step 00541/01000 (54.10%) | loss: 6.788637 | lrm: 1.00 | dt: 209.43ms | tok/sec: 4,889 | bf16_mfu: 0.00 | epoch: 1 pq: 0 rg: 2 | total time: 2.06m | eta: 1.8m
step 00542/01000 (54.20%) | loss: 6.735833 | lrm: 1.00 | dt: 212.71ms | tok/sec: 4,814 | bf16_mfu: 0.00 | epoch: 1 pq: 0 rg: 2 | total time: 2.06m | eta: 1.8m
step 00543/01000 (54.30%) | loss: 6.785330 | lrm: 1.00 | dt: 192.88ms | tok/sec: 5,308 | bf16_mfu: 0.00 | epoch: 1 pq: 0 rg: 2 | total time: 2.06m | eta: 1.8m
step 00544/01000 (54.40%) | loss: 6.809507 | lrm: 1.00 | dt: 249.82ms | tok/sec: 4,098 | bf16_mfu: 0.00 | epoch: 1 pq: 0 rg: 2 | total time: 2.07m | eta: 1.8m
step 00545/01000 (54.50%) | loss: 6.838700 | lrm: 1.00 | dt: 207.59ms | tok/sec: 4,932 | bf16_mfu: 0.00 | epoch: 1 pq: 0 rg: 2 | total time: 2.07m | eta: 1.8m
step 00546/01000 (54.60%) | loss: 6.831382 | lrm: 1.00 | dt: 211.59ms | tok/sec: 4,839 | bf16_mfu: 0.00 | epoch: 1 pq: 0 rg: 2 | total time: 2.07m | eta: 1.8m
step 00547/01000 (54.70%) | loss: 6.811906 | lrm: 1.00 | dt: 233.58ms | tok/sec: 4,384 | bf16_mfu: 0.00 | epoch: 1 pq: 0 rg: 2 | total time: 2.08m | eta: 1.8m
step 00548/01000 (54.80%) | loss: 6.852816 | lrm: 1.00 | dt: 206.27ms | tok/sec: 4,964 | bf16_mfu: 0.00 | epoch: 1 pq: 0 rg: 2 | total time: 2.08m | eta: 1.7m
step 00549/01000 (54.90%) | loss: 6.802695 | lrm: 1.00 | dt: 364.58ms | tok/sec: 2,808 | bf16_mfu: 0.00 | epoch: 1 pq: 0 rg: 2 | total time: 2.09m | eta: 1.7m
step 00550/01000 (55.00%) | loss: 6.747577 | lrm: 1.00 | dt: 172.21ms | tok/sec: 5,946 | bf16_mfu: 0.00 | epoch: 1 pq: 0 rg: 2 | total time: 2.09m | eta: 1.7m
step 00551/01000 (55.10%) | loss: 6.737360 | lrm: 1.00 | dt: 209.03ms | tok/sec: 4,898 | bf16_mfu: 0.00 | epoch: 1 pq: 0 rg: 2 | total time: 2.09m | eta: 1.7m
step 00552/01000 (55.20%) | loss: 6.690150 | lrm: 1.00 | dt: 228.66ms | tok/sec: 4,478 | bf16_mfu: 0.00 | epoch: 1 pq: 0 rg: 2 | total time: 2.10m | eta: 1.7m
step 00553/01000 (55.30%) | loss: 6.700129 | lrm: 1.00 | dt: 222.08ms | tok/sec: 4,610 | bf16_mfu: 0.00 | epoch: 1 pq: 0 rg: 2 | total time: 2.10m | eta: 1.7m
step 00554/01000 (55.40%) | loss: 6.714803 | lrm: 1.00 | dt: 319.16ms | tok/sec: 3,208 | bf16_mfu: 0.00 | epoch: 1 pq: 0 rg: 2 | total time: 2.11m | eta: 1.7m
step 00555/01000 (55.50%) | loss: 6.683131 | lrm: 1.00 | dt: 187.11ms | tok/sec: 5,472 | bf16_mfu: 0.00 | epoch: 1 pq: 0 rg: 2 | total time: 2.11m | eta: 1.7m
step 00556/01000 (55.60%) | loss: 6.623204 | lrm: 1.00 | dt: 204.05ms | tok/sec: 5,018 | bf16_mfu: 0.00 | epoch: 1 pq: 0 rg: 2 | total time: 2.11m | eta: 1.7m
step 00557/01000 (55.70%) | loss: 6.630773 | lrm: 1.00 | dt: 226.63ms | tok/sec: 4,518 | bf16_mfu: 0.00 | epoch: 1 pq: 0 rg: 2 | total time: 2.12m | eta: 1.7m
step 00558/01000 (55.80%) | loss: 6.600709 | lrm: 1.00 | dt: 174.27ms | tok/sec: 5,875 | bf16_mfu: 0.00 | epoch: 1 pq: 0 rg: 2 | total time: 2.12m | eta: 1.7m
step 00559/01000 (55.90%) | loss: 6.635713 | lrm: 1.00 | dt: 173.99ms | tok/sec: 5,885 | bf16_mfu: 0.00 | epoch: 1 pq: 0 rg: 2 | total time: 2.12m | eta: 1.7m
step 00560/01000 (56.00%) | loss: 6.676154 | lrm: 1.00 | dt: 183.77ms | tok/sec: 5,572 | bf16_mfu: 0.00 | epoch: 1 pq: 0 rg: 2 | total time: 2.13m | eta: 1.7m
step 00561/01000 (56.10%) | loss: 6.705253 | lrm: 1.00 | dt: 177.49ms | tok/sec: 5,769 | bf16_mfu: 0.00 | epoch: 1 pq: 0 rg: 2 | total time: 2.13m | eta: 1.7m
step 00562/01000 (56.20%) | loss: 6.714292 | lrm: 1.00 | dt: 174.18ms | tok/sec: 5,878 | bf16_mfu: 0.00 | epoch: 1 pq: 0 rg: 2 | total time: 2.13m | eta: 1.7m
step 00563/01000 (56.30%) | loss: 6.718871 | lrm: 1.00 | dt: 183.43ms | tok/sec: 5,582 | bf16_mfu: 0.00 | epoch: 1 pq: 0 rg: 2 | total time: 2.13m | eta: 1.7m
step 00564/01000 (56.40%) | loss: 6.761163 | lrm: 1.00 | dt: 186.53ms | tok/sec: 5,489 | bf16_mfu: 0.00 | epoch: 1 pq: 0 rg: 2 | total time: 2.14m | eta: 1.7m
step 00565/01000 (56.50%) | loss: 6.823485 | lrm: 1.00 | dt: 188.37ms | tok/sec: 5,436 | bf16_mfu: 0.00 | epoch: 1 pq: 0 rg: 2 | total time: 2.14m | eta: 1.7m
step 00566/01000 (56.60%) | loss: 6.786036 | lrm: 1.00 | dt: 201.65ms | tok/sec: 5,078 | bf16_mfu: 0.00 | epoch: 1 pq: 0 rg: 2 | total time: 2.14m | eta: 1.7m
step 00567/01000 (56.70%) | loss: 6.763663 | lrm: 1.00 | dt: 221.52ms | tok/sec: 4,622 | bf16_mfu: 0.00 | epoch: 1 pq: 0 rg: 2 | total time: 2.15m | eta: 1.7m
step 00568/01000 (56.80%) | loss: 6.829629 | lrm: 1.00 | dt: 412.74ms | tok/sec: 2,481 | bf16_mfu: 0.00 | epoch: 1 pq: 0 rg: 2 | total time: 2.15m | eta: 1.7m
step 00569/01000 (56.90%) | loss: 6.830379 | lrm: 1.00 | dt: 271.43ms | tok/sec: 3,772 | bf16_mfu: 0.00 | epoch: 1 pq: 0 rg: 2 | total time: 2.16m | eta: 1.7m
step 00570/01000 (57.00%) | loss: 6.822145 | lrm: 1.00 | dt: 255.34ms | tok/sec: 4,010 | bf16_mfu: 0.00 | epoch: 1 pq: 0 rg: 2 | total time: 2.16m | eta: 1.7m
step 00571/01000 (57.10%) | loss: 6.762772 | lrm: 1.00 | dt: 247.29ms | tok/sec: 4,140 | bf16_mfu: 0.00 | epoch: 1 pq: 0 rg: 2 | total time: 2.17m | eta: 1.7m
step 00572/01000 (57.20%) | loss: 6.755254 | lrm: 1.00 | dt: 219.53ms | tok/sec: 4,664 | bf16_mfu: 0.00 | epoch: 1 pq: 0 rg: 2 | total time: 2.17m | eta: 1.7m
step 00573/01000 (57.30%) | loss: 6.728854 | lrm: 1.00 | dt: 253.83ms | tok/sec: 4,034 | bf16_mfu: 0.00 | epoch: 1 pq: 0 rg: 2 | total time: 2.18m | eta: 1.6m
step 00574/01000 (57.40%) | loss: 6.757640 | lrm: 1.00 | dt: 233.63ms | tok/sec: 4,382 | bf16_mfu: 0.00 | epoch: 1 pq: 0 rg: 2 | total time: 2.18m | eta: 1.6m
step 00575/01000 (57.50%) | loss: 6.748093 | lrm: 1.00 | dt: 370.34ms | tok/sec: 2,765 | bf16_mfu: 0.00 | epoch: 1 pq: 0 rg: 2 | total time: 2.19m | eta: 1.6m
step 00576/01000 (57.60%) | loss: 6.723911 | lrm: 1.00 | dt: 198.13ms | tok/sec: 5,168 | bf16_mfu: 0.00 | epoch: 1 pq: 0 rg: 2 | total time: 2.19m | eta: 1.6m
step 00577/01000 (57.70%) | loss: 6.753965 | lrm: 1.00 | dt: 247.11ms | tok/sec: 4,143 | bf16_mfu: 0.00 | epoch: 1 pq: 0 rg: 2 | total time: 2.19m | eta: 1.6m
step 00578/01000 (57.80%) | loss: 6.714671 | lrm: 1.00 | dt: 200.91ms | tok/sec: 5,096 | bf16_mfu: 0.00 | epoch: 1 pq: 0 rg: 2 | total time: 2.20m | eta: 1.6m
step 00579/01000 (57.90%) | loss: 6.703271 | lrm: 1.00 | dt: 214.88ms | tok/sec: 4,765 | bf16_mfu: 0.00 | epoch: 1 pq: 0 rg: 2 | total time: 2.20m | eta: 1.6m
step 00580/01000 (58.00%) | loss: 6.695661 | lrm: 1.00 | dt: 204.12ms | tok/sec: 5,016 | bf16_mfu: 0.00 | epoch: 1 pq: 0 rg: 2 | total time: 2.20m | eta: 1.6m
step 00581/01000 (58.10%) | loss: 6.781558 | lrm: 1.00 | dt: 200.74ms | tok/sec: 5,101 | bf16_mfu: 0.00 | epoch: 1 pq: 0 rg: 2 | total time: 2.21m | eta: 1.6m
step 00582/01000 (58.20%) | loss: 6.731746 | lrm: 1.00 | dt: 239.06ms | tok/sec: 4,283 | bf16_mfu: 0.00 | epoch: 1 pq: 0 rg: 2 | total time: 2.21m | eta: 1.6m
step 00583/01000 (58.30%) | loss: 6.786060 | lrm: 1.00 | dt: 181.95ms | tok/sec: 5,627 | bf16_mfu: 0.00 | epoch: 1 pq: 0 rg: 2 | total time: 2.21m | eta: 1.6m
step 00584/01000 (58.40%) | loss: 6.778364 | lrm: 1.00 | dt: 194.58ms | tok/sec: 5,262 | bf16_mfu: 0.00 | epoch: 1 pq: 0 rg: 2 | total time: 2.22m | eta: 1.6m
step 00585/01000 (58.50%) | loss: 6.772245 | lrm: 1.00 | dt: 186.21ms | tok/sec: 5,499 | bf16_mfu: 0.00 | epoch: 1 pq: 0 rg: 2 | total time: 2.22m | eta: 1.6m
step 00586/01000 (58.60%) | loss: 6.830871 | lrm: 1.00 | dt: 193.06ms | tok/sec: 5,304 | bf16_mfu: 0.00 | epoch: 1 pq: 0 rg: 2 | total time: 2.22m | eta: 1.6m
step 00587/01000 (58.70%) | loss: 6.810448 | lrm: 1.00 | dt: 215.43ms | tok/sec: 4,753 | bf16_mfu: 0.00 | epoch: 1 pq: 0 rg: 2 | total time: 2.23m | eta: 1.6m
step 00588/01000 (58.80%) | loss: 6.832461 | lrm: 1.00 | dt: 195.77ms | tok/sec: 5,230 | bf16_mfu: 0.00 | epoch: 1 pq: 0 rg: 2 | total time: 2.23m | eta: 1.6m
step 00589/01000 (58.90%) | loss: 6.803800 | lrm: 1.00 | dt: 374.25ms | tok/sec: 2,736 | bf16_mfu: 0.00 | epoch: 1 pq: 0 rg: 2 | total time: 2.24m | eta: 1.6m
step 00590/01000 (59.00%) | loss: 6.815663 | lrm: 1.00 | dt: 172.35ms | tok/sec: 5,941 | bf16_mfu: 0.00 | epoch: 1 pq: 0 rg: 2 | total time: 2.24m | eta: 1.6m
step 00591/01000 (59.10%) | loss: 6.877921 | lrm: 1.00 | dt: 269.24ms | tok/sec: 3,803 | bf16_mfu: 0.00 | epoch: 1 pq: 0 rg: 2 | total time: 2.24m | eta: 1.6m
step 00592/01000 (59.20%) | loss: 6.867397 | lrm: 1.00 | dt: 241.18ms | tok/sec: 4,245 | bf16_mfu: 0.00 | epoch: 1 pq: 0 rg: 2 | total time: 2.25m | eta: 1.6m
step 00593/01000 (59.30%) | loss: 6.834671 | lrm: 1.00 | dt: 235.91ms | tok/sec: 4,340 | bf16_mfu: 0.00 | epoch: 1 pq: 0 rg: 2 | total time: 2.25m | eta: 1.6m
step 00594/01000 (59.40%) | loss: 6.832160 | lrm: 1.00 | dt: 194.28ms | tok/sec: 5,270 | bf16_mfu: 0.00 | epoch: 1 pq: 0 rg: 2 | total time: 2.25m | eta: 1.6m
step 00595/01000 (59.50%) | loss: 6.861367 | lrm: 1.00 | dt: 202.39ms | tok/sec: 5,059 | bf16_mfu: 0.00 | epoch: 1 pq: 0 rg: 2 | total time: 2.26m | eta: 1.6m
step 00596/01000 (59.60%) | loss: 6.905605 | lrm: 1.00 | dt: 197.67ms | tok/sec: 5,180 | bf16_mfu: 0.00 | epoch: 1 pq: 0 rg: 2 | total time: 2.26m | eta: 1.6m
step 00597/01000 (59.70%) | loss: 6.887106 | lrm: 1.00 | dt: 198.81ms | tok/sec: 5,150 | bf16_mfu: 0.00 | epoch: 1 pq: 0 rg: 2 | total time: 2.26m | eta: 1.6m
step 00598/01000 (59.80%) | loss: 6.936680 | lrm: 1.00 | dt: 197.06ms | tok/sec: 5,196 | bf16_mfu: 0.00 | epoch: 1 pq: 0 rg: 2 | total time: 2.27m | eta: 1.6m
step 00599/01000 (59.90%) | loss: 6.979353 | lrm: 1.00 | dt: 196.51ms | tok/sec: 5,211 | bf16_mfu: 0.00 | epoch: 1 pq: 0 rg: 2 | total time: 2.27m | eta: 1.5m
step 00600/01000 (60.00%) | loss: 7.028771 | lrm: 1.00 | dt: 209.41ms | tok/sec: 4,890 | bf16_mfu: 0.00 | epoch: 1 pq: 0 rg: 2 | total time: 2.27m | eta: 1.5m
step 00601/01000 (60.10%) | loss: 6.975750 | lrm: 1.00 | dt: 174.87ms | tok/sec: 5,855 | bf16_mfu: 0.00 | epoch: 1 pq: 0 rg: 2 | total time: 2.28m | eta: 1.5m
step 00602/01000 (60.20%) | loss: 6.909837 | lrm: 1.00 | dt: 194.48ms | tok/sec: 5,265 | bf16_mfu: 0.00 | epoch: 1 pq: 0 rg: 2 | total time: 2.28m | eta: 1.5m
step 00603/01000 (60.30%) | loss: 6.918675 | lrm: 1.00 | dt: 202.48ms | tok/sec: 5,057 | bf16_mfu: 0.00 | epoch: 1 pq: 0 rg: 2 | total time: 2.28m | eta: 1.5m
step 00604/01000 (60.40%) | loss: 6.925450 | lrm: 1.00 | dt: 381.46ms | tok/sec: 2,684 | bf16_mfu: 0.00 | epoch: 1 pq: 0 rg: 2 | total time: 2.29m | eta: 1.5m
step 00605/01000 (60.50%) | loss: 6.905664 | lrm: 1.00 | dt: 320.83ms | tok/sec: 3,191 | bf16_mfu: 0.00 | epoch: 1 pq: 0 rg: 2 | total time: 2.30m | eta: 1.5m
step 00606/01000 (60.60%) | loss: 6.889038 | lrm: 1.00 | dt: 257.57ms | tok/sec: 3,975 | bf16_mfu: 0.00 | epoch: 1 pq: 0 rg: 2 | total time: 2.30m | eta: 1.5m
step 00607/01000 (60.70%) | loss: 6.918403 | lrm: 1.00 | dt: 321.00ms | tok/sec: 3,190 | bf16_mfu: 0.00 | epoch: 1 pq: 0 rg: 2 | total time: 2.31m | eta: 1.5m
step 00608/01000 (60.80%) | loss: 6.923809 | lrm: 1.00 | dt: 194.08ms | tok/sec: 5,276 | bf16_mfu: 0.00 | epoch: 1 pq: 0 rg: 2 | total time: 2.31m | eta: 1.5m
step 00609/01000 (60.90%) | loss: 6.910560 | lrm: 1.00 | dt: 167.10ms | tok/sec: 6,128 | bf16_mfu: 0.00 | epoch: 1 pq: 0 rg: 2 | total time: 2.31m | eta: 1.5m
step 00610/01000 (61.00%) | loss: 6.941945 | lrm: 1.00 | dt: 153.16ms | tok/sec: 6,685 | bf16_mfu: 0.00 | epoch: 1 pq: 0 rg: 2 | total time: 2.31m | eta: 1.5m
step 00611/01000 (61.10%) | loss: 6.923208 | lrm: 1.00 | dt: 168.15ms | tok/sec: 6,089 | bf16_mfu: 0.00 | epoch: 1 pq: 0 rg: 2 | total time: 2.32m | eta: 1.5m
step 00612/01000 (61.20%) | loss: 6.841952 | lrm: 1.00 | dt: 145.77ms | tok/sec: 7,024 | bf16_mfu: 0.00 | epoch: 1 pq: 0 rg: 2 | total time: 2.32m | eta: 1.5m
step 00613/01000 (61.30%) | loss: 6.799472 | lrm: 1.00 | dt: 157.21ms | tok/sec: 6,513 | bf16_mfu: 0.00 | epoch: 1 pq: 0 rg: 2 | total time: 2.32m | eta: 1.5m
step 00614/01000 (61.40%) | loss: 6.676257 | lrm: 1.00 | dt: 160.92ms | tok/sec: 6,363 | bf16_mfu: 0.00 | epoch: 1 pq: 0 rg: 2 | total time: 2.32m | eta: 1.5m
step 00615/01000 (61.50%) | loss: 6.686357 | lrm: 1.00 | dt: 180.65ms | tok/sec: 5,668 | bf16_mfu: 0.00 | epoch: 1 pq: 0 rg: 2 | total time: 2.33m | eta: 1.5m
step 00616/01000 (61.60%) | loss: 6.582258 | lrm: 1.00 | dt: 223.07ms | tok/sec: 4,590 | bf16_mfu: 0.00 | epoch: 1 pq: 0 rg: 2 | total time: 2.33m | eta: 1.5m
step 00617/01000 (61.70%) | loss: 6.546543 | lrm: 1.00 | dt: 224.45ms | tok/sec: 4,562 | bf16_mfu: 0.00 | epoch: 1 pq: 0 rg: 2 | total time: 2.34m | eta: 1.5m
step 00618/01000 (61.80%) | loss: 6.640045 | lrm: 1.00 | dt: 256.90ms | tok/sec: 3,986 | bf16_mfu: 0.00 | epoch: 1 pq: 0 rg: 3 | total time: 2.34m | eta: 1.5m
step 00619/01000 (61.90%) | loss: 6.661289 | lrm: 1.00 | dt: 257.94ms | tok/sec: 3,969 | bf16_mfu: 0.00 | epoch: 1 pq: 0 rg: 3 | total time: 2.34m | eta: 1.5m
step 00620/01000 (62.00%) | loss: 6.702389 | lrm: 1.00 | dt: 239.43ms | tok/sec: 4,276 | bf16_mfu: 0.00 | epoch: 1 pq: 0 rg: 3 | total time: 2.35m | eta: 1.5m
step 00621/01000 (62.10%) | loss: 6.744289 | lrm: 1.00 | dt: 429.57ms | tok/sec: 2,383 | bf16_mfu: 0.00 | epoch: 1 pq: 0 rg: 3 | total time: 2.35m | eta: 1.5m
step 00622/01000 (62.20%) | loss: 6.705722 | lrm: 1.00 | dt: 257.41ms | tok/sec: 3,978 | bf16_mfu: 0.00 | epoch: 1 pq: 0 rg: 3 | total time: 2.36m | eta: 1.5m
step 00623/01000 (62.30%) | loss: 6.729581 | lrm: 1.00 | dt: 209.75ms | tok/sec: 4,881 | bf16_mfu: 0.00 | epoch: 1 pq: 0 rg: 3 | total time: 2.36m | eta: 1.5m
step 00624/01000 (62.40%) | loss: 6.754092 | lrm: 1.00 | dt: 235.65ms | tok/sec: 4,345 | bf16_mfu: 0.00 | epoch: 1 pq: 0 rg: 3 | total time: 2.37m | eta: 1.4m
step 00625/01000 (62.50%) | loss: 6.730575 | lrm: 1.00 | dt: 202.67ms | tok/sec: 5,052 | bf16_mfu: 0.00 | epoch: 1 pq: 0 rg: 3 | total time: 2.37m | eta: 1.4m
step 00626/01000 (62.60%) | loss: 6.807960 | lrm: 1.00 | dt: 204.00ms | tok/sec: 5,019 | bf16_mfu: 0.00 | epoch: 1 pq: 0 rg: 3 | total time: 2.37m | eta: 1.4m
step 00627/01000 (62.70%) | loss: 6.785712 | lrm: 1.00 | dt: 202.91ms | tok/sec: 5,046 | bf16_mfu: 0.00 | epoch: 1 pq: 0 rg: 3 | total time: 2.38m | eta: 1.4m
step 00628/01000 (62.80%) | loss: 6.712522 | lrm: 1.00 | dt: 230.04ms | tok/sec: 4,451 | bf16_mfu: 0.00 | epoch: 1 pq: 0 rg: 3 | total time: 2.38m | eta: 1.4m
step 00629/01000 (62.90%) | loss: 6.714085 | lrm: 1.00 | dt: 346.56ms | tok/sec: 2,954 | bf16_mfu: 0.00 | epoch: 1 pq: 0 rg: 3 | total time: 2.39m | eta: 1.4m
step 00630/01000 (63.00%) | loss: 6.754908 | lrm: 1.00 | dt: 208.99ms | tok/sec: 4,899 | bf16_mfu: 0.00 | epoch: 1 pq: 0 rg: 3 | total time: 2.39m | eta: 1.4m
step 00631/01000 (63.10%) | loss: 6.753574 | lrm: 1.00 | dt: 219.81ms | tok/sec: 4,658 | bf16_mfu: 0.00 | epoch: 1 pq: 0 rg: 3 | total time: 2.39m | eta: 1.4m
step 00632/01000 (63.20%) | loss: 6.713523 | lrm: 1.00 | dt: 204.58ms | tok/sec: 5,005 | bf16_mfu: 0.00 | epoch: 1 pq: 0 rg: 3 | total time: 2.40m | eta: 1.4m
step 00633/01000 (63.30%) | loss: 6.737903 | lrm: 1.00 | dt: 198.35ms | tok/sec: 5,162 | bf16_mfu: 0.00 | epoch: 1 pq: 0 rg: 3 | total time: 2.40m | eta: 1.4m
step 00634/01000 (63.40%) | loss: 6.709501 | lrm: 1.00 | dt: 178.04ms | tok/sec: 5,751 | bf16_mfu: 0.00 | epoch: 1 pq: 0 rg: 3 | total time: 2.40m | eta: 1.4m
step 00635/01000 (63.50%) | loss: 6.669053 | lrm: 1.00 | dt: 198.45ms | tok/sec: 5,159 | bf16_mfu: 0.00 | epoch: 1 pq: 0 rg: 3 | total time: 2.41m | eta: 1.4m
step 00636/01000 (63.60%) | loss: 6.724898 | lrm: 1.00 | dt: 193.94ms | tok/sec: 5,279 | bf16_mfu: 0.00 | epoch: 1 pq: 0 rg: 3 | total time: 2.41m | eta: 1.4m
step 00637/01000 (63.70%) | loss: 6.629344 | lrm: 1.00 | dt: 183.76ms | tok/sec: 5,572 | bf16_mfu: 0.00 | epoch: 1 pq: 0 rg: 3 | total time: 2.41m | eta: 1.4m
step 00638/01000 (63.80%) | loss: 6.614232 | lrm: 1.00 | dt: 237.06ms | tok/sec: 4,319 | bf16_mfu: 0.00 | epoch: 1 pq: 0 rg: 3 | total time: 2.42m | eta: 1.4m
step 00639/01000 (63.90%) | loss: 6.616070 | lrm: 1.00 | dt: 197.51ms | tok/sec: 5,184 | bf16_mfu: 0.00 | epoch: 1 pq: 0 rg: 3 | total time: 2.42m | eta: 1.4m
step 00640/01000 (64.00%) | loss: 6.556128 | lrm: 1.00 | dt: 205.37ms | tok/sec: 4,986 | bf16_mfu: 0.00 | epoch: 1 pq: 0 rg: 3 | total time: 2.42m | eta: 1.4m
step 00641/01000 (64.10%) | loss: 6.527728 | lrm: 1.00 | dt: 199.83ms | tok/sec: 5,124 | bf16_mfu: 0.00 | epoch: 1 pq: 0 rg: 3 | total time: 2.43m | eta: 1.4m
step 00642/01000 (64.20%) | loss: 6.608504 | lrm: 1.00 | dt: 206.38ms | tok/sec: 4,961 | bf16_mfu: 0.00 | epoch: 1 pq: 0 rg: 3 | total time: 2.43m | eta: 1.4m
step 00643/01000 (64.30%) | loss: 6.603329 | lrm: 1.00 | dt: 367.34ms | tok/sec: 2,787 | bf16_mfu: 0.00 | epoch: 1 pq: 0 rg: 3 | total time: 2.44m | eta: 1.4m
step 00644/01000 (64.40%) | loss: 6.595029 | lrm: 1.00 | dt: 161.90ms | tok/sec: 6,325 | bf16_mfu: 0.00 | epoch: 1 pq: 0 rg: 3 | total time: 2.44m | eta: 1.4m
step 00645/01000 (64.50%) | loss: 6.618651 | lrm: 1.00 | dt: 224.19ms | tok/sec: 4,567 | bf16_mfu: 0.00 | epoch: 1 pq: 0 rg: 3 | total time: 2.44m | eta: 1.4m
step 00646/01000 (64.60%) | loss: 6.659882 | lrm: 1.00 | dt: 206.22ms | tok/sec: 4,965 | bf16_mfu: 0.00 | epoch: 1 pq: 0 rg: 3 | total time: 2.45m | eta: 1.4m
step 00647/01000 (64.70%) | loss: 6.686963 | lrm: 1.00 | dt: 205.00ms | tok/sec: 4,995 | bf16_mfu: 0.00 | epoch: 1 pq: 0 rg: 3 | total time: 2.45m | eta: 1.4m
step 00648/01000 (64.80%) | loss: 6.689857 | lrm: 1.00 | dt: 179.12ms | tok/sec: 5,716 | bf16_mfu: 0.00 | epoch: 1 pq: 0 rg: 3 | total time: 2.45m | eta: 1.4m
step 00649/01000 (64.90%) | loss: 6.706298 | lrm: 1.00 | dt: 173.12ms | tok/sec: 5,915 | bf16_mfu: 0.00 | epoch: 1 pq: 0 rg: 3 | total time: 2.46m | eta: 1.3m
step 00650/01000 (65.00%) | loss: 6.731008 | lrm: 1.00 | dt: 185.79ms | tok/sec: 5,511 | bf16_mfu: 0.00 | epoch: 1 pq: 0 rg: 3 | total time: 2.46m | eta: 1.3m
step 00651/01000 (65.10%) | loss: 6.760152 | lrm: 1.00 | dt: 182.54ms | tok/sec: 5,609 | bf16_mfu: 0.00 | epoch: 1 pq: 0 rg: 3 | total time: 2.46m | eta: 1.3m
step 00652/01000 (65.20%) | loss: 6.748747 | lrm: 1.00 | dt: 179.10ms | tok/sec: 5,717 | bf16_mfu: 0.00 | epoch: 1 pq: 0 rg: 3 | total time: 2.46m | eta: 1.3m
step 00653/01000 (65.30%) | loss: 6.759147 | lrm: 1.00 | dt: 326.70ms | tok/sec: 3,134 | bf16_mfu: 0.00 | epoch: 1 pq: 0 rg: 3 | total time: 2.47m | eta: 1.3m
step 00654/01000 (65.40%) | loss: 6.778644 | lrm: 1.00 | dt: 203.11ms | tok/sec: 5,041 | bf16_mfu: 0.00 | epoch: 1 pq: 0 rg: 3 | total time: 2.47m | eta: 1.3m
step 00655/01000 (65.50%) | loss: 6.783972 | lrm: 1.00 | dt: 193.66ms | tok/sec: 5,287 | bf16_mfu: 0.00 | epoch: 1 pq: 0 rg: 3 | total time: 2.48m | eta: 1.3m
step 00656/01000 (65.60%) | loss: 6.776389 | lrm: 1.00 | dt: 208.56ms | tok/sec: 4,909 | bf16_mfu: 0.00 | epoch: 1 pq: 0 rg: 3 | total time: 2.48m | eta: 1.3m
step 00657/01000 (65.70%) | loss: 6.784638 | lrm: 1.00 | dt: 207.00ms | tok/sec: 4,946 | bf16_mfu: 0.00 | epoch: 1 pq: 0 rg: 3 | total time: 2.48m | eta: 1.3m
step 00658/01000 (65.80%) | loss: 6.787649 | lrm: 1.00 | dt: 347.53ms | tok/sec: 2,946 | bf16_mfu: 0.00 | epoch: 1 pq: 0 rg: 3 | total time: 2.49m | eta: 1.3m
step 00659/01000 (65.90%) | loss: 6.732271 | lrm: 1.00 | dt: 191.50ms | tok/sec: 5,347 | bf16_mfu: 0.00 | epoch: 1 pq: 0 rg: 3 | total time: 2.49m | eta: 1.3m
step 00660/01000 (66.00%) | loss: 6.696978 | lrm: 1.00 | dt: 209.43ms | tok/sec: 4,889 | bf16_mfu: 0.00 | epoch: 1 pq: 0 rg: 3 | total time: 2.50m | eta: 1.3m
step 00661/01000 (66.10%) | loss: 6.716307 | lrm: 1.00 | dt: 247.35ms | tok/sec: 4,139 | bf16_mfu: 0.00 | epoch: 1 pq: 0 rg: 3 | total time: 2.50m | eta: 1.3m
step 00662/01000 (66.20%) | loss: 6.763864 | lrm: 1.00 | dt: 215.98ms | tok/sec: 4,741 | bf16_mfu: 0.00 | epoch: 1 pq: 0 rg: 3 | total time: 2.50m | eta: 1.3m
step 00663/01000 (66.30%) | loss: 6.797677 | lrm: 1.00 | dt: 224.25ms | tok/sec: 4,566 | bf16_mfu: 0.00 | epoch: 1 pq: 0 rg: 3 | total time: 2.51m | eta: 1.3m
step 00664/01000 (66.40%) | loss: 6.795765 | lrm: 1.00 | dt: 215.02ms | tok/sec: 4,762 | bf16_mfu: 0.00 | epoch: 1 pq: 0 rg: 3 | total time: 2.51m | eta: 1.3m
step 00665/01000 (66.50%) | loss: 6.748045 | lrm: 1.00 | dt: 212.72ms | tok/sec: 4,813 | bf16_mfu: 0.00 | epoch: 1 pq: 0 rg: 3 | total time: 2.51m | eta: 1.3m
step 00666/01000 (66.60%) | loss: 6.711355 | lrm: 1.00 | dt: 212.49ms | tok/sec: 4,819 | bf16_mfu: 0.00 | epoch: 1 pq: 0 rg: 3 | total time: 2.52m | eta: 1.3m
step 00667/01000 (66.70%) | loss: 6.685391 | lrm: 1.00 | dt: 209.78ms | tok/sec: 4,881 | bf16_mfu: 0.00 | epoch: 1 pq: 0 rg: 3 | total time: 2.52m | eta: 1.3m
step 00668/01000 (66.80%) | loss: 6.689599 | lrm: 1.00 | dt: 218.30ms | tok/sec: 4,690 | bf16_mfu: 0.00 | epoch: 1 pq: 0 rg: 3 | total time: 2.53m | eta: 1.3m
step 00669/01000 (66.90%) | loss: 6.681070 | lrm: 1.00 | dt: 197.23ms | tok/sec: 5,191 | bf16_mfu: 0.00 | epoch: 1 pq: 0 rg: 3 | total time: 2.53m | eta: 1.3m
step 00670/01000 (67.00%) | loss: 6.662137 | lrm: 1.00 | dt: 232.53ms | tok/sec: 4,403 | bf16_mfu: 0.00 | epoch: 1 pq: 0 rg: 3 | total time: 2.53m | eta: 1.3m
step 00671/01000 (67.10%) | loss: 6.707959 | lrm: 1.00 | dt: 358.31ms | tok/sec: 2,857 | bf16_mfu: 0.00 | epoch: 1 pq: 0 rg: 3 | total time: 2.54m | eta: 1.3m
step 00672/01000 (67.20%) | loss: 6.708938 | lrm: 1.00 | dt: 212.16ms | tok/sec: 4,826 | bf16_mfu: 0.00 | epoch: 1 pq: 0 rg: 3 | total time: 2.54m | eta: 1.3m
step 00673/01000 (67.30%) | loss: 6.683447 | lrm: 1.00 | dt: 205.84ms | tok/sec: 4,974 | bf16_mfu: 0.00 | epoch: 1 pq: 0 rg: 3 | total time: 2.55m | eta: 1.3m
step 00674/01000 (67.40%) | loss: 6.731887 | lrm: 1.00 | dt: 194.05ms | tok/sec: 5,277 | bf16_mfu: 0.00 | epoch: 1 pq: 0 rg: 3 | total time: 2.55m | eta: 1.3m
step 00675/01000 (67.50%) | loss: 6.728148 | lrm: 1.00 | dt: 219.18ms | tok/sec: 4,671 | bf16_mfu: 0.00 | epoch: 1 pq: 0 rg: 3 | total time: 2.55m | eta: 1.2m
step 00676/01000 (67.60%) | loss: 6.822753 | lrm: 1.00 | dt: 219.57ms | tok/sec: 4,663 | bf16_mfu: 0.00 | epoch: 1 pq: 0 rg: 3 | total time: 2.56m | eta: 1.2m
step 00677/01000 (67.70%) | loss: 6.786746 | lrm: 1.00 | dt: 194.47ms | tok/sec: 5,265 | bf16_mfu: 0.00 | epoch: 1 pq: 0 rg: 3 | total time: 2.56m | eta: 1.2m
step 00678/01000 (67.80%) | loss: 6.761632 | lrm: 1.00 | dt: 217.35ms | tok/sec: 4,711 | bf16_mfu: 0.00 | epoch: 1 pq: 0 rg: 3 | total time: 2.56m | eta: 1.2m
step 00679/01000 (67.90%) | loss: 6.775104 | lrm: 1.00 | dt: 324.76ms | tok/sec: 3,153 | bf16_mfu: 0.00 | epoch: 1 pq: 0 rg: 3 | total time: 2.57m | eta: 1.2m
step 00680/01000 (68.00%) | loss: 6.841685 | lrm: 1.00 | dt: 164.07ms | tok/sec: 6,241 | bf16_mfu: 0.00 | epoch: 1 pq: 0 rg: 3 | total time: 2.57m | eta: 1.2m
step 00681/01000 (68.10%) | loss: 6.792301 | lrm: 1.00 | dt: 194.98ms | tok/sec: 5,251 | bf16_mfu: 0.00 | epoch: 1 pq: 0 rg: 3 | total time: 2.57m | eta: 1.2m
step 00682/01000 (68.20%) | loss: 6.803668 | lrm: 1.00 | dt: 166.57ms | tok/sec: 6,147 | bf16_mfu: 0.00 | epoch: 1 pq: 0 rg: 3 | total time: 2.58m | eta: 1.2m
step 00683/01000 (68.30%) | loss: 6.762289 | lrm: 1.00 | dt: 171.67ms | tok/sec: 5,964 | bf16_mfu: 0.00 | epoch: 1 pq: 0 rg: 3 | total time: 2.58m | eta: 1.2m
step 00684/01000 (68.40%) | loss: 6.712626 | lrm: 1.00 | dt: 177.20ms | tok/sec: 5,778 | bf16_mfu: 0.00 | epoch: 1 pq: 0 rg: 3 | total time: 2.58m | eta: 1.2m
step 00685/01000 (68.50%) | loss: 6.646693 | lrm: 1.00 | dt: 175.00ms | tok/sec: 5,851 | bf16_mfu: 0.00 | epoch: 1 pq: 0 rg: 3 | total time: 2.59m | eta: 1.2m
step 00686/01000 (68.60%) | loss: 6.701636 | lrm: 1.00 | dt: 177.48ms | tok/sec: 5,769 | bf16_mfu: 0.00 | epoch: 1 pq: 0 rg: 3 | total time: 2.59m | eta: 1.2m
step 00687/01000 (68.70%) | loss: 6.673581 | lrm: 1.00 | dt: 217.44ms | tok/sec: 4,709 | bf16_mfu: 0.00 | epoch: 1 pq: 0 rg: 3 | total time: 2.59m | eta: 1.2m
step 00688/01000 (68.80%) | loss: 6.697029 | lrm: 1.00 | dt: 185.40ms | tok/sec: 5,523 | bf16_mfu: 0.00 | epoch: 1 pq: 0 rg: 3 | total time: 2.60m | eta: 1.2m
step 00689/01000 (68.90%) | loss: 6.719337 | lrm: 1.00 | dt: 208.15ms | tok/sec: 4,919 | bf16_mfu: 0.00 | epoch: 1 pq: 0 rg: 3 | total time: 2.60m | eta: 1.2m
step 00690/01000 (69.00%) | loss: 6.671400 | lrm: 1.00 | dt: 195.54ms | tok/sec: 5,236 | bf16_mfu: 0.00 | epoch: 1 pq: 0 rg: 3 | total time: 2.60m | eta: 1.2m
step 00691/01000 (69.10%) | loss: 6.721159 | lrm: 1.00 | dt: 195.02ms | tok/sec: 5,250 | bf16_mfu: 0.00 | epoch: 1 pq: 0 rg: 3 | total time: 2.61m | eta: 1.2m
step 00692/01000 (69.20%) | loss: 6.673461 | lrm: 1.00 | dt: 200.36ms | tok/sec: 5,110 | bf16_mfu: 0.00 | epoch: 1 pq: 0 rg: 3 | total time: 2.61m | eta: 1.2m
step 00693/01000 (69.30%) | loss: 6.701680 | lrm: 1.00 | dt: 196.08ms | tok/sec: 5,222 | bf16_mfu: 0.00 | epoch: 1 pq: 0 rg: 3 | total time: 2.61m | eta: 1.2m
step 00694/01000 (69.40%) | loss: 6.667105 | lrm: 1.00 | dt: 344.13ms | tok/sec: 2,975 | bf16_mfu: 0.00 | epoch: 1 pq: 0 rg: 3 | total time: 2.62m | eta: 1.2m
step 00695/01000 (69.50%) | loss: 6.671367 | lrm: 1.00 | dt: 220.53ms | tok/sec: 4,643 | bf16_mfu: 0.00 | epoch: 1 pq: 0 rg: 3 | total time: 2.62m | eta: 1.2m
step 00696/01000 (69.60%) | loss: 6.741139 | lrm: 1.00 | dt: 229.90ms | tok/sec: 4,454 | bf16_mfu: 0.00 | epoch: 1 pq: 0 rg: 3 | total time: 2.63m | eta: 1.2m
step 00697/01000 (69.70%) | loss: 6.616804 | lrm: 1.00 | dt: 180.13ms | tok/sec: 5,684 | bf16_mfu: 0.00 | epoch: 1 pq: 0 rg: 3 | total time: 2.63m | eta: 1.2m
step 00698/01000 (69.80%) | loss: 6.673897 | lrm: 1.00 | dt: 178.66ms | tok/sec: 5,731 | bf16_mfu: 0.00 | epoch: 1 pq: 0 rg: 3 | total time: 2.63m | eta: 1.2m
step 00699/01000 (69.90%) | loss: 6.690917 | lrm: 1.00 | dt: 182.24ms | tok/sec: 5,618 | bf16_mfu: 0.00 | epoch: 1 pq: 0 rg: 3 | total time: 2.63m | eta: 1.2m
step 00700/01000 (70.00%) | loss: 6.726656 | lrm: 1.00 | dt: 172.48ms | tok/sec: 5,936 | bf16_mfu: 0.00 | epoch: 1 pq: 0 rg: 3 | total time: 2.64m | eta: 1.1m
step 00701/01000 (70.10%) | loss: 6.677195 | lrm: 1.00 | dt: 147.20ms | tok/sec: 6,956 | bf16_mfu: 0.00 | epoch: 1 pq: 0 rg: 3 | total time: 2.64m | eta: 1.1m
step 00702/01000 (70.20%) | loss: 6.673843 | lrm: 1.00 | dt: 188.98ms | tok/sec: 5,418 | bf16_mfu: 0.00 | epoch: 1 pq: 0 rg: 3 | total time: 2.64m | eta: 1.1m
step 00703/01000 (70.30%) | loss: 6.707528 | lrm: 1.00 | dt: 170.33ms | tok/sec: 6,011 | bf16_mfu: 0.00 | epoch: 1 pq: 0 rg: 3 | total time: 2.65m | eta: 1.1m
step 00704/01000 (70.40%) | loss: 6.726465 | lrm: 1.00 | dt: 175.25ms | tok/sec: 5,843 | bf16_mfu: 0.00 | epoch: 1 pq: 0 rg: 3 | total time: 2.65m | eta: 1.1m
step 00705/01000 (70.50%) | loss: 6.692750 | lrm: 1.00 | dt: 178.19ms | tok/sec: 5,746 | bf16_mfu: 0.00 | epoch: 1 pq: 0 rg: 3 | total time: 2.65m | eta: 1.1m
step 00706/01000 (70.60%) | loss: 6.563205 | lrm: 1.00 | dt: 207.00ms | tok/sec: 4,946 | bf16_mfu: 0.00 | epoch: 1 pq: 0 rg: 3 | total time: 2.66m | eta: 1.1m
step 00707/01000 (70.70%) | loss: 6.529791 | lrm: 1.00 | dt: 180.90ms | tok/sec: 5,660 | bf16_mfu: 0.00 | epoch: 1 pq: 0 rg: 3 | total time: 2.66m | eta: 1.1m
step 00708/01000 (70.80%) | loss: 6.590647 | lrm: 1.00 | dt: 357.31ms | tok/sec: 2,865 | bf16_mfu: 0.00 | epoch: 1 pq: 0 rg: 3 | total time: 2.66m | eta: 1.1m
step 00709/01000 (70.90%) | loss: 6.589979 | lrm: 1.00 | dt: 286.84ms | tok/sec: 3,569 | bf16_mfu: 0.00 | epoch: 1 pq: 0 rg: 3 | total time: 2.67m | eta: 1.1m
step 00710/01000 (71.00%) | loss: 6.559957 | lrm: 1.00 | dt: 266.68ms | tok/sec: 3,839 | bf16_mfu: 0.00 | epoch: 1 pq: 0 rg: 3 | total time: 2.67m | eta: 1.1m
step 00711/01000 (71.10%) | loss: 6.522733 | lrm: 1.00 | dt: 437.31ms | tok/sec: 2,341 | bf16_mfu: 0.00 | epoch: 1 pq: 0 rg: 3 | total time: 2.68m | eta: 1.1m
step 00712/01000 (71.20%) | loss: 6.570930 | lrm: 1.00 | dt: 219.77ms | tok/sec: 4,659 | bf16_mfu: 0.00 | epoch: 1 pq: 0 rg: 3 | total time: 2.68m | eta: 1.1m
step 00713/01000 (71.30%) | loss: 6.577210 | lrm: 1.00 | dt: 197.46ms | tok/sec: 5,185 | bf16_mfu: 0.00 | epoch: 1 pq: 0 rg: 3 | total time: 2.69m | eta: 1.1m
step 00714/01000 (71.40%) | loss: 6.601205 | lrm: 1.00 | dt: 187.02ms | tok/sec: 5,475 | bf16_mfu: 0.00 | epoch: 1 pq: 0 rg: 3 | total time: 2.69m | eta: 1.1m
step 00715/01000 (71.50%) | loss: 6.563171 | lrm: 1.00 | dt: 202.89ms | tok/sec: 5,046 | bf16_mfu: 0.00 | epoch: 1 pq: 0 rg: 3 | total time: 2.69m | eta: 1.1m
step 00716/01000 (71.60%) | loss: 6.607368 | lrm: 1.00 | dt: 182.26ms | tok/sec: 5,618 | bf16_mfu: 0.00 | epoch: 1 pq: 0 rg: 3 | total time: 2.70m | eta: 1.1m
step 00717/01000 (71.70%) | loss: 6.587283 | lrm: 1.00 | dt: 176.71ms | tok/sec: 5,794 | bf16_mfu: 0.00 | epoch: 1 pq: 0 rg: 3 | total time: 2.70m | eta: 1.1m
step 00718/01000 (71.80%) | loss: 6.598673 | lrm: 1.00 | dt: 177.68ms | tok/sec: 5,763 | bf16_mfu: 0.00 | epoch: 1 pq: 0 rg: 3 | total time: 2.70m | eta: 1.1m
step 00719/01000 (71.90%) | loss: 6.615015 | lrm: 1.00 | dt: 187.52ms | tok/sec: 5,460 | bf16_mfu: 0.00 | epoch: 1 pq: 0 rg: 3 | total time: 2.71m | eta: 1.1m
step 00720/01000 (72.00%) | loss: 6.609209 | lrm: 1.00 | dt: 187.48ms | tok/sec: 5,461 | bf16_mfu: 0.00 | epoch: 1 pq: 0 rg: 3 | total time: 2.71m | eta: 1.1m
step 00721/01000 (72.10%) | loss: 6.618684 | lrm: 1.00 | dt: 188.69ms | tok/sec: 5,426 | bf16_mfu: 0.00 | epoch: 1 pq: 0 rg: 3 | total time: 2.71m | eta: 1.1m
step 00722/01000 (72.20%) | loss: 6.593712 | lrm: 1.00 | dt: 197.91ms | tok/sec: 5,174 | bf16_mfu: 0.00 | epoch: 1 pq: 0 rg: 3 | total time: 2.72m | eta: 1.1m
step 00723/01000 (72.30%) | loss: 6.587448 | lrm: 1.00 | dt: 232.25ms | tok/sec: 4,409 | bf16_mfu: 0.00 | epoch: 1 pq: 0 rg: 3 | total time: 2.72m | eta: 1.1m
step 00724/01000 (72.40%) | loss: 6.559214 | lrm: 1.00 | dt: 209.49ms | tok/sec: 4,888 | bf16_mfu: 0.00 | epoch: 1 pq: 0 rg: 3 | total time: 2.72m | eta: 1.1m
step 00725/01000 (72.50%) | loss: 6.496694 | lrm: 1.00 | dt: 241.61ms | tok/sec: 4,238 | bf16_mfu: 0.00 | epoch: 1 pq: 0 rg: 3 | total time: 2.73m | eta: 1.0m
step 00726/01000 (72.60%) | loss: 6.590962 | lrm: 1.00 | dt: 222.77ms | tok/sec: 4,596 | bf16_mfu: 0.00 | epoch: 1 pq: 0 rg: 3 | total time: 2.73m | eta: 1.0m
step 00727/01000 (72.70%) | loss: 6.585215 | lrm: 1.00 | dt: 365.66ms | tok/sec: 2,800 | bf16_mfu: 0.00 | epoch: 1 pq: 0 rg: 3 | total time: 2.74m | eta: 1.0m
step 00728/01000 (72.80%) | loss: 6.575277 | lrm: 1.00 | dt: 182.91ms | tok/sec: 5,598 | bf16_mfu: 0.00 | epoch: 1 pq: 0 rg: 3 | total time: 2.74m | eta: 1.0m
step 00729/01000 (72.90%) | loss: 6.501498 | lrm: 1.00 | dt: 279.61ms | tok/sec: 3,662 | bf16_mfu: 0.00 | epoch: 1 pq: 0 rg: 3 | total time: 2.74m | eta: 1.0m
step 00730/01000 (73.00%) | loss: 6.497665 | lrm: 1.00 | dt: 210.70ms | tok/sec: 4,860 | bf16_mfu: 0.00 | epoch: 1 pq: 0 rg: 3 | total time: 2.75m | eta: 1.0m
step 00731/01000 (73.10%) | loss: 6.579657 | lrm: 1.00 | dt: 193.01ms | tok/sec: 5,305 | bf16_mfu: 0.00 | epoch: 1 pq: 0 rg: 3 | total time: 2.75m | eta: 1.0m
step 00732/01000 (73.20%) | loss: 6.599353 | lrm: 1.00 | dt: 172.90ms | tok/sec: 5,922 | bf16_mfu: 0.00 | epoch: 1 pq: 0 rg: 3 | total time: 2.75m | eta: 1.0m
step 00733/01000 (73.30%) | loss: 6.574700 | lrm: 1.00 | dt: 171.28ms | tok/sec: 5,978 | bf16_mfu: 0.00 | epoch: 1 pq: 0 rg: 3 | total time: 2.76m | eta: 1.0m
step 00734/01000 (73.40%) | loss: 6.609872 | lrm: 1.00 | dt: 183.11ms | tok/sec: 5,592 | bf16_mfu: 0.00 | epoch: 1 pq: 0 rg: 3 | total time: 2.76m | eta: 1.0m
step 00735/01000 (73.50%) | loss: 6.652706 | lrm: 1.00 | dt: 175.46ms | tok/sec: 5,836 | bf16_mfu: 0.00 | epoch: 1 pq: 0 rg: 3 | total time: 2.76m | eta: 1.0m
step 00736/01000 (73.60%) | loss: 6.692816 | lrm: 1.00 | dt: 337.47ms | tok/sec: 3,034 | bf16_mfu: 0.00 | epoch: 1 pq: 0 rg: 3 | total time: 2.77m | eta: 1.0m
step 00737/01000 (73.70%) | loss: 6.696096 | lrm: 1.00 | dt: 172.50ms | tok/sec: 5,936 | bf16_mfu: 0.00 | epoch: 1 pq: 0 rg: 3 | total time: 2.77m | eta: 1.0m
step 00738/01000 (73.80%) | loss: 6.667941 | lrm: 1.00 | dt: 182.55ms | tok/sec: 5,609 | bf16_mfu: 0.00 | epoch: 1 pq: 0 rg: 3 | total time: 2.77m | eta: 1.0m
step 00739/01000 (73.90%) | loss: 6.645159 | lrm: 1.00 | dt: 155.24ms | tok/sec: 6,596 | bf16_mfu: 0.00 | epoch: 1 pq: 0 rg: 3 | total time: 2.78m | eta: 1.0m
step 00740/01000 (74.00%) | loss: 6.669210 | lrm: 1.00 | dt: 157.69ms | tok/sec: 6,493 | bf16_mfu: 0.00 | epoch: 1 pq: 0 rg: 3 | total time: 2.78m | eta: 1.0m
step 00741/01000 (74.10%) | loss: 6.636390 | lrm: 1.00 | dt: 159.51ms | tok/sec: 6,419 | bf16_mfu: 0.00 | epoch: 1 pq: 0 rg: 3 | total time: 2.78m | eta: 1.0m
step 00742/01000 (74.20%) | loss: 6.629886 | lrm: 1.00 | dt: 160.26ms | tok/sec: 6,389 | bf16_mfu: 0.00 | epoch: 1 pq: 0 rg: 3 | total time: 2.79m | eta: 1.0m
step 00743/01000 (74.30%) | loss: 6.607069 | lrm: 1.00 | dt: 170.83ms | tok/sec: 5,994 | bf16_mfu: 0.00 | epoch: 1 pq: 0 rg: 3 | total time: 2.79m | eta: 1.0m
step 00744/01000 (74.40%) | loss: 6.539653 | lrm: 1.00 | dt: 190.25ms | tok/sec: 5,382 | bf16_mfu: 0.00 | epoch: 1 pq: 0 rg: 3 | total time: 2.79m | eta: 1.0m
step 00745/01000 (74.50%) | loss: 6.554281 | lrm: 1.00 | dt: 208.31ms | tok/sec: 4,915 | bf16_mfu: 0.00 | epoch: 1 pq: 0 rg: 3 | total time: 2.79m | eta: 1.0m
step 00746/01000 (74.60%) | loss: 6.585071 | lrm: 1.00 | dt: 180.31ms | tok/sec: 5,679 | bf16_mfu: 0.00 | epoch: 1 pq: 0 rg: 3 | total time: 2.80m | eta: 1.0m
step 00747/01000 (74.70%) | loss: 6.551418 | lrm: 1.00 | dt: 326.50ms | tok/sec: 3,136 | bf16_mfu: 0.00 | epoch: 1 pq: 0 rg: 3 | total time: 2.80m | eta: 1.0m
step 00748/01000 (74.80%) | loss: 6.503796 | lrm: 1.00 | dt: 201.85ms | tok/sec: 5,073 | bf16_mfu: 0.00 | epoch: 1 pq: 0 rg: 3 | total time: 2.81m | eta: 1.0m
step 00749/01000 (74.90%) | loss: 6.561657 | lrm: 1.00 | dt: 196.76ms | tok/sec: 5,204 | bf16_mfu: 0.00 | epoch: 1 pq: 0 rg: 3 | total time: 2.81m | eta: 1.0m
step 00750/01000 (75.00%) | loss: 6.496914 | lrm: 1.00 | dt: 234.61ms | tok/sec: 4,364 | bf16_mfu: 0.00 | epoch: 1 pq: 0 rg: 3 | total time: 2.81m | eta: 1.0m
step 00751/01000 (75.10%) | loss: 6.514503 | lrm: 1.00 | dt: 208.87ms | tok/sec: 4,902 | bf16_mfu: 0.00 | epoch: 1 pq: 0 rg: 3 | total time: 2.82m | eta: 0.9m
step 00752/01000 (75.20%) | loss: 6.529187 | lrm: 1.00 | dt: 198.27ms | tok/sec: 5,164 | bf16_mfu: 0.00 | epoch: 1 pq: 0 rg: 3 | total time: 2.82m | eta: 0.9m
step 00753/01000 (75.30%) | loss: 6.555764 | lrm: 1.00 | dt: 197.12ms | tok/sec: 5,194 | bf16_mfu: 0.00 | epoch: 1 pq: 0 rg: 3 | total time: 2.82m | eta: 0.9m
step 00754/01000 (75.40%) | loss: 6.580972 | lrm: 1.00 | dt: 202.55ms | tok/sec: 5,055 | bf16_mfu: 0.00 | epoch: 1 pq: 0 rg: 3 | total time: 2.83m | eta: 0.9m
step 00755/01000 (75.50%) | loss: 6.667616 | lrm: 1.00 | dt: 193.41ms | tok/sec: 5,294 | bf16_mfu: 0.00 | epoch: 1 pq: 0 rg: 3 | total time: 2.83m | eta: 0.9m
step 00756/01000 (75.60%) | loss: 6.624315 | lrm: 1.00 | dt: 229.47ms | tok/sec: 4,462 | bf16_mfu: 0.00 | epoch: 1 pq: 0 rg: 3 | total time: 2.83m | eta: 0.9m
step 00757/01000 (75.70%) | loss: 6.658996 | lrm: 1.00 | dt: 187.32ms | tok/sec: 5,466 | bf16_mfu: 0.00 | epoch: 1 pq: 0 rg: 3 | total time: 2.84m | eta: 0.9m
step 00758/01000 (75.80%) | loss: 6.672081 | lrm: 1.00 | dt: 189.64ms | tok/sec: 5,399 | bf16_mfu: 0.00 | epoch: 1 pq: 0 rg: 3 | total time: 2.84m | eta: 0.9m
step 00759/01000 (75.90%) | loss: 6.682436 | lrm: 1.00 | dt: 181.57ms | tok/sec: 5,639 | bf16_mfu: 0.00 | epoch: 1 pq: 0 rg: 3 | total time: 2.84m | eta: 0.9m
step 00760/01000 (76.00%) | loss: 6.618641 | lrm: 1.00 | dt: 223.77ms | tok/sec: 4,576 | bf16_mfu: 0.00 | epoch: 1 pq: 0 rg: 3 | total time: 2.85m | eta: 0.9m
step 00761/01000 (76.10%) | loss: 6.608279 | lrm: 1.00 | dt: 422.60ms | tok/sec: 2,423 | bf16_mfu: 0.00 | epoch: 1 pq: 0 rg: 3 | total time: 2.85m | eta: 0.9m
step 00762/01000 (76.20%) | loss: 6.568160 | lrm: 1.00 | dt: 247.56ms | tok/sec: 4,136 | bf16_mfu: 0.00 | epoch: 1 pq: 0 rg: 3 | total time: 2.86m | eta: 0.9m
step 00763/01000 (76.30%) | loss: 6.530648 | lrm: 1.00 | dt: 204.85ms | tok/sec: 4,998 | bf16_mfu: 0.00 | epoch: 1 pq: 0 rg: 3 | total time: 2.86m | eta: 0.9m
step 00764/01000 (76.40%) | loss: 6.535117 | lrm: 1.00 | dt: 208.36ms | tok/sec: 4,914 | bf16_mfu: 0.00 | epoch: 1 pq: 0 rg: 3 | total time: 2.87m | eta: 0.9m
step 00765/01000 (76.50%) | loss: 6.622462 | lrm: 1.00 | dt: 235.78ms | tok/sec: 4,343 | bf16_mfu: 0.00 | epoch: 1 pq: 0 rg: 3 | total time: 2.87m | eta: 0.9m
step 00766/01000 (76.60%) | loss: 6.547176 | lrm: 1.00 | dt: 209.27ms | tok/sec: 4,893 | bf16_mfu: 0.00 | epoch: 1 pq: 0 rg: 3 | total time: 2.87m | eta: 0.9m
step 00767/01000 (76.70%) | loss: 6.524534 | lrm: 1.00 | dt: 200.30ms | tok/sec: 5,112 | bf16_mfu: 0.00 | epoch: 1 pq: 0 rg: 3 | total time: 2.88m | eta: 0.9m
step 00768/01000 (76.80%) | loss: 6.573811 | lrm: 1.00 | dt: 198.50ms | tok/sec: 5,158 | bf16_mfu: 0.00 | epoch: 1 pq: 0 rg: 3 | total time: 2.88m | eta: 0.9m
step 00769/01000 (76.90%) | loss: 6.568097 | lrm: 1.00 | dt: 210.00ms | tok/sec: 4,876 | bf16_mfu: 0.00 | epoch: 1 pq: 0 rg: 3 | total time: 2.88m | eta: 0.9m
step 00770/01000 (77.00%) | loss: 6.567175 | lrm: 1.00 | dt: 209.22ms | tok/sec: 4,894 | bf16_mfu: 0.00 | epoch: 1 pq: 0 rg: 3 | total time: 2.89m | eta: 0.9m
step 00771/01000 (77.10%) | loss: 6.562272 | lrm: 1.00 | dt: 193.73ms | tok/sec: 5,285 | bf16_mfu: 0.00 | epoch: 1 pq: 0 rg: 3 | total time: 2.89m | eta: 0.9m
step 00772/01000 (77.20%) | loss: 6.573442 | lrm: 1.00 | dt: 351.37ms | tok/sec: 2,914 | bf16_mfu: 0.00 | epoch: 1 pq: 0 rg: 3 | total time: 2.90m | eta: 0.9m
step 00773/01000 (77.30%) | loss: 6.574966 | lrm: 1.00 | dt: 211.48ms | tok/sec: 4,842 | bf16_mfu: 0.00 | epoch: 1 pq: 0 rg: 3 | total time: 2.90m | eta: 0.9m
step 00774/01000 (77.40%) | loss: 6.556422 | lrm: 1.00 | dt: 228.60ms | tok/sec: 4,479 | bf16_mfu: 0.00 | epoch: 1 pq: 0 rg: 3 | total time: 2.90m | eta: 0.9m
step 00775/01000 (77.50%) | loss: 6.591910 | lrm: 1.00 | dt: 244.52ms | tok/sec: 4,187 | bf16_mfu: 0.00 | epoch: 1 pq: 0 rg: 3 | total time: 2.91m | eta: 0.9m
step 00776/01000 (77.60%) | loss: 6.578411 | lrm: 1.00 | dt: 198.58ms | tok/sec: 5,156 | bf16_mfu: 0.00 | epoch: 1 pq: 0 rg: 3 | total time: 2.91m | eta: 0.9m
step 00777/01000 (77.70%) | loss: 6.583635 | lrm: 1.00 | dt: 198.31ms | tok/sec: 5,163 | bf16_mfu: 0.00 | epoch: 1 pq: 0 rg: 3 | total time: 2.91m | eta: 0.8m
step 00778/01000 (77.80%) | loss: 6.602932 | lrm: 1.00 | dt: 189.99ms | tok/sec: 5,389 | bf16_mfu: 0.00 | epoch: 1 pq: 0 rg: 3 | total time: 2.92m | eta: 0.8m
step 00779/01000 (77.90%) | loss: 6.625114 | lrm: 1.00 | dt: 182.76ms | tok/sec: 5,602 | bf16_mfu: 0.00 | epoch: 1 pq: 0 rg: 3 | total time: 2.92m | eta: 0.8m
step 00780/01000 (78.00%) | loss: 6.686711 | lrm: 1.00 | dt: 190.47ms | tok/sec: 5,376 | bf16_mfu: 0.00 | epoch: 1 pq: 0 rg: 3 | total time: 2.92m | eta: 0.8m
step 00781/01000 (78.10%) | loss: 6.681633 | lrm: 1.00 | dt: 190.36ms | tok/sec: 5,379 | bf16_mfu: 0.00 | epoch: 1 pq: 0 rg: 3 | total time: 2.93m | eta: 0.8m
step 00782/01000 (78.20%) | loss: 6.721381 | lrm: 1.00 | dt: 222.24ms | tok/sec: 4,607 | bf16_mfu: 0.00 | epoch: 1 pq: 0 rg: 3 | total time: 2.93m | eta: 0.8m
step 00783/01000 (78.30%) | loss: 6.676641 | lrm: 1.00 | dt: 350.42ms | tok/sec: 2,922 | bf16_mfu: 0.00 | epoch: 1 pq: 0 rg: 3 | total time: 2.94m | eta: 0.8m
step 00784/01000 (78.40%) | loss: 6.635597 | lrm: 1.00 | dt: 214.78ms | tok/sec: 4,767 | bf16_mfu: 0.00 | epoch: 1 pq: 0 rg: 3 | total time: 2.94m | eta: 0.8m
step 00785/01000 (78.50%) | loss: 6.653044 | lrm: 1.00 | dt: 206.48ms | tok/sec: 4,959 | bf16_mfu: 0.00 | epoch: 1 pq: 0 rg: 3 | total time: 2.94m | eta: 0.8m
step 00786/01000 (78.60%) | loss: 6.601591 | lrm: 1.00 | dt: 181.81ms | tok/sec: 5,632 | bf16_mfu: 0.00 | epoch: 1 pq: 0 rg: 3 | total time: 2.95m | eta: 0.8m
step 00787/01000 (78.70%) | loss: 6.664348 | lrm: 1.00 | dt: 207.96ms | tok/sec: 4,924 | bf16_mfu: 0.00 | epoch: 1 pq: 0 rg: 3 | total time: 2.95m | eta: 0.8m
step 00788/01000 (78.80%) | loss: 6.633117 | lrm: 1.00 | dt: 176.80ms | tok/sec: 5,791 | bf16_mfu: 0.00 | epoch: 1 pq: 0 rg: 3 | total time: 2.95m | eta: 0.8m
step 00789/01000 (78.90%) | loss: 6.639818 | lrm: 1.00 | dt: 175.20ms | tok/sec: 5,844 | bf16_mfu: 0.00 | epoch: 1 pq: 0 rg: 3 | total time: 2.95m | eta: 0.8m
step 00790/01000 (79.00%) | loss: 6.660743 | lrm: 1.00 | dt: 174.15ms | tok/sec: 5,879 | bf16_mfu: 0.00 | epoch: 1 pq: 0 rg: 3 | total time: 2.96m | eta: 0.8m
step 00791/01000 (79.10%) | loss: 6.573023 | lrm: 1.00 | dt: 171.17ms | tok/sec: 5,982 | bf16_mfu: 0.00 | epoch: 1 pq: 0 rg: 3 | total time: 2.96m | eta: 0.8m
step 00792/01000 (79.20%) | loss: 6.639898 | lrm: 1.00 | dt: 184.90ms | tok/sec: 5,538 | bf16_mfu: 0.00 | epoch: 1 pq: 0 rg: 3 | total time: 2.96m | eta: 0.8m
step 00793/01000 (79.30%) | loss: 6.594353 | lrm: 1.00 | dt: 181.14ms | tok/sec: 5,653 | bf16_mfu: 0.00 | epoch: 1 pq: 0 rg: 3 | total time: 2.97m | eta: 0.8m
step 00794/01000 (79.40%) | loss: 6.615270 | lrm: 1.00 | dt: 178.96ms | tok/sec: 5,721 | bf16_mfu: 0.00 | epoch: 1 pq: 0 rg: 3 | total time: 2.97m | eta: 0.8m
step 00795/01000 (79.50%) | loss: 6.567078 | lrm: 1.00 | dt: 196.44ms | tok/sec: 5,212 | bf16_mfu: 0.00 | epoch: 1 pq: 0 rg: 3 | total time: 2.97m | eta: 0.8m
step 00796/01000 (79.60%) | loss: 6.637777 | lrm: 1.00 | dt: 197.72ms | tok/sec: 5,179 | bf16_mfu: 0.00 | epoch: 1 pq: 0 rg: 3 | total time: 2.98m | eta: 0.8m
step 00797/01000 (79.70%) | loss: 6.639705 | lrm: 1.00 | dt: 223.97ms | tok/sec: 4,572 | bf16_mfu: 0.00 | epoch: 1 pq: 0 rg: 3 | total time: 2.98m | eta: 0.8m
step 00798/01000 (79.80%) | loss: 6.644971 | lrm: 1.00 | dt: 359.03ms | tok/sec: 2,852 | bf16_mfu: 0.00 | epoch: 1 pq: 0 rg: 3 | total time: 2.99m | eta: 0.8m
step 00799/01000 (79.90%) | loss: 6.640437 | lrm: 1.00 | dt: 206.03ms | tok/sec: 4,970 | bf16_mfu: 0.00 | epoch: 1 pq: 0 rg: 3 | total time: 2.99m | eta: 0.8m
step 00800/01000 (80.00%) | loss: 6.643049 | lrm: 1.00 | dt: 202.54ms | tok/sec: 5,055 | bf16_mfu: 0.00 | epoch: 1 pq: 0 rg: 3 | total time: 2.99m | eta: 0.8m
step 00801/01000 (80.10%) | loss: 6.639320 | lrm: 1.00 | dt: 197.24ms | tok/sec: 5,191 | bf16_mfu: 0.00 | epoch: 1 pq: 0 rg: 3 | total time: 3.00m | eta: 0.8m
step 00802/01000 (80.20%) | loss: 6.678121 | lrm: 1.00 | dt: 191.07ms | tok/sec: 5,359 | bf16_mfu: 0.00 | epoch: 1 pq: 0 rg: 3 | total time: 3.00m | eta: 0.7m
step 00803/01000 (80.30%) | loss: 6.678890 | lrm: 1.00 | dt: 179.64ms | tok/sec: 5,700 | bf16_mfu: 0.00 | epoch: 1 pq: 0 rg: 3 | total time: 3.00m | eta: 0.7m
step 00804/01000 (80.40%) | loss: 6.707843 | lrm: 1.00 | dt: 183.40ms | tok/sec: 5,583 | bf16_mfu: 0.00 | epoch: 1 pq: 0 rg: 3 | total time: 3.01m | eta: 0.7m
step 00805/01000 (80.50%) | loss: 6.690724 | lrm: 1.00 | dt: 184.13ms | tok/sec: 5,561 | bf16_mfu: 0.00 | epoch: 1 pq: 0 rg: 3 | total time: 3.01m | eta: 0.7m
step 00806/01000 (80.60%) | loss: 6.716038 | lrm: 1.00 | dt: 176.11ms | tok/sec: 5,814 | bf16_mfu: 0.00 | epoch: 1 pq: 0 rg: 3 | total time: 3.01m | eta: 0.7m
step 00807/01000 (80.70%) | loss: 6.724934 | lrm: 1.00 | dt: 184.22ms | tok/sec: 5,558 | bf16_mfu: 0.00 | epoch: 1 pq: 0 rg: 3 | total time: 3.01m | eta: 0.7m
step 00808/01000 (80.80%) | loss: 6.732364 | lrm: 1.00 | dt: 284.35ms | tok/sec: 3,601 | bf16_mfu: 0.00 | epoch: 1 pq: 0 rg: 3 | total time: 3.02m | eta: 0.7m
step 00809/01000 (80.90%) | loss: 6.665846 | lrm: 1.00 | dt: 180.47ms | tok/sec: 5,673 | bf16_mfu: 0.00 | epoch: 1 pq: 0 rg: 3 | total time: 3.02m | eta: 0.7m
step 00810/01000 (81.00%) | loss: 6.650029 | lrm: 1.00 | dt: 205.40ms | tok/sec: 4,985 | bf16_mfu: 0.00 | epoch: 1 pq: 0 rg: 3 | total time: 3.03m | eta: 0.7m
step 00811/01000 (81.10%) | loss: 6.668643 | lrm: 1.00 | dt: 236.77ms | tok/sec: 4,324 | bf16_mfu: 0.00 | epoch: 1 pq: 0 rg: 3 | total time: 3.03m | eta: 0.7m
step 00812/01000 (81.20%) | loss: 6.709285 | lrm: 1.00 | dt: 253.93ms | tok/sec: 4,032 | bf16_mfu: 0.00 | epoch: 1 pq: 0 rg: 3 | total time: 3.03m | eta: 0.7m
step 00813/01000 (81.30%) | loss: 6.744141 | lrm: 1.00 | dt: 267.76ms | tok/sec: 3,824 | bf16_mfu: 0.00 | epoch: 1 pq: 0 rg: 3 | total time: 3.04m | eta: 0.7m
step 00814/01000 (81.40%) | loss: 6.733784 | lrm: 1.00 | dt: 413.66ms | tok/sec: 2,475 | bf16_mfu: 0.00 | epoch: 1 pq: 0 rg: 3 | total time: 3.05m | eta: 0.7m
step 00815/01000 (81.50%) | loss: 6.868934 | lrm: 1.00 | dt: 226.70ms | tok/sec: 4,516 | bf16_mfu: 0.00 | epoch: 1 pq: 0 rg: 3 | total time: 3.05m | eta: 0.7m
step 00816/01000 (81.60%) | loss: 6.821254 | lrm: 1.00 | dt: 227.52ms | tok/sec: 4,500 | bf16_mfu: 0.00 | epoch: 1 pq: 0 rg: 3 | total time: 3.05m | eta: 0.7m
step 00817/01000 (81.70%) | loss: 6.845159 | lrm: 1.00 | dt: 213.78ms | tok/sec: 4,790 | bf16_mfu: 0.00 | epoch: 1 pq: 0 rg: 3 | total time: 3.06m | eta: 0.7m
step 00818/01000 (81.80%) | loss: 6.832213 | lrm: 1.00 | dt: 227.28ms | tok/sec: 4,505 | bf16_mfu: 0.00 | epoch: 1 pq: 0 rg: 3 | total time: 3.06m | eta: 0.7m
step 00819/01000 (81.90%) | loss: 6.825010 | lrm: 1.00 | dt: 214.81ms | tok/sec: 4,766 | bf16_mfu: 0.00 | epoch: 1 pq: 0 rg: 3 | total time: 3.06m | eta: 0.7m
step 00820/01000 (82.00%) | loss: 6.864638 | lrm: 1.00 | dt: 223.39ms | tok/sec: 4,583 | bf16_mfu: 0.00 | epoch: 1 pq: 0 rg: 3 | total time: 3.07m | eta: 0.7m
step 00821/01000 (82.10%) | loss: 6.847038 | lrm: 1.00 | dt: 197.57ms | tok/sec: 5,182 | bf16_mfu: 0.00 | epoch: 1 pq: 0 rg: 3 | total time: 3.07m | eta: 0.7m
step 00822/01000 (82.20%) | loss: 6.815896 | lrm: 1.00 | dt: 208.61ms | tok/sec: 4,908 | bf16_mfu: 0.00 | epoch: 1 pq: 0 rg: 3 | total time: 3.07m | eta: 0.7m
step 00823/01000 (82.30%) | loss: 6.769733 | lrm: 1.00 | dt: 214.94ms | tok/sec: 4,764 | bf16_mfu: 0.00 | epoch: 1 pq: 0 rg: 3 | total time: 3.08m | eta: 0.7m
step 00824/01000 (82.40%) | loss: 6.718350 | lrm: 1.00 | dt: 215.04ms | tok/sec: 4,761 | bf16_mfu: 0.00 | epoch: 1 pq: 0 rg: 3 | total time: 3.08m | eta: 0.7m
step 00825/01000 (82.50%) | loss: 6.739110 | lrm: 1.00 | dt: 230.08ms | tok/sec: 4,450 | bf16_mfu: 0.00 | epoch: 1 pq: 0 rg: 3 | total time: 3.09m | eta: 0.7m
step 00826/01000 (82.60%) | loss: 6.782907 | lrm: 1.00 | dt: 226.98ms | tok/sec: 4,511 | bf16_mfu: 0.00 | epoch: 1 pq: 0 rg: 3 | total time: 3.09m | eta: 0.7m
step 00827/01000 (82.70%) | loss: 6.870680 | lrm: 1.00 | dt: 320.95ms | tok/sec: 3,190 | bf16_mfu: 0.00 | epoch: 1 pq: 0 rg: 3 | total time: 3.09m | eta: 0.7m
step 00828/01000 (82.80%) | loss: 6.829865 | lrm: 1.00 | dt: 177.12ms | tok/sec: 5,781 | bf16_mfu: 0.00 | epoch: 1 pq: 0 rg: 3 | total time: 3.10m | eta: 0.7m
step 00829/01000 (82.90%) | loss: 6.849910 | lrm: 1.00 | dt: 204.81ms | tok/sec: 4,999 | bf16_mfu: 0.00 | epoch: 1 pq: 0 rg: 3 | total time: 3.10m | eta: 0.6m
step 00830/01000 (83.00%) | loss: 6.828734 | lrm: 1.00 | dt: 187.19ms | tok/sec: 5,470 | bf16_mfu: 0.00 | epoch: 1 pq: 0 rg: 3 | total time: 3.10m | eta: 0.6m
step 00831/01000 (83.10%) | loss: 6.816174 | lrm: 1.00 | dt: 207.02ms | tok/sec: 4,946 | bf16_mfu: 0.00 | epoch: 1 pq: 0 rg: 3 | total time: 3.11m | eta: 0.6m
step 00832/01000 (83.20%) | loss: 6.765153 | lrm: 1.00 | dt: 197.89ms | tok/sec: 5,174 | bf16_mfu: 0.00 | epoch: 1 pq: 0 rg: 3 | total time: 3.11m | eta: 0.6m
step 00833/01000 (83.30%) | loss: 6.644780 | lrm: 1.00 | dt: 244.06ms | tok/sec: 4,195 | bf16_mfu: 0.00 | epoch: 1 pq: 0 rg: 3 | total time: 3.11m | eta: 0.6m
step 00834/01000 (83.40%) | loss: 6.643400 | lrm: 1.00 | dt: 232.01ms | tok/sec: 4,413 | bf16_mfu: 0.00 | epoch: 1 pq: 0 rg: 3 | total time: 3.12m | eta: 0.6m
step 00835/01000 (83.50%) | loss: 6.650522 | lrm: 1.00 | dt: 184.27ms | tok/sec: 5,556 | bf16_mfu: 0.00 | epoch: 1 pq: 0 rg: 3 | total time: 3.12m | eta: 0.6m
step 00836/01000 (83.60%) | loss: 6.617397 | lrm: 1.00 | dt: 326.13ms | tok/sec: 3,139 | bf16_mfu: 0.00 | epoch: 1 pq: 0 rg: 3 | total time: 3.13m | eta: 0.6m
step 00837/01000 (83.70%) | loss: 6.674403 | lrm: 1.00 | dt: 170.92ms | tok/sec: 5,991 | bf16_mfu: 0.00 | epoch: 1 pq: 0 rg: 3 | total time: 3.13m | eta: 0.6m
step 00838/01000 (83.80%) | loss: 6.703397 | lrm: 1.00 | dt: 187.65ms | tok/sec: 5,456 | bf16_mfu: 0.00 | epoch: 1 pq: 0 rg: 3 | total time: 3.13m | eta: 0.6m
step 00839/01000 (83.90%) | loss: 6.679329 | lrm: 1.00 | dt: 175.46ms | tok/sec: 5,836 | bf16_mfu: 0.00 | epoch: 1 pq: 0 rg: 3 | total time: 3.14m | eta: 0.6m
step 00840/01000 (84.00%) | loss: 6.697123 | lrm: 1.00 | dt: 170.76ms | tok/sec: 5,996 | bf16_mfu: 0.00 | epoch: 1 pq: 0 rg: 3 | total time: 3.14m | eta: 0.6m
step 00841/01000 (84.10%) | loss: 6.654025 | lrm: 1.00 | dt: 185.91ms | tok/sec: 5,508 | bf16_mfu: 0.00 | epoch: 1 pq: 0 rg: 3 | total time: 3.14m | eta: 0.6m
step 00842/01000 (84.20%) | loss: 6.667145 | lrm: 1.00 | dt: 170.71ms | tok/sec: 5,998 | bf16_mfu: 0.00 | epoch: 1 pq: 0 rg: 3 | total time: 3.14m | eta: 0.6m
step 00843/01000 (84.30%) | loss: 6.667067 | lrm: 1.00 | dt: 176.87ms | tok/sec: 5,789 | bf16_mfu: 0.00 | epoch: 1 pq: 0 rg: 3 | total time: 3.15m | eta: 0.6m
step 00844/01000 (84.40%) | loss: 6.692683 | lrm: 1.00 | dt: 198.41ms | tok/sec: 5,161 | bf16_mfu: 0.00 | epoch: 1 pq: 0 rg: 3 | total time: 3.15m | eta: 0.6m
step 00845/01000 (84.50%) | loss: 6.700952 | lrm: 1.00 | dt: 189.59ms | tok/sec: 5,401 | bf16_mfu: 0.00 | epoch: 1 pq: 0 rg: 3 | total time: 3.15m | eta: 0.6m
step 00846/01000 (84.60%) | loss: 6.616554 | lrm: 1.00 | dt: 186.87ms | tok/sec: 5,479 | bf16_mfu: 0.00 | epoch: 1 pq: 0 rg: 3 | total time: 3.16m | eta: 0.6m
step 00847/01000 (84.70%) | loss: 6.651104 | lrm: 1.00 | dt: 196.40ms | tok/sec: 5,213 | bf16_mfu: 0.00 | epoch: 1 pq: 0 rg: 3 | total time: 3.16m | eta: 0.6m
step 00848/01000 (84.80%) | loss: 6.678504 | lrm: 1.00 | dt: 181.92ms | tok/sec: 5,628 | bf16_mfu: 0.00 | epoch: 1 pq: 0 rg: 3 | total time: 3.16m | eta: 0.6m
step 00849/01000 (84.90%) | loss: 6.742912 | lrm: 1.00 | dt: 206.30ms | tok/sec: 4,963 | bf16_mfu: 0.00 | epoch: 1 pq: 0 rg: 3 | total time: 3.17m | eta: 0.6m
step 00850/01000 (85.00%) | loss: 6.716651 | lrm: 1.00 | dt: 182.34ms | tok/sec: 5,615 | bf16_mfu: 0.00 | epoch: 1 pq: 0 rg: 3 | total time: 3.17m | eta: 0.6m
step 00851/01000 (85.10%) | loss: 6.696491 | lrm: 1.00 | dt: 377.60ms | tok/sec: 2,711 | bf16_mfu: 0.00 | epoch: 1 pq: 0 rg: 3 | total time: 3.18m | eta: 0.6m
step 00852/01000 (85.20%) | loss: 6.665985 | lrm: 1.00 | dt: 189.81ms | tok/sec: 5,394 | bf16_mfu: 0.00 | epoch: 1 pq: 0 rg: 3 | total time: 3.18m | eta: 0.6m
step 00853/01000 (85.30%) | loss: 6.726059 | lrm: 1.00 | dt: 232.87ms | tok/sec: 4,397 | bf16_mfu: 0.00 | epoch: 1 pq: 0 rg: 3 | total time: 3.18m | eta: 0.6m
step 00854/01000 (85.40%) | loss: 6.748311 | lrm: 1.00 | dt: 172.06ms | tok/sec: 5,951 | bf16_mfu: 0.00 | epoch: 1 pq: 0 rg: 3 | total time: 3.19m | eta: 0.6m
step 00855/01000 (85.50%) | loss: 6.734597 | lrm: 1.00 | dt: 194.45ms | tok/sec: 5,266 | bf16_mfu: 0.00 | epoch: 1 pq: 0 rg: 3 | total time: 3.19m | eta: 0.5m
step 00856/01000 (85.60%) | loss: 6.748464 | lrm: 1.00 | dt: 183.07ms | tok/sec: 5,593 | bf16_mfu: 0.00 | epoch: 1 pq: 0 rg: 3 | total time: 3.19m | eta: 0.5m
step 00857/01000 (85.70%) | loss: 6.707047 | lrm: 1.00 | dt: 175.24ms | tok/sec: 5,843 | bf16_mfu: 0.00 | epoch: 1 pq: 0 rg: 3 | total time: 3.20m | eta: 0.5m
step 00858/01000 (85.80%) | loss: 6.739723 | lrm: 1.00 | dt: 166.84ms | tok/sec: 6,137 | bf16_mfu: 0.00 | epoch: 1 pq: 0 rg: 3 | total time: 3.20m | eta: 0.5m
step 00859/01000 (85.90%) | loss: 6.793963 | lrm: 1.00 | dt: 181.71ms | tok/sec: 5,635 | bf16_mfu: 0.00 | epoch: 1 pq: 0 rg: 3 | total time: 3.20m | eta: 0.5m
step 00860/01000 (86.00%) | loss: 6.816168 | lrm: 1.00 | dt: 188.06ms | tok/sec: 5,445 | bf16_mfu: 0.00 | epoch: 1 pq: 0 rg: 3 | total time: 3.20m | eta: 0.5m
step 00861/01000 (86.10%) | loss: 6.809489 | lrm: 1.00 | dt: 209.60ms | tok/sec: 4,885 | bf16_mfu: 0.00 | epoch: 1 pq: 0 rg: 3 | total time: 3.21m | eta: 0.5m
step 00862/01000 (86.20%) | loss: 6.857328 | lrm: 1.00 | dt: 205.95ms | tok/sec: 4,972 | bf16_mfu: 0.00 | epoch: 1 pq: 0 rg: 3 | total time: 3.21m | eta: 0.5m
step 00863/01000 (86.30%) | loss: 6.847238 | lrm: 1.00 | dt: 220.44ms | tok/sec: 4,645 | bf16_mfu: 0.00 | epoch: 1 pq: 0 rg: 3 | total time: 3.21m | eta: 0.5m
step 00864/01000 (86.40%) | loss: 6.853385 | lrm: 1.00 | dt: 377.00ms | tok/sec: 2,716 | bf16_mfu: 0.00 | epoch: 1 pq: 0 rg: 3 | total time: 3.22m | eta: 0.5m
step 00865/01000 (86.50%) | loss: 6.799751 | lrm: 1.00 | dt: 232.66ms | tok/sec: 4,401 | bf16_mfu: 0.00 | epoch: 1 pq: 0 rg: 3 | total time: 3.22m | eta: 0.5m
step 00866/01000 (86.60%) | loss: 6.791394 | lrm: 1.00 | dt: 367.94ms | tok/sec: 2,783 | bf16_mfu: 0.00 | epoch: 1 pq: 0 rg: 3 | total time: 3.23m | eta: 0.5m
step 00867/01000 (86.70%) | loss: 6.702614 | lrm: 1.00 | dt: 200.12ms | tok/sec: 5,116 | bf16_mfu: 0.00 | epoch: 1 pq: 0 rg: 3 | total time: 3.23m | eta: 0.5m
step 00868/01000 (86.80%) | loss: 6.641950 | lrm: 1.00 | dt: 177.88ms | tok/sec: 5,756 | bf16_mfu: 0.00 | epoch: 1 pq: 0 rg: 3 | total time: 3.24m | eta: 0.5m
step 00869/01000 (86.90%) | loss: 6.633107 | lrm: 1.00 | dt: 179.29ms | tok/sec: 5,711 | bf16_mfu: 0.00 | epoch: 1 pq: 0 rg: 3 | total time: 3.24m | eta: 0.5m
step 00870/01000 (87.00%) | loss: 6.603761 | lrm: 1.00 | dt: 215.83ms | tok/sec: 4,744 | bf16_mfu: 0.00 | epoch: 1 pq: 0 rg: 3 | total time: 3.24m | eta: 0.5m
step 00871/01000 (87.10%) | loss: 6.585652 | lrm: 1.00 | dt: 199.21ms | tok/sec: 5,140 | bf16_mfu: 0.00 | epoch: 1 pq: 0 rg: 3 | total time: 3.25m | eta: 0.5m
step 00872/01000 (87.20%) | loss: 6.531875 | lrm: 1.00 | dt: 209.54ms | tok/sec: 4,886 | bf16_mfu: 0.00 | epoch: 1 pq: 0 rg: 3 | total time: 3.25m | eta: 0.5m
step 00873/01000 (87.30%) | loss: 6.523209 | lrm: 1.00 | dt: 196.05ms | tok/sec: 5,223 | bf16_mfu: 0.00 | epoch: 1 pq: 0 rg: 3 | total time: 3.25m | eta: 0.5m
step 00874/01000 (87.40%) | loss: 6.462962 | lrm: 1.00 | dt: 210.91ms | tok/sec: 4,855 | bf16_mfu: 0.00 | epoch: 1 pq: 0 rg: 3 | total time: 3.26m | eta: 0.5m
step 00875/01000 (87.50%) | loss: 6.515963 | lrm: 1.00 | dt: 217.52ms | tok/sec: 4,707 | bf16_mfu: 0.00 | epoch: 1 pq: 0 rg: 3 | total time: 3.26m | eta: 0.5m
step 00876/01000 (87.60%) | loss: 6.567072 | lrm: 1.00 | dt: 188.54ms | tok/sec: 5,431 | bf16_mfu: 0.00 | epoch: 1 pq: 0 rg: 3 | total time: 3.26m | eta: 0.5m
step 00877/01000 (87.70%) | loss: 6.630499 | lrm: 1.00 | dt: 196.79ms | tok/sec: 5,203 | bf16_mfu: 0.00 | epoch: 1 pq: 0 rg: 3 | total time: 3.27m | eta: 0.5m
step 00878/01000 (87.80%) | loss: 6.610680 | lrm: 1.00 | dt: 205.79ms | tok/sec: 4,976 | bf16_mfu: 0.00 | epoch: 1 pq: 0 rg: 3 | total time: 3.27m | eta: 0.5m
step 00879/01000 (87.90%) | loss: 6.610084 | lrm: 1.00 | dt: 375.40ms | tok/sec: 2,727 | bf16_mfu: 0.00 | epoch: 1 pq: 0 rg: 3 | total time: 3.28m | eta: 0.5m
step 00880/01000 (88.00%) | loss: 6.660503 | lrm: 1.00 | dt: 195.38ms | tok/sec: 5,241 | bf16_mfu: 0.00 | epoch: 1 pq: 0 rg: 3 | total time: 3.28m | eta: 0.5m
step 00881/01000 (88.10%) | loss: 6.601932 | lrm: 1.00 | dt: 217.78ms | tok/sec: 4,702 | bf16_mfu: 0.00 | epoch: 1 pq: 0 rg: 3 | total time: 3.28m | eta: 0.4m
step 00882/01000 (88.20%) | loss: 6.607272 | lrm: 1.00 | dt: 201.13ms | tok/sec: 5,091 | bf16_mfu: 0.00 | epoch: 1 pq: 0 rg: 3 | total time: 3.29m | eta: 0.4m
step 00883/01000 (88.30%) | loss: 6.596759 | lrm: 1.00 | dt: 208.93ms | tok/sec: 4,901 | bf16_mfu: 0.00 | epoch: 1 pq: 0 rg: 3 | total time: 3.29m | eta: 0.4m
step 00884/01000 (88.40%) | loss: 6.588817 | lrm: 1.00 | dt: 171.95ms | tok/sec: 5,955 | bf16_mfu: 0.00 | epoch: 1 pq: 0 rg: 3 | total time: 3.29m | eta: 0.4m
step 00885/01000 (88.50%) | loss: 6.681699 | lrm: 1.00 | dt: 174.24ms | tok/sec: 5,877 | bf16_mfu: 0.00 | epoch: 1 pq: 0 rg: 3 | total time: 3.30m | eta: 0.4m
step 00886/01000 (88.60%) | loss: 6.670225 | lrm: 1.00 | dt: 199.13ms | tok/sec: 5,142 | bf16_mfu: 0.00 | epoch: 1 pq: 0 rg: 3 | total time: 3.30m | eta: 0.4m
step 00887/01000 (88.70%) | loss: 6.635781 | lrm: 1.00 | dt: 199.10ms | tok/sec: 5,143 | bf16_mfu: 0.00 | epoch: 1 pq: 0 rg: 3 | total time: 3.30m | eta: 0.4m
step 00888/01000 (88.80%) | loss: 6.635577 | lrm: 1.00 | dt: 288.33ms | tok/sec: 3,551 | bf16_mfu: 0.00 | epoch: 1 pq: 0 rg: 3 | total time: 3.31m | eta: 0.4m
step 00889/01000 (88.90%) | loss: 6.668380 | lrm: 1.00 | dt: 185.12ms | tok/sec: 5,531 | bf16_mfu: 0.00 | epoch: 1 pq: 0 rg: 3 | total time: 3.31m | eta: 0.4m
step 00890/01000 (89.00%) | loss: 6.731312 | lrm: 1.00 | dt: 176.89ms | tok/sec: 5,788 | bf16_mfu: 0.00 | epoch: 1 pq: 0 rg: 3 | total time: 3.31m | eta: 0.4m
step 00891/01000 (89.10%) | loss: 6.719146 | lrm: 1.00 | dt: 181.71ms | tok/sec: 5,635 | bf16_mfu: 0.00 | epoch: 1 pq: 0 rg: 3 | total time: 3.32m | eta: 0.4m
step 00892/01000 (89.20%) | loss: 6.708809 | lrm: 1.00 | dt: 153.77ms | tok/sec: 6,659 | bf16_mfu: 0.00 | epoch: 1 pq: 0 rg: 3 | total time: 3.32m | eta: 0.4m
step 00893/01000 (89.30%) | loss: 6.644536 | lrm: 1.00 | dt: 186.71ms | tok/sec: 5,484 | bf16_mfu: 0.00 | epoch: 1 pq: 0 rg: 3 | total time: 3.32m | eta: 0.4m
step 00894/01000 (89.40%) | loss: 6.649182 | lrm: 1.00 | dt: 175.26ms | tok/sec: 5,842 | bf16_mfu: 0.00 | epoch: 1 pq: 0 rg: 3 | total time: 3.33m | eta: 0.4m
step 00895/01000 (89.50%) | loss: 6.601420 | lrm: 1.00 | dt: 174.08ms | tok/sec: 5,882 | bf16_mfu: 0.00 | epoch: 1 pq: 0 rg: 3 | total time: 3.33m | eta: 0.4m
step 00896/01000 (89.60%) | loss: 6.561548 | lrm: 1.00 | dt: 186.92ms | tok/sec: 5,478 | bf16_mfu: 0.00 | epoch: 1 pq: 0 rg: 3 | total time: 3.33m | eta: 0.4m
step 00897/01000 (89.70%) | loss: 6.602557 | lrm: 1.00 | dt: 212.71ms | tok/sec: 4,814 | bf16_mfu: 0.00 | epoch: 1 pq: 0 rg: 3 | total time: 3.34m | eta: 0.4m
step 00898/01000 (89.80%) | loss: 6.621918 | lrm: 1.00 | dt: 192.53ms | tok/sec: 5,318 | bf16_mfu: 0.00 | epoch: 1 pq: 0 rg: 3 | total time: 3.34m | eta: 0.4m
step 00899/01000 (89.90%) | loss: 6.610788 | lrm: 1.00 | dt: 235.20ms | tok/sec: 4,353 | bf16_mfu: 0.00 | epoch: 1 pq: 0 rg: 3 | total time: 3.34m | eta: 0.4m
step 00900/01000 (90.00%) | loss: 6.679177 | lrm: 1.00 | dt: 214.29ms | tok/sec: 4,778 | bf16_mfu: 0.00 | epoch: 1 pq: 0 rg: 3 | total time: 3.35m | eta: 0.4m
step 00901/01000 (90.10%) | loss: 6.631868 | lrm: 0.99 | dt: 243.12ms | tok/sec: 4,211 | bf16_mfu: 0.00 | epoch: 1 pq: 0 rg: 3 | total time: 3.35m | eta: 0.4m
step 00902/01000 (90.20%) | loss: 6.644007 | lrm: 0.98 | dt: 379.01ms | tok/sec: 2,701 | bf16_mfu: 0.00 | epoch: 1 pq: 0 rg: 3 | total time: 3.36m | eta: 0.4m
step 00903/01000 (90.30%) | loss: 6.686148 | lrm: 0.97 | dt: 211.54ms | tok/sec: 4,840 | bf16_mfu: 0.00 | epoch: 1 pq: 0 rg: 3 | total time: 3.36m | eta: 0.4m
step 00904/01000 (90.40%) | loss: 6.739160 | lrm: 0.96 | dt: 197.26ms | tok/sec: 5,191 | bf16_mfu: 0.00 | epoch: 1 pq: 0 rg: 3 | total time: 3.36m | eta: 0.4m
step 00905/01000 (90.50%) | loss: 6.680843 | lrm: 0.95 | dt: 199.00ms | tok/sec: 5,145 | bf16_mfu: 0.00 | epoch: 1 pq: 0 rg: 3 | total time: 3.37m | eta: 0.4m
step 00906/01000 (90.60%) | loss: 6.607229 | lrm: 0.94 | dt: 178.98ms | tok/sec: 5,721 | bf16_mfu: 0.00 | epoch: 1 pq: 0 rg: 3 | total time: 3.37m | eta: 0.4m
step 00907/01000 (90.70%) | loss: 6.622418 | lrm: 0.93 | dt: 176.79ms | tok/sec: 5,792 | bf16_mfu: 0.00 | epoch: 1 pq: 0 rg: 3 | total time: 3.37m | eta: 0.3m
step 00908/01000 (90.80%) | loss: 6.663499 | lrm: 0.92 | dt: 180.51ms | tok/sec: 5,672 | bf16_mfu: 0.00 | epoch: 1 pq: 0 rg: 3 | total time: 3.38m | eta: 0.3m
step 00909/01000 (90.90%) | loss: 6.737307 | lrm: 0.91 | dt: 190.16ms | tok/sec: 5,384 | bf16_mfu: 0.00 | epoch: 1 pq: 0 rg: 3 | total time: 3.38m | eta: 0.3m
step 00910/01000 (91.00%) | loss: 6.712465 | lrm: 0.91 | dt: 190.29ms | tok/sec: 5,381 | bf16_mfu: 0.00 | epoch: 1 pq: 0 rg: 3 | total time: 3.38m | eta: 0.3m
step 00911/01000 (91.10%) | loss: 6.694466 | lrm: 0.90 | dt: 197.79ms | tok/sec: 5,177 | bf16_mfu: 0.00 | epoch: 1 pq: 0 rg: 3 | total time: 3.39m | eta: 0.3m
step 00912/01000 (91.20%) | loss: 6.771872 | lrm: 0.89 | dt: 202.28ms | tok/sec: 5,062 | bf16_mfu: 0.00 | epoch: 1 pq: 0 rg: 3 | total time: 3.39m | eta: 0.3m
step 00913/01000 (91.30%) | loss: 6.777848 | lrm: 0.88 | dt: 226.68ms | tok/sec: 4,517 | bf16_mfu: 0.00 | epoch: 1 pq: 0 rg: 3 | total time: 3.39m | eta: 0.3m
step 00914/01000 (91.40%) | loss: 6.705718 | lrm: 0.87 | dt: 201.06ms | tok/sec: 5,092 | bf16_mfu: 0.00 | epoch: 1 pq: 0 rg: 3 | total time: 3.40m | eta: 0.3m
step 00915/01000 (91.50%) | loss: 6.586237 | lrm: 0.86 | dt: 381.79ms | tok/sec: 2,682 | bf16_mfu: 0.00 | epoch: 1 pq: 0 rg: 3 | total time: 3.40m | eta: 0.3m2026-04-21 00:47:27,473 - nanochat.checkpoint_manager - [32m[1mINFO[0m - Saved model parameters to: /Users/evergreen/.cache/nanochat/base_checkpoints/d4/model_001000.pt
2026-04-21 00:47:27,474 - nanochat.checkpoint_manager - [32m[1mINFO[0m - Saved metadata to: /Users/evergreen/.cache/nanochat/base_checkpoints/d4/meta_001000.json
2026-04-21 00:47:27,709 - nanochat.checkpoint_manager - [32m[1mINFO[0m - Saved optimizer state to: /Users/evergreen/.cache/nanochat/base_checkpoints/d4/optim_001000_rank0.pt

step 00916/01000 (91.60%) | loss: 6.567260 | lrm: 0.85 | dt: 239.57ms | tok/sec: 4,274 | bf16_mfu: 0.00 | epoch: 1 pq: 0 rg: 3 | total time: 3.41m | eta: 0.3m
step 00917/01000 (91.70%) | loss: 6.505570 | lrm: 0.84 | dt: 219.22ms | tok/sec: 4,671 | bf16_mfu: 0.00 | epoch: 1 pq: 0 rg: 3 | total time: 3.41m | eta: 0.3m
step 00918/01000 (91.80%) | loss: 6.554323 | lrm: 0.83 | dt: 263.58ms | tok/sec: 3,885 | bf16_mfu: 0.00 | epoch: 1 pq: 0 rg: 3 | total time: 3.41m | eta: 0.3m
step 00919/01000 (91.90%) | loss: 6.566882 | lrm: 0.82 | dt: 346.29ms | tok/sec: 2,957 | bf16_mfu: 0.00 | epoch: 1 pq: 0 rg: 3 | total time: 3.42m | eta: 0.3m
step 00920/01000 (92.00%) | loss: 6.540471 | lrm: 0.81 | dt: 177.29ms | tok/sec: 5,775 | bf16_mfu: 0.00 | epoch: 1 pq: 0 rg: 3 | total time: 3.42m | eta: 0.3m
step 00921/01000 (92.10%) | loss: 6.625280 | lrm: 0.80 | dt: 219.83ms | tok/sec: 4,658 | bf16_mfu: 0.00 | epoch: 1 pq: 0 rg: 3 | total time: 3.43m | eta: 0.3m
step 00922/01000 (92.20%) | loss: 6.604312 | lrm: 0.79 | dt: 179.39ms | tok/sec: 5,708 | bf16_mfu: 0.00 | epoch: 1 pq: 0 rg: 3 | total time: 3.43m | eta: 0.3m
step 00923/01000 (92.30%) | loss: 6.624129 | lrm: 0.78 | dt: 186.10ms | tok/sec: 5,502 | bf16_mfu: 0.00 | epoch: 1 pq: 0 rg: 3 | total time: 3.43m | eta: 0.3m
step 00924/01000 (92.40%) | loss: 6.644058 | lrm: 0.77 | dt: 179.51ms | tok/sec: 5,704 | bf16_mfu: 0.00 | epoch: 1 pq: 0 rg: 3 | total time: 3.44m | eta: 0.3m
step 00925/01000 (92.50%) | loss: 6.610820 | lrm: 0.76 | dt: 182.09ms | tok/sec: 5,623 | bf16_mfu: 0.00 | epoch: 1 pq: 0 rg: 3 | total time: 3.44m | eta: 0.3m
step 00926/01000 (92.60%) | loss: 6.656759 | lrm: 0.75 | dt: 170.44ms | tok/sec: 6,008 | bf16_mfu: 0.00 | epoch: 1 pq: 0 rg: 3 | total time: 3.44m | eta: 0.3m
step 00927/01000 (92.70%) | loss: 6.670597 | lrm: 0.74 | dt: 170.48ms | tok/sec: 6,006 | bf16_mfu: 0.00 | epoch: 1 pq: 0 rg: 3 | total time: 3.44m | eta: 0.3m
step 00928/01000 (92.80%) | loss: 6.738977 | lrm: 0.73 | dt: 162.88ms | tok/sec: 6,286 | bf16_mfu: 0.00 | epoch: 1 pq: 0 rg: 3 | total time: 3.45m | eta: 0.3m
step 00929/01000 (92.90%) | loss: 6.702420 | lrm: 0.72 | dt: 186.81ms | tok/sec: 5,481 | bf16_mfu: 0.00 | epoch: 1 pq: 0 rg: 3 | total time: 3.45m | eta: 0.3m
step 00930/01000 (93.00%) | loss: 6.713462 | lrm: 0.71 | dt: 174.54ms | tok/sec: 5,866 | bf16_mfu: 0.00 | epoch: 1 pq: 0 rg: 3 | total time: 3.45m | eta: 0.3m
step 00931/01000 (93.10%) | loss: 6.706007 | lrm: 0.71 | dt: 181.63ms | tok/sec: 5,637 | bf16_mfu: 0.00 | epoch: 1 pq: 0 rg: 3 | total time: 3.46m | eta: 0.3m
step 00932/01000 (93.20%) | loss: 6.954840 | lrm: 0.70 | dt: 197.25ms | tok/sec: 5,191 | bf16_mfu: 0.00 | epoch: 1 pq: 0 rg: 3 | total time: 3.46m | eta: 0.3m
step 00933/01000 (93.30%) | loss: 6.887383 | lrm: 0.69 | dt: 203.16ms | tok/sec: 5,040 | bf16_mfu: 0.00 | epoch: 1 pq: 0 rg: 3 | total time: 3.46m | eta: 0.3m
step 00934/01000 (93.40%) | loss: 6.916372 | lrm: 0.68 | dt: 453.31ms | tok/sec: 2,258 | bf16_mfu: 0.00 | epoch: 1 pq: 0 rg: 3 | total time: 3.47m | eta: 0.2m
step 00935/01000 (93.50%) | loss: 6.904203 | lrm: 0.67 | dt: 173.43ms | tok/sec: 5,904 | bf16_mfu: 0.00 | epoch: 1 pq: 0 rg: 3 | total time: 3.47m | eta: 0.2m
step 00936/01000 (93.60%) | loss: 6.857414 | lrm: 0.66 | dt: 194.79ms | tok/sec: 5,256 | bf16_mfu: 0.00 | epoch: 1 pq: 0 rg: 3 | total time: 3.48m | eta: 0.2m
step 00937/01000 (93.70%) | loss: 6.846931 | lrm: 0.65 | dt: 222.84ms | tok/sec: 4,595 | bf16_mfu: 0.00 | epoch: 1 pq: 0 rg: 3 | total time: 3.48m | eta: 0.2m
step 00938/01000 (93.80%) | loss: 6.797733 | lrm: 0.64 | dt: 206.93ms | tok/sec: 4,948 | bf16_mfu: 0.00 | epoch: 1 pq: 0 rg: 3 | total time: 3.48m | eta: 0.2m
step 00939/01000 (93.90%) | loss: 6.798774 | lrm: 0.63 | dt: 178.87ms | tok/sec: 5,724 | bf16_mfu: 0.00 | epoch: 1 pq: 0 rg: 3 | total time: 3.49m | eta: 0.2m
step 00940/01000 (94.00%) | loss: 6.727582 | lrm: 0.62 | dt: 198.29ms | tok/sec: 5,164 | bf16_mfu: 0.00 | epoch: 1 pq: 0 rg: 3 | total time: 3.49m | eta: 0.2m
step 00941/01000 (94.10%) | loss: 6.654434 | lrm: 0.61 | dt: 167.42ms | tok/sec: 6,116 | bf16_mfu: 0.00 | epoch: 1 pq: 0 rg: 3 | total time: 3.49m | eta: 0.2m
step 00942/01000 (94.20%) | loss: 6.623551 | lrm: 0.60 | dt: 170.14ms | tok/sec: 6,018 | bf16_mfu: 0.00 | epoch: 1 pq: 0 rg: 3 | total time: 3.50m | eta: 0.2m
step 00943/01000 (94.30%) | loss: 6.557636 | lrm: 0.59 | dt: 250.27ms | tok/sec: 4,091 | bf16_mfu: 0.00 | epoch: 1 pq: 0 rg: 3 | total time: 3.50m | eta: 0.2m
step 00944/01000 (94.40%) | loss: 6.564002 | lrm: 0.58 | dt: 183.97ms | tok/sec: 5,566 | bf16_mfu: 0.00 | epoch: 1 pq: 0 rg: 3 | total time: 3.50m | eta: 0.2m
step 00945/01000 (94.50%) | loss: 6.577558 | lrm: 0.57 | dt: 160.19ms | tok/sec: 6,392 | bf16_mfu: 0.00 | epoch: 1 pq: 0 rg: 3 | total time: 3.51m | eta: 0.2m
step 00946/01000 (94.60%) | loss: 6.541666 | lrm: 0.56 | dt: 183.28ms | tok/sec: 5,587 | bf16_mfu: 0.00 | epoch: 1 pq: 0 rg: 3 | total time: 3.51m | eta: 0.2m
step 00947/01000 (94.70%) | loss: 6.538092 | lrm: 0.55 | dt: 166.61ms | tok/sec: 6,145 | bf16_mfu: 0.00 | epoch: 1 pq: 0 rg: 3 | total time: 3.51m | eta: 0.2m
step 00948/01000 (94.80%) | loss: 6.535198 | lrm: 0.54 | dt: 173.62ms | tok/sec: 5,897 | bf16_mfu: 0.00 | epoch: 1 pq: 0 rg: 3 | total time: 3.51m | eta: 0.2m
step 00949/01000 (94.90%) | loss: 6.526052 | lrm: 0.53 | dt: 184.50ms | tok/sec: 5,550 | bf16_mfu: 0.00 | epoch: 1 pq: 0 rg: 3 | total time: 3.52m | eta: 0.2m
step 00950/01000 (95.00%) | loss: 6.539171 | lrm: 0.53 | dt: 169.60ms | tok/sec: 6,037 | bf16_mfu: 0.00 | epoch: 1 pq: 0 rg: 3 | total time: 3.52m | eta: 0.2m
step 00951/01000 (95.10%) | loss: 6.532800 | lrm: 0.52 | dt: 170.79ms | tok/sec: 5,995 | bf16_mfu: 0.00 | epoch: 1 pq: 0 rg: 3 | total time: 3.52m | eta: 0.2m
step 00952/01000 (95.20%) | loss: 6.608095 | lrm: 0.51 | dt: 215.56ms | tok/sec: 4,750 | bf16_mfu: 0.00 | epoch: 1 pq: 0 rg: 3 | total time: 3.53m | eta: 0.2m
step 00953/01000 (95.30%) | loss: 6.585380 | lrm: 0.50 | dt: 188.00ms | tok/sec: 5,446 | bf16_mfu: 0.00 | epoch: 1 pq: 0 rg: 3 | total time: 3.53m | eta: 0.2m
step 00954/01000 (95.40%) | loss: 6.588225 | lrm: 0.49 | dt: 212.42ms | tok/sec: 4,820 | bf16_mfu: 0.00 | epoch: 1 pq: 0 rg: 3 | total time: 3.53m | eta: 0.2m
step 00955/01000 (95.50%) | loss: 6.614664 | lrm: 0.48 | dt: 388.65ms | tok/sec: 2,634 | bf16_mfu: 0.00 | epoch: 1 pq: 0 rg: 3 | total time: 3.54m | eta: 0.2m
step 00956/01000 (95.60%) | loss: 6.595743 | lrm: 0.47 | dt: 196.77ms | tok/sec: 5,204 | bf16_mfu: 0.00 | epoch: 1 pq: 0 rg: 3 | total time: 3.54m | eta: 0.2m
step 00957/01000 (95.70%) | loss: 6.516858 | lrm: 0.46 | dt: 202.08ms | tok/sec: 5,067 | bf16_mfu: 0.00 | epoch: 1 pq: 0 rg: 3 | total time: 3.55m | eta: 0.2m
step 00958/01000 (95.80%) | loss: 6.548819 | lrm: 0.45 | dt: 206.38ms | tok/sec: 4,961 | bf16_mfu: 0.00 | epoch: 1 pq: 0 rg: 3 | total time: 3.55m | eta: 0.2m
step 00959/01000 (95.90%) | loss: 6.545071 | lrm: 0.44 | dt: 203.61ms | tok/sec: 5,029 | bf16_mfu: 0.00 | epoch: 1 pq: 0 rg: 3 | total time: 3.55m | eta: 0.2m
step 00960/01000 (96.00%) | loss: 6.543391 | lrm: 0.43 | dt: 205.72ms | tok/sec: 4,977 | bf16_mfu: 0.00 | epoch: 1 pq: 0 rg: 3 | total time: 3.56m | eta: 0.1m
step 00961/01000 (96.10%) | loss: 6.546796 | lrm: 0.42 | dt: 219.06ms | tok/sec: 4,674 | bf16_mfu: 0.00 | epoch: 1 pq: 0 rg: 3 | total time: 3.56m | eta: 0.1m
step 00962/01000 (96.20%) | loss: 6.430175 | lrm: 0.41 | dt: 204.42ms | tok/sec: 5,009 | bf16_mfu: 0.00 | epoch: 1 pq: 0 rg: 3 | total time: 3.56m | eta: 0.1m
step 00963/01000 (96.30%) | loss: 6.476975 | lrm: 0.40 | dt: 232.68ms | tok/sec: 4,400 | bf16_mfu: 0.00 | epoch: 1 pq: 0 rg: 3 | total time: 3.57m | eta: 0.1m
step 00964/01000 (96.40%) | loss: 6.481117 | lrm: 0.39 | dt: 227.86ms | tok/sec: 4,493 | bf16_mfu: 0.00 | epoch: 1 pq: 0 rg: 3 | total time: 3.57m | eta: 0.1m
step 00965/01000 (96.50%) | loss: 6.501698 | lrm: 0.38 | dt: 233.14ms | tok/sec: 4,392 | bf16_mfu: 0.00 | epoch: 1 pq: 0 rg: 3 | total time: 3.58m | eta: 0.1m
step 00966/01000 (96.60%) | loss: 6.443130 | lrm: 0.37 | dt: 213.74ms | tok/sec: 4,790 | bf16_mfu: 0.00 | epoch: 1 pq: 0 rg: 3 | total time: 3.58m | eta: 0.1m
step 00967/01000 (96.70%) | loss: 6.428250 | lrm: 0.36 | dt: 372.04ms | tok/sec: 2,752 | bf16_mfu: 0.00 | epoch: 1 pq: 0 rg: 3 | total time: 3.58m | eta: 0.1m
step 00968/01000 (96.80%) | loss: 6.392096 | lrm: 0.35 | dt: 235.53ms | tok/sec: 4,347 | bf16_mfu: 0.00 | epoch: 1 pq: 0 rg: 3 | total time: 3.59m | eta: 0.1m
step 00969/01000 (96.90%) | loss: 6.409797 | lrm: 0.34 | dt: 198.74ms | tok/sec: 5,152 | bf16_mfu: 0.00 | epoch: 1 pq: 0 rg: 3 | total time: 3.59m | eta: 0.1m
step 00970/01000 (97.00%) | loss: 6.357297 | lrm: 0.33 | dt: 232.46ms | tok/sec: 4,405 | bf16_mfu: 0.00 | epoch: 1 pq: 0 rg: 3 | total time: 3.60m | eta: 0.1m
step 00971/01000 (97.10%) | loss: 6.366769 | lrm: 0.33 | dt: 336.99ms | tok/sec: 3,038 | bf16_mfu: 0.00 | epoch: 1 pq: 0 rg: 3 | total time: 3.60m | eta: 0.1m
step 00972/01000 (97.20%) | loss: 6.425481 | lrm: 0.32 | dt: 182.16ms | tok/sec: 5,621 | bf16_mfu: 0.00 | epoch: 1 pq: 0 rg: 3 | total time: 3.60m | eta: 0.1m
step 00973/01000 (97.30%) | loss: 6.390996 | lrm: 0.31 | dt: 222.56ms | tok/sec: 4,600 | bf16_mfu: 0.00 | epoch: 1 pq: 0 rg: 3 | total time: 3.61m | eta: 0.1m
step 00974/01000 (97.40%) | loss: 6.367639 | lrm: 0.30 | dt: 176.32ms | tok/sec: 5,807 | bf16_mfu: 0.00 | epoch: 1 pq: 0 rg: 3 | total time: 3.61m | eta: 0.1m
step 00975/01000 (97.50%) | loss: 6.378552 | lrm: 0.29 | dt: 183.94ms | tok/sec: 5,567 | bf16_mfu: 0.00 | epoch: 1 pq: 0 rg: 3 | total time: 3.61m | eta: 0.1m
step 00976/01000 (97.60%) | loss: 6.361467 | lrm: 0.28 | dt: 178.69ms | tok/sec: 5,730 | bf16_mfu: 0.00 | epoch: 1 pq: 0 rg: 3 | total time: 3.62m | eta: 0.1m
step 00977/01000 (97.70%) | loss: 6.315468 | lrm: 0.27 | dt: 156.36ms | tok/sec: 6,548 | bf16_mfu: 0.00 | epoch: 1 pq: 0 rg: 3 | total time: 3.62m | eta: 0.1m
step 00978/01000 (97.80%) | loss: 6.366640 | lrm: 0.26 | dt: 163.59ms | tok/sec: 6,259 | bf16_mfu: 0.00 | epoch: 1 pq: 0 rg: 3 | total time: 3.62m | eta: 0.1m
step 00979/01000 (97.90%) | loss: 6.421867 | lrm: 0.25 | dt: 162.95ms | tok/sec: 6,284 | bf16_mfu: 0.00 | epoch: 1 pq: 0 rg: 3 | total time: 3.63m | eta: 0.1m
step 00980/01000 (98.00%) | loss: 6.368063 | lrm: 0.24 | dt: 173.41ms | tok/sec: 5,904 | bf16_mfu: 0.00 | epoch: 1 pq: 0 rg: 3 | total time: 3.63m | eta: 0.1m
step 00981/01000 (98.10%) | loss: 6.385855 | lrm: 0.23 | dt: 158.95ms | tok/sec: 6,442 | bf16_mfu: 0.00 | epoch: 1 pq: 0 rg: 3 | total time: 3.63m | eta: 0.1m
step 00982/01000 (98.20%) | loss: 6.392155 | lrm: 0.22 | dt: 185.34ms | tok/sec: 5,524 | bf16_mfu: 0.00 | epoch: 1 pq: 0 rg: 3 | total time: 3.63m | eta: 0.1m
step 00983/01000 (98.30%) | loss: 6.369144 | lrm: 0.21 | dt: 212.77ms | tok/sec: 4,812 | bf16_mfu: 0.00 | epoch: 1 pq: 0 rg: 4 | total time: 3.64m | eta: 0.1m
step 00984/01000 (98.40%) | loss: 6.390144 | lrm: 0.20 | dt: 236.40ms | tok/sec: 4,331 | bf16_mfu: 0.00 | epoch: 1 pq: 0 rg: 4 | total time: 3.64m | eta: 0.1m
step 00985/01000 (98.50%) | loss: 6.403257 | lrm: 0.19 | dt: 191.29ms | tok/sec: 5,353 | bf16_mfu: 0.00 | epoch: 1 pq: 0 rg: 4 | total time: 3.64m | eta: 0.1m
step 00986/01000 (98.60%) | loss: 6.404492 | lrm: 0.18 | dt: 208.67ms | tok/sec: 4,907 | bf16_mfu: 0.00 | epoch: 1 pq: 0 rg: 4 | total time: 3.65m | eta: 0.1m
step 00987/01000 (98.70%) | loss: 6.389387 | lrm: 0.17 | dt: 366.30ms | tok/sec: 2,795 | bf16_mfu: 0.00 | epoch: 1 pq: 0 rg: 4 | total time: 3.65m | eta: 0.0m
step 00988/01000 (98.80%) | loss: 6.371282 | lrm: 0.16 | dt: 228.07ms | tok/sec: 4,489 | bf16_mfu: 0.00 | epoch: 1 pq: 0 rg: 4 | total time: 3.66m | eta: 0.0m
step 00989/01000 (98.90%) | loss: 6.352789 | lrm: 0.15 | dt: 199.56ms | tok/sec: 5,131 | bf16_mfu: 0.00 | epoch: 1 pq: 0 rg: 4 | total time: 3.66m | eta: 0.0m
step 00990/01000 (99.00%) | loss: 6.360417 | lrm: 0.15 | dt: 184.61ms | tok/sec: 5,546 | bf16_mfu: 0.00 | epoch: 1 pq: 0 rg: 4 | total time: 3.66m | eta: 0.0m
step 00991/01000 (99.10%) | loss: 6.426382 | lrm: 0.14 | dt: 190.78ms | tok/sec: 5,367 | bf16_mfu: 0.00 | epoch: 1 pq: 0 rg: 4 | total time: 3.67m | eta: 0.0m
step 00992/01000 (99.20%) | loss: 6.464508 | lrm: 0.13 | dt: 224.66ms | tok/sec: 4,558 | bf16_mfu: 0.00 | epoch: 1 pq: 0 rg: 4 | total time: 3.67m | eta: 0.0m
step 00993/01000 (99.30%) | loss: 6.474057 | lrm: 0.12 | dt: 206.88ms | tok/sec: 4,949 | bf16_mfu: 0.00 | epoch: 1 pq: 0 rg: 4 | total time: 3.67m | eta: 0.0m
step 00994/01000 (99.40%) | loss: 6.505718 | lrm: 0.11 | dt: 180.26ms | tok/sec: 5,680 | bf16_mfu: 0.00 | epoch: 1 pq: 0 rg: 4 | total time: 3.68m | eta: 0.0m
step 00995/01000 (99.50%) | loss: 6.484990 | lrm: 0.10 | dt: 180.31ms | tok/sec: 5,679 | bf16_mfu: 0.00 | epoch: 1 pq: 0 rg: 4 | total time: 3.68m | eta: 0.0m
step 00996/01000 (99.60%) | loss: 6.463864 | lrm: 0.09 | dt: 298.21ms | tok/sec: 3,433 | bf16_mfu: 0.00 | epoch: 1 pq: 0 rg: 4 | total time: 3.69m | eta: 0.0m
step 00997/01000 (99.70%) | loss: 6.443403 | lrm: 0.08 | dt: 165.08ms | tok/sec: 6,203 | bf16_mfu: 0.00 | epoch: 1 pq: 0 rg: 4 | total time: 3.69m | eta: 0.0m
step 00998/01000 (99.80%) | loss: 6.486879 | lrm: 0.07 | dt: 198.46ms | tok/sec: 5,159 | bf16_mfu: 0.00 | epoch: 1 pq: 0 rg: 4 | total time: 3.69m | eta: 0.0m
step 00999/01000 (99.90%) | loss: 6.563755 | lrm: 0.06 | dt: 176.03ms | tok/sec: 5,817 | bf16_mfu: 0.00 | epoch: 1 pq: 0 rg: 4 | total time: 3.69m | eta: 0.0m
Peak memory usage: 0.00MiB
Total training time: 3.69m
