/Users/evergreen/miniforge3/envs/py3_12/lib/python3.12/site-packages/requests/__init__.py:113: RequestsDependencyWarning: urllib3 (2.6.2) or chardet (6.0.0.post1)/charset_normalizer (3.4.4) doesn't match a supported version!
  warnings.warn(
/Users/evergreen/miniforge3/envs/py3_12/lib/python3.12/site-packages/pydantic/_internal/_generate_schema.py:2249: UnsupportedFieldAttributeWarning: The 'repr' attribute with value False was provided to the `Field()` function, which has no effect in the context it was used. 'repr' is field-specific metadata, and can only be attached to a model field using `Annotated` metadata or by assignment. This may have happened because an `Annotated` type alias using the `type` statement was used, or if the `Field()` function was attached to a single member of a union type.
  warnings.warn(
/Users/evergreen/miniforge3/envs/py3_12/lib/python3.12/site-packages/pydantic/_internal/_generate_schema.py:2249: UnsupportedFieldAttributeWarning: The 'frozen' attribute with value True was provided to the `Field()` function, which has no effect in the context it was used. 'frozen' is field-specific metadata, and can only be attached to a model field using `Annotated` metadata or by assignment. This may have happened because an `Annotated` type alias using the `type` statement was used, or if the `Field()` function was attached to a single member of a union type.
  warnings.warn(
2026-04-21 00:51:09,051 - nanochat.common - [32m[1mINFO[0m - Distributed world size: 1

                                                       █████                █████
                                                      ░░███                ░░███
     ████████    ██████   ████████    ██████   ██████  ░███████    ██████  ███████
    ░░███░░███  ░░░░░███ ░░███░░███  ███░░███ ███░░███ ░███░░███  ░░░░░███░░░███░
     ░███ ░███   ███████  ░███ ░███ ░███ ░███░███ ░░░  ░███ ░███   ███████  ░███
     ░███ ░███  ███░░███  ░███ ░███ ░███ ░███░███  ███ ░███ ░███  ███░░███  ░███ ███
     ████ █████░░████████ ████ █████░░██████ ░░██████  ████ █████░░███████  ░░█████
    ░░░░ ░░░░░  ░░░░░░░░ ░░░░ ░░░░░  ░░░░░░   ░░░░░░  ░░░░ ░░░░░  ░░░░░░░░   ░░░░░
    
Autodetected device type: mps
COMPUTE_DTYPE: torch.float32 (auto-detected: no CUDA (CPU/MPS))
!!!!!!!!!!!!!!!!!!!!!!!!!!!!!!!!!!!!!!!!!!!!!!!!!!!!!!!!!!!!!!!!!!!!!!!!!!!!!!!!
WARNING: Flash Attention 3 not available, using PyTorch SDPA fallback
WARNING: Training will be less efficient without FA3
WARNING: SDPA has no support for sliding window attention (window_pattern='SSSL'). Your GPU utilization will be terrible.
WARNING: Recommend using --window-pattern L for full context attention without alternating sliding window patterns.
!!!!!!!!!!!!!!!!!!!!!!!!!!!!!!!!!!!!!!!!!!!!!!!!!!!!!!!!!!!!!!!!!!!!!!!!!!!!!!!!
Vocab size: 32,768
Model config:
{
  "sequence_len": 512,
  "vocab_size": 32768,
  "n_layer": 4,
  "n_head": 1,
  "n_kv_head": 1,
  "n_embd": 128,
  "window_pattern": "SSSL",
  "mlp_activation": "relu_squared"
}
Attention c_proj init: gaussian, std=1/sqrt(n_embd)
MLP activation: relu_squared
MLP c_proj init: gaussian, std=1/sqrt(4*n_embd)
Skipping torch.compile on MPS because the Metal backend is still experimental
Parameter counts:
wte                     : 4,194,304
value_embeds            : 8,388,608
lm_head                 : 4,194,304
transformer_matrices    : 786,456
scalars                 : 34
total                   : 17,563,706
Estimated FLOPs per token: 3.126082e+07
Scaling LRs by 0.0442 for batch size 1,024 (reference: 524,288)
Scaling weight decay from 0.280000 to 0.084016 for depth 4
Scaling the LR for the AdamW parameters ∝1/√(128/768) = 2.449490
Paired FFN pairs active: 4, skipped: 0 (activation: relu2)
Using user-provided number of iterations: 1,000
Total number of training tokens: 1,024,000
Tokens : Scaling params ratio: 0.21
Total training FLOPs estimate: 3.201108e+13
Tokens / micro-batch / rank: 1 x 512 = 512
Tokens / micro-batch: 512
Total batch size 1,024 => gradient accumulation steps: 2
step 00000/01000 (0.00%) | loss: 10.397029 | lrm: 0.03 | dt: 773.42ms | tok/sec: 1,323 | bf16_mfu: 0.00 | epoch: 1 pq: 0 rg: 0 | total time: 0.00m
step 00001/01000 (0.10%) | loss: 10.396819 | lrm: 0.05 | dt: 124.75ms | tok/sec: 8,208 | bf16_mfu: 0.00 | epoch: 1 pq: 0 rg: 0 | total time: 0.00m
step 00002/01000 (0.20%) | loss: 10.397423 | lrm: 0.07 | dt: 121.68ms | tok/sec: 8,415 | bf16_mfu: 0.00 | epoch: 1 pq: 0 rg: 0 | total time: 0.00m
step 00003/01000 (0.30%) | loss: 10.397454 | lrm: 0.10 | dt: 124.70ms | tok/sec: 8,211 | bf16_mfu: 0.00 | epoch: 1 pq: 0 rg: 0 | total time: 0.00m
step 00004/01000 (0.40%) | loss: 10.397285 | lrm: 0.12 | dt: 120.64ms | tok/sec: 8,488 | bf16_mfu: 0.00 | epoch: 1 pq: 0 rg: 0 | total time: 0.00m
step 00005/01000 (0.50%) | loss: 10.396828 | lrm: 0.15 | dt: 135.43ms | tok/sec: 7,560 | bf16_mfu: 0.00 | epoch: 1 pq: 0 rg: 1 | total time: 0.00m
step 00006/01000 (0.60%) | loss: 10.395979 | lrm: 0.17 | dt: 121.48ms | tok/sec: 8,429 | bf16_mfu: 0.00 | epoch: 1 pq: 0 rg: 1 | total time: 0.00m
step 00007/01000 (0.70%) | loss: 10.395101 | lrm: 0.20 | dt: 123.22ms | tok/sec: 8,310 | bf16_mfu: 0.00 | epoch: 1 pq: 0 rg: 1 | total time: 0.00m
step 00008/01000 (0.80%) | loss: 10.393972 | lrm: 0.23 | dt: 121.94ms | tok/sec: 8,397 | bf16_mfu: 0.00 | epoch: 1 pq: 0 rg: 1 | total time: 0.00m
step 00009/01000 (0.90%) | loss: 10.392677 | lrm: 0.25 | dt: 121.10ms | tok/sec: 8,456 | bf16_mfu: 0.00 | epoch: 1 pq: 0 rg: 1 | total time: 0.00m
step 00010/01000 (1.00%) | loss: 10.391437 | lrm: 0.28 | dt: 121.63ms | tok/sec: 8,419 | bf16_mfu: 0.00 | epoch: 1 pq: 0 rg: 1 | total time: 0.00m
step 00011/01000 (1.10%) | loss: 10.389248 | lrm: 0.30 | dt: 124.44ms | tok/sec: 8,229 | bf16_mfu: 0.00 | epoch: 1 pq: 0 rg: 1 | total time: 0.00m | eta: 2.1m
step 00012/01000 (1.20%) | loss: 10.385522 | lrm: 0.33 | dt: 123.51ms | tok/sec: 8,291 | bf16_mfu: 0.00 | epoch: 1 pq: 0 rg: 1 | total time: 0.00m | eta: 2.0m
step 00013/01000 (1.30%) | loss: 10.381550 | lrm: 0.35 | dt: 124.79ms | tok/sec: 8,205 | bf16_mfu: 0.00 | epoch: 1 pq: 0 rg: 1 | total time: 0.01m | eta: 2.0m
step 00014/01000 (1.40%) | loss: 10.376689 | lrm: 0.38 | dt: 125.45ms | tok/sec: 8,162 | bf16_mfu: 0.00 | epoch: 1 pq: 0 rg: 1 | total time: 0.01m | eta: 2.0m
step 00015/01000 (1.50%) | loss: 10.370343 | lrm: 0.40 | dt: 250.08ms | tok/sec: 4,094 | bf16_mfu: 0.00 | epoch: 1 pq: 0 rg: 1 | total time: 0.01m | eta: 2.5m
step 00016/01000 (1.60%) | loss: 10.361922 | lrm: 0.42 | dt: 161.99ms | tok/sec: 6,321 | bf16_mfu: 0.00 | epoch: 1 pq: 0 rg: 1 | total time: 0.02m | eta: 2.5m
step 00017/01000 (1.70%) | loss: 10.349344 | lrm: 0.45 | dt: 193.62ms | tok/sec: 5,288 | bf16_mfu: 0.00 | epoch: 1 pq: 0 rg: 1 | total time: 0.02m | eta: 2.6m
step 00018/01000 (1.80%) | loss: 10.333660 | lrm: 0.47 | dt: 299.00ms | tok/sec: 3,424 | bf16_mfu: 0.00 | epoch: 1 pq: 0 rg: 1 | total time: 0.02m | eta: 2.9m
step 00019/01000 (1.90%) | loss: 10.321192 | lrm: 0.50 | dt: 532.64ms | tok/sec: 1,922 | bf16_mfu: 0.00 | epoch: 1 pq: 0 rg: 1 | total time: 0.03m | eta: 3.5m
step 00020/01000 (2.00%) | loss: 10.300665 | lrm: 0.53 | dt: 439.98ms | tok/sec: 2,327 | bf16_mfu: 0.00 | epoch: 1 pq: 0 rg: 1 | total time: 0.04m | eta: 3.9m
step 00021/01000 (2.10%) | loss: 10.277536 | lrm: 0.55 | dt: 292.98ms | tok/sec: 3,495 | bf16_mfu: 0.00 | epoch: 1 pq: 0 rg: 1 | total time: 0.04m | eta: 4.0m
step 00022/01000 (2.20%) | loss: 10.246494 | lrm: 0.57 | dt: 403.55ms | tok/sec: 2,537 | bf16_mfu: 0.00 | epoch: 1 pq: 0 rg: 1 | total time: 0.05m | eta: 4.2m
step 00023/01000 (2.30%) | loss: 10.215135 | lrm: 0.60 | dt: 163.48ms | tok/sec: 6,263 | bf16_mfu: 0.00 | epoch: 1 pq: 0 rg: 1 | total time: 0.05m | eta: 4.1m
step 00024/01000 (2.40%) | loss: 10.184145 | lrm: 0.62 | dt: 139.91ms | tok/sec: 7,318 | bf16_mfu: 0.00 | epoch: 1 pq: 0 rg: 1 | total time: 0.06m | eta: 3.9m
step 00025/01000 (2.50%) | loss: 10.151583 | lrm: 0.65 | dt: 143.99ms | tok/sec: 7,111 | bf16_mfu: 0.00 | epoch: 1 pq: 0 rg: 1 | total time: 0.06m | eta: 3.8m
step 00026/01000 (2.60%) | loss: 10.114198 | lrm: 0.68 | dt: 138.33ms | tok/sec: 7,402 | bf16_mfu: 0.00 | epoch: 1 pq: 0 rg: 1 | total time: 0.06m | eta: 3.7m
step 00027/01000 (2.70%) | loss: 10.062653 | lrm: 0.70 | dt: 145.88ms | tok/sec: 7,019 | bf16_mfu: 0.00 | epoch: 1 pq: 0 rg: 1 | total time: 0.06m | eta: 3.6m
step 00028/01000 (2.80%) | loss: 10.012486 | lrm: 0.72 | dt: 136.68ms | tok/sec: 7,491 | bf16_mfu: 0.00 | epoch: 1 pq: 0 rg: 1 | total time: 0.07m | eta: 3.5m
step 00029/01000 (2.90%) | loss: 9.970826 | lrm: 0.75 | dt: 138.58ms | tok/sec: 7,389 | bf16_mfu: 0.00 | epoch: 1 pq: 0 rg: 1 | total time: 0.07m | eta: 3.5m
step 00030/01000 (3.00%) | loss: 9.904432 | lrm: 0.78 | dt: 134.77ms | tok/sec: 7,598 | bf16_mfu: 0.00 | epoch: 1 pq: 0 rg: 1 | total time: 0.07m | eta: 3.4m
step 00031/01000 (3.10%) | loss: 9.857591 | lrm: 0.80 | dt: 132.09ms | tok/sec: 7,752 | bf16_mfu: 0.00 | epoch: 1 pq: 0 rg: 1 | total time: 0.07m | eta: 3.3m
step 00032/01000 (3.20%) | loss: 9.813209 | lrm: 0.82 | dt: 130.95ms | tok/sec: 7,819 | bf16_mfu: 0.00 | epoch: 1 pq: 0 rg: 1 | total time: 0.07m | eta: 3.3m
step 00033/01000 (3.30%) | loss: 9.743919 | lrm: 0.85 | dt: 136.51ms | tok/sec: 7,501 | bf16_mfu: 0.00 | epoch: 1 pq: 0 rg: 1 | total time: 0.08m | eta: 3.2m
step 00034/01000 (3.40%) | loss: 9.669846 | lrm: 0.88 | dt: 138.65ms | tok/sec: 7,385 | bf16_mfu: 0.00 | epoch: 1 pq: 0 rg: 1 | total time: 0.08m | eta: 3.2m
step 00035/01000 (3.50%) | loss: 9.613650 | lrm: 0.90 | dt: 136.20ms | tok/sec: 7,518 | bf16_mfu: 0.00 | epoch: 1 pq: 0 rg: 1 | total time: 0.08m | eta: 3.1m
step 00036/01000 (3.60%) | loss: 9.583389 | lrm: 0.93 | dt: 145.83ms | tok/sec: 7,021 | bf16_mfu: 0.00 | epoch: 1 pq: 0 rg: 1 | total time: 0.08m | eta: 3.1m
step 00037/01000 (3.70%) | loss: 9.499431 | lrm: 0.95 | dt: 289.10ms | tok/sec: 3,541 | bf16_mfu: 0.00 | epoch: 1 pq: 0 rg: 1 | total time: 0.09m | eta: 3.2m
step 00038/01000 (3.80%) | loss: 9.424383 | lrm: 0.97 | dt: 175.89ms | tok/sec: 5,821 | bf16_mfu: 0.00 | epoch: 1 pq: 0 rg: 1 | total time: 0.09m | eta: 3.1m
step 00039/01000 (3.90%) | loss: 9.365783 | lrm: 1.00 | dt: 262.69ms | tok/sec: 3,898 | bf16_mfu: 0.00 | epoch: 1 pq: 0 rg: 1 | total time: 0.10m | eta: 3.2m
step 00040/01000 (4.00%) | loss: 9.315985 | lrm: 1.00 | dt: 259.94ms | tok/sec: 3,939 | bf16_mfu: 0.00 | epoch: 1 pq: 0 rg: 1 | total time: 0.10m | eta: 3.2m
step 00041/01000 (4.10%) | loss: 9.254997 | lrm: 1.00 | dt: 448.58ms | tok/sec: 2,282 | bf16_mfu: 0.00 | epoch: 1 pq: 0 rg: 1 | total time: 0.11m | eta: 3.3m
step 00042/01000 (4.20%) | loss: 9.182113 | lrm: 1.00 | dt: 271.07ms | tok/sec: 3,777 | bf16_mfu: 0.00 | epoch: 1 pq: 0 rg: 1 | total time: 0.11m | eta: 3.4m
step 00043/01000 (4.30%) | loss: 9.109393 | lrm: 1.00 | dt: 240.39ms | tok/sec: 4,259 | bf16_mfu: 0.00 | epoch: 1 pq: 0 rg: 1 | total time: 0.12m | eta: 3.4m
step 00044/01000 (4.40%) | loss: 9.034271 | lrm: 1.00 | dt: 236.94ms | tok/sec: 4,321 | bf16_mfu: 0.00 | epoch: 1 pq: 0 rg: 1 | total time: 0.12m | eta: 3.4m
step 00045/01000 (4.50%) | loss: 8.991840 | lrm: 1.00 | dt: 232.43ms | tok/sec: 4,405 | bf16_mfu: 0.00 | epoch: 1 pq: 0 rg: 1 | total time: 0.12m | eta: 3.4m
step 00046/01000 (4.60%) | loss: 8.927501 | lrm: 1.00 | dt: 265.82ms | tok/sec: 3,852 | bf16_mfu: 0.00 | epoch: 1 pq: 0 rg: 1 | total time: 0.13m | eta: 3.4m
step 00047/01000 (4.70%) | loss: 8.861894 | lrm: 1.00 | dt: 238.72ms | tok/sec: 4,289 | bf16_mfu: 0.00 | epoch: 1 pq: 0 rg: 1 | total time: 0.13m | eta: 3.4m
step 00048/01000 (4.80%) | loss: 8.818750 | lrm: 1.00 | dt: 260.94ms | tok/sec: 3,924 | bf16_mfu: 0.00 | epoch: 1 pq: 0 rg: 1 | total time: 0.14m | eta: 3.4m
step 00049/01000 (4.90%) | loss: 8.743040 | lrm: 1.00 | dt: 319.99ms | tok/sec: 3,200 | bf16_mfu: 0.00 | epoch: 1 pq: 0 rg: 1 | total time: 0.14m | eta: 3.5m
step 00050/01000 (5.00%) | loss: 8.672414 | lrm: 1.00 | dt: 198.51ms | tok/sec: 5,158 | bf16_mfu: 0.00 | epoch: 1 pq: 0 rg: 1 | total time: 0.15m | eta: 3.5m
step 00051/01000 (5.10%) | loss: 8.622850 | lrm: 1.00 | dt: 189.11ms | tok/sec: 5,414 | bf16_mfu: 0.00 | epoch: 1 pq: 0 rg: 1 | total time: 0.15m | eta: 3.4m
step 00052/01000 (5.20%) | loss: 8.569629 | lrm: 1.00 | dt: 218.04ms | tok/sec: 4,696 | bf16_mfu: 0.00 | epoch: 1 pq: 0 rg: 1 | total time: 0.15m | eta: 3.4m
step 00053/01000 (5.30%) | loss: 8.507835 | lrm: 1.00 | dt: 199.18ms | tok/sec: 5,141 | bf16_mfu: 0.00 | epoch: 1 pq: 0 rg: 1 | total time: 0.16m | eta: 3.4m
step 00054/01000 (5.40%) | loss: 8.467394 | lrm: 1.00 | dt: 184.11ms | tok/sec: 5,561 | bf16_mfu: 0.00 | epoch: 1 pq: 0 rg: 1 | total time: 0.16m | eta: 3.4m
step 00055/01000 (5.50%) | loss: 8.440000 | lrm: 1.00 | dt: 197.94ms | tok/sec: 5,173 | bf16_mfu: 0.00 | epoch: 1 pq: 0 rg: 1 | total time: 0.16m | eta: 3.4m
step 00056/01000 (5.60%) | loss: 8.397129 | lrm: 1.00 | dt: 199.83ms | tok/sec: 5,124 | bf16_mfu: 0.00 | epoch: 1 pq: 0 rg: 1 | total time: 0.17m | eta: 3.4m
step 00057/01000 (5.70%) | loss: 8.359170 | lrm: 1.00 | dt: 171.70ms | tok/sec: 5,963 | bf16_mfu: 0.00 | epoch: 1 pq: 0 rg: 1 | total time: 0.17m | eta: 3.4m
step 00058/01000 (5.80%) | loss: 8.279443 | lrm: 1.00 | dt: 178.56ms | tok/sec: 5,734 | bf16_mfu: 0.00 | epoch: 1 pq: 0 rg: 1 | total time: 0.17m | eta: 3.4m
step 00059/01000 (5.90%) | loss: 8.235679 | lrm: 1.00 | dt: 168.43ms | tok/sec: 6,079 | bf16_mfu: 0.00 | epoch: 1 pq: 0 rg: 1 | total time: 0.17m | eta: 3.3m
step 00060/01000 (6.00%) | loss: 8.175990 | lrm: 1.00 | dt: 171.61ms | tok/sec: 5,967 | bf16_mfu: 0.00 | epoch: 1 pq: 0 rg: 1 | total time: 0.18m | eta: 3.3m
step 00061/01000 (6.10%) | loss: 8.133024 | lrm: 1.00 | dt: 182.55ms | tok/sec: 5,609 | bf16_mfu: 0.00 | epoch: 1 pq: 0 rg: 1 | total time: 0.18m | eta: 3.3m
step 00062/01000 (6.20%) | loss: 8.114370 | lrm: 1.00 | dt: 187.04ms | tok/sec: 5,474 | bf16_mfu: 0.00 | epoch: 1 pq: 0 rg: 1 | total time: 0.18m | eta: 3.3m
step 00063/01000 (6.30%) | loss: 8.104556 | lrm: 1.00 | dt: 319.08ms | tok/sec: 3,209 | bf16_mfu: 0.00 | epoch: 1 pq: 0 rg: 1 | total time: 0.19m | eta: 3.3m
step 00064/01000 (6.40%) | loss: 8.031670 | lrm: 1.00 | dt: 195.81ms | tok/sec: 5,229 | bf16_mfu: 0.00 | epoch: 1 pq: 0 rg: 1 | total time: 0.19m | eta: 3.3m
step 00065/01000 (6.50%) | loss: 8.016098 | lrm: 1.00 | dt: 208.16ms | tok/sec: 4,919 | bf16_mfu: 0.00 | epoch: 1 pq: 0 rg: 1 | total time: 0.20m | eta: 3.3m
step 00066/01000 (6.60%) | loss: 7.994476 | lrm: 1.00 | dt: 188.84ms | tok/sec: 5,422 | bf16_mfu: 0.00 | epoch: 1 pq: 0 rg: 1 | total time: 0.20m | eta: 3.3m
step 00067/01000 (6.70%) | loss: 7.957150 | lrm: 1.00 | dt: 186.65ms | tok/sec: 5,486 | bf16_mfu: 0.00 | epoch: 1 pq: 0 rg: 1 | total time: 0.20m | eta: 3.3m
step 00068/01000 (6.80%) | loss: 7.938624 | lrm: 1.00 | dt: 206.58ms | tok/sec: 4,956 | bf16_mfu: 0.00 | epoch: 1 pq: 0 rg: 1 | total time: 0.20m | eta: 3.3m
step 00069/01000 (6.90%) | loss: 7.907640 | lrm: 1.00 | dt: 194.43ms | tok/sec: 5,266 | bf16_mfu: 0.00 | epoch: 1 pq: 0 rg: 1 | total time: 0.21m | eta: 3.3m
step 00070/01000 (7.00%) | loss: 7.882429 | lrm: 1.00 | dt: 207.61ms | tok/sec: 4,932 | bf16_mfu: 0.00 | epoch: 1 pq: 0 rg: 1 | total time: 0.21m | eta: 3.3m
step 00071/01000 (7.10%) | loss: 7.877066 | lrm: 1.00 | dt: 182.27ms | tok/sec: 5,618 | bf16_mfu: 0.00 | epoch: 1 pq: 0 rg: 1 | total time: 0.21m | eta: 3.3m
step 00072/01000 (7.20%) | loss: 7.985636 | lrm: 1.00 | dt: 184.98ms | tok/sec: 5,535 | bf16_mfu: 0.00 | epoch: 1 pq: 0 rg: 1 | total time: 0.22m | eta: 3.3m
step 00073/01000 (7.30%) | loss: 7.949240 | lrm: 1.00 | dt: 197.37ms | tok/sec: 5,188 | bf16_mfu: 0.00 | epoch: 1 pq: 0 rg: 1 | total time: 0.22m | eta: 3.3m
step 00074/01000 (7.40%) | loss: 7.899036 | lrm: 1.00 | dt: 174.54ms | tok/sec: 5,866 | bf16_mfu: 0.00 | epoch: 1 pq: 0 rg: 1 | total time: 0.22m | eta: 3.2m
step 00075/01000 (7.50%) | loss: 7.918149 | lrm: 1.00 | dt: 278.48ms | tok/sec: 3,677 | bf16_mfu: 0.00 | epoch: 1 pq: 0 rg: 1 | total time: 0.23m | eta: 3.3m
step 00076/01000 (7.60%) | loss: 7.865321 | lrm: 1.00 | dt: 197.21ms | tok/sec: 5,192 | bf16_mfu: 0.00 | epoch: 1 pq: 0 rg: 1 | total time: 0.23m | eta: 3.2m
step 00077/01000 (7.70%) | loss: 7.875130 | lrm: 1.00 | dt: 176.99ms | tok/sec: 5,785 | bf16_mfu: 0.00 | epoch: 1 pq: 0 rg: 1 | total time: 0.23m | eta: 3.2m
step 00078/01000 (7.80%) | loss: 7.830825 | lrm: 1.00 | dt: 213.86ms | tok/sec: 4,788 | bf16_mfu: 0.00 | epoch: 1 pq: 0 rg: 1 | total time: 0.24m | eta: 3.2m
step 00079/01000 (7.90%) | loss: 7.825743 | lrm: 1.00 | dt: 188.48ms | tok/sec: 5,433 | bf16_mfu: 0.00 | epoch: 1 pq: 0 rg: 1 | total time: 0.24m | eta: 3.2m
step 00080/01000 (8.00%) | loss: 7.799900 | lrm: 1.00 | dt: 185.40ms | tok/sec: 5,523 | bf16_mfu: 0.00 | epoch: 1 pq: 0 rg: 1 | total time: 0.24m | eta: 3.2m
step 00081/01000 (8.10%) | loss: 7.829756 | lrm: 1.00 | dt: 173.05ms | tok/sec: 5,917 | bf16_mfu: 0.00 | epoch: 1 pq: 0 rg: 1 | total time: 0.25m | eta: 3.2m
step 00082/01000 (8.20%) | loss: 7.853462 | lrm: 1.00 | dt: 179.65ms | tok/sec: 5,699 | bf16_mfu: 0.00 | epoch: 1 pq: 0 rg: 1 | total time: 0.25m | eta: 3.2m
step 00083/01000 (8.30%) | loss: 7.865555 | lrm: 1.00 | dt: 180.94ms | tok/sec: 5,659 | bf16_mfu: 0.00 | epoch: 1 pq: 0 rg: 1 | total time: 0.25m | eta: 3.2m
step 00084/01000 (8.40%) | loss: 7.853252 | lrm: 1.00 | dt: 206.50ms | tok/sec: 4,958 | bf16_mfu: 0.00 | epoch: 1 pq: 0 rg: 1 | total time: 0.26m | eta: 3.2m
step 00085/01000 (8.50%) | loss: 7.836315 | lrm: 1.00 | dt: 317.37ms | tok/sec: 3,226 | bf16_mfu: 0.00 | epoch: 1 pq: 0 rg: 1 | total time: 0.26m | eta: 3.2m
step 00086/01000 (8.60%) | loss: 7.841962 | lrm: 1.00 | dt: 254.50ms | tok/sec: 4,023 | bf16_mfu: 0.00 | epoch: 1 pq: 0 rg: 1 | total time: 0.27m | eta: 3.2m
step 00087/01000 (8.70%) | loss: 7.845145 | lrm: 1.00 | dt: 205.01ms | tok/sec: 4,994 | bf16_mfu: 0.00 | epoch: 1 pq: 0 rg: 1 | total time: 0.27m | eta: 3.2m
step 00088/01000 (8.80%) | loss: 7.846395 | lrm: 1.00 | dt: 218.83ms | tok/sec: 4,679 | bf16_mfu: 0.00 | epoch: 1 pq: 0 rg: 1 | total time: 0.27m | eta: 3.2m
step 00089/01000 (8.90%) | loss: 7.816341 | lrm: 1.00 | dt: 222.41ms | tok/sec: 4,604 | bf16_mfu: 0.00 | epoch: 1 pq: 0 rg: 1 | total time: 0.28m | eta: 3.2m
step 00090/01000 (9.00%) | loss: 7.788484 | lrm: 1.00 | dt: 216.81ms | tok/sec: 4,723 | bf16_mfu: 0.00 | epoch: 1 pq: 0 rg: 1 | total time: 0.28m | eta: 3.2m
step 00091/01000 (9.10%) | loss: 7.799332 | lrm: 1.00 | dt: 235.97ms | tok/sec: 4,339 | bf16_mfu: 0.00 | epoch: 1 pq: 0 rg: 1 | total time: 0.28m | eta: 3.2m
step 00092/01000 (9.20%) | loss: 7.790159 | lrm: 1.00 | dt: 248.80ms | tok/sec: 4,115 | bf16_mfu: 0.00 | epoch: 1 pq: 0 rg: 1 | total time: 0.29m | eta: 3.2m
step 00093/01000 (9.30%) | loss: 7.825879 | lrm: 1.00 | dt: 237.46ms | tok/sec: 4,312 | bf16_mfu: 0.00 | epoch: 1 pq: 0 rg: 1 | total time: 0.29m | eta: 3.2m
step 00094/01000 (9.40%) | loss: 7.834457 | lrm: 1.00 | dt: 272.91ms | tok/sec: 3,752 | bf16_mfu: 0.00 | epoch: 1 pq: 0 rg: 1 | total time: 0.30m | eta: 3.2m
step 00095/01000 (9.50%) | loss: 7.830897 | lrm: 1.00 | dt: 244.08ms | tok/sec: 4,195 | bf16_mfu: 0.00 | epoch: 1 pq: 0 rg: 1 | total time: 0.30m | eta: 3.2m
step 00096/01000 (9.60%) | loss: 7.783277 | lrm: 1.00 | dt: 367.30ms | tok/sec: 2,787 | bf16_mfu: 0.00 | epoch: 1 pq: 0 rg: 1 | total time: 0.31m | eta: 3.2m
step 00097/01000 (9.70%) | loss: 7.795045 | lrm: 1.00 | dt: 203.78ms | tok/sec: 5,024 | bf16_mfu: 0.00 | epoch: 1 pq: 0 rg: 1 | total time: 0.31m | eta: 3.2m
step 00098/01000 (9.80%) | loss: 7.782473 | lrm: 1.00 | dt: 244.59ms | tok/sec: 4,186 | bf16_mfu: 0.00 | epoch: 1 pq: 0 rg: 1 | total time: 0.31m | eta: 3.2m
step 00099/01000 (9.90%) | loss: 7.760221 | lrm: 1.00 | dt: 206.45ms | tok/sec: 4,960 | bf16_mfu: 0.00 | epoch: 1 pq: 0 rg: 1 | total time: 0.32m | eta: 3.2m
step 00100/01000 (10.00%) | loss: 7.791077 | lrm: 1.00 | dt: 203.97ms | tok/sec: 5,020 | bf16_mfu: 0.00 | epoch: 1 pq: 0 rg: 1 | total time: 0.32m | eta: 3.2m
step 00101/01000 (10.10%) | loss: 7.811902 | lrm: 1.00 | dt: 216.53ms | tok/sec: 4,729 | bf16_mfu: 0.00 | epoch: 1 pq: 0 rg: 1 | total time: 0.33m | eta: 3.2m
step 00102/01000 (10.20%) | loss: 7.780611 | lrm: 1.00 | dt: 204.26ms | tok/sec: 5,013 | bf16_mfu: 0.00 | epoch: 1 pq: 0 rg: 1 | total time: 0.33m | eta: 3.2m
step 00103/01000 (10.30%) | loss: 7.750828 | lrm: 1.00 | dt: 193.19ms | tok/sec: 5,300 | bf16_mfu: 0.00 | epoch: 1 pq: 0 rg: 1 | total time: 0.33m | eta: 3.2m
step 00104/01000 (10.40%) | loss: 7.756097 | lrm: 1.00 | dt: 205.28ms | tok/sec: 4,988 | bf16_mfu: 0.00 | epoch: 1 pq: 0 rg: 1 | total time: 0.34m | eta: 3.2m
step 00105/01000 (10.50%) | loss: 7.797604 | lrm: 1.00 | dt: 333.10ms | tok/sec: 3,074 | bf16_mfu: 0.00 | epoch: 1 pq: 0 rg: 1 | total time: 0.34m | eta: 3.2m
step 00106/01000 (10.60%) | loss: 7.802243 | lrm: 1.00 | dt: 247.14ms | tok/sec: 4,143 | bf16_mfu: 0.00 | epoch: 1 pq: 0 rg: 1 | total time: 0.35m | eta: 3.2m
step 00107/01000 (10.70%) | loss: 7.792276 | lrm: 1.00 | dt: 231.26ms | tok/sec: 4,427 | bf16_mfu: 0.00 | epoch: 1 pq: 0 rg: 1 | total time: 0.35m | eta: 3.2m
step 00108/01000 (10.80%) | loss: 7.759674 | lrm: 1.00 | dt: 236.47ms | tok/sec: 4,330 | bf16_mfu: 0.00 | epoch: 1 pq: 0 rg: 1 | total time: 0.35m | eta: 3.2m
step 00109/01000 (10.90%) | loss: 7.722451 | lrm: 1.00 | dt: 184.65ms | tok/sec: 5,545 | bf16_mfu: 0.00 | epoch: 1 pq: 0 rg: 1 | total time: 0.36m | eta: 3.2m
step 00110/01000 (11.00%) | loss: 7.719383 | lrm: 1.00 | dt: 164.33ms | tok/sec: 6,231 | bf16_mfu: 0.00 | epoch: 1 pq: 0 rg: 1 | total time: 0.36m | eta: 3.2m
step 00111/01000 (11.10%) | loss: 7.747325 | lrm: 1.00 | dt: 283.24ms | tok/sec: 3,615 | bf16_mfu: 0.00 | epoch: 1 pq: 0 rg: 1 | total time: 0.36m | eta: 3.2m
step 00112/01000 (11.20%) | loss: 7.746138 | lrm: 1.00 | dt: 156.62ms | tok/sec: 6,537 | bf16_mfu: 0.00 | epoch: 1 pq: 0 rg: 1 | total time: 0.37m | eta: 3.2m
step 00113/01000 (11.30%) | loss: 7.723027 | lrm: 1.00 | dt: 171.07ms | tok/sec: 5,985 | bf16_mfu: 0.00 | epoch: 1 pq: 0 rg: 1 | total time: 0.37m | eta: 3.2m
step 00114/01000 (11.40%) | loss: 7.717668 | lrm: 1.00 | dt: 152.19ms | tok/sec: 6,728 | bf16_mfu: 0.00 | epoch: 1 pq: 0 rg: 1 | total time: 0.37m | eta: 3.2m
step 00115/01000 (11.50%) | loss: 7.681777 | lrm: 1.00 | dt: 163.02ms | tok/sec: 6,281 | bf16_mfu: 0.00 | epoch: 1 pq: 0 rg: 1 | total time: 0.37m | eta: 3.2m
step 00116/01000 (11.60%) | loss: 7.691960 | lrm: 1.00 | dt: 166.46ms | tok/sec: 6,151 | bf16_mfu: 0.00 | epoch: 1 pq: 0 rg: 1 | total time: 0.38m | eta: 3.1m
step 00117/01000 (11.70%) | loss: 7.631316 | lrm: 1.00 | dt: 154.05ms | tok/sec: 6,647 | bf16_mfu: 0.00 | epoch: 1 pq: 0 rg: 1 | total time: 0.38m | eta: 3.1m
step 00118/01000 (11.80%) | loss: 7.596420 | lrm: 1.00 | dt: 177.81ms | tok/sec: 5,758 | bf16_mfu: 0.00 | epoch: 1 pq: 0 rg: 1 | total time: 0.38m | eta: 3.1m
step 00119/01000 (11.90%) | loss: 7.614820 | lrm: 1.00 | dt: 170.89ms | tok/sec: 5,992 | bf16_mfu: 0.00 | epoch: 1 pq: 0 rg: 1 | total time: 0.39m | eta: 3.1m
step 00120/01000 (12.00%) | loss: 7.639330 | lrm: 1.00 | dt: 184.84ms | tok/sec: 5,539 | bf16_mfu: 0.00 | epoch: 1 pq: 0 rg: 1 | total time: 0.39m | eta: 3.1m
step 00121/01000 (12.10%) | loss: 7.655926 | lrm: 1.00 | dt: 383.64ms | tok/sec: 2,669 | bf16_mfu: 0.00 | epoch: 1 pq: 0 rg: 1 | total time: 0.39m | eta: 3.1m
step 00122/01000 (12.20%) | loss: 7.644481 | lrm: 1.00 | dt: 200.16ms | tok/sec: 5,115 | bf16_mfu: 0.00 | epoch: 1 pq: 0 rg: 1 | total time: 0.40m | eta: 3.1m
step 00123/01000 (12.30%) | loss: 7.627434 | lrm: 1.00 | dt: 194.26ms | tok/sec: 5,271 | bf16_mfu: 0.00 | epoch: 1 pq: 0 rg: 1 | total time: 0.40m | eta: 3.1m
step 00124/01000 (12.40%) | loss: 7.626970 | lrm: 1.00 | dt: 190.07ms | tok/sec: 5,387 | bf16_mfu: 0.00 | epoch: 1 pq: 0 rg: 1 | total time: 0.40m | eta: 3.1m
step 00125/01000 (12.50%) | loss: 7.625883 | lrm: 1.00 | dt: 182.67ms | tok/sec: 5,605 | bf16_mfu: 0.00 | epoch: 1 pq: 0 rg: 1 | total time: 0.41m | eta: 3.1m
step 00126/01000 (12.60%) | loss: 7.609934 | lrm: 1.00 | dt: 235.74ms | tok/sec: 4,343 | bf16_mfu: 0.00 | epoch: 1 pq: 0 rg: 1 | total time: 0.41m | eta: 3.1m
step 00127/01000 (12.70%) | loss: 7.592292 | lrm: 1.00 | dt: 199.95ms | tok/sec: 5,121 | bf16_mfu: 0.00 | epoch: 1 pq: 0 rg: 1 | total time: 0.41m | eta: 3.1m
step 00128/01000 (12.80%) | loss: 7.595921 | lrm: 1.00 | dt: 181.99ms | tok/sec: 5,626 | bf16_mfu: 0.00 | epoch: 1 pq: 0 rg: 1 | total time: 0.42m | eta: 3.1m
step 00129/01000 (12.90%) | loss: 7.604671 | lrm: 1.00 | dt: 190.74ms | tok/sec: 5,368 | bf16_mfu: 0.00 | epoch: 1 pq: 0 rg: 1 | total time: 0.42m | eta: 3.1m
step 00130/01000 (13.00%) | loss: 7.632018 | lrm: 1.00 | dt: 173.84ms | tok/sec: 5,890 | bf16_mfu: 0.00 | epoch: 1 pq: 0 rg: 1 | total time: 0.42m | eta: 3.1m
step 00131/01000 (13.10%) | loss: 7.632685 | lrm: 1.00 | dt: 170.37ms | tok/sec: 6,010 | bf16_mfu: 0.00 | epoch: 1 pq: 0 rg: 1 | total time: 0.43m | eta: 3.1m
step 00132/01000 (13.20%) | loss: 7.599873 | lrm: 1.00 | dt: 176.08ms | tok/sec: 5,815 | bf16_mfu: 0.00 | epoch: 1 pq: 0 rg: 1 | total time: 0.43m | eta: 3.1m
step 00133/01000 (13.30%) | loss: 7.579134 | lrm: 1.00 | dt: 176.51ms | tok/sec: 5,801 | bf16_mfu: 0.00 | epoch: 1 pq: 0 rg: 1 | total time: 0.43m | eta: 3.1m
step 00134/01000 (13.40%) | loss: 7.548396 | lrm: 1.00 | dt: 170.97ms | tok/sec: 5,989 | bf16_mfu: 0.00 | epoch: 1 pq: 0 rg: 1 | total time: 0.44m | eta: 3.0m
step 00135/01000 (13.50%) | loss: 7.510630 | lrm: 1.00 | dt: 173.28ms | tok/sec: 5,909 | bf16_mfu: 0.00 | epoch: 1 pq: 0 rg: 1 | total time: 0.44m | eta: 3.0m
step 00136/01000 (13.60%) | loss: 7.505495 | lrm: 1.00 | dt: 288.24ms | tok/sec: 3,552 | bf16_mfu: 0.00 | epoch: 1 pq: 0 rg: 1 | total time: 0.44m | eta: 3.0m
step 00137/01000 (13.70%) | loss: 7.561298 | lrm: 1.00 | dt: 199.57ms | tok/sec: 5,131 | bf16_mfu: 0.00 | epoch: 1 pq: 0 rg: 1 | total time: 0.45m | eta: 3.0m
step 00138/01000 (13.80%) | loss: 7.545786 | lrm: 1.00 | dt: 238.20ms | tok/sec: 4,298 | bf16_mfu: 0.00 | epoch: 1 pq: 0 rg: 1 | total time: 0.45m | eta: 3.0m
step 00139/01000 (13.90%) | loss: 7.518270 | lrm: 1.00 | dt: 227.31ms | tok/sec: 4,504 | bf16_mfu: 0.00 | epoch: 1 pq: 0 rg: 1 | total time: 0.45m | eta: 3.0m
step 00140/01000 (14.00%) | loss: 7.563538 | lrm: 1.00 | dt: 226.48ms | tok/sec: 4,521 | bf16_mfu: 0.00 | epoch: 1 pq: 0 rg: 1 | total time: 0.46m | eta: 3.0m
step 00141/01000 (14.10%) | loss: 7.594296 | lrm: 1.00 | dt: 277.23ms | tok/sec: 3,693 | bf16_mfu: 0.00 | epoch: 1 pq: 0 rg: 1 | total time: 0.46m | eta: 3.0m
step 00142/01000 (14.20%) | loss: 7.554929 | lrm: 1.00 | dt: 258.43ms | tok/sec: 3,962 | bf16_mfu: 0.00 | epoch: 1 pq: 0 rg: 1 | total time: 0.47m | eta: 3.0m
step 00143/01000 (14.30%) | loss: 7.563056 | lrm: 1.00 | dt: 272.52ms | tok/sec: 3,757 | bf16_mfu: 0.00 | epoch: 1 pq: 0 rg: 1 | total time: 0.47m | eta: 3.0m
step 00144/01000 (14.40%) | loss: 7.573426 | lrm: 1.00 | dt: 410.84ms | tok/sec: 2,492 | bf16_mfu: 0.00 | epoch: 1 pq: 0 rg: 1 | total time: 0.48m | eta: 3.1m
step 00145/01000 (14.50%) | loss: 7.540842 | lrm: 1.00 | dt: 254.40ms | tok/sec: 4,025 | bf16_mfu: 0.00 | epoch: 1 pq: 0 rg: 1 | total time: 0.48m | eta: 3.1m
step 00146/01000 (14.60%) | loss: 7.523357 | lrm: 1.00 | dt: 233.34ms | tok/sec: 4,388 | bf16_mfu: 0.00 | epoch: 1 pq: 0 rg: 1 | total time: 0.49m | eta: 3.1m
step 00147/01000 (14.70%) | loss: 7.524573 | lrm: 1.00 | dt: 202.40ms | tok/sec: 5,059 | bf16_mfu: 0.00 | epoch: 1 pq: 0 rg: 1 | total time: 0.49m | eta: 3.1m
step 00148/01000 (14.80%) | loss: 7.520624 | lrm: 1.00 | dt: 182.72ms | tok/sec: 5,604 | bf16_mfu: 0.00 | epoch: 1 pq: 0 rg: 1 | total time: 0.49m | eta: 3.0m
step 00149/01000 (14.90%) | loss: 7.513211 | lrm: 1.00 | dt: 177.22ms | tok/sec: 5,778 | bf16_mfu: 0.00 | epoch: 1 pq: 0 rg: 1 | total time: 0.50m | eta: 3.0m
step 00150/01000 (15.00%) | loss: 7.482066 | lrm: 1.00 | dt: 193.56ms | tok/sec: 5,290 | bf16_mfu: 0.00 | epoch: 1 pq: 0 rg: 1 | total time: 0.50m | eta: 3.0m
step 00151/01000 (15.10%) | loss: 7.435356 | lrm: 1.00 | dt: 191.66ms | tok/sec: 5,342 | bf16_mfu: 0.00 | epoch: 1 pq: 0 rg: 1 | total time: 0.50m | eta: 3.0m
step 00152/01000 (15.20%) | loss: 7.443325 | lrm: 1.00 | dt: 180.04ms | tok/sec: 5,687 | bf16_mfu: 0.00 | epoch: 1 pq: 0 rg: 1 | total time: 0.51m | eta: 3.0m
step 00153/01000 (15.30%) | loss: 7.433518 | lrm: 1.00 | dt: 176.55ms | tok/sec: 5,800 | bf16_mfu: 0.00 | epoch: 1 pq: 0 rg: 1 | total time: 0.51m | eta: 3.0m
step 00154/01000 (15.40%) | loss: 7.405834 | lrm: 1.00 | dt: 169.23ms | tok/sec: 6,050 | bf16_mfu: 0.00 | epoch: 1 pq: 0 rg: 1 | total time: 0.51m | eta: 3.0m
step 00155/01000 (15.50%) | loss: 7.354334 | lrm: 1.00 | dt: 159.56ms | tok/sec: 6,417 | bf16_mfu: 0.00 | epoch: 1 pq: 0 rg: 1 | total time: 0.51m | eta: 3.0m
step 00156/01000 (15.60%) | loss: 7.414342 | lrm: 1.00 | dt: 153.61ms | tok/sec: 6,666 | bf16_mfu: 0.00 | epoch: 1 pq: 0 rg: 1 | total time: 0.52m | eta: 3.0m
step 00157/01000 (15.70%) | loss: 7.466990 | lrm: 1.00 | dt: 271.97ms | tok/sec: 3,765 | bf16_mfu: 0.00 | epoch: 1 pq: 0 rg: 1 | total time: 0.52m | eta: 3.0m
step 00158/01000 (15.80%) | loss: 7.478612 | lrm: 1.00 | dt: 175.71ms | tok/sec: 5,827 | bf16_mfu: 0.00 | epoch: 1 pq: 0 rg: 1 | total time: 0.52m | eta: 3.0m
step 00159/01000 (15.90%) | loss: 7.460664 | lrm: 1.00 | dt: 197.30ms | tok/sec: 5,190 | bf16_mfu: 0.00 | epoch: 1 pq: 0 rg: 1 | total time: 0.53m | eta: 3.0m
step 00160/01000 (16.00%) | loss: 7.504469 | lrm: 1.00 | dt: 176.45ms | tok/sec: 5,803 | bf16_mfu: 0.00 | epoch: 1 pq: 0 rg: 1 | total time: 0.53m | eta: 3.0m
step 00161/01000 (16.10%) | loss: 7.459186 | lrm: 1.00 | dt: 186.82ms | tok/sec: 5,481 | bf16_mfu: 0.00 | epoch: 1 pq: 0 rg: 1 | total time: 0.53m | eta: 3.0m
step 00162/01000 (16.20%) | loss: 7.393939 | lrm: 1.00 | dt: 203.97ms | tok/sec: 5,020 | bf16_mfu: 0.00 | epoch: 1 pq: 0 rg: 1 | total time: 0.54m | eta: 3.0m
step 00163/01000 (16.30%) | loss: 7.459784 | lrm: 1.00 | dt: 192.77ms | tok/sec: 5,312 | bf16_mfu: 0.00 | epoch: 1 pq: 0 rg: 1 | total time: 0.54m | eta: 3.0m
step 00164/01000 (16.40%) | loss: 7.447947 | lrm: 1.00 | dt: 360.53ms | tok/sec: 2,840 | bf16_mfu: 0.00 | epoch: 1 pq: 0 rg: 1 | total time: 0.55m | eta: 3.0m
step 00165/01000 (16.50%) | loss: 7.450950 | lrm: 1.00 | dt: 202.12ms | tok/sec: 5,066 | bf16_mfu: 0.00 | epoch: 1 pq: 0 rg: 1 | total time: 0.55m | eta: 3.0m
step 00166/01000 (16.60%) | loss: 7.462129 | lrm: 1.00 | dt: 197.77ms | tok/sec: 5,177 | bf16_mfu: 0.00 | epoch: 1 pq: 0 rg: 1 | total time: 0.55m | eta: 3.0m
step 00167/01000 (16.70%) | loss: 7.473508 | lrm: 1.00 | dt: 183.83ms | tok/sec: 5,570 | bf16_mfu: 0.00 | epoch: 1 pq: 0 rg: 1 | total time: 0.56m | eta: 2.9m
step 00168/01000 (16.80%) | loss: 7.458108 | lrm: 1.00 | dt: 168.08ms | tok/sec: 6,092 | bf16_mfu: 0.00 | epoch: 1 pq: 0 rg: 1 | total time: 0.56m | eta: 2.9m
step 00169/01000 (16.90%) | loss: 7.502914 | lrm: 1.00 | dt: 172.46ms | tok/sec: 5,937 | bf16_mfu: 0.00 | epoch: 1 pq: 0 rg: 1 | total time: 0.56m | eta: 2.9m
step 00170/01000 (17.00%) | loss: 7.561135 | lrm: 1.00 | dt: 155.97ms | tok/sec: 6,565 | bf16_mfu: 0.00 | epoch: 1 pq: 0 rg: 1 | total time: 0.56m | eta: 2.9m
step 00171/01000 (17.10%) | loss: 7.549444 | lrm: 1.00 | dt: 182.73ms | tok/sec: 5,603 | bf16_mfu: 0.00 | epoch: 1 pq: 0 rg: 1 | total time: 0.57m | eta: 2.9m
step 00172/01000 (17.20%) | loss: 7.552317 | lrm: 1.00 | dt: 162.28ms | tok/sec: 6,310 | bf16_mfu: 0.00 | epoch: 1 pq: 0 rg: 1 | total time: 0.57m | eta: 2.9m
step 00173/01000 (17.30%) | loss: 7.533396 | lrm: 1.00 | dt: 304.69ms | tok/sec: 3,360 | bf16_mfu: 0.00 | epoch: 1 pq: 0 rg: 1 | total time: 0.57m | eta: 2.9m
step 00174/01000 (17.40%) | loss: 7.482234 | lrm: 1.00 | dt: 180.17ms | tok/sec: 5,683 | bf16_mfu: 0.00 | epoch: 1 pq: 0 rg: 1 | total time: 0.58m | eta: 2.9m
step 00175/01000 (17.50%) | loss: 7.486352 | lrm: 1.00 | dt: 165.21ms | tok/sec: 6,198 | bf16_mfu: 0.00 | epoch: 1 pq: 0 rg: 1 | total time: 0.58m | eta: 2.9m
step 00176/01000 (17.60%) | loss: 7.495640 | lrm: 1.00 | dt: 169.25ms | tok/sec: 6,050 | bf16_mfu: 0.00 | epoch: 1 pq: 0 rg: 1 | total time: 0.58m | eta: 2.9m
step 00177/01000 (17.70%) | loss: 7.495455 | lrm: 1.00 | dt: 190.42ms | tok/sec: 5,377 | bf16_mfu: 0.00 | epoch: 1 pq: 0 rg: 1 | total time: 0.59m | eta: 2.9m
step 00178/01000 (17.80%) | loss: 7.556935 | lrm: 1.00 | dt: 169.76ms | tok/sec: 6,031 | bf16_mfu: 0.00 | epoch: 1 pq: 0 rg: 1 | total time: 0.59m | eta: 2.9m
step 00179/01000 (17.90%) | loss: 7.570888 | lrm: 1.00 | dt: 188.45ms | tok/sec: 5,433 | bf16_mfu: 0.00 | epoch: 1 pq: 0 rg: 1 | total time: 0.59m | eta: 2.9m
step 00180/01000 (18.00%) | loss: 7.541075 | lrm: 1.00 | dt: 205.91ms | tok/sec: 4,973 | bf16_mfu: 0.00 | epoch: 1 pq: 0 rg: 1 | total time: 0.60m | eta: 2.9m
step 00181/01000 (18.10%) | loss: 7.523107 | lrm: 1.00 | dt: 219.77ms | tok/sec: 4,659 | bf16_mfu: 0.00 | epoch: 1 pq: 0 rg: 1 | total time: 0.60m | eta: 2.9m
step 00182/01000 (18.20%) | loss: 7.433347 | lrm: 1.00 | dt: 196.94ms | tok/sec: 5,199 | bf16_mfu: 0.00 | epoch: 1 pq: 0 rg: 1 | total time: 0.60m | eta: 2.9m
step 00183/01000 (18.30%) | loss: 7.393039 | lrm: 1.00 | dt: 179.16ms | tok/sec: 5,715 | bf16_mfu: 0.00 | epoch: 1 pq: 0 rg: 1 | total time: 0.61m | eta: 2.9m
step 00184/01000 (18.40%) | loss: 7.345769 | lrm: 1.00 | dt: 182.52ms | tok/sec: 5,610 | bf16_mfu: 0.00 | epoch: 1 pq: 0 rg: 1 | total time: 0.61m | eta: 2.9m
step 00185/01000 (18.50%) | loss: 7.343319 | lrm: 1.00 | dt: 319.16ms | tok/sec: 3,208 | bf16_mfu: 0.00 | epoch: 1 pq: 0 rg: 1 | total time: 0.61m | eta: 2.9m
step 00186/01000 (18.60%) | loss: 7.359502 | lrm: 1.00 | dt: 214.40ms | tok/sec: 4,776 | bf16_mfu: 0.00 | epoch: 1 pq: 0 rg: 1 | total time: 0.62m | eta: 2.9m
step 00187/01000 (18.70%) | loss: 7.333791 | lrm: 1.00 | dt: 222.23ms | tok/sec: 4,607 | bf16_mfu: 0.00 | epoch: 1 pq: 0 rg: 1 | total time: 0.62m | eta: 2.9m
step 00188/01000 (18.80%) | loss: 7.369124 | lrm: 1.00 | dt: 251.01ms | tok/sec: 4,079 | bf16_mfu: 0.00 | epoch: 1 pq: 0 rg: 1 | total time: 0.63m | eta: 2.9m
step 00189/01000 (18.90%) | loss: 7.332672 | lrm: 1.00 | dt: 298.38ms | tok/sec: 3,431 | bf16_mfu: 0.00 | epoch: 1 pq: 0 rg: 1 | total time: 0.63m | eta: 2.9m
step 00190/01000 (19.00%) | loss: 7.270846 | lrm: 1.00 | dt: 448.18ms | tok/sec: 2,284 | bf16_mfu: 0.00 | epoch: 1 pq: 0 rg: 1 | total time: 0.64m | eta: 2.9m
step 00191/01000 (19.10%) | loss: 7.265738 | lrm: 1.00 | dt: 233.09ms | tok/sec: 4,393 | bf16_mfu: 0.00 | epoch: 1 pq: 0 rg: 1 | total time: 0.64m | eta: 2.9m
step 00192/01000 (19.20%) | loss: 7.304415 | lrm: 1.00 | dt: 229.33ms | tok/sec: 4,465 | bf16_mfu: 0.00 | epoch: 1 pq: 0 rg: 1 | total time: 0.65m | eta: 2.9m
step 00193/01000 (19.30%) | loss: 7.275486 | lrm: 1.00 | dt: 367.86ms | tok/sec: 2,783 | bf16_mfu: 0.00 | epoch: 1 pq: 0 rg: 1 | total time: 0.65m | eta: 2.9m
step 00194/01000 (19.40%) | loss: 7.241376 | lrm: 1.00 | dt: 201.70ms | tok/sec: 5,076 | bf16_mfu: 0.00 | epoch: 1 pq: 0 rg: 1 | total time: 0.66m | eta: 2.9m
step 00195/01000 (19.50%) | loss: 7.263909 | lrm: 1.00 | dt: 197.05ms | tok/sec: 5,196 | bf16_mfu: 0.00 | epoch: 1 pq: 0 rg: 1 | total time: 0.66m | eta: 2.9m
step 00196/01000 (19.60%) | loss: 7.262707 | lrm: 1.00 | dt: 204.99ms | tok/sec: 4,995 | bf16_mfu: 0.00 | epoch: 1 pq: 0 rg: 1 | total time: 0.66m | eta: 2.9m
step 00197/01000 (19.70%) | loss: 7.262266 | lrm: 1.00 | dt: 186.94ms | tok/sec: 5,477 | bf16_mfu: 0.00 | epoch: 1 pq: 0 rg: 1 | total time: 0.66m | eta: 2.9m
step 00198/01000 (19.80%) | loss: 7.233740 | lrm: 1.00 | dt: 195.27ms | tok/sec: 5,244 | bf16_mfu: 0.00 | epoch: 1 pq: 0 rg: 1 | total time: 0.67m | eta: 2.9m
step 00199/01000 (19.90%) | loss: 7.242392 | lrm: 1.00 | dt: 211.83ms | tok/sec: 4,834 | bf16_mfu: 0.00 | epoch: 1 pq: 0 rg: 1 | total time: 0.67m | eta: 2.8m
step 00200/01000 (20.00%) | loss: 7.231600 | lrm: 1.00 | dt: 229.00ms | tok/sec: 4,471 | bf16_mfu: 0.00 | epoch: 1 pq: 0 rg: 1 | total time: 0.68m | eta: 2.8m
step 00201/01000 (20.10%) | loss: 7.244639 | lrm: 1.00 | dt: 226.87ms | tok/sec: 4,513 | bf16_mfu: 0.00 | epoch: 1 pq: 0 rg: 1 | total time: 0.68m | eta: 2.8m
step 00202/01000 (20.20%) | loss: 7.197173 | lrm: 1.00 | dt: 245.10ms | tok/sec: 4,177 | bf16_mfu: 0.00 | epoch: 1 pq: 0 rg: 1 | total time: 0.68m | eta: 2.8m
step 00203/01000 (20.30%) | loss: 7.225332 | lrm: 1.00 | dt: 385.40ms | tok/sec: 2,657 | bf16_mfu: 0.00 | epoch: 1 pq: 0 rg: 1 | total time: 0.69m | eta: 2.8m
step 00204/01000 (20.40%) | loss: 7.222103 | lrm: 1.00 | dt: 231.39ms | tok/sec: 4,425 | bf16_mfu: 0.00 | epoch: 1 pq: 0 rg: 1 | total time: 0.69m | eta: 2.8m
step 00205/01000 (20.50%) | loss: 7.218922 | lrm: 1.00 | dt: 222.46ms | tok/sec: 4,603 | bf16_mfu: 0.00 | epoch: 1 pq: 0 rg: 1 | total time: 0.70m | eta: 2.8m
step 00206/01000 (20.60%) | loss: 7.204850 | lrm: 1.00 | dt: 205.72ms | tok/sec: 4,977 | bf16_mfu: 0.00 | epoch: 1 pq: 0 rg: 1 | total time: 0.70m | eta: 2.8m
step 00207/01000 (20.70%) | loss: 7.217960 | lrm: 1.00 | dt: 209.26ms | tok/sec: 4,893 | bf16_mfu: 0.00 | epoch: 1 pq: 0 rg: 1 | total time: 0.70m | eta: 2.8m
step 00208/01000 (20.80%) | loss: 7.206478 | lrm: 1.00 | dt: 255.65ms | tok/sec: 4,005 | bf16_mfu: 0.00 | epoch: 1 pq: 0 rg: 1 | total time: 0.71m | eta: 2.8m
step 00209/01000 (20.90%) | loss: 7.178685 | lrm: 1.00 | dt: 368.12ms | tok/sec: 2,781 | bf16_mfu: 0.00 | epoch: 1 pq: 0 rg: 1 | total time: 0.71m | eta: 2.8m
step 00210/01000 (21.00%) | loss: 7.170527 | lrm: 1.00 | dt: 205.02ms | tok/sec: 4,994 | bf16_mfu: 0.00 | epoch: 1 pq: 0 rg: 1 | total time: 0.72m | eta: 2.8m
step 00211/01000 (21.10%) | loss: 7.207817 | lrm: 1.00 | dt: 202.06ms | tok/sec: 5,067 | bf16_mfu: 0.00 | epoch: 1 pq: 0 rg: 1 | total time: 0.72m | eta: 2.8m
step 00212/01000 (21.20%) | loss: 7.212660 | lrm: 1.00 | dt: 193.80ms | tok/sec: 5,283 | bf16_mfu: 0.00 | epoch: 1 pq: 0 rg: 1 | total time: 0.72m | eta: 2.8m
step 00213/01000 (21.30%) | loss: 7.221412 | lrm: 1.00 | dt: 204.97ms | tok/sec: 4,995 | bf16_mfu: 0.00 | epoch: 1 pq: 0 rg: 1 | total time: 0.73m | eta: 2.8m
step 00214/01000 (21.40%) | loss: 7.252642 | lrm: 1.00 | dt: 183.36ms | tok/sec: 5,584 | bf16_mfu: 0.00 | epoch: 1 pq: 0 rg: 1 | total time: 0.73m | eta: 2.8m
step 00215/01000 (21.50%) | loss: 7.184909 | lrm: 1.00 | dt: 182.01ms | tok/sec: 5,626 | bf16_mfu: 0.00 | epoch: 1 pq: 0 rg: 1 | total time: 0.73m | eta: 2.8m
step 00216/01000 (21.60%) | loss: 7.150244 | lrm: 1.00 | dt: 198.20ms | tok/sec: 5,166 | bf16_mfu: 0.00 | epoch: 1 pq: 0 rg: 1 | total time: 0.74m | eta: 2.8m
step 00217/01000 (21.70%) | loss: 7.193060 | lrm: 1.00 | dt: 199.23ms | tok/sec: 5,139 | bf16_mfu: 0.00 | epoch: 1 pq: 0 rg: 1 | total time: 0.74m | eta: 2.8m
step 00218/01000 (21.80%) | loss: 7.214565 | lrm: 1.00 | dt: 216.68ms | tok/sec: 4,725 | bf16_mfu: 0.00 | epoch: 1 pq: 0 rg: 1 | total time: 0.74m | eta: 2.8m
step 00219/01000 (21.90%) | loss: 7.273795 | lrm: 1.00 | dt: 212.80ms | tok/sec: 4,812 | bf16_mfu: 0.00 | epoch: 1 pq: 0 rg: 1 | total time: 0.75m | eta: 2.8m
step 00220/01000 (22.00%) | loss: 7.300125 | lrm: 1.00 | dt: 319.11ms | tok/sec: 3,208 | bf16_mfu: 0.00 | epoch: 1 pq: 0 rg: 1 | total time: 0.75m | eta: 2.8m
step 00221/01000 (22.10%) | loss: 7.284650 | lrm: 1.00 | dt: 252.72ms | tok/sec: 4,051 | bf16_mfu: 0.00 | epoch: 1 pq: 0 rg: 1 | total time: 0.76m | eta: 2.8m
step 00222/01000 (22.20%) | loss: 7.296426 | lrm: 1.00 | dt: 261.55ms | tok/sec: 3,915 | bf16_mfu: 0.00 | epoch: 1 pq: 0 rg: 1 | total time: 0.76m | eta: 2.8m
step 00223/01000 (22.30%) | loss: 7.280479 | lrm: 1.00 | dt: 222.29ms | tok/sec: 4,606 | bf16_mfu: 0.00 | epoch: 1 pq: 0 rg: 1 | total time: 0.77m | eta: 2.8m
step 00224/01000 (22.40%) | loss: 7.304269 | lrm: 1.00 | dt: 255.37ms | tok/sec: 4,009 | bf16_mfu: 0.00 | epoch: 1 pq: 0 rg: 1 | total time: 0.77m | eta: 2.8m
step 00225/01000 (22.50%) | loss: 7.326848 | lrm: 1.00 | dt: 205.29ms | tok/sec: 4,987 | bf16_mfu: 0.00 | epoch: 1 pq: 0 rg: 1 | total time: 0.77m | eta: 2.8m
step 00226/01000 (22.60%) | loss: 7.335512 | lrm: 1.00 | dt: 214.40ms | tok/sec: 4,776 | bf16_mfu: 0.00 | epoch: 1 pq: 0 rg: 1 | total time: 0.78m | eta: 2.8m
step 00227/01000 (22.70%) | loss: 7.302619 | lrm: 1.00 | dt: 212.47ms | tok/sec: 4,819 | bf16_mfu: 0.00 | epoch: 1 pq: 0 rg: 1 | total time: 0.78m | eta: 2.8m
step 00228/01000 (22.80%) | loss: 7.381714 | lrm: 1.00 | dt: 202.29ms | tok/sec: 5,062 | bf16_mfu: 0.00 | epoch: 1 pq: 0 rg: 1 | total time: 0.78m | eta: 2.8m
step 00229/01000 (22.90%) | loss: 7.365918 | lrm: 1.00 | dt: 339.38ms | tok/sec: 3,017 | bf16_mfu: 0.00 | epoch: 1 pq: 0 rg: 1 | total time: 0.79m | eta: 2.8m
step 00230/01000 (23.00%) | loss: 7.410500 | lrm: 1.00 | dt: 211.12ms | tok/sec: 4,850 | bf16_mfu: 0.00 | epoch: 1 pq: 0 rg: 1 | total time: 0.79m | eta: 2.8m
step 00231/01000 (23.10%) | loss: 7.351738 | lrm: 1.00 | dt: 206.44ms | tok/sec: 4,960 | bf16_mfu: 0.00 | epoch: 1 pq: 0 rg: 1 | total time: 0.80m | eta: 2.8m
step 00232/01000 (23.20%) | loss: 7.320743 | lrm: 1.00 | dt: 213.36ms | tok/sec: 4,799 | bf16_mfu: 0.00 | epoch: 1 pq: 0 rg: 1 | total time: 0.80m | eta: 2.8m
step 00233/01000 (23.30%) | loss: 7.326741 | lrm: 1.00 | dt: 232.95ms | tok/sec: 4,395 | bf16_mfu: 0.00 | epoch: 1 pq: 0 rg: 1 | total time: 0.80m | eta: 2.8m
step 00234/01000 (23.40%) | loss: 7.348231 | lrm: 1.00 | dt: 242.61ms | tok/sec: 4,220 | bf16_mfu: 0.00 | epoch: 1 pq: 0 rg: 1 | total time: 0.81m | eta: 2.8m
step 00235/01000 (23.50%) | loss: 7.331788 | lrm: 1.00 | dt: 259.30ms | tok/sec: 3,949 | bf16_mfu: 0.00 | epoch: 1 pq: 0 rg: 1 | total time: 0.81m | eta: 2.8m
step 00236/01000 (23.60%) | loss: 7.313043 | lrm: 1.00 | dt: 236.86ms | tok/sec: 4,323 | bf16_mfu: 0.00 | epoch: 1 pq: 0 rg: 1 | total time: 0.82m | eta: 2.8m
step 00237/01000 (23.70%) | loss: 7.267784 | lrm: 1.00 | dt: 260.58ms | tok/sec: 3,929 | bf16_mfu: 0.00 | epoch: 1 pq: 0 rg: 1 | total time: 0.82m | eta: 2.8m
step 00238/01000 (23.80%) | loss: 7.282355 | lrm: 1.00 | dt: 261.41ms | tok/sec: 3,917 | bf16_mfu: 0.00 | epoch: 1 pq: 0 rg: 1 | total time: 0.82m | eta: 2.8m
step 00239/01000 (23.90%) | loss: 7.266940 | lrm: 1.00 | dt: 407.66ms | tok/sec: 2,511 | bf16_mfu: 0.00 | epoch: 1 pq: 0 rg: 1 | total time: 0.83m | eta: 2.8m
step 00240/01000 (24.00%) | loss: 7.291769 | lrm: 1.00 | dt: 249.26ms | tok/sec: 4,108 | bf16_mfu: 0.00 | epoch: 1 pq: 0 rg: 1 | total time: 0.84m | eta: 2.8m
step 00241/01000 (24.10%) | loss: 7.331938 | lrm: 1.00 | dt: 238.69ms | tok/sec: 4,290 | bf16_mfu: 0.00 | epoch: 1 pq: 0 rg: 1 | total time: 0.84m | eta: 2.8m
step 00242/01000 (24.20%) | loss: 7.270902 | lrm: 1.00 | dt: 411.46ms | tok/sec: 2,488 | bf16_mfu: 0.00 | epoch: 1 pq: 0 rg: 1 | total time: 0.85m | eta: 2.8m
step 00243/01000 (24.30%) | loss: 7.305912 | lrm: 1.00 | dt: 242.46ms | tok/sec: 4,223 | bf16_mfu: 0.00 | epoch: 1 pq: 0 rg: 1 | total time: 0.85m | eta: 2.8m
step 00244/01000 (24.40%) | loss: 7.323738 | lrm: 1.00 | dt: 240.64ms | tok/sec: 4,255 | bf16_mfu: 0.00 | epoch: 1 pq: 0 rg: 1 | total time: 0.85m | eta: 2.8m
step 00245/01000 (24.50%) | loss: 7.280013 | lrm: 1.00 | dt: 228.00ms | tok/sec: 4,491 | bf16_mfu: 0.00 | epoch: 1 pq: 0 rg: 1 | total time: 0.86m | eta: 2.8m
step 00246/01000 (24.60%) | loss: 7.268786 | lrm: 1.00 | dt: 250.24ms | tok/sec: 4,092 | bf16_mfu: 0.00 | epoch: 1 pq: 0 rg: 1 | total time: 0.86m | eta: 2.8m
step 00247/01000 (24.70%) | loss: 7.241917 | lrm: 1.00 | dt: 212.87ms | tok/sec: 4,810 | bf16_mfu: 0.00 | epoch: 1 pq: 0 rg: 1 | total time: 0.87m | eta: 2.8m
step 00248/01000 (24.80%) | loss: 7.235519 | lrm: 1.00 | dt: 204.77ms | tok/sec: 5,000 | bf16_mfu: 0.00 | epoch: 1 pq: 0 rg: 1 | total time: 0.87m | eta: 2.7m
step 00249/01000 (24.90%) | loss: 7.253721 | lrm: 1.00 | dt: 244.49ms | tok/sec: 4,188 | bf16_mfu: 0.00 | epoch: 1 pq: 0 rg: 2 | total time: 0.87m | eta: 2.7m
step 00250/01000 (25.00%) | loss: 7.284674 | lrm: 1.00 | dt: 216.73ms | tok/sec: 4,724 | bf16_mfu: 0.00 | epoch: 1 pq: 0 rg: 2 | total time: 0.88m | eta: 2.7m
step 00251/01000 (25.10%) | loss: 7.238822 | lrm: 1.00 | dt: 212.00ms | tok/sec: 4,830 | bf16_mfu: 0.00 | epoch: 1 pq: 0 rg: 2 | total time: 0.88m | eta: 2.7m
step 00252/01000 (25.20%) | loss: 7.239757 | lrm: 1.00 | dt: 339.46ms | tok/sec: 3,016 | bf16_mfu: 0.00 | epoch: 1 pq: 0 rg: 2 | total time: 0.89m | eta: 2.7m
step 00253/01000 (25.30%) | loss: 7.262764 | lrm: 1.00 | dt: 271.76ms | tok/sec: 3,768 | bf16_mfu: 0.00 | epoch: 1 pq: 0 rg: 2 | total time: 0.89m | eta: 2.7m
step 00254/01000 (25.40%) | loss: 7.181866 | lrm: 1.00 | dt: 257.25ms | tok/sec: 3,980 | bf16_mfu: 0.00 | epoch: 1 pq: 0 rg: 2 | total time: 0.90m | eta: 2.7m
step 00255/01000 (25.50%) | loss: 7.147042 | lrm: 1.00 | dt: 229.58ms | tok/sec: 4,460 | bf16_mfu: 0.00 | epoch: 1 pq: 0 rg: 2 | total time: 0.90m | eta: 2.7m
step 00256/01000 (25.60%) | loss: 7.137646 | lrm: 1.00 | dt: 250.01ms | tok/sec: 4,095 | bf16_mfu: 0.00 | epoch: 1 pq: 0 rg: 2 | total time: 0.90m | eta: 2.7m
step 00257/01000 (25.70%) | loss: 7.119128 | lrm: 1.00 | dt: 245.14ms | tok/sec: 4,177 | bf16_mfu: 0.00 | epoch: 1 pq: 0 rg: 2 | total time: 0.91m | eta: 2.7m
step 00258/01000 (25.80%) | loss: 7.106220 | lrm: 1.00 | dt: 240.19ms | tok/sec: 4,263 | bf16_mfu: 0.00 | epoch: 1 pq: 0 rg: 2 | total time: 0.91m | eta: 2.7m
step 00259/01000 (25.90%) | loss: 7.101058 | lrm: 1.00 | dt: 211.65ms | tok/sec: 4,838 | bf16_mfu: 0.00 | epoch: 1 pq: 0 rg: 2 | total time: 0.91m | eta: 2.7m
step 00260/01000 (26.00%) | loss: 7.128174 | lrm: 1.00 | dt: 371.80ms | tok/sec: 2,754 | bf16_mfu: 0.00 | epoch: 1 pq: 0 rg: 2 | total time: 0.92m | eta: 2.7m
step 00261/01000 (26.10%) | loss: 7.126937 | lrm: 1.00 | dt: 224.47ms | tok/sec: 4,561 | bf16_mfu: 0.00 | epoch: 1 pq: 0 rg: 2 | total time: 0.92m | eta: 2.7m
step 00262/01000 (26.20%) | loss: 7.083474 | lrm: 1.00 | dt: 231.25ms | tok/sec: 4,428 | bf16_mfu: 0.00 | epoch: 1 pq: 0 rg: 2 | total time: 0.93m | eta: 2.7m
step 00263/01000 (26.30%) | loss: 7.059735 | lrm: 1.00 | dt: 215.78ms | tok/sec: 4,745 | bf16_mfu: 0.00 | epoch: 1 pq: 0 rg: 2 | total time: 0.93m | eta: 2.7m
step 00264/01000 (26.40%) | loss: 7.067635 | lrm: 1.00 | dt: 239.23ms | tok/sec: 4,280 | bf16_mfu: 0.00 | epoch: 1 pq: 0 rg: 2 | total time: 0.94m | eta: 2.7m
step 00265/01000 (26.50%) | loss: 7.039067 | lrm: 1.00 | dt: 206.88ms | tok/sec: 4,949 | bf16_mfu: 0.00 | epoch: 1 pq: 0 rg: 2 | total time: 0.94m | eta: 2.7m
step 00266/01000 (26.60%) | loss: 6.991462 | lrm: 1.00 | dt: 212.66ms | tok/sec: 4,815 | bf16_mfu: 0.00 | epoch: 1 pq: 0 rg: 2 | total time: 0.94m | eta: 2.7m
step 00267/01000 (26.70%) | loss: 7.065376 | lrm: 1.00 | dt: 216.59ms | tok/sec: 4,727 | bf16_mfu: 0.00 | epoch: 1 pq: 0 rg: 2 | total time: 0.95m | eta: 2.7m
step 00268/01000 (26.80%) | loss: 7.119955 | lrm: 1.00 | dt: 209.64ms | tok/sec: 4,884 | bf16_mfu: 0.00 | epoch: 1 pq: 0 rg: 2 | total time: 0.95m | eta: 2.7m
step 00269/01000 (26.90%) | loss: 7.144907 | lrm: 1.00 | dt: 224.45ms | tok/sec: 4,562 | bf16_mfu: 0.00 | epoch: 1 pq: 0 rg: 2 | total time: 0.95m | eta: 2.7m
step 00270/01000 (27.00%) | loss: 7.120408 | lrm: 1.00 | dt: 223.99ms | tok/sec: 4,571 | bf16_mfu: 0.00 | epoch: 1 pq: 0 rg: 2 | total time: 0.96m | eta: 2.7m
step 00271/01000 (27.10%) | loss: 7.120578 | lrm: 1.00 | dt: 383.23ms | tok/sec: 2,672 | bf16_mfu: 0.00 | epoch: 1 pq: 0 rg: 2 | total time: 0.96m | eta: 2.7m
step 00272/01000 (27.20%) | loss: 7.139936 | lrm: 1.00 | dt: 272.50ms | tok/sec: 3,757 | bf16_mfu: 0.00 | epoch: 1 pq: 0 rg: 2 | total time: 0.97m | eta: 2.7m
step 00273/01000 (27.30%) | loss: 7.163614 | lrm: 1.00 | dt: 240.04ms | tok/sec: 4,265 | bf16_mfu: 0.00 | epoch: 1 pq: 0 rg: 2 | total time: 0.97m | eta: 2.7m
step 00274/01000 (27.40%) | loss: 7.181959 | lrm: 1.00 | dt: 240.35ms | tok/sec: 4,260 | bf16_mfu: 0.00 | epoch: 1 pq: 0 rg: 2 | total time: 0.98m | eta: 2.7m
step 00275/01000 (27.50%) | loss: 7.165621 | lrm: 1.00 | dt: 238.64ms | tok/sec: 4,291 | bf16_mfu: 0.00 | epoch: 1 pq: 0 rg: 2 | total time: 0.98m | eta: 2.7m
step 00276/01000 (27.60%) | loss: 7.202644 | lrm: 1.00 | dt: 399.12ms | tok/sec: 2,565 | bf16_mfu: 0.00 | epoch: 1 pq: 0 rg: 2 | total time: 0.99m | eta: 2.7m
step 00277/01000 (27.70%) | loss: 7.209122 | lrm: 1.00 | dt: 264.53ms | tok/sec: 3,871 | bf16_mfu: 0.00 | epoch: 1 pq: 0 rg: 2 | total time: 0.99m | eta: 2.7m
step 00278/01000 (27.80%) | loss: 7.212736 | lrm: 1.00 | dt: 259.78ms | tok/sec: 3,941 | bf16_mfu: 0.00 | epoch: 1 pq: 0 rg: 2 | total time: 1.00m | eta: 2.7m
step 00279/01000 (27.90%) | loss: 7.167965 | lrm: 1.00 | dt: 237.56ms | tok/sec: 4,310 | bf16_mfu: 0.00 | epoch: 1 pq: 0 rg: 2 | total time: 1.00m | eta: 2.7m
step 00280/01000 (28.00%) | loss: 7.152080 | lrm: 1.00 | dt: 257.38ms | tok/sec: 3,978 | bf16_mfu: 0.00 | epoch: 1 pq: 0 rg: 2 | total time: 1.00m | eta: 2.7m
step 00281/01000 (28.10%) | loss: 7.200905 | lrm: 1.00 | dt: 231.44ms | tok/sec: 4,424 | bf16_mfu: 0.00 | epoch: 1 pq: 0 rg: 2 | total time: 1.01m | eta: 2.7m
step 00282/01000 (28.20%) | loss: 7.131691 | lrm: 1.00 | dt: 251.65ms | tok/sec: 4,069 | bf16_mfu: 0.00 | epoch: 1 pq: 0 rg: 2 | total time: 1.01m | eta: 2.7m
step 00283/01000 (28.30%) | loss: 7.150610 | lrm: 1.00 | dt: 235.42ms | tok/sec: 4,349 | bf16_mfu: 0.00 | epoch: 1 pq: 0 rg: 2 | total time: 1.02m | eta: 2.7m
step 00284/01000 (28.40%) | loss: 7.096075 | lrm: 1.00 | dt: 253.07ms | tok/sec: 4,046 | bf16_mfu: 0.00 | epoch: 1 pq: 0 rg: 2 | total time: 1.02m | eta: 2.7m
step 00285/01000 (28.50%) | loss: 7.101011 | lrm: 1.00 | dt: 247.95ms | tok/sec: 4,129 | bf16_mfu: 0.00 | epoch: 1 pq: 0 rg: 2 | total time: 1.02m | eta: 2.7m
step 00286/01000 (28.60%) | loss: 7.061675 | lrm: 1.00 | dt: 402.27ms | tok/sec: 2,545 | bf16_mfu: 0.00 | epoch: 1 pq: 0 rg: 2 | total time: 1.03m | eta: 2.7m
step 00287/01000 (28.70%) | loss: 7.089753 | lrm: 1.00 | dt: 250.72ms | tok/sec: 4,084 | bf16_mfu: 0.00 | epoch: 1 pq: 0 rg: 2 | total time: 1.04m | eta: 2.7m
step 00288/01000 (28.80%) | loss: 7.009409 | lrm: 1.00 | dt: 247.09ms | tok/sec: 4,144 | bf16_mfu: 0.00 | epoch: 1 pq: 0 rg: 2 | total time: 1.04m | eta: 2.7m
step 00289/01000 (28.90%) | loss: 7.004918 | lrm: 1.00 | dt: 264.49ms | tok/sec: 3,871 | bf16_mfu: 0.00 | epoch: 1 pq: 0 rg: 2 | total time: 1.04m | eta: 2.7m
step 00290/01000 (29.00%) | loss: 7.053777 | lrm: 1.00 | dt: 219.00ms | tok/sec: 4,675 | bf16_mfu: 0.00 | epoch: 1 pq: 0 rg: 2 | total time: 1.05m | eta: 2.7m
step 00291/01000 (29.10%) | loss: 6.957559 | lrm: 1.00 | dt: 208.86ms | tok/sec: 4,902 | bf16_mfu: 0.00 | epoch: 1 pq: 0 rg: 2 | total time: 1.05m | eta: 2.7m
step 00292/01000 (29.20%) | loss: 6.932913 | lrm: 1.00 | dt: 230.16ms | tok/sec: 4,449 | bf16_mfu: 0.00 | epoch: 1 pq: 0 rg: 2 | total time: 1.06m | eta: 2.6m
step 00293/01000 (29.30%) | loss: 6.916994 | lrm: 1.00 | dt: 353.72ms | tok/sec: 2,894 | bf16_mfu: 0.00 | epoch: 1 pq: 0 rg: 2 | total time: 1.06m | eta: 2.7m
step 00294/01000 (29.40%) | loss: 6.845077 | lrm: 1.00 | dt: 262.44ms | tok/sec: 3,901 | bf16_mfu: 0.00 | epoch: 1 pq: 0 rg: 2 | total time: 1.07m | eta: 2.6m
step 00295/01000 (29.50%) | loss: 6.832620 | lrm: 1.00 | dt: 237.09ms | tok/sec: 4,319 | bf16_mfu: 0.00 | epoch: 1 pq: 0 rg: 2 | total time: 1.07m | eta: 2.6m
step 00296/01000 (29.60%) | loss: 6.932765 | lrm: 1.00 | dt: 212.32ms | tok/sec: 4,822 | bf16_mfu: 0.00 | epoch: 1 pq: 0 rg: 2 | total time: 1.07m | eta: 2.6m
step 00297/01000 (29.70%) | loss: 6.946851 | lrm: 1.00 | dt: 220.31ms | tok/sec: 4,647 | bf16_mfu: 0.00 | epoch: 1 pq: 0 rg: 2 | total time: 1.08m | eta: 2.6m
step 00298/01000 (29.80%) | loss: 6.911773 | lrm: 1.00 | dt: 253.66ms | tok/sec: 4,036 | bf16_mfu: 0.00 | epoch: 1 pq: 0 rg: 2 | total time: 1.08m | eta: 2.6m
step 00299/01000 (29.90%) | loss: 6.965493 | lrm: 1.00 | dt: 217.92ms | tok/sec: 4,699 | bf16_mfu: 0.00 | epoch: 1 pq: 0 rg: 2 | total time: 1.08m | eta: 2.6m
step 00300/01000 (30.00%) | loss: 6.954505 | lrm: 1.00 | dt: 214.57ms | tok/sec: 4,772 | bf16_mfu: 0.00 | epoch: 1 pq: 0 rg: 2 | total time: 1.09m | eta: 2.6m
step 00301/01000 (30.10%) | loss: 7.064041 | lrm: 1.00 | dt: 193.20ms | tok/sec: 5,300 | bf16_mfu: 0.00 | epoch: 1 pq: 0 rg: 2 | total time: 1.09m | eta: 2.6m
step 00302/01000 (30.20%) | loss: 7.002049 | lrm: 1.00 | dt: 357.07ms | tok/sec: 2,867 | bf16_mfu: 0.00 | epoch: 1 pq: 0 rg: 2 | total time: 1.10m | eta: 2.6m
step 00303/01000 (30.30%) | loss: 7.009038 | lrm: 1.00 | dt: 192.25ms | tok/sec: 5,326 | bf16_mfu: 0.00 | epoch: 1 pq: 0 rg: 2 | total time: 1.10m | eta: 2.6m
step 00304/01000 (30.40%) | loss: 7.108116 | lrm: 1.00 | dt: 243.67ms | tok/sec: 4,202 | bf16_mfu: 0.00 | epoch: 1 pq: 0 rg: 2 | total time: 1.10m | eta: 2.6m
step 00305/01000 (30.50%) | loss: 7.043320 | lrm: 1.00 | dt: 212.34ms | tok/sec: 4,822 | bf16_mfu: 0.00 | epoch: 1 pq: 0 rg: 2 | total time: 1.11m | eta: 2.6m
step 00306/01000 (30.60%) | loss: 7.044087 | lrm: 1.00 | dt: 276.89ms | tok/sec: 3,698 | bf16_mfu: 0.00 | epoch: 1 pq: 0 rg: 2 | total time: 1.11m | eta: 2.6m
step 00307/01000 (30.70%) | loss: 7.005629 | lrm: 1.00 | dt: 229.82ms | tok/sec: 4,455 | bf16_mfu: 0.00 | epoch: 1 pq: 0 rg: 2 | total time: 1.12m | eta: 2.6m
step 00308/01000 (30.80%) | loss: 6.984373 | lrm: 1.00 | dt: 241.23ms | tok/sec: 4,244 | bf16_mfu: 0.00 | epoch: 1 pq: 0 rg: 2 | total time: 1.12m | eta: 2.6m
step 00309/01000 (30.90%) | loss: 7.048040 | lrm: 1.00 | dt: 222.77ms | tok/sec: 4,596 | bf16_mfu: 0.00 | epoch: 1 pq: 0 rg: 2 | total time: 1.12m | eta: 2.6m
step 00310/01000 (31.00%) | loss: 7.074112 | lrm: 1.00 | dt: 254.31ms | tok/sec: 4,026 | bf16_mfu: 0.00 | epoch: 1 pq: 0 rg: 2 | total time: 1.13m | eta: 2.6m
step 00311/01000 (31.10%) | loss: 7.159252 | lrm: 1.00 | dt: 237.26ms | tok/sec: 4,315 | bf16_mfu: 0.00 | epoch: 1 pq: 0 rg: 2 | total time: 1.13m | eta: 2.6m
step 00312/01000 (31.20%) | loss: 7.090819 | lrm: 1.00 | dt: 396.37ms | tok/sec: 2,583 | bf16_mfu: 0.00 | epoch: 1 pq: 0 rg: 2 | total time: 1.14m | eta: 2.6m
step 00313/01000 (31.30%) | loss: 7.158604 | lrm: 1.00 | dt: 452.40ms | tok/sec: 2,263 | bf16_mfu: 0.00 | epoch: 1 pq: 0 rg: 2 | total time: 1.15m | eta: 2.6m
step 00314/01000 (31.40%) | loss: 7.131617 | lrm: 1.00 | dt: 277.54ms | tok/sec: 3,689 | bf16_mfu: 0.00 | epoch: 1 pq: 0 rg: 2 | total time: 1.15m | eta: 2.6m
step 00315/01000 (31.50%) | loss: 7.093218 | lrm: 1.00 | dt: 233.04ms | tok/sec: 4,394 | bf16_mfu: 0.00 | epoch: 1 pq: 0 rg: 2 | total time: 1.15m | eta: 2.6m
step 00316/01000 (31.60%) | loss: 7.111775 | lrm: 1.00 | dt: 193.72ms | tok/sec: 5,286 | bf16_mfu: 0.00 | epoch: 1 pq: 0 rg: 2 | total time: 1.16m | eta: 2.6m
step 00317/01000 (31.70%) | loss: 7.135914 | lrm: 1.00 | dt: 220.83ms | tok/sec: 4,637 | bf16_mfu: 0.00 | epoch: 1 pq: 0 rg: 2 | total time: 1.16m | eta: 2.6m
step 00318/01000 (31.80%) | loss: 7.126019 | lrm: 1.00 | dt: 220.74ms | tok/sec: 4,638 | bf16_mfu: 0.00 | epoch: 1 pq: 0 rg: 2 | total time: 1.17m | eta: 2.6m
step 00319/01000 (31.90%) | loss: 7.142984 | lrm: 1.00 | dt: 220.89ms | tok/sec: 4,635 | bf16_mfu: 0.00 | epoch: 1 pq: 0 rg: 2 | total time: 1.17m | eta: 2.6m
step 00320/01000 (32.00%) | loss: 7.176142 | lrm: 1.00 | dt: 213.87ms | tok/sec: 4,787 | bf16_mfu: 0.00 | epoch: 1 pq: 0 rg: 2 | total time: 1.17m | eta: 2.6m
step 00321/01000 (32.10%) | loss: 7.119191 | lrm: 1.00 | dt: 217.72ms | tok/sec: 4,703 | bf16_mfu: 0.00 | epoch: 1 pq: 0 rg: 2 | total time: 1.18m | eta: 2.6m
step 00322/01000 (32.20%) | loss: 7.103820 | lrm: 1.00 | dt: 238.47ms | tok/sec: 4,294 | bf16_mfu: 0.00 | epoch: 1 pq: 0 rg: 2 | total time: 1.18m | eta: 2.6m
step 00323/01000 (32.30%) | loss: 7.070296 | lrm: 1.00 | dt: 371.09ms | tok/sec: 2,759 | bf16_mfu: 0.00 | epoch: 1 pq: 0 rg: 2 | total time: 1.19m | eta: 2.6m
step 00324/01000 (32.40%) | loss: 7.120181 | lrm: 1.00 | dt: 303.91ms | tok/sec: 3,369 | bf16_mfu: 0.00 | epoch: 1 pq: 0 rg: 2 | total time: 1.19m | eta: 2.6m
step 00325/01000 (32.50%) | loss: 7.100030 | lrm: 1.00 | dt: 297.57ms | tok/sec: 3,441 | bf16_mfu: 0.00 | epoch: 1 pq: 0 rg: 2 | total time: 1.20m | eta: 2.6m
step 00326/01000 (32.60%) | loss: 7.021270 | lrm: 1.00 | dt: 251.48ms | tok/sec: 4,071 | bf16_mfu: 0.00 | epoch: 1 pq: 0 rg: 2 | total time: 1.20m | eta: 2.6m
step 00327/01000 (32.70%) | loss: 7.077072 | lrm: 1.00 | dt: 271.01ms | tok/sec: 3,778 | bf16_mfu: 0.00 | epoch: 1 pq: 0 rg: 2 | total time: 1.21m | eta: 2.6m
step 00328/01000 (32.80%) | loss: 7.320040 | lrm: 1.00 | dt: 363.74ms | tok/sec: 2,815 | bf16_mfu: 0.00 | epoch: 1 pq: 0 rg: 2 | total time: 1.21m | eta: 2.6m
step 00329/01000 (32.90%) | loss: 7.286201 | lrm: 1.00 | dt: 248.38ms | tok/sec: 4,122 | bf16_mfu: 0.00 | epoch: 1 pq: 0 rg: 2 | total time: 1.22m | eta: 2.6m
step 00330/01000 (33.00%) | loss: 7.276485 | lrm: 1.00 | dt: 240.75ms | tok/sec: 4,253 | bf16_mfu: 0.00 | epoch: 1 pq: 0 rg: 2 | total time: 1.22m | eta: 2.6m
step 00331/01000 (33.10%) | loss: 7.292621 | lrm: 1.00 | dt: 225.62ms | tok/sec: 4,538 | bf16_mfu: 0.00 | epoch: 1 pq: 0 rg: 2 | total time: 1.22m | eta: 2.5m
step 00332/01000 (33.20%) | loss: 7.287448 | lrm: 1.00 | dt: 207.56ms | tok/sec: 4,933 | bf16_mfu: 0.00 | epoch: 1 pq: 0 rg: 2 | total time: 1.23m | eta: 2.5m
step 00333/01000 (33.30%) | loss: 7.290948 | lrm: 1.00 | dt: 193.01ms | tok/sec: 5,305 | bf16_mfu: 0.00 | epoch: 1 pq: 0 rg: 2 | total time: 1.23m | eta: 2.5m
step 00334/01000 (33.40%) | loss: 7.269159 | lrm: 1.00 | dt: 191.20ms | tok/sec: 5,355 | bf16_mfu: 0.00 | epoch: 1 pq: 0 rg: 2 | total time: 1.23m | eta: 2.5m
step 00335/01000 (33.50%) | loss: 7.296999 | lrm: 1.00 | dt: 204.15ms | tok/sec: 5,016 | bf16_mfu: 0.00 | epoch: 1 pq: 0 rg: 2 | total time: 1.24m | eta: 2.5m
step 00336/01000 (33.60%) | loss: 7.285045 | lrm: 1.00 | dt: 195.75ms | tok/sec: 5,231 | bf16_mfu: 0.00 | epoch: 1 pq: 0 rg: 2 | total time: 1.24m | eta: 2.5m
step 00337/01000 (33.70%) | loss: 7.261149 | lrm: 1.00 | dt: 201.26ms | tok/sec: 5,087 | bf16_mfu: 0.00 | epoch: 1 pq: 0 rg: 2 | total time: 1.24m | eta: 2.5m
step 00338/01000 (33.80%) | loss: 7.200996 | lrm: 1.00 | dt: 250.29ms | tok/sec: 4,091 | bf16_mfu: 0.00 | epoch: 1 pq: 0 rg: 2 | total time: 1.25m | eta: 2.5m
step 00339/01000 (33.90%) | loss: 7.150057 | lrm: 1.00 | dt: 211.66ms | tok/sec: 4,837 | bf16_mfu: 0.00 | epoch: 1 pq: 0 rg: 2 | total time: 1.25m | eta: 2.5m
step 00340/01000 (34.00%) | loss: 7.096515 | lrm: 1.00 | dt: 356.16ms | tok/sec: 2,875 | bf16_mfu: 0.00 | epoch: 1 pq: 0 rg: 2 | total time: 1.26m | eta: 2.5m
step 00341/01000 (34.10%) | loss: 7.060021 | lrm: 1.00 | dt: 252.42ms | tok/sec: 4,056 | bf16_mfu: 0.00 | epoch: 1 pq: 0 rg: 2 | total time: 1.26m | eta: 2.5m
step 00342/01000 (34.20%) | loss: 7.059928 | lrm: 1.00 | dt: 239.37ms | tok/sec: 4,277 | bf16_mfu: 0.00 | epoch: 1 pq: 0 rg: 2 | total time: 1.27m | eta: 2.5m
step 00343/01000 (34.30%) | loss: 6.983802 | lrm: 1.00 | dt: 241.81ms | tok/sec: 4,234 | bf16_mfu: 0.00 | epoch: 1 pq: 0 rg: 2 | total time: 1.27m | eta: 2.5m
step 00344/01000 (34.40%) | loss: 7.002276 | lrm: 1.00 | dt: 252.17ms | tok/sec: 4,060 | bf16_mfu: 0.00 | epoch: 1 pq: 0 rg: 2 | total time: 1.27m | eta: 2.5m
step 00345/01000 (34.50%) | loss: 6.958864 | lrm: 1.00 | dt: 247.01ms | tok/sec: 4,145 | bf16_mfu: 0.00 | epoch: 1 pq: 0 rg: 2 | total time: 1.28m | eta: 2.5m
step 00346/01000 (34.60%) | loss: 7.019749 | lrm: 1.00 | dt: 402.26ms | tok/sec: 2,545 | bf16_mfu: 0.00 | epoch: 1 pq: 0 rg: 2 | total time: 1.28m | eta: 2.5m
step 00347/01000 (34.70%) | loss: 7.044034 | lrm: 1.00 | dt: 216.96ms | tok/sec: 4,719 | bf16_mfu: 0.00 | epoch: 1 pq: 0 rg: 2 | total time: 1.29m | eta: 2.5m
step 00348/01000 (34.80%) | loss: 7.123120 | lrm: 1.00 | dt: 204.90ms | tok/sec: 4,997 | bf16_mfu: 0.00 | epoch: 1 pq: 0 rg: 2 | total time: 1.29m | eta: 2.5m
step 00349/01000 (34.90%) | loss: 7.085917 | lrm: 1.00 | dt: 204.93ms | tok/sec: 4,996 | bf16_mfu: 0.00 | epoch: 1 pq: 0 rg: 2 | total time: 1.29m | eta: 2.5m
step 00350/01000 (35.00%) | loss: 7.045188 | lrm: 1.00 | dt: 180.92ms | tok/sec: 5,660 | bf16_mfu: 0.00 | epoch: 1 pq: 0 rg: 2 | total time: 1.30m | eta: 2.5m
step 00351/01000 (35.10%) | loss: 7.031421 | lrm: 1.00 | dt: 168.40ms | tok/sec: 6,080 | bf16_mfu: 0.00 | epoch: 1 pq: 0 rg: 2 | total time: 1.30m | eta: 2.5m
step 00352/01000 (35.20%) | loss: 7.180907 | lrm: 1.00 | dt: 177.51ms | tok/sec: 5,768 | bf16_mfu: 0.00 | epoch: 1 pq: 0 rg: 2 | total time: 1.30m | eta: 2.5m
step 00353/01000 (35.30%) | loss: 7.194589 | lrm: 1.00 | dt: 168.45ms | tok/sec: 6,079 | bf16_mfu: 0.00 | epoch: 1 pq: 0 rg: 2 | total time: 1.31m | eta: 2.5m
step 00354/01000 (35.40%) | loss: 7.201257 | lrm: 1.00 | dt: 169.59ms | tok/sec: 6,038 | bf16_mfu: 0.00 | epoch: 1 pq: 0 rg: 2 | total time: 1.31m | eta: 2.5m
step 00355/01000 (35.50%) | loss: 7.072276 | lrm: 1.00 | dt: 180.12ms | tok/sec: 5,685 | bf16_mfu: 0.00 | epoch: 1 pq: 0 rg: 2 | total time: 1.31m | eta: 2.5m
step 00356/01000 (35.60%) | loss: 7.096907 | lrm: 1.00 | dt: 173.95ms | tok/sec: 5,886 | bf16_mfu: 0.00 | epoch: 1 pq: 0 rg: 2 | total time: 1.31m | eta: 2.4m
step 00357/01000 (35.70%) | loss: 7.064630 | lrm: 1.00 | dt: 181.00ms | tok/sec: 5,657 | bf16_mfu: 0.00 | epoch: 1 pq: 0 rg: 2 | total time: 1.32m | eta: 2.4m
step 00358/01000 (35.80%) | loss: 7.038041 | lrm: 1.00 | dt: 193.03ms | tok/sec: 5,304 | bf16_mfu: 0.00 | epoch: 1 pq: 0 rg: 2 | total time: 1.32m | eta: 2.4m
step 00359/01000 (35.90%) | loss: 7.042186 | lrm: 1.00 | dt: 193.10ms | tok/sec: 5,302 | bf16_mfu: 0.00 | epoch: 1 pq: 0 rg: 2 | total time: 1.32m | eta: 2.4m
step 00360/01000 (36.00%) | loss: 7.064451 | lrm: 1.00 | dt: 349.61ms | tok/sec: 2,928 | bf16_mfu: 0.00 | epoch: 1 pq: 0 rg: 2 | total time: 1.33m | eta: 2.4m
step 00361/01000 (36.10%) | loss: 7.050729 | lrm: 1.00 | dt: 196.29ms | tok/sec: 5,216 | bf16_mfu: 0.00 | epoch: 1 pq: 0 rg: 2 | total time: 1.33m | eta: 2.4m
step 00362/01000 (36.20%) | loss: 7.087349 | lrm: 1.00 | dt: 225.61ms | tok/sec: 4,538 | bf16_mfu: 0.00 | epoch: 1 pq: 0 rg: 2 | total time: 1.34m | eta: 2.4m
step 00363/01000 (36.30%) | loss: 7.050255 | lrm: 1.00 | dt: 242.05ms | tok/sec: 4,230 | bf16_mfu: 0.00 | epoch: 1 pq: 0 rg: 2 | total time: 1.34m | eta: 2.4m
step 00364/01000 (36.40%) | loss: 7.041935 | lrm: 1.00 | dt: 269.89ms | tok/sec: 3,794 | bf16_mfu: 0.00 | epoch: 1 pq: 0 rg: 2 | total time: 1.35m | eta: 2.4m
step 00365/01000 (36.50%) | loss: 7.071833 | lrm: 1.00 | dt: 250.52ms | tok/sec: 4,087 | bf16_mfu: 0.00 | epoch: 1 pq: 0 rg: 2 | total time: 1.35m | eta: 2.4m
step 00366/01000 (36.60%) | loss: 7.102325 | lrm: 1.00 | dt: 299.27ms | tok/sec: 3,421 | bf16_mfu: 0.00 | epoch: 1 pq: 0 rg: 2 | total time: 1.35m | eta: 2.4m
step 00367/01000 (36.70%) | loss: 7.083177 | lrm: 1.00 | dt: 441.98ms | tok/sec: 2,316 | bf16_mfu: 0.00 | epoch: 1 pq: 0 rg: 2 | total time: 1.36m | eta: 2.4m
step 00368/01000 (36.80%) | loss: 7.118475 | lrm: 1.00 | dt: 211.48ms | tok/sec: 4,842 | bf16_mfu: 0.00 | epoch: 1 pq: 0 rg: 2 | total time: 1.37m | eta: 2.4m
step 00369/01000 (36.90%) | loss: 7.080077 | lrm: 1.00 | dt: 267.71ms | tok/sec: 3,825 | bf16_mfu: 0.00 | epoch: 1 pq: 0 rg: 2 | total time: 1.37m | eta: 2.4m
step 00370/01000 (37.00%) | loss: 6.966256 | lrm: 1.00 | dt: 226.11ms | tok/sec: 4,528 | bf16_mfu: 0.00 | epoch: 1 pq: 0 rg: 2 | total time: 1.37m | eta: 2.4m
step 00371/01000 (37.10%) | loss: 7.002556 | lrm: 1.00 | dt: 222.58ms | tok/sec: 4,600 | bf16_mfu: 0.00 | epoch: 1 pq: 0 rg: 2 | total time: 1.38m | eta: 2.4m
step 00372/01000 (37.20%) | loss: 7.074071 | lrm: 1.00 | dt: 194.69ms | tok/sec: 5,259 | bf16_mfu: 0.00 | epoch: 1 pq: 0 rg: 2 | total time: 1.38m | eta: 2.4m
step 00373/01000 (37.30%) | loss: 7.077989 | lrm: 1.00 | dt: 195.50ms | tok/sec: 5,237 | bf16_mfu: 0.00 | epoch: 1 pq: 0 rg: 2 | total time: 1.38m | eta: 2.4m
step 00374/01000 (37.40%) | loss: 6.996823 | lrm: 1.00 | dt: 190.38ms | tok/sec: 5,378 | bf16_mfu: 0.00 | epoch: 1 pq: 0 rg: 2 | total time: 1.39m | eta: 2.4m
step 00375/01000 (37.50%) | loss: 6.999971 | lrm: 1.00 | dt: 191.63ms | tok/sec: 5,343 | bf16_mfu: 0.00 | epoch: 1 pq: 0 rg: 2 | total time: 1.39m | eta: 2.4m
step 00376/01000 (37.60%) | loss: 6.990528 | lrm: 1.00 | dt: 307.81ms | tok/sec: 3,326 | bf16_mfu: 0.00 | epoch: 1 pq: 0 rg: 2 | total time: 1.40m | eta: 2.4m
step 00377/01000 (37.70%) | loss: 6.999539 | lrm: 1.00 | dt: 154.89ms | tok/sec: 6,611 | bf16_mfu: 0.00 | epoch: 1 pq: 0 rg: 2 | total time: 1.40m | eta: 2.4m
step 00378/01000 (37.80%) | loss: 6.948756 | lrm: 1.00 | dt: 165.86ms | tok/sec: 6,173 | bf16_mfu: 0.00 | epoch: 1 pq: 0 rg: 2 | total time: 1.40m | eta: 2.4m
step 00379/01000 (37.90%) | loss: 6.845860 | lrm: 1.00 | dt: 164.97ms | tok/sec: 6,207 | bf16_mfu: 0.00 | epoch: 1 pq: 0 rg: 2 | total time: 1.40m | eta: 2.4m
step 00380/01000 (38.00%) | loss: 6.856081 | lrm: 1.00 | dt: 153.60ms | tok/sec: 6,666 | bf16_mfu: 0.00 | epoch: 1 pq: 0 rg: 2 | total time: 1.41m | eta: 2.4m
step 00381/01000 (38.10%) | loss: 6.841818 | lrm: 1.00 | dt: 173.85ms | tok/sec: 5,890 | bf16_mfu: 0.00 | epoch: 1 pq: 0 rg: 2 | total time: 1.41m | eta: 2.4m
step 00382/01000 (38.20%) | loss: 6.875923 | lrm: 1.00 | dt: 162.49ms | tok/sec: 6,301 | bf16_mfu: 0.00 | epoch: 1 pq: 0 rg: 2 | total time: 1.41m | eta: 2.3m
step 00383/01000 (38.30%) | loss: 6.852269 | lrm: 1.00 | dt: 164.12ms | tok/sec: 6,239 | bf16_mfu: 0.00 | epoch: 1 pq: 0 rg: 2 | total time: 1.41m | eta: 2.3m
step 00384/01000 (38.40%) | loss: 6.863864 | lrm: 1.00 | dt: 185.17ms | tok/sec: 5,530 | bf16_mfu: 0.00 | epoch: 1 pq: 0 rg: 2 | total time: 1.42m | eta: 2.3m
step 00385/01000 (38.50%) | loss: 6.860390 | lrm: 1.00 | dt: 185.11ms | tok/sec: 5,531 | bf16_mfu: 0.00 | epoch: 1 pq: 0 rg: 2 | total time: 1.42m | eta: 2.3m
step 00386/01000 (38.60%) | loss: 6.880910 | lrm: 1.00 | dt: 182.48ms | tok/sec: 5,611 | bf16_mfu: 0.00 | epoch: 1 pq: 0 rg: 2 | total time: 1.42m | eta: 2.3m
step 00387/01000 (38.70%) | loss: 6.919510 | lrm: 1.00 | dt: 200.32ms | tok/sec: 5,111 | bf16_mfu: 0.00 | epoch: 1 pq: 0 rg: 2 | total time: 1.43m | eta: 2.3m
step 00388/01000 (38.80%) | loss: 6.926050 | lrm: 1.00 | dt: 329.48ms | tok/sec: 3,107 | bf16_mfu: 0.00 | epoch: 1 pq: 0 rg: 2 | total time: 1.43m | eta: 2.3m
step 00389/01000 (38.90%) | loss: 6.982693 | lrm: 1.00 | dt: 268.14ms | tok/sec: 3,818 | bf16_mfu: 0.00 | epoch: 1 pq: 0 rg: 2 | total time: 1.44m | eta: 2.3m
step 00390/01000 (39.00%) | loss: 6.967013 | lrm: 1.00 | dt: 185.89ms | tok/sec: 5,508 | bf16_mfu: 0.00 | epoch: 1 pq: 0 rg: 2 | total time: 1.44m | eta: 2.3m
step 00391/01000 (39.10%) | loss: 6.960955 | lrm: 1.00 | dt: 195.22ms | tok/sec: 5,245 | bf16_mfu: 0.00 | epoch: 1 pq: 0 rg: 2 | total time: 1.44m | eta: 2.3m
step 00392/01000 (39.20%) | loss: 6.985407 | lrm: 1.00 | dt: 178.28ms | tok/sec: 5,743 | bf16_mfu: 0.00 | epoch: 1 pq: 0 rg: 2 | total time: 1.45m | eta: 2.3m
step 00393/01000 (39.30%) | loss: 6.977616 | lrm: 1.00 | dt: 176.70ms | tok/sec: 5,795 | bf16_mfu: 0.00 | epoch: 1 pq: 0 rg: 2 | total time: 1.45m | eta: 2.3m
step 00394/01000 (39.40%) | loss: 6.968717 | lrm: 1.00 | dt: 184.04ms | tok/sec: 5,564 | bf16_mfu: 0.00 | epoch: 1 pq: 0 rg: 2 | total time: 1.45m | eta: 2.3m
step 00395/01000 (39.50%) | loss: 6.961748 | lrm: 1.00 | dt: 172.26ms | tok/sec: 5,944 | bf16_mfu: 0.00 | epoch: 1 pq: 0 rg: 2 | total time: 1.46m | eta: 2.3m
step 00396/01000 (39.60%) | loss: 6.924567 | lrm: 1.00 | dt: 192.67ms | tok/sec: 5,314 | bf16_mfu: 0.00 | epoch: 1 pq: 0 rg: 2 | total time: 1.46m | eta: 2.3m
step 00397/01000 (39.70%) | loss: 6.924435 | lrm: 1.00 | dt: 341.04ms | tok/sec: 3,002 | bf16_mfu: 0.00 | epoch: 1 pq: 0 rg: 2 | total time: 1.46m | eta: 2.3m
step 00398/01000 (39.80%) | loss: 6.937625 | lrm: 1.00 | dt: 258.83ms | tok/sec: 3,956 | bf16_mfu: 0.00 | epoch: 1 pq: 0 rg: 2 | total time: 1.47m | eta: 2.3m
step 00399/01000 (39.90%) | loss: 6.923943 | lrm: 1.00 | dt: 208.69ms | tok/sec: 4,906 | bf16_mfu: 0.00 | epoch: 1 pq: 0 rg: 2 | total time: 1.47m | eta: 2.3m
step 00400/01000 (40.00%) | loss: 6.926972 | lrm: 1.00 | dt: 220.89ms | tok/sec: 4,635 | bf16_mfu: 0.00 | epoch: 1 pq: 0 rg: 2 | total time: 1.48m | eta: 2.3m
step 00401/01000 (40.10%) | loss: 6.915905 | lrm: 1.00 | dt: 189.91ms | tok/sec: 5,392 | bf16_mfu: 0.00 | epoch: 1 pq: 0 rg: 2 | total time: 1.48m | eta: 2.3m
step 00402/01000 (40.20%) | loss: 6.947435 | lrm: 1.00 | dt: 176.28ms | tok/sec: 5,809 | bf16_mfu: 0.00 | epoch: 1 pq: 0 rg: 2 | total time: 1.48m | eta: 2.3m
step 00403/01000 (40.30%) | loss: 6.980566 | lrm: 1.00 | dt: 169.03ms | tok/sec: 6,058 | bf16_mfu: 0.00 | epoch: 1 pq: 0 rg: 2 | total time: 1.48m | eta: 2.3m
step 00404/01000 (40.40%) | loss: 6.978318 | lrm: 1.00 | dt: 168.64ms | tok/sec: 6,072 | bf16_mfu: 0.00 | epoch: 1 pq: 0 rg: 2 | total time: 1.49m | eta: 2.3m
step 00405/01000 (40.50%) | loss: 6.944382 | lrm: 1.00 | dt: 152.26ms | tok/sec: 6,725 | bf16_mfu: 0.00 | epoch: 1 pq: 0 rg: 2 | total time: 1.49m | eta: 2.2m
step 00406/01000 (40.60%) | loss: 6.955023 | lrm: 1.00 | dt: 170.26ms | tok/sec: 6,014 | bf16_mfu: 0.00 | epoch: 1 pq: 0 rg: 2 | total time: 1.49m | eta: 2.2m
step 00407/01000 (40.70%) | loss: 6.955920 | lrm: 1.00 | dt: 158.79ms | tok/sec: 6,448 | bf16_mfu: 0.00 | epoch: 1 pq: 0 rg: 2 | total time: 1.50m | eta: 2.2m
step 00408/01000 (40.80%) | loss: 6.904971 | lrm: 1.00 | dt: 155.92ms | tok/sec: 6,567 | bf16_mfu: 0.00 | epoch: 1 pq: 0 rg: 2 | total time: 1.50m | eta: 2.2m
step 00409/01000 (40.90%) | loss: 6.897913 | lrm: 1.00 | dt: 174.30ms | tok/sec: 5,874 | bf16_mfu: 0.00 | epoch: 1 pq: 0 rg: 2 | total time: 1.50m | eta: 2.2m
step 00410/01000 (41.00%) | loss: 6.936128 | lrm: 1.00 | dt: 293.34ms | tok/sec: 3,490 | bf16_mfu: 0.00 | epoch: 1 pq: 0 rg: 2 | total time: 1.51m | eta: 2.2m
step 00411/01000 (41.10%) | loss: 6.912259 | lrm: 1.00 | dt: 174.16ms | tok/sec: 5,879 | bf16_mfu: 0.00 | epoch: 1 pq: 0 rg: 2 | total time: 1.51m | eta: 2.2m
step 00412/01000 (41.20%) | loss: 6.928306 | lrm: 1.00 | dt: 215.60ms | tok/sec: 4,749 | bf16_mfu: 0.00 | epoch: 1 pq: 0 rg: 2 | total time: 1.51m | eta: 2.2m
step 00413/01000 (41.30%) | loss: 6.915298 | lrm: 1.00 | dt: 228.60ms | tok/sec: 4,479 | bf16_mfu: 0.00 | epoch: 1 pq: 0 rg: 2 | total time: 1.52m | eta: 2.2m
step 00414/01000 (41.40%) | loss: 6.925065 | lrm: 1.00 | dt: 239.19ms | tok/sec: 4,281 | bf16_mfu: 0.00 | epoch: 1 pq: 0 rg: 2 | total time: 1.52m | eta: 2.2m
step 00415/01000 (41.50%) | loss: 6.937174 | lrm: 1.00 | dt: 224.74ms | tok/sec: 4,556 | bf16_mfu: 0.00 | epoch: 1 pq: 0 rg: 2 | total time: 1.52m | eta: 2.2m
step 00416/01000 (41.60%) | loss: 6.908362 | lrm: 1.00 | dt: 256.49ms | tok/sec: 3,992 | bf16_mfu: 0.00 | epoch: 1 pq: 0 rg: 2 | total time: 1.53m | eta: 2.2m
step 00417/01000 (41.70%) | loss: 6.901882 | lrm: 1.00 | dt: 220.31ms | tok/sec: 4,648 | bf16_mfu: 0.00 | epoch: 1 pq: 0 rg: 2 | total time: 1.53m | eta: 2.2m
step 00418/01000 (41.80%) | loss: 6.947778 | lrm: 1.00 | dt: 249.80ms | tok/sec: 4,099 | bf16_mfu: 0.00 | epoch: 1 pq: 0 rg: 2 | total time: 1.54m | eta: 2.2m
step 00419/01000 (41.90%) | loss: 6.985038 | lrm: 1.00 | dt: 220.56ms | tok/sec: 4,642 | bf16_mfu: 0.00 | epoch: 1 pq: 0 rg: 2 | total time: 1.54m | eta: 2.2m
step 00420/01000 (42.00%) | loss: 7.006301 | lrm: 1.00 | dt: 370.11ms | tok/sec: 2,766 | bf16_mfu: 0.00 | epoch: 1 pq: 0 rg: 2 | total time: 1.55m | eta: 2.2m
step 00421/01000 (42.10%) | loss: 7.049333 | lrm: 1.00 | dt: 243.21ms | tok/sec: 4,210 | bf16_mfu: 0.00 | epoch: 1 pq: 0 rg: 2 | total time: 1.55m | eta: 2.2m
step 00422/01000 (42.20%) | loss: 7.145366 | lrm: 1.00 | dt: 251.68ms | tok/sec: 4,068 | bf16_mfu: 0.00 | epoch: 1 pq: 0 rg: 2 | total time: 1.55m | eta: 2.2m
step 00423/01000 (42.30%) | loss: 7.039169 | lrm: 1.00 | dt: 211.25ms | tok/sec: 4,847 | bf16_mfu: 0.00 | epoch: 1 pq: 0 rg: 2 | total time: 1.56m | eta: 2.2m
step 00424/01000 (42.40%) | loss: 7.006352 | lrm: 1.00 | dt: 221.73ms | tok/sec: 4,618 | bf16_mfu: 0.00 | epoch: 1 pq: 0 rg: 2 | total time: 1.56m | eta: 2.2m
step 00425/01000 (42.50%) | loss: 7.038397 | lrm: 1.00 | dt: 179.78ms | tok/sec: 5,695 | bf16_mfu: 0.00 | epoch: 1 pq: 0 rg: 2 | total time: 1.56m | eta: 2.2m
step 00426/01000 (42.60%) | loss: 6.947300 | lrm: 1.00 | dt: 152.88ms | tok/sec: 6,698 | bf16_mfu: 0.00 | epoch: 1 pq: 0 rg: 2 | total time: 1.57m | eta: 2.2m
step 00427/01000 (42.70%) | loss: 6.969320 | lrm: 1.00 | dt: 158.02ms | tok/sec: 6,480 | bf16_mfu: 0.00 | epoch: 1 pq: 0 rg: 2 | total time: 1.57m | eta: 2.2m
step 00428/01000 (42.80%) | loss: 6.875876 | lrm: 1.00 | dt: 145.05ms | tok/sec: 7,059 | bf16_mfu: 0.00 | epoch: 1 pq: 0 rg: 2 | total time: 1.57m | eta: 2.2m
step 00429/01000 (42.90%) | loss: 6.832828 | lrm: 1.00 | dt: 171.08ms | tok/sec: 5,985 | bf16_mfu: 0.00 | epoch: 1 pq: 0 rg: 2 | total time: 1.57m | eta: 2.1m
step 00430/01000 (43.00%) | loss: 6.795725 | lrm: 1.00 | dt: 154.48ms | tok/sec: 6,628 | bf16_mfu: 0.00 | epoch: 1 pq: 0 rg: 2 | total time: 1.58m | eta: 2.1m
step 00431/01000 (43.10%) | loss: 6.787247 | lrm: 1.00 | dt: 146.31ms | tok/sec: 6,998 | bf16_mfu: 0.00 | epoch: 1 pq: 0 rg: 2 | total time: 1.58m | eta: 2.1m
step 00432/01000 (43.20%) | loss: 6.736281 | lrm: 1.00 | dt: 158.06ms | tok/sec: 6,478 | bf16_mfu: 0.00 | epoch: 1 pq: 0 rg: 2 | total time: 1.58m | eta: 2.1m
step 00433/01000 (43.30%) | loss: 6.791451 | lrm: 1.00 | dt: 321.36ms | tok/sec: 3,186 | bf16_mfu: 0.00 | epoch: 1 pq: 0 rg: 2 | total time: 1.59m | eta: 2.1m
step 00434/01000 (43.40%) | loss: 6.839014 | lrm: 1.00 | dt: 193.73ms | tok/sec: 5,285 | bf16_mfu: 0.00 | epoch: 1 pq: 0 rg: 2 | total time: 1.59m | eta: 2.1m
step 00435/01000 (43.50%) | loss: 6.802165 | lrm: 1.00 | dt: 202.48ms | tok/sec: 5,057 | bf16_mfu: 0.00 | epoch: 1 pq: 0 rg: 2 | total time: 1.59m | eta: 2.1m
step 00436/01000 (43.60%) | loss: 6.805843 | lrm: 1.00 | dt: 212.28ms | tok/sec: 4,823 | bf16_mfu: 0.00 | epoch: 1 pq: 0 rg: 2 | total time: 1.60m | eta: 2.1m
step 00437/01000 (43.70%) | loss: 6.908120 | lrm: 1.00 | dt: 425.90ms | tok/sec: 2,404 | bf16_mfu: 0.00 | epoch: 1 pq: 0 rg: 2 | total time: 1.61m | eta: 2.1m
step 00438/01000 (43.80%) | loss: 6.910686 | lrm: 1.00 | dt: 203.22ms | tok/sec: 5,038 | bf16_mfu: 0.00 | epoch: 1 pq: 0 rg: 2 | total time: 1.61m | eta: 2.1m
step 00439/01000 (43.90%) | loss: 6.846738 | lrm: 1.00 | dt: 230.28ms | tok/sec: 4,446 | bf16_mfu: 0.00 | epoch: 1 pq: 0 rg: 2 | total time: 1.61m | eta: 2.1m
step 00440/01000 (44.00%) | loss: 6.860481 | lrm: 1.00 | dt: 198.22ms | tok/sec: 5,165 | bf16_mfu: 0.00 | epoch: 1 pq: 0 rg: 2 | total time: 1.62m | eta: 2.1m
step 00441/01000 (44.10%) | loss: 6.824883 | lrm: 1.00 | dt: 207.58ms | tok/sec: 4,932 | bf16_mfu: 0.00 | epoch: 1 pq: 0 rg: 2 | total time: 1.62m | eta: 2.1m
step 00442/01000 (44.20%) | loss: 6.835240 | lrm: 1.00 | dt: 179.03ms | tok/sec: 5,719 | bf16_mfu: 0.00 | epoch: 1 pq: 0 rg: 2 | total time: 1.62m | eta: 2.1m
step 00443/01000 (44.30%) | loss: 6.797695 | lrm: 1.00 | dt: 180.34ms | tok/sec: 5,678 | bf16_mfu: 0.00 | epoch: 1 pq: 0 rg: 2 | total time: 1.63m | eta: 2.1m
step 00444/01000 (44.40%) | loss: 6.840523 | lrm: 1.00 | dt: 182.20ms | tok/sec: 5,620 | bf16_mfu: 0.00 | epoch: 1 pq: 0 rg: 2 | total time: 1.63m | eta: 2.1m
step 00445/01000 (44.50%) | loss: 6.856491 | lrm: 1.00 | dt: 167.34ms | tok/sec: 6,119 | bf16_mfu: 0.00 | epoch: 1 pq: 0 rg: 2 | total time: 1.63m | eta: 2.1m
step 00446/01000 (44.60%) | loss: 6.861605 | lrm: 1.00 | dt: 186.92ms | tok/sec: 5,478 | bf16_mfu: 0.00 | epoch: 1 pq: 0 rg: 2 | total time: 1.63m | eta: 2.1m
step 00447/01000 (44.70%) | loss: 6.823718 | lrm: 1.00 | dt: 211.37ms | tok/sec: 4,844 | bf16_mfu: 0.00 | epoch: 1 pq: 0 rg: 2 | total time: 1.64m | eta: 2.1m
step 00448/01000 (44.80%) | loss: 6.847031 | lrm: 1.00 | dt: 218.32ms | tok/sec: 4,690 | bf16_mfu: 0.00 | epoch: 1 pq: 0 rg: 2 | total time: 1.64m | eta: 2.1m
step 00449/01000 (44.90%) | loss: 6.909730 | lrm: 1.00 | dt: 445.20ms | tok/sec: 2,300 | bf16_mfu: 0.00 | epoch: 1 pq: 0 rg: 2 | total time: 1.65m | eta: 2.1m
step 00450/01000 (45.00%) | loss: 6.935894 | lrm: 1.00 | dt: 292.46ms | tok/sec: 3,501 | bf16_mfu: 0.00 | epoch: 1 pq: 0 rg: 2 | total time: 1.65m | eta: 2.1m
step 00451/01000 (45.10%) | loss: 6.937245 | lrm: 1.00 | dt: 197.77ms | tok/sec: 5,177 | bf16_mfu: 0.00 | epoch: 1 pq: 0 rg: 2 | total time: 1.66m | eta: 2.1m
step 00452/01000 (45.20%) | loss: 6.998066 | lrm: 1.00 | dt: 248.47ms | tok/sec: 4,121 | bf16_mfu: 0.00 | epoch: 1 pq: 0 rg: 2 | total time: 1.66m | eta: 2.1m
step 00453/01000 (45.30%) | loss: 7.030817 | lrm: 1.00 | dt: 211.79ms | tok/sec: 4,834 | bf16_mfu: 0.00 | epoch: 1 pq: 0 rg: 2 | total time: 1.66m | eta: 2.1m
step 00454/01000 (45.40%) | loss: 7.051487 | lrm: 1.00 | dt: 198.28ms | tok/sec: 5,164 | bf16_mfu: 0.00 | epoch: 1 pq: 0 rg: 2 | total time: 1.67m | eta: 2.1m
step 00455/01000 (45.50%) | loss: 7.018162 | lrm: 1.00 | dt: 210.68ms | tok/sec: 4,860 | bf16_mfu: 0.00 | epoch: 1 pq: 0 rg: 2 | total time: 1.67m | eta: 2.0m
step 00456/01000 (45.60%) | loss: 6.977717 | lrm: 1.00 | dt: 198.02ms | tok/sec: 5,171 | bf16_mfu: 0.00 | epoch: 1 pq: 0 rg: 2 | total time: 1.67m | eta: 2.0m
step 00457/01000 (45.70%) | loss: 7.021587 | lrm: 1.00 | dt: 344.29ms | tok/sec: 2,974 | bf16_mfu: 0.00 | epoch: 1 pq: 0 rg: 2 | total time: 1.68m | eta: 2.0m
step 00458/01000 (45.80%) | loss: 6.984069 | lrm: 1.00 | dt: 249.54ms | tok/sec: 4,103 | bf16_mfu: 0.00 | epoch: 1 pq: 0 rg: 2 | total time: 1.68m | eta: 2.0m
step 00459/01000 (45.90%) | loss: 6.974688 | lrm: 1.00 | dt: 270.75ms | tok/sec: 3,782 | bf16_mfu: 0.00 | epoch: 1 pq: 0 rg: 2 | total time: 1.69m | eta: 2.0m
step 00460/01000 (46.00%) | loss: 6.918367 | lrm: 1.00 | dt: 262.47ms | tok/sec: 3,901 | bf16_mfu: 0.00 | epoch: 1 pq: 0 rg: 2 | total time: 1.69m | eta: 2.0m
step 00461/01000 (46.10%) | loss: 6.862879 | lrm: 1.00 | dt: 257.50ms | tok/sec: 3,976 | bf16_mfu: 0.00 | epoch: 1 pq: 0 rg: 2 | total time: 1.70m | eta: 2.0m
step 00462/01000 (46.20%) | loss: 6.880804 | lrm: 1.00 | dt: 263.22ms | tok/sec: 3,890 | bf16_mfu: 0.00 | epoch: 1 pq: 0 rg: 2 | total time: 1.70m | eta: 2.0m
step 00463/01000 (46.30%) | loss: 6.841414 | lrm: 1.00 | dt: 254.49ms | tok/sec: 4,023 | bf16_mfu: 0.00 | epoch: 1 pq: 0 rg: 2 | total time: 1.71m | eta: 2.0m
step 00464/01000 (46.40%) | loss: 6.706762 | lrm: 1.00 | dt: 255.99ms | tok/sec: 4,000 | bf16_mfu: 0.00 | epoch: 1 pq: 0 rg: 2 | total time: 1.71m | eta: 2.0m
step 00465/01000 (46.50%) | loss: 6.733121 | lrm: 1.00 | dt: 260.34ms | tok/sec: 3,933 | bf16_mfu: 0.00 | epoch: 1 pq: 0 rg: 2 | total time: 1.71m | eta: 2.0m
step 00466/01000 (46.60%) | loss: 6.768208 | lrm: 1.00 | dt: 482.35ms | tok/sec: 2,122 | bf16_mfu: 0.00 | epoch: 1 pq: 0 rg: 2 | total time: 1.72m | eta: 2.0m
step 00467/01000 (46.70%) | loss: 6.822193 | lrm: 1.00 | dt: 293.32ms | tok/sec: 3,491 | bf16_mfu: 0.00 | epoch: 1 pq: 0 rg: 2 | total time: 1.73m | eta: 2.0m
step 00468/01000 (46.80%) | loss: 6.850875 | lrm: 1.00 | dt: 219.08ms | tok/sec: 4,674 | bf16_mfu: 0.00 | epoch: 1 pq: 0 rg: 2 | total time: 1.73m | eta: 2.0m
step 00469/01000 (46.90%) | loss: 6.881192 | lrm: 1.00 | dt: 251.31ms | tok/sec: 4,074 | bf16_mfu: 0.00 | epoch: 1 pq: 0 rg: 2 | total time: 1.74m | eta: 2.0m
step 00470/01000 (47.00%) | loss: 6.917711 | lrm: 1.00 | dt: 202.32ms | tok/sec: 5,061 | bf16_mfu: 0.00 | epoch: 1 pq: 0 rg: 2 | total time: 1.74m | eta: 2.0m
step 00471/01000 (47.10%) | loss: 6.937223 | lrm: 1.00 | dt: 291.09ms | tok/sec: 3,517 | bf16_mfu: 0.00 | epoch: 1 pq: 0 rg: 2 | total time: 1.74m | eta: 2.0m
step 00472/01000 (47.20%) | loss: 6.928201 | lrm: 1.00 | dt: 227.03ms | tok/sec: 4,510 | bf16_mfu: 0.00 | epoch: 1 pq: 0 rg: 2 | total time: 1.75m | eta: 2.0m
step 00473/01000 (47.30%) | loss: 6.966021 | lrm: 1.00 | dt: 170.40ms | tok/sec: 6,009 | bf16_mfu: 0.00 | epoch: 1 pq: 0 rg: 2 | total time: 1.75m | eta: 2.0m
step 00474/01000 (47.40%) | loss: 6.899864 | lrm: 1.00 | dt: 176.45ms | tok/sec: 5,803 | bf16_mfu: 0.00 | epoch: 1 pq: 0 rg: 2 | total time: 1.75m | eta: 2.0m
step 00475/01000 (47.50%) | loss: 6.861935 | lrm: 1.00 | dt: 161.58ms | tok/sec: 6,337 | bf16_mfu: 0.00 | epoch: 1 pq: 0 rg: 2 | total time: 1.76m | eta: 2.0m
step 00476/01000 (47.60%) | loss: 6.829260 | lrm: 1.00 | dt: 170.15ms | tok/sec: 6,018 | bf16_mfu: 0.00 | epoch: 1 pq: 0 rg: 2 | total time: 1.76m | eta: 2.0m
step 00477/01000 (47.70%) | loss: 6.819749 | lrm: 1.00 | dt: 177.66ms | tok/sec: 5,763 | bf16_mfu: 0.00 | epoch: 1 pq: 0 rg: 2 | total time: 1.76m | eta: 2.0m
step 00478/01000 (47.80%) | loss: 6.808626 | lrm: 1.00 | dt: 169.16ms | tok/sec: 6,053 | bf16_mfu: 0.00 | epoch: 1 pq: 0 rg: 2 | total time: 1.76m | eta: 2.0m
step 00479/01000 (47.90%) | loss: 6.851384 | lrm: 1.00 | dt: 202.95ms | tok/sec: 5,045 | bf16_mfu: 0.00 | epoch: 1 pq: 0 rg: 2 | total time: 1.77m | eta: 2.0m
step 00480/01000 (48.00%) | loss: 6.833913 | lrm: 1.00 | dt: 196.15ms | tok/sec: 5,220 | bf16_mfu: 0.00 | epoch: 1 pq: 0 rg: 2 | total time: 1.77m | eta: 2.0m
step 00481/01000 (48.10%) | loss: 6.835237 | lrm: 1.00 | dt: 193.37ms | tok/sec: 5,295 | bf16_mfu: 0.00 | epoch: 1 pq: 0 rg: 2 | total time: 1.77m | eta: 2.0m
step 00482/01000 (48.20%) | loss: 6.808869 | lrm: 1.00 | dt: 209.60ms | tok/sec: 4,885 | bf16_mfu: 0.00 | epoch: 1 pq: 0 rg: 2 | total time: 1.78m | eta: 2.0m
step 00483/01000 (48.30%) | loss: 6.860212 | lrm: 1.00 | dt: 212.60ms | tok/sec: 4,816 | bf16_mfu: 0.00 | epoch: 1 pq: 0 rg: 2 | total time: 1.78m | eta: 1.9m
step 00484/01000 (48.40%) | loss: 6.836840 | lrm: 1.00 | dt: 381.29ms | tok/sec: 2,685 | bf16_mfu: 0.00 | epoch: 1 pq: 0 rg: 2 | total time: 1.79m | eta: 1.9m
step 00485/01000 (48.50%) | loss: 6.820621 | lrm: 1.00 | dt: 224.91ms | tok/sec: 4,553 | bf16_mfu: 0.00 | epoch: 1 pq: 0 rg: 2 | total time: 1.79m | eta: 1.9m
step 00486/01000 (48.60%) | loss: 6.861316 | lrm: 1.00 | dt: 234.40ms | tok/sec: 4,368 | bf16_mfu: 0.00 | epoch: 1 pq: 0 rg: 2 | total time: 1.80m | eta: 1.9m
step 00487/01000 (48.70%) | loss: 6.955039 | lrm: 1.00 | dt: 215.52ms | tok/sec: 4,751 | bf16_mfu: 0.00 | epoch: 1 pq: 0 rg: 2 | total time: 1.80m | eta: 1.9m
step 00488/01000 (48.80%) | loss: 6.977881 | lrm: 1.00 | dt: 230.98ms | tok/sec: 4,433 | bf16_mfu: 0.00 | epoch: 1 pq: 0 rg: 2 | total time: 1.80m | eta: 1.9m
step 00489/01000 (48.90%) | loss: 6.992544 | lrm: 1.00 | dt: 210.82ms | tok/sec: 4,857 | bf16_mfu: 0.00 | epoch: 1 pq: 0 rg: 2 | total time: 1.81m | eta: 1.9m
step 00490/01000 (49.00%) | loss: 7.003086 | lrm: 1.00 | dt: 240.48ms | tok/sec: 4,258 | bf16_mfu: 0.00 | epoch: 1 pq: 0 rg: 2 | total time: 1.81m | eta: 1.9m
step 00491/01000 (49.10%) | loss: 6.882664 | lrm: 1.00 | dt: 203.64ms | tok/sec: 5,028 | bf16_mfu: 0.00 | epoch: 1 pq: 0 rg: 2 | total time: 1.81m | eta: 1.9m
step 00492/01000 (49.20%) | loss: 6.852653 | lrm: 1.00 | dt: 195.95ms | tok/sec: 5,225 | bf16_mfu: 0.00 | epoch: 1 pq: 0 rg: 2 | total time: 1.82m | eta: 1.9m
step 00493/01000 (49.30%) | loss: 6.754607 | lrm: 1.00 | dt: 204.83ms | tok/sec: 4,999 | bf16_mfu: 0.00 | epoch: 1 pq: 0 rg: 2 | total time: 1.82m | eta: 1.9m
step 00494/01000 (49.40%) | loss: 6.702745 | lrm: 1.00 | dt: 195.27ms | tok/sec: 5,244 | bf16_mfu: 0.00 | epoch: 1 pq: 0 rg: 2 | total time: 1.82m | eta: 1.9m
step 00495/01000 (49.50%) | loss: 6.728080 | lrm: 1.00 | dt: 337.24ms | tok/sec: 3,036 | bf16_mfu: 0.00 | epoch: 1 pq: 0 rg: 2 | total time: 1.83m | eta: 1.9m
step 00496/01000 (49.60%) | loss: 6.606324 | lrm: 1.00 | dt: 218.90ms | tok/sec: 4,677 | bf16_mfu: 0.00 | epoch: 1 pq: 0 rg: 2 | total time: 1.83m | eta: 1.9m
step 00497/01000 (49.70%) | loss: 6.634161 | lrm: 1.00 | dt: 217.89ms | tok/sec: 4,699 | bf16_mfu: 0.00 | epoch: 1 pq: 0 rg: 2 | total time: 1.84m | eta: 1.9m
step 00498/01000 (49.80%) | loss: 6.599845 | lrm: 1.00 | dt: 196.25ms | tok/sec: 5,217 | bf16_mfu: 0.00 | epoch: 1 pq: 0 rg: 2 | total time: 1.84m | eta: 1.9m
step 00499/01000 (49.90%) | loss: 6.661674 | lrm: 1.00 | dt: 198.99ms | tok/sec: 5,146 | bf16_mfu: 0.00 | epoch: 1 pq: 0 rg: 2 | total time: 1.84m | eta: 1.9m
step 00500/01000 (50.00%) | loss: 6.691625 | lrm: 1.00 | dt: 348.03ms | tok/sec: 2,942 | bf16_mfu: 0.00 | epoch: 1 pq: 0 rg: 2 | total time: 1.85m | eta: 1.9m
step 00501/01000 (50.10%) | loss: 6.793512 | lrm: 1.00 | dt: 259.76ms | tok/sec: 3,942 | bf16_mfu: 0.00 | epoch: 1 pq: 0 rg: 2 | total time: 1.85m | eta: 1.9m
step 00502/01000 (50.20%) | loss: 6.782274 | lrm: 1.00 | dt: 296.92ms | tok/sec: 3,448 | bf16_mfu: 0.00 | epoch: 1 pq: 0 rg: 2 | total time: 1.86m | eta: 1.9m
step 00503/01000 (50.30%) | loss: 6.793877 | lrm: 1.00 | dt: 240.92ms | tok/sec: 4,250 | bf16_mfu: 0.00 | epoch: 1 pq: 0 rg: 2 | total time: 1.86m | eta: 1.9m
step 00504/01000 (50.40%) | loss: 6.781112 | lrm: 1.00 | dt: 367.96ms | tok/sec: 2,782 | bf16_mfu: 0.00 | epoch: 1 pq: 0 rg: 2 | total time: 1.87m | eta: 1.9m
step 00505/01000 (50.50%) | loss: 6.735881 | lrm: 1.00 | dt: 255.35ms | tok/sec: 4,010 | bf16_mfu: 0.00 | epoch: 1 pq: 0 rg: 2 | total time: 1.87m | eta: 1.9m
step 00506/01000 (50.60%) | loss: 6.775126 | lrm: 1.00 | dt: 216.77ms | tok/sec: 4,723 | bf16_mfu: 0.00 | epoch: 1 pq: 0 rg: 2 | total time: 1.88m | eta: 1.9m
step 00507/01000 (50.70%) | loss: 6.761322 | lrm: 1.00 | dt: 230.30ms | tok/sec: 4,446 | bf16_mfu: 0.00 | epoch: 1 pq: 0 rg: 2 | total time: 1.88m | eta: 1.9m
step 00508/01000 (50.80%) | loss: 6.715702 | lrm: 1.00 | dt: 219.50ms | tok/sec: 4,665 | bf16_mfu: 0.00 | epoch: 1 pq: 0 rg: 2 | total time: 1.88m | eta: 1.9m
step 00509/01000 (50.90%) | loss: 6.727040 | lrm: 1.00 | dt: 220.86ms | tok/sec: 4,636 | bf16_mfu: 0.00 | epoch: 1 pq: 0 rg: 2 | total time: 1.89m | eta: 1.9m
step 00510/01000 (51.00%) | loss: 6.728015 | lrm: 1.00 | dt: 205.97ms | tok/sec: 4,971 | bf16_mfu: 0.00 | epoch: 1 pq: 0 rg: 2 | total time: 1.89m | eta: 1.9m
step 00511/01000 (51.10%) | loss: 6.716120 | lrm: 1.00 | dt: 222.98ms | tok/sec: 4,592 | bf16_mfu: 0.00 | epoch: 1 pq: 0 rg: 2 | total time: 1.89m | eta: 1.8m
step 00512/01000 (51.20%) | loss: 6.697225 | lrm: 1.00 | dt: 239.09ms | tok/sec: 4,282 | bf16_mfu: 0.00 | epoch: 1 pq: 0 rg: 2 | total time: 1.90m | eta: 1.8m
step 00513/01000 (51.30%) | loss: 6.730401 | lrm: 1.00 | dt: 253.47ms | tok/sec: 4,039 | bf16_mfu: 0.00 | epoch: 1 pq: 0 rg: 2 | total time: 1.90m | eta: 1.8m
step 00514/01000 (51.40%) | loss: 6.725060 | lrm: 1.00 | dt: 219.40ms | tok/sec: 4,667 | bf16_mfu: 0.00 | epoch: 1 pq: 0 rg: 2 | total time: 1.91m | eta: 1.8m
step 00515/01000 (51.50%) | loss: 6.735628 | lrm: 1.00 | dt: 234.17ms | tok/sec: 4,372 | bf16_mfu: 0.00 | epoch: 1 pq: 0 rg: 2 | total time: 1.91m | eta: 1.8m
step 00516/01000 (51.60%) | loss: 6.744640 | lrm: 1.00 | dt: 198.02ms | tok/sec: 5,171 | bf16_mfu: 0.00 | epoch: 1 pq: 0 rg: 2 | total time: 1.91m | eta: 1.8m
step 00517/01000 (51.70%) | loss: 6.759356 | lrm: 1.00 | dt: 207.27ms | tok/sec: 4,940 | bf16_mfu: 0.00 | epoch: 1 pq: 0 rg: 2 | total time: 1.92m | eta: 1.8m
step 00518/01000 (51.80%) | loss: 6.825454 | lrm: 1.00 | dt: 357.09ms | tok/sec: 2,867 | bf16_mfu: 0.00 | epoch: 1 pq: 0 rg: 2 | total time: 1.92m | eta: 1.8m
step 00519/01000 (51.90%) | loss: 6.754751 | lrm: 1.00 | dt: 232.02ms | tok/sec: 4,413 | bf16_mfu: 0.00 | epoch: 1 pq: 0 rg: 2 | total time: 1.93m | eta: 1.8m
step 00520/01000 (52.00%) | loss: 6.782169 | lrm: 1.00 | dt: 255.99ms | tok/sec: 4,000 | bf16_mfu: 0.00 | epoch: 1 pq: 0 rg: 2 | total time: 1.93m | eta: 1.8m
step 00521/01000 (52.10%) | loss: 6.774929 | lrm: 1.00 | dt: 213.72ms | tok/sec: 4,791 | bf16_mfu: 0.00 | epoch: 1 pq: 0 rg: 2 | total time: 1.93m | eta: 1.8m
step 00522/01000 (52.20%) | loss: 6.749744 | lrm: 1.00 | dt: 199.13ms | tok/sec: 5,142 | bf16_mfu: 0.00 | epoch: 1 pq: 0 rg: 2 | total time: 1.94m | eta: 1.8m
step 00523/01000 (52.30%) | loss: 6.757197 | lrm: 1.00 | dt: 206.17ms | tok/sec: 4,966 | bf16_mfu: 0.00 | epoch: 1 pq: 0 rg: 2 | total time: 1.94m | eta: 1.8m
step 00524/01000 (52.40%) | loss: 6.752833 | lrm: 1.00 | dt: 349.11ms | tok/sec: 2,933 | bf16_mfu: 0.00 | epoch: 1 pq: 0 rg: 2 | total time: 1.95m | eta: 1.8m
step 00525/01000 (52.50%) | loss: 6.666376 | lrm: 1.00 | dt: 200.49ms | tok/sec: 5,107 | bf16_mfu: 0.00 | epoch: 1 pq: 0 rg: 2 | total time: 1.95m | eta: 1.8m
step 00526/01000 (52.60%) | loss: 6.675947 | lrm: 1.00 | dt: 208.98ms | tok/sec: 4,900 | bf16_mfu: 0.00 | epoch: 1 pq: 0 rg: 2 | total time: 1.95m | eta: 1.8m
step 00527/01000 (52.70%) | loss: 6.739833 | lrm: 1.00 | dt: 187.76ms | tok/sec: 5,453 | bf16_mfu: 0.00 | epoch: 1 pq: 0 rg: 2 | total time: 1.96m | eta: 1.8m
step 00528/01000 (52.80%) | loss: 6.756874 | lrm: 1.00 | dt: 173.75ms | tok/sec: 5,893 | bf16_mfu: 0.00 | epoch: 1 pq: 0 rg: 2 | total time: 1.96m | eta: 1.8m
step 00529/01000 (52.90%) | loss: 6.729389 | lrm: 1.00 | dt: 188.66ms | tok/sec: 5,427 | bf16_mfu: 0.00 | epoch: 1 pq: 0 rg: 2 | total time: 1.96m | eta: 1.8m
step 00530/01000 (53.00%) | loss: 6.731948 | lrm: 1.00 | dt: 164.88ms | tok/sec: 6,210 | bf16_mfu: 0.00 | epoch: 1 pq: 0 rg: 2 | total time: 1.97m | eta: 1.8m
step 00531/01000 (53.10%) | loss: 6.777021 | lrm: 1.00 | dt: 196.23ms | tok/sec: 5,218 | bf16_mfu: 0.00 | epoch: 1 pq: 0 rg: 2 | total time: 1.97m | eta: 1.8m
step 00532/01000 (53.20%) | loss: 6.813431 | lrm: 1.00 | dt: 308.68ms | tok/sec: 3,317 | bf16_mfu: 0.00 | epoch: 1 pq: 0 rg: 2 | total time: 1.97m | eta: 1.8m
step 00533/01000 (53.30%) | loss: 6.760002 | lrm: 1.00 | dt: 180.87ms | tok/sec: 5,661 | bf16_mfu: 0.00 | epoch: 1 pq: 0 rg: 2 | total time: 1.98m | eta: 1.8m
step 00534/01000 (53.40%) | loss: 6.766320 | lrm: 1.00 | dt: 182.48ms | tok/sec: 5,611 | bf16_mfu: 0.00 | epoch: 1 pq: 0 rg: 2 | total time: 1.98m | eta: 1.8m
step 00535/01000 (53.50%) | loss: 6.759108 | lrm: 1.00 | dt: 197.86ms | tok/sec: 5,175 | bf16_mfu: 0.00 | epoch: 1 pq: 0 rg: 2 | total time: 1.98m | eta: 1.8m
step 00536/01000 (53.60%) | loss: 6.790069 | lrm: 1.00 | dt: 222.06ms | tok/sec: 4,611 | bf16_mfu: 0.00 | epoch: 1 pq: 0 rg: 2 | total time: 1.99m | eta: 1.8m
step 00537/01000 (53.70%) | loss: 6.826089 | lrm: 1.00 | dt: 190.77ms | tok/sec: 5,367 | bf16_mfu: 0.00 | epoch: 1 pq: 0 rg: 2 | total time: 1.99m | eta: 1.7m
step 00538/01000 (53.80%) | loss: 6.806434 | lrm: 1.00 | dt: 224.68ms | tok/sec: 4,557 | bf16_mfu: 0.00 | epoch: 1 pq: 0 rg: 2 | total time: 1.99m | eta: 1.7m
step 00539/01000 (53.90%) | loss: 6.830765 | lrm: 1.00 | dt: 208.50ms | tok/sec: 4,911 | bf16_mfu: 0.00 | epoch: 1 pq: 0 rg: 2 | total time: 2.00m | eta: 1.7m
step 00540/01000 (54.00%) | loss: 6.854002 | lrm: 1.00 | dt: 206.93ms | tok/sec: 4,948 | bf16_mfu: 0.00 | epoch: 1 pq: 0 rg: 2 | total time: 2.00m | eta: 1.7m
step 00541/01000 (54.10%) | loss: 6.786345 | lrm: 1.00 | dt: 212.19ms | tok/sec: 4,825 | bf16_mfu: 0.00 | epoch: 1 pq: 0 rg: 2 | total time: 2.01m | eta: 1.7m
step 00542/01000 (54.20%) | loss: 6.734429 | lrm: 1.00 | dt: 219.02ms | tok/sec: 4,675 | bf16_mfu: 0.00 | epoch: 1 pq: 0 rg: 2 | total time: 2.01m | eta: 1.7m
step 00543/01000 (54.30%) | loss: 6.784166 | lrm: 1.00 | dt: 366.21ms | tok/sec: 2,796 | bf16_mfu: 0.00 | epoch: 1 pq: 0 rg: 2 | total time: 2.01m | eta: 1.7m
step 00544/01000 (54.40%) | loss: 6.809531 | lrm: 1.00 | dt: 211.54ms | tok/sec: 4,840 | bf16_mfu: 0.00 | epoch: 1 pq: 0 rg: 2 | total time: 2.02m | eta: 1.7m
step 00545/01000 (54.50%) | loss: 6.838410 | lrm: 1.00 | dt: 216.06ms | tok/sec: 4,739 | bf16_mfu: 0.00 | epoch: 1 pq: 0 rg: 2 | total time: 2.02m | eta: 1.7m
step 00546/01000 (54.60%) | loss: 6.831244 | lrm: 1.00 | dt: 241.07ms | tok/sec: 4,247 | bf16_mfu: 0.00 | epoch: 1 pq: 0 rg: 2 | total time: 2.03m | eta: 1.7m
step 00547/01000 (54.70%) | loss: 6.810824 | lrm: 1.00 | dt: 235.73ms | tok/sec: 4,343 | bf16_mfu: 0.00 | epoch: 1 pq: 0 rg: 2 | total time: 2.03m | eta: 1.7m
step 00548/01000 (54.80%) | loss: 6.851071 | lrm: 1.00 | dt: 234.85ms | tok/sec: 4,360 | bf16_mfu: 0.00 | epoch: 1 pq: 0 rg: 2 | total time: 2.03m | eta: 1.7m
step 00549/01000 (54.90%) | loss: 6.800161 | lrm: 1.00 | dt: 230.04ms | tok/sec: 4,451 | bf16_mfu: 0.00 | epoch: 1 pq: 0 rg: 2 | total time: 2.04m | eta: 1.7m
step 00550/01000 (55.00%) | loss: 6.745178 | lrm: 1.00 | dt: 211.95ms | tok/sec: 4,831 | bf16_mfu: 0.00 | epoch: 1 pq: 0 rg: 2 | total time: 2.04m | eta: 1.7m
step 00551/01000 (55.10%) | loss: 6.735782 | lrm: 1.00 | dt: 218.79ms | tok/sec: 4,680 | bf16_mfu: 0.00 | epoch: 1 pq: 0 rg: 2 | total time: 2.04m | eta: 1.7m
step 00552/01000 (55.20%) | loss: 6.687847 | lrm: 1.00 | dt: 364.83ms | tok/sec: 2,806 | bf16_mfu: 0.00 | epoch: 1 pq: 0 rg: 2 | total time: 2.05m | eta: 1.7m
step 00553/01000 (55.30%) | loss: 6.697525 | lrm: 1.00 | dt: 315.26ms | tok/sec: 3,248 | bf16_mfu: 0.00 | epoch: 1 pq: 0 rg: 2 | total time: 2.06m | eta: 1.7m
step 00554/01000 (55.40%) | loss: 6.711208 | lrm: 1.00 | dt: 291.89ms | tok/sec: 3,508 | bf16_mfu: 0.00 | epoch: 1 pq: 0 rg: 2 | total time: 2.06m | eta: 1.7m
step 00555/01000 (55.50%) | loss: 6.680334 | lrm: 1.00 | dt: 208.50ms | tok/sec: 4,911 | bf16_mfu: 0.00 | epoch: 1 pq: 0 rg: 2 | total time: 2.06m | eta: 1.7m
step 00556/01000 (55.60%) | loss: 6.620630 | lrm: 1.00 | dt: 244.34ms | tok/sec: 4,190 | bf16_mfu: 0.00 | epoch: 1 pq: 0 rg: 2 | total time: 2.07m | eta: 1.7m
step 00557/01000 (55.70%) | loss: 6.629209 | lrm: 1.00 | dt: 228.40ms | tok/sec: 4,483 | bf16_mfu: 0.00 | epoch: 1 pq: 0 rg: 2 | total time: 2.07m | eta: 1.7m
step 00558/01000 (55.80%) | loss: 6.596168 | lrm: 1.00 | dt: 234.81ms | tok/sec: 4,360 | bf16_mfu: 0.00 | epoch: 1 pq: 0 rg: 2 | total time: 2.08m | eta: 1.7m
step 00559/01000 (55.90%) | loss: 6.631030 | lrm: 1.00 | dt: 242.64ms | tok/sec: 4,220 | bf16_mfu: 0.00 | epoch: 1 pq: 0 rg: 2 | total time: 2.08m | eta: 1.7m
step 00560/01000 (56.00%) | loss: 6.671802 | lrm: 1.00 | dt: 312.78ms | tok/sec: 3,273 | bf16_mfu: 0.00 | epoch: 1 pq: 0 rg: 2 | total time: 2.09m | eta: 1.7m
step 00561/01000 (56.10%) | loss: 6.701108 | lrm: 1.00 | dt: 224.81ms | tok/sec: 4,555 | bf16_mfu: 0.00 | epoch: 1 pq: 0 rg: 2 | total time: 2.09m | eta: 1.7m
step 00562/01000 (56.20%) | loss: 6.709329 | lrm: 1.00 | dt: 200.41ms | tok/sec: 5,109 | bf16_mfu: 0.00 | epoch: 1 pq: 0 rg: 2 | total time: 2.09m | eta: 1.7m
step 00563/01000 (56.30%) | loss: 6.714263 | lrm: 1.00 | dt: 204.07ms | tok/sec: 5,017 | bf16_mfu: 0.00 | epoch: 1 pq: 0 rg: 2 | total time: 2.10m | eta: 1.7m
step 00564/01000 (56.40%) | loss: 6.758548 | lrm: 1.00 | dt: 198.87ms | tok/sec: 5,149 | bf16_mfu: 0.00 | epoch: 1 pq: 0 rg: 2 | total time: 2.10m | eta: 1.7m
step 00565/01000 (56.50%) | loss: 6.822277 | lrm: 1.00 | dt: 204.32ms | tok/sec: 5,011 | bf16_mfu: 0.00 | epoch: 1 pq: 0 rg: 2 | total time: 2.10m | eta: 1.6m
step 00566/01000 (56.60%) | loss: 6.784877 | lrm: 1.00 | dt: 197.34ms | tok/sec: 5,188 | bf16_mfu: 0.00 | epoch: 1 pq: 0 rg: 2 | total time: 2.11m | eta: 1.6m
step 00567/01000 (56.70%) | loss: 6.762942 | lrm: 1.00 | dt: 199.95ms | tok/sec: 5,121 | bf16_mfu: 0.00 | epoch: 1 pq: 0 rg: 2 | total time: 2.11m | eta: 1.6m
step 00568/01000 (56.80%) | loss: 6.827494 | lrm: 1.00 | dt: 199.29ms | tok/sec: 5,138 | bf16_mfu: 0.00 | epoch: 1 pq: 0 rg: 2 | total time: 2.11m | eta: 1.6m
step 00569/01000 (56.90%) | loss: 6.827475 | lrm: 1.00 | dt: 198.21ms | tok/sec: 5,166 | bf16_mfu: 0.00 | epoch: 1 pq: 0 rg: 2 | total time: 2.12m | eta: 1.6m
step 00570/01000 (57.00%) | loss: 6.818577 | lrm: 1.00 | dt: 215.47ms | tok/sec: 4,752 | bf16_mfu: 0.00 | epoch: 1 pq: 0 rg: 2 | total time: 2.12m | eta: 1.6m
step 00571/01000 (57.10%) | loss: 6.759121 | lrm: 1.00 | dt: 223.29ms | tok/sec: 4,585 | bf16_mfu: 0.00 | epoch: 1 pq: 0 rg: 2 | total time: 2.12m | eta: 1.6m
step 00572/01000 (57.20%) | loss: 6.751127 | lrm: 1.00 | dt: 416.60ms | tok/sec: 2,458 | bf16_mfu: 0.00 | epoch: 1 pq: 0 rg: 2 | total time: 2.13m | eta: 1.6m
step 00573/01000 (57.30%) | loss: 6.725620 | lrm: 1.00 | dt: 255.70ms | tok/sec: 4,004 | bf16_mfu: 0.00 | epoch: 1 pq: 0 rg: 2 | total time: 2.13m | eta: 1.6m
step 00574/01000 (57.40%) | loss: 6.754074 | lrm: 1.00 | dt: 212.72ms | tok/sec: 4,813 | bf16_mfu: 0.00 | epoch: 1 pq: 0 rg: 2 | total time: 2.14m | eta: 1.6m
step 00575/01000 (57.50%) | loss: 6.743270 | lrm: 1.00 | dt: 229.34ms | tok/sec: 4,464 | bf16_mfu: 0.00 | epoch: 1 pq: 0 rg: 2 | total time: 2.14m | eta: 1.6m
step 00576/01000 (57.60%) | loss: 6.720281 | lrm: 1.00 | dt: 339.15ms | tok/sec: 3,019 | bf16_mfu: 0.00 | epoch: 1 pq: 0 rg: 2 | total time: 2.15m | eta: 1.6m
step 00577/01000 (57.70%) | loss: 6.749839 | lrm: 1.00 | dt: 209.55ms | tok/sec: 4,886 | bf16_mfu: 0.00 | epoch: 1 pq: 0 rg: 2 | total time: 2.15m | eta: 1.6m
step 00578/01000 (57.80%) | loss: 6.711832 | lrm: 1.00 | dt: 190.82ms | tok/sec: 5,366 | bf16_mfu: 0.00 | epoch: 1 pq: 0 rg: 2 | total time: 2.15m | eta: 1.6m
step 00579/01000 (57.90%) | loss: 6.699847 | lrm: 1.00 | dt: 176.22ms | tok/sec: 5,810 | bf16_mfu: 0.00 | epoch: 1 pq: 0 rg: 2 | total time: 2.16m | eta: 1.6m
step 00580/01000 (58.00%) | loss: 6.692372 | lrm: 1.00 | dt: 186.47ms | tok/sec: 5,491 | bf16_mfu: 0.00 | epoch: 1 pq: 0 rg: 2 | total time: 2.16m | eta: 1.6m
step 00581/01000 (58.10%) | loss: 6.775764 | lrm: 1.00 | dt: 167.00ms | tok/sec: 6,131 | bf16_mfu: 0.00 | epoch: 1 pq: 0 rg: 2 | total time: 2.16m | eta: 1.6m
step 00582/01000 (58.20%) | loss: 6.725004 | lrm: 1.00 | dt: 161.63ms | tok/sec: 6,335 | bf16_mfu: 0.00 | epoch: 1 pq: 0 rg: 2 | total time: 2.17m | eta: 1.6m
step 00583/01000 (58.30%) | loss: 6.780744 | lrm: 1.00 | dt: 174.91ms | tok/sec: 5,854 | bf16_mfu: 0.00 | epoch: 1 pq: 0 rg: 2 | total time: 2.17m | eta: 1.6m
step 00584/01000 (58.40%) | loss: 6.772238 | lrm: 1.00 | dt: 175.09ms | tok/sec: 5,848 | bf16_mfu: 0.00 | epoch: 1 pq: 0 rg: 2 | total time: 2.17m | eta: 1.6m
step 00585/01000 (58.50%) | loss: 6.767511 | lrm: 1.00 | dt: 170.66ms | tok/sec: 6,000 | bf16_mfu: 0.00 | epoch: 1 pq: 0 rg: 2 | total time: 2.17m | eta: 1.6m
step 00586/01000 (58.60%) | loss: 6.824704 | lrm: 1.00 | dt: 205.88ms | tok/sec: 4,973 | bf16_mfu: 0.00 | epoch: 1 pq: 0 rg: 2 | total time: 2.18m | eta: 1.6m
step 00587/01000 (58.70%) | loss: 6.804038 | lrm: 1.00 | dt: 209.51ms | tok/sec: 4,887 | bf16_mfu: 0.00 | epoch: 1 pq: 0 rg: 2 | total time: 2.18m | eta: 1.6m
step 00588/01000 (58.80%) | loss: 6.825990 | lrm: 1.00 | dt: 408.81ms | tok/sec: 2,504 | bf16_mfu: 0.00 | epoch: 1 pq: 0 rg: 2 | total time: 2.19m | eta: 1.6m
step 00589/01000 (58.90%) | loss: 6.798555 | lrm: 1.00 | dt: 256.92ms | tok/sec: 3,985 | bf16_mfu: 0.00 | epoch: 1 pq: 0 rg: 2 | total time: 2.19m | eta: 1.6m
step 00590/01000 (59.00%) | loss: 6.812301 | lrm: 1.00 | dt: 291.05ms | tok/sec: 3,518 | bf16_mfu: 0.00 | epoch: 1 pq: 0 rg: 2 | total time: 2.20m | eta: 1.6m
step 00591/01000 (59.10%) | loss: 6.875310 | lrm: 1.00 | dt: 303.35ms | tok/sec: 3,375 | bf16_mfu: 0.00 | epoch: 1 pq: 0 rg: 2 | total time: 2.20m | eta: 1.6m
step 00592/01000 (59.20%) | loss: 6.865284 | lrm: 1.00 | dt: 271.35ms | tok/sec: 3,773 | bf16_mfu: 0.00 | epoch: 1 pq: 0 rg: 2 | total time: 2.21m | eta: 1.5m
step 00593/01000 (59.30%) | loss: 6.834680 | lrm: 1.00 | dt: 259.73ms | tok/sec: 3,942 | bf16_mfu: 0.00 | epoch: 1 pq: 0 rg: 2 | total time: 2.21m | eta: 1.5m
step 00594/01000 (59.40%) | loss: 6.833028 | lrm: 1.00 | dt: 225.47ms | tok/sec: 4,541 | bf16_mfu: 0.00 | epoch: 1 pq: 0 rg: 2 | total time: 2.22m | eta: 1.5m
step 00595/01000 (59.50%) | loss: 6.861818 | lrm: 1.00 | dt: 355.62ms | tok/sec: 2,879 | bf16_mfu: 0.00 | epoch: 1 pq: 0 rg: 2 | total time: 2.22m | eta: 1.5m
step 00596/01000 (59.60%) | loss: 6.907365 | lrm: 1.00 | dt: 211.03ms | tok/sec: 4,852 | bf16_mfu: 0.00 | epoch: 1 pq: 0 rg: 2 | total time: 2.22m | eta: 1.5m
step 00597/01000 (59.70%) | loss: 6.888924 | lrm: 1.00 | dt: 210.12ms | tok/sec: 4,873 | bf16_mfu: 0.00 | epoch: 1 pq: 0 rg: 2 | total time: 2.23m | eta: 1.5m
step 00598/01000 (59.80%) | loss: 6.936683 | lrm: 1.00 | dt: 194.31ms | tok/sec: 5,269 | bf16_mfu: 0.00 | epoch: 1 pq: 0 rg: 2 | total time: 2.23m | eta: 1.5m
step 00599/01000 (59.90%) | loss: 6.979234 | lrm: 1.00 | dt: 179.45ms | tok/sec: 5,706 | bf16_mfu: 0.00 | epoch: 1 pq: 0 rg: 2 | total time: 2.23m | eta: 1.5m
step 00600/01000 (60.00%) | loss: 7.031156 | lrm: 1.00 | dt: 197.46ms | tok/sec: 5,185 | bf16_mfu: 0.00 | epoch: 1 pq: 0 rg: 2 | total time: 2.24m | eta: 1.5m
step 00601/01000 (60.10%) | loss: 6.978937 | lrm: 1.00 | dt: 196.85ms | tok/sec: 5,201 | bf16_mfu: 0.00 | epoch: 1 pq: 0 rg: 2 | total time: 2.24m | eta: 1.5m
step 00602/01000 (60.20%) | loss: 6.913479 | lrm: 1.00 | dt: 234.08ms | tok/sec: 4,374 | bf16_mfu: 0.00 | epoch: 1 pq: 0 rg: 2 | total time: 2.24m | eta: 1.5m
step 00603/01000 (60.30%) | loss: 6.921534 | lrm: 1.00 | dt: 236.61ms | tok/sec: 4,327 | bf16_mfu: 0.00 | epoch: 1 pq: 0 rg: 2 | total time: 2.25m | eta: 1.5m
step 00604/01000 (60.40%) | loss: 6.928363 | lrm: 1.00 | dt: 239.63ms | tok/sec: 4,273 | bf16_mfu: 0.00 | epoch: 1 pq: 0 rg: 2 | total time: 2.25m | eta: 1.5m
step 00605/01000 (60.50%) | loss: 6.907698 | lrm: 1.00 | dt: 362.39ms | tok/sec: 2,825 | bf16_mfu: 0.00 | epoch: 1 pq: 0 rg: 2 | total time: 2.26m | eta: 1.5m
step 00606/01000 (60.60%) | loss: 6.891034 | lrm: 1.00 | dt: 279.12ms | tok/sec: 3,668 | bf16_mfu: 0.00 | epoch: 1 pq: 0 rg: 2 | total time: 2.26m | eta: 1.5m
step 00607/01000 (60.70%) | loss: 6.920720 | lrm: 1.00 | dt: 192.97ms | tok/sec: 5,306 | bf16_mfu: 0.00 | epoch: 1 pq: 0 rg: 2 | total time: 2.27m | eta: 1.5m
step 00608/01000 (60.80%) | loss: 6.926870 | lrm: 1.00 | dt: 201.99ms | tok/sec: 5,069 | bf16_mfu: 0.00 | epoch: 1 pq: 0 rg: 2 | total time: 2.27m | eta: 1.5m
step 00609/01000 (60.90%) | loss: 6.913831 | lrm: 1.00 | dt: 220.80ms | tok/sec: 4,637 | bf16_mfu: 0.00 | epoch: 1 pq: 0 rg: 2 | total time: 2.27m | eta: 1.5m
step 00610/01000 (61.00%) | loss: 6.942964 | lrm: 1.00 | dt: 217.97ms | tok/sec: 4,697 | bf16_mfu: 0.00 | epoch: 1 pq: 0 rg: 2 | total time: 2.28m | eta: 1.5m
step 00611/01000 (61.10%) | loss: 6.922733 | lrm: 1.00 | dt: 200.50ms | tok/sec: 5,107 | bf16_mfu: 0.00 | epoch: 1 pq: 0 rg: 2 | total time: 2.28m | eta: 1.5m
step 00612/01000 (61.20%) | loss: 6.843182 | lrm: 1.00 | dt: 211.46ms | tok/sec: 4,842 | bf16_mfu: 0.00 | epoch: 1 pq: 0 rg: 2 | total time: 2.28m | eta: 1.5m
step 00613/01000 (61.30%) | loss: 6.797321 | lrm: 1.00 | dt: 224.78ms | tok/sec: 4,555 | bf16_mfu: 0.00 | epoch: 1 pq: 0 rg: 2 | total time: 2.29m | eta: 1.5m
step 00614/01000 (61.40%) | loss: 6.674291 | lrm: 1.00 | dt: 199.69ms | tok/sec: 5,127 | bf16_mfu: 0.00 | epoch: 1 pq: 0 rg: 2 | total time: 2.29m | eta: 1.5m
step 00615/01000 (61.50%) | loss: 6.686320 | lrm: 1.00 | dt: 342.09ms | tok/sec: 2,993 | bf16_mfu: 0.00 | epoch: 1 pq: 0 rg: 2 | total time: 2.30m | eta: 1.5m
step 00616/01000 (61.60%) | loss: 6.582892 | lrm: 1.00 | dt: 204.63ms | tok/sec: 5,004 | bf16_mfu: 0.00 | epoch: 1 pq: 0 rg: 2 | total time: 2.30m | eta: 1.5m
step 00617/01000 (61.70%) | loss: 6.547764 | lrm: 1.00 | dt: 204.81ms | tok/sec: 4,999 | bf16_mfu: 0.00 | epoch: 1 pq: 0 rg: 2 | total time: 2.30m | eta: 1.5m
step 00618/01000 (61.80%) | loss: 6.640277 | lrm: 1.00 | dt: 233.98ms | tok/sec: 4,376 | bf16_mfu: 0.00 | epoch: 1 pq: 0 rg: 3 | total time: 2.31m | eta: 1.4m
step 00619/01000 (61.90%) | loss: 6.662474 | lrm: 1.00 | dt: 210.00ms | tok/sec: 4,876 | bf16_mfu: 0.00 | epoch: 1 pq: 0 rg: 3 | total time: 2.31m | eta: 1.4m
step 00620/01000 (62.00%) | loss: 6.701552 | lrm: 1.00 | dt: 194.53ms | tok/sec: 5,263 | bf16_mfu: 0.00 | epoch: 1 pq: 0 rg: 3 | total time: 2.31m | eta: 1.4m
step 00621/01000 (62.10%) | loss: 6.743897 | lrm: 1.00 | dt: 192.02ms | tok/sec: 5,332 | bf16_mfu: 0.00 | epoch: 1 pq: 0 rg: 3 | total time: 2.32m | eta: 1.4m
step 00622/01000 (62.20%) | loss: 6.706339 | lrm: 1.00 | dt: 207.78ms | tok/sec: 4,928 | bf16_mfu: 0.00 | epoch: 1 pq: 0 rg: 3 | total time: 2.32m | eta: 1.4m
step 00623/01000 (62.30%) | loss: 6.728552 | lrm: 1.00 | dt: 198.66ms | tok/sec: 5,154 | bf16_mfu: 0.00 | epoch: 1 pq: 0 rg: 3 | total time: 2.32m | eta: 1.4m
step 00624/01000 (62.40%) | loss: 6.752673 | lrm: 1.00 | dt: 221.29ms | tok/sec: 4,627 | bf16_mfu: 0.00 | epoch: 1 pq: 0 rg: 3 | total time: 2.33m | eta: 1.4m
step 00625/01000 (62.50%) | loss: 6.728333 | lrm: 1.00 | dt: 204.87ms | tok/sec: 4,998 | bf16_mfu: 0.00 | epoch: 1 pq: 0 rg: 3 | total time: 2.33m | eta: 1.4m
step 00626/01000 (62.60%) | loss: 6.805416 | lrm: 1.00 | dt: 421.72ms | tok/sec: 2,428 | bf16_mfu: 0.00 | epoch: 1 pq: 0 rg: 3 | total time: 2.34m | eta: 1.4m
step 00627/01000 (62.70%) | loss: 6.783072 | lrm: 1.00 | dt: 200.45ms | tok/sec: 5,108 | bf16_mfu: 0.00 | epoch: 1 pq: 0 rg: 3 | total time: 2.34m | eta: 1.4m
step 00628/01000 (62.80%) | loss: 6.709583 | lrm: 1.00 | dt: 197.59ms | tok/sec: 5,182 | bf16_mfu: 0.00 | epoch: 1 pq: 0 rg: 3 | total time: 2.35m | eta: 1.4m
step 00629/01000 (62.90%) | loss: 6.712005 | lrm: 1.00 | dt: 200.53ms | tok/sec: 5,106 | bf16_mfu: 0.00 | epoch: 1 pq: 0 rg: 3 | total time: 2.35m | eta: 1.4m
step 00630/01000 (63.00%) | loss: 6.750951 | lrm: 1.00 | dt: 204.74ms | tok/sec: 5,001 | bf16_mfu: 0.00 | epoch: 1 pq: 0 rg: 3 | total time: 2.35m | eta: 1.4m
step 00631/01000 (63.10%) | loss: 6.749469 | lrm: 1.00 | dt: 205.92ms | tok/sec: 4,972 | bf16_mfu: 0.00 | epoch: 1 pq: 0 rg: 3 | total time: 2.36m | eta: 1.4m
step 00632/01000 (63.20%) | loss: 6.709174 | lrm: 1.00 | dt: 200.62ms | tok/sec: 5,104 | bf16_mfu: 0.00 | epoch: 1 pq: 0 rg: 3 | total time: 2.36m | eta: 1.4m
step 00633/01000 (63.30%) | loss: 6.735073 | lrm: 1.00 | dt: 198.27ms | tok/sec: 5,164 | bf16_mfu: 0.00 | epoch: 1 pq: 0 rg: 3 | total time: 2.36m | eta: 1.4m
step 00634/01000 (63.40%) | loss: 6.708557 | lrm: 1.00 | dt: 189.98ms | tok/sec: 5,390 | bf16_mfu: 0.00 | epoch: 1 pq: 0 rg: 3 | total time: 2.37m | eta: 1.4m
step 00635/01000 (63.50%) | loss: 6.667453 | lrm: 1.00 | dt: 222.34ms | tok/sec: 4,605 | bf16_mfu: 0.00 | epoch: 1 pq: 0 rg: 3 | total time: 2.37m | eta: 1.4m
step 00636/01000 (63.60%) | loss: 6.723760 | lrm: 1.00 | dt: 385.81ms | tok/sec: 2,654 | bf16_mfu: 0.00 | epoch: 1 pq: 0 rg: 3 | total time: 2.38m | eta: 1.4m
step 00637/01000 (63.70%) | loss: 6.628880 | lrm: 1.00 | dt: 288.92ms | tok/sec: 3,544 | bf16_mfu: 0.00 | epoch: 1 pq: 0 rg: 3 | total time: 2.38m | eta: 1.4m
step 00638/01000 (63.80%) | loss: 6.614835 | lrm: 1.00 | dt: 223.41ms | tok/sec: 4,583 | bf16_mfu: 0.00 | epoch: 1 pq: 0 rg: 3 | total time: 2.38m | eta: 1.4m
step 00639/01000 (63.90%) | loss: 6.615570 | lrm: 1.00 | dt: 260.75ms | tok/sec: 3,927 | bf16_mfu: 0.00 | epoch: 1 pq: 0 rg: 3 | total time: 2.39m | eta: 1.4m
step 00640/01000 (64.00%) | loss: 6.556720 | lrm: 1.00 | dt: 217.59ms | tok/sec: 4,706 | bf16_mfu: 0.00 | epoch: 1 pq: 0 rg: 3 | total time: 2.39m | eta: 1.4m
step 00641/01000 (64.10%) | loss: 6.529105 | lrm: 1.00 | dt: 234.48ms | tok/sec: 4,367 | bf16_mfu: 0.00 | epoch: 1 pq: 0 rg: 3 | total time: 2.40m | eta: 1.4m
step 00642/01000 (64.20%) | loss: 6.607807 | lrm: 1.00 | dt: 218.91ms | tok/sec: 4,677 | bf16_mfu: 0.00 | epoch: 1 pq: 0 rg: 3 | total time: 2.40m | eta: 1.4m
step 00643/01000 (64.30%) | loss: 6.602865 | lrm: 1.00 | dt: 230.82ms | tok/sec: 4,436 | bf16_mfu: 0.00 | epoch: 1 pq: 0 rg: 3 | total time: 2.40m | eta: 1.4m
step 00644/01000 (64.40%) | loss: 6.595189 | lrm: 1.00 | dt: 221.18ms | tok/sec: 4,629 | bf16_mfu: 0.00 | epoch: 1 pq: 0 rg: 3 | total time: 2.41m | eta: 1.4m
step 00645/01000 (64.50%) | loss: 6.617483 | lrm: 1.00 | dt: 396.82ms | tok/sec: 2,580 | bf16_mfu: 0.00 | epoch: 1 pq: 0 rg: 3 | total time: 2.41m | eta: 1.3m
step 00646/01000 (64.60%) | loss: 6.659656 | lrm: 1.00 | dt: 224.05ms | tok/sec: 4,570 | bf16_mfu: 0.00 | epoch: 1 pq: 0 rg: 3 | total time: 2.42m | eta: 1.3m
step 00647/01000 (64.70%) | loss: 6.685701 | lrm: 1.00 | dt: 266.30ms | tok/sec: 3,845 | bf16_mfu: 0.00 | epoch: 1 pq: 0 rg: 3 | total time: 2.42m | eta: 1.3m
step 00648/01000 (64.80%) | loss: 6.687936 | lrm: 1.00 | dt: 242.03ms | tok/sec: 4,230 | bf16_mfu: 0.00 | epoch: 1 pq: 0 rg: 3 | total time: 2.43m | eta: 1.3m
step 00649/01000 (64.90%) | loss: 6.703933 | lrm: 1.00 | dt: 238.72ms | tok/sec: 4,289 | bf16_mfu: 0.00 | epoch: 1 pq: 0 rg: 3 | total time: 2.43m | eta: 1.3m
step 00650/01000 (65.00%) | loss: 6.729082 | lrm: 1.00 | dt: 199.24ms | tok/sec: 5,139 | bf16_mfu: 0.00 | epoch: 1 pq: 0 rg: 3 | total time: 2.43m | eta: 1.3m
step 00651/01000 (65.10%) | loss: 6.757330 | lrm: 1.00 | dt: 207.62ms | tok/sec: 4,932 | bf16_mfu: 0.00 | epoch: 1 pq: 0 rg: 3 | total time: 2.44m | eta: 1.3m
step 00652/01000 (65.20%) | loss: 6.744680 | lrm: 1.00 | dt: 196.29ms | tok/sec: 5,216 | bf16_mfu: 0.00 | epoch: 1 pq: 0 rg: 3 | total time: 2.44m | eta: 1.3m
step 00653/01000 (65.30%) | loss: 6.753073 | lrm: 1.00 | dt: 199.80ms | tok/sec: 5,125 | bf16_mfu: 0.00 | epoch: 1 pq: 0 rg: 3 | total time: 2.44m | eta: 1.3m
step 00654/01000 (65.40%) | loss: 6.770395 | lrm: 1.00 | dt: 200.26ms | tok/sec: 5,113 | bf16_mfu: 0.00 | epoch: 1 pq: 0 rg: 3 | total time: 2.45m | eta: 1.3m
step 00655/01000 (65.50%) | loss: 6.774572 | lrm: 1.00 | dt: 196.20ms | tok/sec: 5,219 | bf16_mfu: 0.00 | epoch: 1 pq: 0 rg: 3 | total time: 2.45m | eta: 1.3m
step 00656/01000 (65.60%) | loss: 6.767833 | lrm: 1.00 | dt: 322.25ms | tok/sec: 3,177 | bf16_mfu: 0.00 | epoch: 1 pq: 0 rg: 3 | total time: 2.45m | eta: 1.3m
step 00657/01000 (65.70%) | loss: 6.774420 | lrm: 1.00 | dt: 228.75ms | tok/sec: 4,476 | bf16_mfu: 0.00 | epoch: 1 pq: 0 rg: 3 | total time: 2.46m | eta: 1.3m
step 00658/01000 (65.80%) | loss: 6.778056 | lrm: 1.00 | dt: 259.51ms | tok/sec: 3,945 | bf16_mfu: 0.00 | epoch: 1 pq: 0 rg: 3 | total time: 2.46m | eta: 1.3m
step 00659/01000 (65.90%) | loss: 6.721912 | lrm: 1.00 | dt: 272.38ms | tok/sec: 3,759 | bf16_mfu: 0.00 | epoch: 1 pq: 0 rg: 3 | total time: 2.47m | eta: 1.3m
step 00660/01000 (66.00%) | loss: 6.687158 | lrm: 1.00 | dt: 234.03ms | tok/sec: 4,375 | bf16_mfu: 0.00 | epoch: 1 pq: 0 rg: 3 | total time: 2.47m | eta: 1.3m
step 00661/01000 (66.10%) | loss: 6.708403 | lrm: 1.00 | dt: 238.28ms | tok/sec: 4,297 | bf16_mfu: 0.00 | epoch: 1 pq: 0 rg: 3 | total time: 2.48m | eta: 1.3m
step 00662/01000 (66.20%) | loss: 6.754463 | lrm: 1.00 | dt: 228.49ms | tok/sec: 4,481 | bf16_mfu: 0.00 | epoch: 1 pq: 0 rg: 3 | total time: 2.48m | eta: 1.3m
step 00663/01000 (66.30%) | loss: 6.787861 | lrm: 1.00 | dt: 195.29ms | tok/sec: 5,243 | bf16_mfu: 0.00 | epoch: 1 pq: 0 rg: 3 | total time: 2.48m | eta: 1.3m
step 00664/01000 (66.40%) | loss: 6.786570 | lrm: 1.00 | dt: 206.04ms | tok/sec: 4,969 | bf16_mfu: 0.00 | epoch: 1 pq: 0 rg: 3 | total time: 2.49m | eta: 1.3m
step 00665/01000 (66.50%) | loss: 6.738807 | lrm: 1.00 | dt: 198.41ms | tok/sec: 5,160 | bf16_mfu: 0.00 | epoch: 1 pq: 0 rg: 3 | total time: 2.49m | eta: 1.3m
step 00666/01000 (66.60%) | loss: 6.702365 | lrm: 1.00 | dt: 193.03ms | tok/sec: 5,304 | bf16_mfu: 0.00 | epoch: 1 pq: 0 rg: 3 | total time: 2.49m | eta: 1.3m
step 00667/01000 (66.70%) | loss: 6.677040 | lrm: 1.00 | dt: 201.55ms | tok/sec: 5,080 | bf16_mfu: 0.00 | epoch: 1 pq: 0 rg: 3 | total time: 2.50m | eta: 1.3m
step 00668/01000 (66.80%) | loss: 6.683149 | lrm: 1.00 | dt: 188.46ms | tok/sec: 5,433 | bf16_mfu: 0.00 | epoch: 1 pq: 0 rg: 3 | total time: 2.50m | eta: 1.3m
step 00669/01000 (66.90%) | loss: 6.675288 | lrm: 1.00 | dt: 304.56ms | tok/sec: 3,362 | bf16_mfu: 0.00 | epoch: 1 pq: 0 rg: 3 | total time: 2.50m | eta: 1.3m
step 00670/01000 (67.00%) | loss: 6.656442 | lrm: 1.00 | dt: 198.52ms | tok/sec: 5,158 | bf16_mfu: 0.00 | epoch: 1 pq: 0 rg: 3 | total time: 2.51m | eta: 1.3m
step 00671/01000 (67.10%) | loss: 6.702010 | lrm: 1.00 | dt: 214.02ms | tok/sec: 4,784 | bf16_mfu: 0.00 | epoch: 1 pq: 0 rg: 3 | total time: 2.51m | eta: 1.2m
step 00672/01000 (67.20%) | loss: 6.702932 | lrm: 1.00 | dt: 197.42ms | tok/sec: 5,186 | bf16_mfu: 0.00 | epoch: 1 pq: 0 rg: 3 | total time: 2.51m | eta: 1.2m
step 00673/01000 (67.30%) | loss: 6.677466 | lrm: 1.00 | dt: 205.64ms | tok/sec: 4,979 | bf16_mfu: 0.00 | epoch: 1 pq: 0 rg: 3 | total time: 2.52m | eta: 1.2m
step 00674/01000 (67.40%) | loss: 6.724379 | lrm: 1.00 | dt: 218.91ms | tok/sec: 4,677 | bf16_mfu: 0.00 | epoch: 1 pq: 0 rg: 3 | total time: 2.52m | eta: 1.2m
step 00675/01000 (67.50%) | loss: 6.721561 | lrm: 1.00 | dt: 208.08ms | tok/sec: 4,921 | bf16_mfu: 0.00 | epoch: 1 pq: 0 rg: 3 | total time: 2.52m | eta: 1.2m
step 00676/01000 (67.60%) | loss: 6.814719 | lrm: 1.00 | dt: 225.85ms | tok/sec: 4,533 | bf16_mfu: 0.00 | epoch: 1 pq: 0 rg: 3 | total time: 2.53m | eta: 1.2m
step 00677/01000 (67.70%) | loss: 6.781158 | lrm: 1.00 | dt: 211.30ms | tok/sec: 4,846 | bf16_mfu: 0.00 | epoch: 1 pq: 0 rg: 3 | total time: 2.53m | eta: 1.2m
step 00678/01000 (67.80%) | loss: 6.755806 | lrm: 1.00 | dt: 444.66ms | tok/sec: 2,302 | bf16_mfu: 0.00 | epoch: 1 pq: 0 rg: 3 | total time: 2.54m | eta: 1.2m
step 00679/01000 (67.90%) | loss: 6.768601 | lrm: 1.00 | dt: 289.84ms | tok/sec: 3,532 | bf16_mfu: 0.00 | epoch: 1 pq: 0 rg: 3 | total time: 2.54m | eta: 1.2m
step 00680/01000 (68.00%) | loss: 6.836245 | lrm: 1.00 | dt: 248.66ms | tok/sec: 4,118 | bf16_mfu: 0.00 | epoch: 1 pq: 0 rg: 3 | total time: 2.55m | eta: 1.2m
step 00681/01000 (68.10%) | loss: 6.788442 | lrm: 1.00 | dt: 243.29ms | tok/sec: 4,209 | bf16_mfu: 0.00 | epoch: 1 pq: 0 rg: 3 | total time: 2.55m | eta: 1.2m
step 00682/01000 (68.20%) | loss: 6.800417 | lrm: 1.00 | dt: 235.68ms | tok/sec: 4,344 | bf16_mfu: 0.00 | epoch: 1 pq: 0 rg: 3 | total time: 2.56m | eta: 1.2m
step 00683/01000 (68.30%) | loss: 6.759016 | lrm: 1.00 | dt: 244.69ms | tok/sec: 4,184 | bf16_mfu: 0.00 | epoch: 1 pq: 0 rg: 3 | total time: 2.56m | eta: 1.2m
step 00684/01000 (68.40%) | loss: 6.709161 | lrm: 1.00 | dt: 201.23ms | tok/sec: 5,088 | bf16_mfu: 0.00 | epoch: 1 pq: 0 rg: 3 | total time: 2.56m | eta: 1.2m
step 00685/01000 (68.50%) | loss: 6.642302 | lrm: 1.00 | dt: 201.67ms | tok/sec: 5,077 | bf16_mfu: 0.00 | epoch: 1 pq: 0 rg: 3 | total time: 2.57m | eta: 1.2m
step 00686/01000 (68.60%) | loss: 6.698874 | lrm: 1.00 | dt: 225.23ms | tok/sec: 4,546 | bf16_mfu: 0.00 | epoch: 1 pq: 0 rg: 3 | total time: 2.57m | eta: 1.2m
step 00687/01000 (68.70%) | loss: 6.670401 | lrm: 1.00 | dt: 214.54ms | tok/sec: 4,772 | bf16_mfu: 0.00 | epoch: 1 pq: 0 rg: 3 | total time: 2.57m | eta: 1.2m
step 00688/01000 (68.80%) | loss: 6.694426 | lrm: 1.00 | dt: 393.30ms | tok/sec: 2,603 | bf16_mfu: 0.00 | epoch: 1 pq: 0 rg: 3 | total time: 2.58m | eta: 1.2m
step 00689/01000 (68.90%) | loss: 6.716624 | lrm: 1.00 | dt: 262.91ms | tok/sec: 3,894 | bf16_mfu: 0.00 | epoch: 1 pq: 0 rg: 3 | total time: 2.59m | eta: 1.2m
step 00690/01000 (69.00%) | loss: 6.668514 | lrm: 1.00 | dt: 223.32ms | tok/sec: 4,585 | bf16_mfu: 0.00 | epoch: 1 pq: 0 rg: 3 | total time: 2.59m | eta: 1.2m
step 00691/01000 (69.10%) | loss: 6.718307 | lrm: 1.00 | dt: 247.82ms | tok/sec: 4,132 | bf16_mfu: 0.00 | epoch: 1 pq: 0 rg: 3 | total time: 2.59m | eta: 1.2m
step 00692/01000 (69.20%) | loss: 6.668925 | lrm: 1.00 | dt: 266.21ms | tok/sec: 3,846 | bf16_mfu: 0.00 | epoch: 1 pq: 0 rg: 3 | total time: 2.60m | eta: 1.2m
step 00693/01000 (69.30%) | loss: 6.697519 | lrm: 1.00 | dt: 280.14ms | tok/sec: 3,655 | bf16_mfu: 0.00 | epoch: 1 pq: 0 rg: 3 | total time: 2.60m | eta: 1.2m
step 00694/01000 (69.40%) | loss: 6.662790 | lrm: 1.00 | dt: 220.65ms | tok/sec: 4,640 | bf16_mfu: 0.00 | epoch: 1 pq: 0 rg: 3 | total time: 2.61m | eta: 1.2m
step 00695/01000 (69.50%) | loss: 6.666551 | lrm: 1.00 | dt: 370.45ms | tok/sec: 2,764 | bf16_mfu: 0.00 | epoch: 1 pq: 0 rg: 3 | total time: 2.61m | eta: 1.2m
step 00696/01000 (69.60%) | loss: 6.734742 | lrm: 1.00 | dt: 196.97ms | tok/sec: 5,198 | bf16_mfu: 0.00 | epoch: 1 pq: 0 rg: 3 | total time: 2.62m | eta: 1.2m
step 00697/01000 (69.70%) | loss: 6.611860 | lrm: 1.00 | dt: 218.37ms | tok/sec: 4,689 | bf16_mfu: 0.00 | epoch: 1 pq: 0 rg: 3 | total time: 2.62m | eta: 1.2m
step 00698/01000 (69.80%) | loss: 6.668805 | lrm: 1.00 | dt: 174.61ms | tok/sec: 5,864 | bf16_mfu: 0.00 | epoch: 1 pq: 0 rg: 3 | total time: 2.62m | eta: 1.2m
step 00699/01000 (69.90%) | loss: 6.684384 | lrm: 1.00 | dt: 165.34ms | tok/sec: 6,193 | bf16_mfu: 0.00 | epoch: 1 pq: 0 rg: 3 | total time: 2.62m | eta: 1.1m
step 00700/01000 (70.00%) | loss: 6.719484 | lrm: 1.00 | dt: 177.71ms | tok/sec: 5,762 | bf16_mfu: 0.00 | epoch: 1 pq: 0 rg: 3 | total time: 2.63m | eta: 1.1m
step 00701/01000 (70.10%) | loss: 6.668446 | lrm: 1.00 | dt: 162.62ms | tok/sec: 6,296 | bf16_mfu: 0.00 | epoch: 1 pq: 0 rg: 3 | total time: 2.63m | eta: 1.1m
step 00702/01000 (70.20%) | loss: 6.665767 | lrm: 1.00 | dt: 169.42ms | tok/sec: 6,044 | bf16_mfu: 0.00 | epoch: 1 pq: 0 rg: 3 | total time: 2.63m | eta: 1.1m
step 00703/01000 (70.30%) | loss: 6.699787 | lrm: 1.00 | dt: 176.88ms | tok/sec: 5,789 | bf16_mfu: 0.00 | epoch: 1 pq: 0 rg: 3 | total time: 2.64m | eta: 1.1m
step 00704/01000 (70.40%) | loss: 6.718171 | lrm: 1.00 | dt: 183.19ms | tok/sec: 5,589 | bf16_mfu: 0.00 | epoch: 1 pq: 0 rg: 3 | total time: 2.64m | eta: 1.1m
step 00705/01000 (70.50%) | loss: 6.684010 | lrm: 1.00 | dt: 188.46ms | tok/sec: 5,433 | bf16_mfu: 0.00 | epoch: 1 pq: 0 rg: 3 | total time: 2.64m | eta: 1.1m
step 00706/01000 (70.60%) | loss: 6.554316 | lrm: 1.00 | dt: 221.69ms | tok/sec: 4,619 | bf16_mfu: 0.00 | epoch: 1 pq: 0 rg: 3 | total time: 2.65m | eta: 1.1m
step 00707/01000 (70.70%) | loss: 6.520510 | lrm: 1.00 | dt: 195.18ms | tok/sec: 5,246 | bf16_mfu: 0.00 | epoch: 1 pq: 0 rg: 3 | total time: 2.65m | eta: 1.1m
step 00708/01000 (70.80%) | loss: 6.580249 | lrm: 1.00 | dt: 325.04ms | tok/sec: 3,150 | bf16_mfu: 0.00 | epoch: 1 pq: 0 rg: 3 | total time: 2.65m | eta: 1.1m
step 00709/01000 (70.90%) | loss: 6.580785 | lrm: 1.00 | dt: 242.49ms | tok/sec: 4,222 | bf16_mfu: 0.00 | epoch: 1 pq: 0 rg: 3 | total time: 2.66m | eta: 1.1m
step 00710/01000 (71.00%) | loss: 6.550103 | lrm: 1.00 | dt: 304.55ms | tok/sec: 3,362 | bf16_mfu: 0.00 | epoch: 1 pq: 0 rg: 3 | total time: 2.66m | eta: 1.1m
step 00711/01000 (71.10%) | loss: 6.512579 | lrm: 1.00 | dt: 270.85ms | tok/sec: 3,780 | bf16_mfu: 0.00 | epoch: 1 pq: 0 rg: 3 | total time: 2.67m | eta: 1.1m
step 00712/01000 (71.20%) | loss: 6.561996 | lrm: 1.00 | dt: 218.17ms | tok/sec: 4,693 | bf16_mfu: 0.00 | epoch: 1 pq: 0 rg: 3 | total time: 2.67m | eta: 1.1m
step 00713/01000 (71.30%) | loss: 6.568643 | lrm: 1.00 | dt: 226.18ms | tok/sec: 4,527 | bf16_mfu: 0.00 | epoch: 1 pq: 0 rg: 3 | total time: 2.68m | eta: 1.1m
step 00714/01000 (71.40%) | loss: 6.595608 | lrm: 1.00 | dt: 215.56ms | tok/sec: 4,750 | bf16_mfu: 0.00 | epoch: 1 pq: 0 rg: 3 | total time: 2.68m | eta: 1.1m
step 00715/01000 (71.50%) | loss: 6.555605 | lrm: 1.00 | dt: 257.08ms | tok/sec: 3,983 | bf16_mfu: 0.00 | epoch: 1 pq: 0 rg: 3 | total time: 2.68m | eta: 1.1m
step 00716/01000 (71.60%) | loss: 6.601098 | lrm: 1.00 | dt: 227.89ms | tok/sec: 4,493 | bf16_mfu: 0.00 | epoch: 1 pq: 0 rg: 3 | total time: 2.69m | eta: 1.1m
step 00717/01000 (71.70%) | loss: 6.581868 | lrm: 1.00 | dt: 213.26ms | tok/sec: 4,801 | bf16_mfu: 0.00 | epoch: 1 pq: 0 rg: 3 | total time: 2.69m | eta: 1.1m
step 00718/01000 (71.80%) | loss: 6.592876 | lrm: 1.00 | dt: 218.37ms | tok/sec: 4,689 | bf16_mfu: 0.00 | epoch: 1 pq: 0 rg: 3 | total time: 2.69m | eta: 1.1m
step 00719/01000 (71.90%) | loss: 6.609630 | lrm: 1.00 | dt: 203.23ms | tok/sec: 5,038 | bf16_mfu: 0.00 | epoch: 1 pq: 0 rg: 3 | total time: 2.70m | eta: 1.1m
step 00720/01000 (72.00%) | loss: 6.605371 | lrm: 1.00 | dt: 341.36ms | tok/sec: 2,999 | bf16_mfu: 0.00 | epoch: 1 pq: 0 rg: 3 | total time: 2.70m | eta: 1.1m
step 00721/01000 (72.10%) | loss: 6.612454 | lrm: 1.00 | dt: 200.21ms | tok/sec: 5,114 | bf16_mfu: 0.00 | epoch: 1 pq: 0 rg: 3 | total time: 2.71m | eta: 1.1m
step 00722/01000 (72.20%) | loss: 6.588293 | lrm: 1.00 | dt: 238.35ms | tok/sec: 4,296 | bf16_mfu: 0.00 | epoch: 1 pq: 0 rg: 3 | total time: 2.71m | eta: 1.1m
step 00723/01000 (72.30%) | loss: 6.581418 | lrm: 1.00 | dt: 202.69ms | tok/sec: 5,051 | bf16_mfu: 0.00 | epoch: 1 pq: 0 rg: 3 | total time: 2.71m | eta: 1.1m
step 00724/01000 (72.40%) | loss: 6.553309 | lrm: 1.00 | dt: 202.25ms | tok/sec: 5,063 | bf16_mfu: 0.00 | epoch: 1 pq: 0 rg: 3 | total time: 2.72m | eta: 1.1m
step 00725/01000 (72.50%) | loss: 6.489608 | lrm: 1.00 | dt: 218.95ms | tok/sec: 4,676 | bf16_mfu: 0.00 | epoch: 1 pq: 0 rg: 3 | total time: 2.72m | eta: 1.0m
step 00726/01000 (72.60%) | loss: 6.584539 | lrm: 1.00 | dt: 239.73ms | tok/sec: 4,271 | bf16_mfu: 0.00 | epoch: 1 pq: 0 rg: 3 | total time: 2.73m | eta: 1.0m
step 00727/01000 (72.70%) | loss: 6.577817 | lrm: 1.00 | dt: 253.78ms | tok/sec: 4,034 | bf16_mfu: 0.00 | epoch: 1 pq: 0 rg: 3 | total time: 2.73m | eta: 1.0m
step 00728/01000 (72.80%) | loss: 6.570194 | lrm: 1.00 | dt: 260.10ms | tok/sec: 3,936 | bf16_mfu: 0.00 | epoch: 1 pq: 0 rg: 3 | total time: 2.73m | eta: 1.0m
step 00729/01000 (72.90%) | loss: 6.497047 | lrm: 1.00 | dt: 465.91ms | tok/sec: 2,197 | bf16_mfu: 0.00 | epoch: 1 pq: 0 rg: 3 | total time: 2.74m | eta: 1.0m
step 00730/01000 (73.00%) | loss: 6.493454 | lrm: 1.00 | dt: 258.78ms | tok/sec: 3,956 | bf16_mfu: 0.00 | epoch: 1 pq: 0 rg: 3 | total time: 2.75m | eta: 1.0m
step 00731/01000 (73.10%) | loss: 6.576603 | lrm: 1.00 | dt: 216.68ms | tok/sec: 4,725 | bf16_mfu: 0.00 | epoch: 1 pq: 0 rg: 3 | total time: 2.75m | eta: 1.0m
step 00732/01000 (73.20%) | loss: 6.597735 | lrm: 1.00 | dt: 225.42ms | tok/sec: 4,542 | bf16_mfu: 0.00 | epoch: 1 pq: 0 rg: 3 | total time: 2.75m | eta: 1.0m
step 00733/01000 (73.30%) | loss: 6.573484 | lrm: 1.00 | dt: 197.55ms | tok/sec: 5,183 | bf16_mfu: 0.00 | epoch: 1 pq: 0 rg: 3 | total time: 2.76m | eta: 1.0m
step 00734/01000 (73.40%) | loss: 6.610166 | lrm: 1.00 | dt: 231.10ms | tok/sec: 4,431 | bf16_mfu: 0.00 | epoch: 1 pq: 0 rg: 3 | total time: 2.76m | eta: 1.0m
step 00735/01000 (73.50%) | loss: 6.653468 | lrm: 1.00 | dt: 203.45ms | tok/sec: 5,033 | bf16_mfu: 0.00 | epoch: 1 pq: 0 rg: 3 | total time: 2.76m | eta: 1.0m
step 00736/01000 (73.60%) | loss: 6.692106 | lrm: 1.00 | dt: 244.57ms | tok/sec: 4,186 | bf16_mfu: 0.00 | epoch: 1 pq: 0 rg: 3 | total time: 2.77m | eta: 1.0m
step 00737/01000 (73.70%) | loss: 6.696135 | lrm: 1.00 | dt: 232.76ms | tok/sec: 4,399 | bf16_mfu: 0.00 | epoch: 1 pq: 0 rg: 3 | total time: 2.77m | eta: 1.0m
step 00738/01000 (73.80%) | loss: 6.665216 | lrm: 1.00 | dt: 407.34ms | tok/sec: 2,513 | bf16_mfu: 0.00 | epoch: 1 pq: 0 rg: 3 | total time: 2.78m | eta: 1.0m
step 00739/01000 (73.90%) | loss: 6.642463 | lrm: 1.00 | dt: 238.91ms | tok/sec: 4,286 | bf16_mfu: 0.00 | epoch: 1 pq: 0 rg: 3 | total time: 2.78m | eta: 1.0m
step 00740/01000 (74.00%) | loss: 6.667798 | lrm: 1.00 | dt: 228.26ms | tok/sec: 4,486 | bf16_mfu: 0.00 | epoch: 1 pq: 0 rg: 3 | total time: 2.79m | eta: 1.0m
step 00741/01000 (74.10%) | loss: 6.635099 | lrm: 1.00 | dt: 210.44ms | tok/sec: 4,866 | bf16_mfu: 0.00 | epoch: 1 pq: 0 rg: 3 | total time: 2.79m | eta: 1.0m
step 00742/01000 (74.20%) | loss: 6.628230 | lrm: 1.00 | dt: 214.46ms | tok/sec: 4,774 | bf16_mfu: 0.00 | epoch: 1 pq: 0 rg: 3 | total time: 2.79m | eta: 1.0m
step 00743/01000 (74.30%) | loss: 6.606419 | lrm: 1.00 | dt: 202.70ms | tok/sec: 5,051 | bf16_mfu: 0.00 | epoch: 1 pq: 0 rg: 3 | total time: 2.80m | eta: 1.0m
step 00744/01000 (74.40%) | loss: 6.538265 | lrm: 1.00 | dt: 212.04ms | tok/sec: 4,829 | bf16_mfu: 0.00 | epoch: 1 pq: 0 rg: 3 | total time: 2.80m | eta: 1.0m
step 00745/01000 (74.50%) | loss: 6.551431 | lrm: 1.00 | dt: 217.53ms | tok/sec: 4,707 | bf16_mfu: 0.00 | epoch: 1 pq: 0 rg: 3 | total time: 2.80m | eta: 1.0m
step 00746/01000 (74.60%) | loss: 6.584001 | lrm: 1.00 | dt: 204.45ms | tok/sec: 5,008 | bf16_mfu: 0.00 | epoch: 1 pq: 0 rg: 3 | total time: 2.81m | eta: 1.0m
step 00747/01000 (74.70%) | loss: 6.549484 | lrm: 1.00 | dt: 369.40ms | tok/sec: 2,772 | bf16_mfu: 0.00 | epoch: 1 pq: 0 rg: 3 | total time: 2.81m | eta: 1.0m
step 00748/01000 (74.80%) | loss: 6.501442 | lrm: 1.00 | dt: 242.46ms | tok/sec: 4,223 | bf16_mfu: 0.00 | epoch: 1 pq: 0 rg: 3 | total time: 2.82m | eta: 1.0m
step 00749/01000 (74.90%) | loss: 6.557263 | lrm: 1.00 | dt: 209.12ms | tok/sec: 4,896 | bf16_mfu: 0.00 | epoch: 1 pq: 0 rg: 3 | total time: 2.82m | eta: 1.0m
step 00750/01000 (75.00%) | loss: 6.491983 | lrm: 1.00 | dt: 234.63ms | tok/sec: 4,364 | bf16_mfu: 0.00 | epoch: 1 pq: 0 rg: 3 | total time: 2.83m | eta: 1.0m
step 00751/01000 (75.10%) | loss: 6.509013 | lrm: 1.00 | dt: 216.06ms | tok/sec: 4,739 | bf16_mfu: 0.00 | epoch: 1 pq: 0 rg: 3 | total time: 2.83m | eta: 1.0m
step 00752/01000 (75.20%) | loss: 6.526497 | lrm: 1.00 | dt: 177.60ms | tok/sec: 5,765 | bf16_mfu: 0.00 | epoch: 1 pq: 0 rg: 3 | total time: 2.83m | eta: 0.9m
step 00753/01000 (75.30%) | loss: 6.553894 | lrm: 1.00 | dt: 193.22ms | tok/sec: 5,299 | bf16_mfu: 0.00 | epoch: 1 pq: 0 rg: 3 | total time: 2.84m | eta: 0.9m
step 00754/01000 (75.40%) | loss: 6.579729 | lrm: 1.00 | dt: 194.57ms | tok/sec: 5,262 | bf16_mfu: 0.00 | epoch: 1 pq: 0 rg: 3 | total time: 2.84m | eta: 0.9m
step 00755/01000 (75.50%) | loss: 6.668335 | lrm: 1.00 | dt: 194.07ms | tok/sec: 5,276 | bf16_mfu: 0.00 | epoch: 1 pq: 0 rg: 3 | total time: 2.84m | eta: 0.9m
step 00756/01000 (75.60%) | loss: 6.623239 | lrm: 1.00 | dt: 210.81ms | tok/sec: 4,857 | bf16_mfu: 0.00 | epoch: 1 pq: 0 rg: 3 | total time: 2.85m | eta: 0.9m
step 00757/01000 (75.70%) | loss: 6.656487 | lrm: 1.00 | dt: 201.66ms | tok/sec: 5,077 | bf16_mfu: 0.00 | epoch: 1 pq: 0 rg: 3 | total time: 2.85m | eta: 0.9m
step 00758/01000 (75.80%) | loss: 6.667785 | lrm: 1.00 | dt: 351.68ms | tok/sec: 2,911 | bf16_mfu: 0.00 | epoch: 1 pq: 0 rg: 3 | total time: 2.85m | eta: 0.9m
step 00759/01000 (75.90%) | loss: 6.678260 | lrm: 1.00 | dt: 225.39ms | tok/sec: 4,543 | bf16_mfu: 0.00 | epoch: 1 pq: 0 rg: 3 | total time: 2.86m | eta: 0.9m
step 00760/01000 (76.00%) | loss: 6.616298 | lrm: 1.00 | dt: 275.77ms | tok/sec: 3,713 | bf16_mfu: 0.00 | epoch: 1 pq: 0 rg: 3 | total time: 2.86m | eta: 0.9m
step 00761/01000 (76.10%) | loss: 6.604988 | lrm: 1.00 | dt: 222.65ms | tok/sec: 4,599 | bf16_mfu: 0.00 | epoch: 1 pq: 0 rg: 3 | total time: 2.87m | eta: 0.9m
step 00762/01000 (76.20%) | loss: 6.564185 | lrm: 1.00 | dt: 380.47ms | tok/sec: 2,691 | bf16_mfu: 0.00 | epoch: 1 pq: 0 rg: 3 | total time: 2.87m | eta: 0.9m
step 00763/01000 (76.30%) | loss: 6.528127 | lrm: 1.00 | dt: 261.60ms | tok/sec: 3,914 | bf16_mfu: 0.00 | epoch: 1 pq: 0 rg: 3 | total time: 2.88m | eta: 0.9m
step 00764/01000 (76.40%) | loss: 6.533411 | lrm: 1.00 | dt: 252.94ms | tok/sec: 4,048 | bf16_mfu: 0.00 | epoch: 1 pq: 0 rg: 3 | total time: 2.88m | eta: 0.9m
step 00765/01000 (76.50%) | loss: 6.617841 | lrm: 1.00 | dt: 215.13ms | tok/sec: 4,760 | bf16_mfu: 0.00 | epoch: 1 pq: 0 rg: 3 | total time: 2.88m | eta: 0.9m
step 00766/01000 (76.60%) | loss: 6.542980 | lrm: 1.00 | dt: 217.44ms | tok/sec: 4,709 | bf16_mfu: 0.00 | epoch: 1 pq: 0 rg: 3 | total time: 2.89m | eta: 0.9m
step 00767/01000 (76.70%) | loss: 6.522204 | lrm: 1.00 | dt: 185.27ms | tok/sec: 5,527 | bf16_mfu: 0.00 | epoch: 1 pq: 0 rg: 3 | total time: 2.89m | eta: 0.9m
step 00768/01000 (76.80%) | loss: 6.571797 | lrm: 1.00 | dt: 297.33ms | tok/sec: 3,443 | bf16_mfu: 0.00 | epoch: 1 pq: 0 rg: 3 | total time: 2.90m | eta: 0.9m
step 00769/01000 (76.90%) | loss: 6.565207 | lrm: 1.00 | dt: 169.00ms | tok/sec: 6,059 | bf16_mfu: 0.00 | epoch: 1 pq: 0 rg: 3 | total time: 2.90m | eta: 0.9m
step 00770/01000 (77.00%) | loss: 6.564359 | lrm: 1.00 | dt: 216.55ms | tok/sec: 4,728 | bf16_mfu: 0.00 | epoch: 1 pq: 0 rg: 3 | total time: 2.90m | eta: 0.9m
step 00771/01000 (77.10%) | loss: 6.558402 | lrm: 1.00 | dt: 218.44ms | tok/sec: 4,687 | bf16_mfu: 0.00 | epoch: 1 pq: 0 rg: 3 | total time: 2.91m | eta: 0.9m
step 00772/01000 (77.20%) | loss: 6.566872 | lrm: 1.00 | dt: 233.85ms | tok/sec: 4,378 | bf16_mfu: 0.00 | epoch: 1 pq: 0 rg: 3 | total time: 2.91m | eta: 0.9m
step 00773/01000 (77.30%) | loss: 6.569280 | lrm: 1.00 | dt: 220.50ms | tok/sec: 4,643 | bf16_mfu: 0.00 | epoch: 1 pq: 0 rg: 3 | total time: 2.91m | eta: 0.9m
step 00774/01000 (77.40%) | loss: 6.549467 | lrm: 1.00 | dt: 257.08ms | tok/sec: 3,983 | bf16_mfu: 0.00 | epoch: 1 pq: 0 rg: 3 | total time: 2.92m | eta: 0.9m
step 00775/01000 (77.50%) | loss: 6.584801 | lrm: 1.00 | dt: 239.92ms | tok/sec: 4,268 | bf16_mfu: 0.00 | epoch: 1 pq: 0 rg: 3 | total time: 2.92m | eta: 0.9m
step 00776/01000 (77.60%) | loss: 6.570472 | lrm: 1.00 | dt: 269.04ms | tok/sec: 3,806 | bf16_mfu: 0.00 | epoch: 1 pq: 0 rg: 3 | total time: 2.93m | eta: 0.9m
step 00777/01000 (77.70%) | loss: 6.576040 | lrm: 1.00 | dt: 272.79ms | tok/sec: 3,753 | bf16_mfu: 0.00 | epoch: 1 pq: 0 rg: 3 | total time: 2.93m | eta: 0.9m
step 00778/01000 (77.80%) | loss: 6.594243 | lrm: 1.00 | dt: 422.87ms | tok/sec: 2,421 | bf16_mfu: 0.00 | epoch: 1 pq: 0 rg: 3 | total time: 2.94m | eta: 0.8m
step 00779/01000 (77.90%) | loss: 6.616719 | lrm: 1.00 | dt: 315.85ms | tok/sec: 3,242 | bf16_mfu: 0.00 | epoch: 1 pq: 0 rg: 3 | total time: 2.94m | eta: 0.8m
step 00780/01000 (78.00%) | loss: 6.677601 | lrm: 1.00 | dt: 268.80ms | tok/sec: 3,809 | bf16_mfu: 0.00 | epoch: 1 pq: 0 rg: 3 | total time: 2.95m | eta: 0.8m
step 00781/01000 (78.10%) | loss: 6.671369 | lrm: 1.00 | dt: 353.44ms | tok/sec: 2,897 | bf16_mfu: 0.00 | epoch: 1 pq: 0 rg: 3 | total time: 2.95m | eta: 0.8m
step 00782/01000 (78.20%) | loss: 6.710765 | lrm: 1.00 | dt: 198.12ms | tok/sec: 5,168 | bf16_mfu: 0.00 | epoch: 1 pq: 0 rg: 3 | total time: 2.96m | eta: 0.8m
step 00783/01000 (78.30%) | loss: 6.667441 | lrm: 1.00 | dt: 186.82ms | tok/sec: 5,481 | bf16_mfu: 0.00 | epoch: 1 pq: 0 rg: 3 | total time: 2.96m | eta: 0.8m
step 00784/01000 (78.40%) | loss: 6.626152 | lrm: 1.00 | dt: 168.73ms | tok/sec: 6,068 | bf16_mfu: 0.00 | epoch: 1 pq: 0 rg: 3 | total time: 2.96m | eta: 0.8m
step 00785/01000 (78.50%) | loss: 6.642510 | lrm: 1.00 | dt: 163.50ms | tok/sec: 6,263 | bf16_mfu: 0.00 | epoch: 1 pq: 0 rg: 3 | total time: 2.97m | eta: 0.8m
step 00786/01000 (78.60%) | loss: 6.590651 | lrm: 1.00 | dt: 174.40ms | tok/sec: 5,871 | bf16_mfu: 0.00 | epoch: 1 pq: 0 rg: 3 | total time: 2.97m | eta: 0.8m
step 00787/01000 (78.70%) | loss: 6.654916 | lrm: 1.00 | dt: 161.42ms | tok/sec: 6,343 | bf16_mfu: 0.00 | epoch: 1 pq: 0 rg: 3 | total time: 2.97m | eta: 0.8m
step 00788/01000 (78.80%) | loss: 6.624031 | lrm: 1.00 | dt: 162.87ms | tok/sec: 6,287 | bf16_mfu: 0.00 | epoch: 1 pq: 0 rg: 3 | total time: 2.97m | eta: 0.8m
step 00789/01000 (78.90%) | loss: 6.629910 | lrm: 1.00 | dt: 175.22ms | tok/sec: 5,844 | bf16_mfu: 0.00 | epoch: 1 pq: 0 rg: 3 | total time: 2.98m | eta: 0.8m
step 00790/01000 (79.00%) | loss: 6.650871 | lrm: 1.00 | dt: 168.99ms | tok/sec: 6,059 | bf16_mfu: 0.00 | epoch: 1 pq: 0 rg: 3 | total time: 2.98m | eta: 0.8m
step 00791/01000 (79.10%) | loss: 6.563394 | lrm: 1.00 | dt: 170.45ms | tok/sec: 6,007 | bf16_mfu: 0.00 | epoch: 1 pq: 0 rg: 3 | total time: 2.98m | eta: 0.8m
step 00792/01000 (79.20%) | loss: 6.631876 | lrm: 1.00 | dt: 339.22ms | tok/sec: 3,018 | bf16_mfu: 0.00 | epoch: 1 pq: 0 rg: 3 | total time: 2.99m | eta: 0.8m
step 00793/01000 (79.30%) | loss: 6.585070 | lrm: 1.00 | dt: 264.37ms | tok/sec: 3,873 | bf16_mfu: 0.00 | epoch: 1 pq: 0 rg: 3 | total time: 2.99m | eta: 0.8m
step 00794/01000 (79.40%) | loss: 6.605314 | lrm: 1.00 | dt: 221.40ms | tok/sec: 4,625 | bf16_mfu: 0.00 | epoch: 1 pq: 0 rg: 3 | total time: 3.00m | eta: 0.8m
step 00795/01000 (79.50%) | loss: 6.556919 | lrm: 1.00 | dt: 213.95ms | tok/sec: 4,786 | bf16_mfu: 0.00 | epoch: 1 pq: 0 rg: 3 | total time: 3.00m | eta: 0.8m
step 00796/01000 (79.60%) | loss: 6.628861 | lrm: 1.00 | dt: 238.50ms | tok/sec: 4,293 | bf16_mfu: 0.00 | epoch: 1 pq: 0 rg: 3 | total time: 3.00m | eta: 0.8m
step 00797/01000 (79.70%) | loss: 6.630857 | lrm: 1.00 | dt: 258.90ms | tok/sec: 3,955 | bf16_mfu: 0.00 | epoch: 1 pq: 0 rg: 3 | total time: 3.01m | eta: 0.8m
step 00798/01000 (79.80%) | loss: 6.634714 | lrm: 1.00 | dt: 231.98ms | tok/sec: 4,414 | bf16_mfu: 0.00 | epoch: 1 pq: 0 rg: 3 | total time: 3.01m | eta: 0.8m
step 00799/01000 (79.90%) | loss: 6.629633 | lrm: 1.00 | dt: 220.94ms | tok/sec: 4,634 | bf16_mfu: 0.00 | epoch: 1 pq: 0 rg: 3 | total time: 3.02m | eta: 0.8m
step 00800/01000 (80.00%) | loss: 6.634720 | lrm: 1.00 | dt: 233.96ms | tok/sec: 4,376 | bf16_mfu: 0.00 | epoch: 1 pq: 0 rg: 3 | total time: 3.02m | eta: 0.8m
step 00801/01000 (80.10%) | loss: 6.630157 | lrm: 1.00 | dt: 201.64ms | tok/sec: 5,078 | bf16_mfu: 0.00 | epoch: 1 pq: 0 rg: 3 | total time: 3.02m | eta: 0.8m
step 00802/01000 (80.20%) | loss: 6.668068 | lrm: 1.00 | dt: 344.16ms | tok/sec: 2,975 | bf16_mfu: 0.00 | epoch: 1 pq: 0 rg: 3 | total time: 3.03m | eta: 0.8m
step 00803/01000 (80.30%) | loss: 6.669901 | lrm: 1.00 | dt: 233.37ms | tok/sec: 4,387 | bf16_mfu: 0.00 | epoch: 1 pq: 0 rg: 3 | total time: 3.03m | eta: 0.8m
step 00804/01000 (80.40%) | loss: 6.698905 | lrm: 1.00 | dt: 215.20ms | tok/sec: 4,758 | bf16_mfu: 0.00 | epoch: 1 pq: 0 rg: 3 | total time: 3.04m | eta: 0.7m
step 00805/01000 (80.50%) | loss: 6.680476 | lrm: 1.00 | dt: 193.78ms | tok/sec: 5,284 | bf16_mfu: 0.00 | epoch: 1 pq: 0 rg: 3 | total time: 3.04m | eta: 0.7m
step 00806/01000 (80.60%) | loss: 6.705650 | lrm: 1.00 | dt: 198.41ms | tok/sec: 5,160 | bf16_mfu: 0.00 | epoch: 1 pq: 0 rg: 3 | total time: 3.04m | eta: 0.7m
step 00807/01000 (80.70%) | loss: 6.714199 | lrm: 1.00 | dt: 184.32ms | tok/sec: 5,555 | bf16_mfu: 0.00 | epoch: 1 pq: 0 rg: 3 | total time: 3.05m | eta: 0.7m
step 00808/01000 (80.80%) | loss: 6.721395 | lrm: 1.00 | dt: 182.10ms | tok/sec: 5,623 | bf16_mfu: 0.00 | epoch: 1 pq: 0 rg: 3 | total time: 3.05m | eta: 0.7m
step 00809/01000 (80.90%) | loss: 6.653873 | lrm: 1.00 | dt: 203.57ms | tok/sec: 5,030 | bf16_mfu: 0.00 | epoch: 1 pq: 0 rg: 3 | total time: 3.05m | eta: 0.7m
step 00810/01000 (81.00%) | loss: 6.638117 | lrm: 1.00 | dt: 178.81ms | tok/sec: 5,726 | bf16_mfu: 0.00 | epoch: 1 pq: 0 rg: 3 | total time: 3.06m | eta: 0.7m
step 00811/01000 (81.10%) | loss: 6.654664 | lrm: 1.00 | dt: 200.01ms | tok/sec: 5,119 | bf16_mfu: 0.00 | epoch: 1 pq: 0 rg: 3 | total time: 3.06m | eta: 0.7m
step 00812/01000 (81.20%) | loss: 6.693682 | lrm: 1.00 | dt: 222.98ms | tok/sec: 4,592 | bf16_mfu: 0.00 | epoch: 1 pq: 0 rg: 3 | total time: 3.06m | eta: 0.7m
step 00813/01000 (81.30%) | loss: 6.727763 | lrm: 1.00 | dt: 338.84ms | tok/sec: 3,022 | bf16_mfu: 0.00 | epoch: 1 pq: 0 rg: 3 | total time: 3.07m | eta: 0.7m
step 00814/01000 (81.40%) | loss: 6.717165 | lrm: 1.00 | dt: 260.58ms | tok/sec: 3,929 | bf16_mfu: 0.00 | epoch: 1 pq: 0 rg: 3 | total time: 3.07m | eta: 0.7m
step 00815/01000 (81.50%) | loss: 6.853627 | lrm: 1.00 | dt: 248.87ms | tok/sec: 4,114 | bf16_mfu: 0.00 | epoch: 1 pq: 0 rg: 3 | total time: 3.08m | eta: 0.7m
step 00816/01000 (81.60%) | loss: 6.807926 | lrm: 1.00 | dt: 236.63ms | tok/sec: 4,327 | bf16_mfu: 0.00 | epoch: 1 pq: 0 rg: 3 | total time: 3.08m | eta: 0.7m
step 00817/01000 (81.70%) | loss: 6.833506 | lrm: 1.00 | dt: 262.84ms | tok/sec: 3,895 | bf16_mfu: 0.00 | epoch: 1 pq: 0 rg: 3 | total time: 3.09m | eta: 0.7m
step 00818/01000 (81.80%) | loss: 6.820388 | lrm: 1.00 | dt: 245.51ms | tok/sec: 4,170 | bf16_mfu: 0.00 | epoch: 1 pq: 0 rg: 3 | total time: 3.09m | eta: 0.7m
step 00819/01000 (81.90%) | loss: 6.812928 | lrm: 1.00 | dt: 262.71ms | tok/sec: 3,897 | bf16_mfu: 0.00 | epoch: 1 pq: 0 rg: 3 | total time: 3.09m | eta: 0.7m
step 00820/01000 (82.00%) | loss: 6.852209 | lrm: 1.00 | dt: 242.86ms | tok/sec: 4,216 | bf16_mfu: 0.00 | epoch: 1 pq: 0 rg: 3 | total time: 3.10m | eta: 0.7m
step 00821/01000 (82.10%) | loss: 6.832976 | lrm: 1.00 | dt: 395.21ms | tok/sec: 2,591 | bf16_mfu: 0.00 | epoch: 1 pq: 0 rg: 3 | total time: 3.10m | eta: 0.7m
step 00822/01000 (82.20%) | loss: 6.801537 | lrm: 1.00 | dt: 228.21ms | tok/sec: 4,487 | bf16_mfu: 0.00 | epoch: 1 pq: 0 rg: 3 | total time: 3.11m | eta: 0.7m
step 00823/01000 (82.30%) | loss: 6.755868 | lrm: 1.00 | dt: 251.25ms | tok/sec: 4,075 | bf16_mfu: 0.00 | epoch: 1 pq: 0 rg: 3 | total time: 3.11m | eta: 0.7m
step 00824/01000 (82.40%) | loss: 6.703556 | lrm: 1.00 | dt: 211.97ms | tok/sec: 4,830 | bf16_mfu: 0.00 | epoch: 1 pq: 0 rg: 3 | total time: 3.12m | eta: 0.7m
step 00825/01000 (82.50%) | loss: 6.722719 | lrm: 1.00 | dt: 237.08ms | tok/sec: 4,319 | bf16_mfu: 0.00 | epoch: 1 pq: 0 rg: 3 | total time: 3.12m | eta: 0.7m
step 00826/01000 (82.60%) | loss: 6.764979 | lrm: 1.00 | dt: 214.26ms | tok/sec: 4,779 | bf16_mfu: 0.00 | epoch: 1 pq: 0 rg: 3 | total time: 3.12m | eta: 0.7m
step 00827/01000 (82.70%) | loss: 6.853273 | lrm: 1.00 | dt: 214.66ms | tok/sec: 4,770 | bf16_mfu: 0.00 | epoch: 1 pq: 0 rg: 3 | total time: 3.13m | eta: 0.7m
step 00828/01000 (82.80%) | loss: 6.812771 | lrm: 1.00 | dt: 205.94ms | tok/sec: 4,972 | bf16_mfu: 0.00 | epoch: 1 pq: 0 rg: 3 | total time: 3.13m | eta: 0.7m
step 00829/01000 (82.90%) | loss: 6.833822 | lrm: 1.00 | dt: 222.03ms | tok/sec: 4,611 | bf16_mfu: 0.00 | epoch: 1 pq: 0 rg: 3 | total time: 3.13m | eta: 0.7m
step 00830/01000 (83.00%) | loss: 6.812609 | lrm: 1.00 | dt: 198.86ms | tok/sec: 5,149 | bf16_mfu: 0.00 | epoch: 1 pq: 0 rg: 3 | total time: 3.14m | eta: 0.7m
step 00831/01000 (83.10%) | loss: 6.800019 | lrm: 1.00 | dt: 189.20ms | tok/sec: 5,412 | bf16_mfu: 0.00 | epoch: 1 pq: 0 rg: 3 | total time: 3.14m | eta: 0.6m
step 00832/01000 (83.20%) | loss: 6.746920 | lrm: 1.00 | dt: 341.39ms | tok/sec: 2,999 | bf16_mfu: 0.00 | epoch: 1 pq: 0 rg: 3 | total time: 3.15m | eta: 0.6m
step 00833/01000 (83.30%) | loss: 6.628173 | lrm: 1.00 | dt: 346.04ms | tok/sec: 2,959 | bf16_mfu: 0.00 | epoch: 1 pq: 0 rg: 3 | total time: 3.15m | eta: 0.6m
step 00834/01000 (83.40%) | loss: 6.627154 | lrm: 1.00 | dt: 243.41ms | tok/sec: 4,206 | bf16_mfu: 0.00 | epoch: 1 pq: 0 rg: 3 | total time: 3.16m | eta: 0.6m
step 00835/01000 (83.50%) | loss: 6.633296 | lrm: 1.00 | dt: 231.80ms | tok/sec: 4,417 | bf16_mfu: 0.00 | epoch: 1 pq: 0 rg: 3 | total time: 3.16m | eta: 0.6m
step 00836/01000 (83.60%) | loss: 6.602958 | lrm: 1.00 | dt: 201.87ms | tok/sec: 5,072 | bf16_mfu: 0.00 | epoch: 1 pq: 0 rg: 3 | total time: 3.16m | eta: 0.6m
step 00837/01000 (83.70%) | loss: 6.658324 | lrm: 1.00 | dt: 191.49ms | tok/sec: 5,347 | bf16_mfu: 0.00 | epoch: 1 pq: 0 rg: 3 | total time: 3.17m | eta: 0.6m
step 00838/01000 (83.80%) | loss: 6.686262 | lrm: 1.00 | dt: 194.18ms | tok/sec: 5,273 | bf16_mfu: 0.00 | epoch: 1 pq: 0 rg: 3 | total time: 3.17m | eta: 0.6m
step 00839/01000 (83.90%) | loss: 6.664067 | lrm: 1.00 | dt: 172.50ms | tok/sec: 5,936 | bf16_mfu: 0.00 | epoch: 1 pq: 0 rg: 3 | total time: 3.17m | eta: 0.6m
step 00840/01000 (84.00%) | loss: 6.683094 | lrm: 1.00 | dt: 184.18ms | tok/sec: 5,559 | bf16_mfu: 0.00 | epoch: 1 pq: 0 rg: 3 | total time: 3.18m | eta: 0.6m
step 00841/01000 (84.10%) | loss: 6.640726 | lrm: 1.00 | dt: 194.41ms | tok/sec: 5,267 | bf16_mfu: 0.00 | epoch: 1 pq: 0 rg: 3 | total time: 3.18m | eta: 0.6m
step 00842/01000 (84.20%) | loss: 6.653794 | lrm: 1.00 | dt: 176.90ms | tok/sec: 5,788 | bf16_mfu: 0.00 | epoch: 1 pq: 0 rg: 3 | total time: 3.18m | eta: 0.6m
step 00843/01000 (84.30%) | loss: 6.654332 | lrm: 1.00 | dt: 192.33ms | tok/sec: 5,324 | bf16_mfu: 0.00 | epoch: 1 pq: 0 rg: 3 | total time: 3.19m | eta: 0.6m
step 00844/01000 (84.40%) | loss: 6.680056 | lrm: 1.00 | dt: 218.94ms | tok/sec: 4,677 | bf16_mfu: 0.00 | epoch: 1 pq: 0 rg: 3 | total time: 3.19m | eta: 0.6m
step 00845/01000 (84.50%) | loss: 6.688889 | lrm: 1.00 | dt: 303.17ms | tok/sec: 3,377 | bf16_mfu: 0.00 | epoch: 1 pq: 0 rg: 3 | total time: 3.19m | eta: 0.6m
step 00846/01000 (84.60%) | loss: 6.605621 | lrm: 1.00 | dt: 239.11ms | tok/sec: 4,282 | bf16_mfu: 0.00 | epoch: 1 pq: 0 rg: 3 | total time: 3.20m | eta: 0.6m
step 00847/01000 (84.70%) | loss: 6.638854 | lrm: 1.00 | dt: 204.12ms | tok/sec: 5,016 | bf16_mfu: 0.00 | epoch: 1 pq: 0 rg: 3 | total time: 3.20m | eta: 0.6m
step 00848/01000 (84.80%) | loss: 6.665300 | lrm: 1.00 | dt: 200.12ms | tok/sec: 5,117 | bf16_mfu: 0.00 | epoch: 1 pq: 0 rg: 3 | total time: 3.20m | eta: 0.6m
step 00849/01000 (84.90%) | loss: 6.729447 | lrm: 1.00 | dt: 218.50ms | tok/sec: 4,686 | bf16_mfu: 0.00 | epoch: 1 pq: 0 rg: 3 | total time: 3.21m | eta: 0.6m
step 00850/01000 (85.00%) | loss: 6.703991 | lrm: 1.00 | dt: 229.01ms | tok/sec: 4,471 | bf16_mfu: 0.00 | epoch: 1 pq: 0 rg: 3 | total time: 3.21m | eta: 0.6m
step 00851/01000 (85.10%) | loss: 6.684076 | lrm: 1.00 | dt: 283.51ms | tok/sec: 3,611 | bf16_mfu: 0.00 | epoch: 1 pq: 0 rg: 3 | total time: 3.22m | eta: 0.6m
step 00852/01000 (85.20%) | loss: 6.653246 | lrm: 1.00 | dt: 217.85ms | tok/sec: 4,700 | bf16_mfu: 0.00 | epoch: 1 pq: 0 rg: 3 | total time: 3.22m | eta: 0.6m
step 00853/01000 (85.30%) | loss: 6.712553 | lrm: 1.00 | dt: 199.88ms | tok/sec: 5,122 | bf16_mfu: 0.00 | epoch: 1 pq: 0 rg: 3 | total time: 3.22m | eta: 0.6m
step 00854/01000 (85.40%) | loss: 6.735910 | lrm: 1.00 | dt: 221.92ms | tok/sec: 4,614 | bf16_mfu: 0.00 | epoch: 1 pq: 0 rg: 3 | total time: 3.23m | eta: 0.6m
step 00855/01000 (85.50%) | loss: 6.721627 | lrm: 1.00 | dt: 382.76ms | tok/sec: 2,675 | bf16_mfu: 0.00 | epoch: 1 pq: 0 rg: 3 | total time: 3.23m | eta: 0.6m
step 00856/01000 (85.60%) | loss: 6.735455 | lrm: 1.00 | dt: 229.91ms | tok/sec: 4,453 | bf16_mfu: 0.00 | epoch: 1 pq: 0 rg: 3 | total time: 3.24m | eta: 0.6m
step 00857/01000 (85.70%) | loss: 6.691460 | lrm: 1.00 | dt: 190.49ms | tok/sec: 5,375 | bf16_mfu: 0.00 | epoch: 1 pq: 0 rg: 3 | total time: 3.24m | eta: 0.5m
step 00858/01000 (85.80%) | loss: 6.726239 | lrm: 1.00 | dt: 187.76ms | tok/sec: 5,453 | bf16_mfu: 0.00 | epoch: 1 pq: 0 rg: 3 | total time: 3.24m | eta: 0.5m
step 00859/01000 (85.90%) | loss: 6.777237 | lrm: 1.00 | dt: 173.41ms | tok/sec: 5,905 | bf16_mfu: 0.00 | epoch: 1 pq: 0 rg: 3 | total time: 3.25m | eta: 0.5m
step 00860/01000 (86.00%) | loss: 6.801045 | lrm: 1.00 | dt: 166.72ms | tok/sec: 6,142 | bf16_mfu: 0.00 | epoch: 1 pq: 0 rg: 3 | total time: 3.25m | eta: 0.5m
step 00861/01000 (86.10%) | loss: 6.793412 | lrm: 1.00 | dt: 196.75ms | tok/sec: 5,204 | bf16_mfu: 0.00 | epoch: 1 pq: 0 rg: 3 | total time: 3.25m | eta: 0.5m
step 00862/01000 (86.20%) | loss: 6.843046 | lrm: 1.00 | dt: 214.46ms | tok/sec: 4,774 | bf16_mfu: 0.00 | epoch: 1 pq: 0 rg: 3 | total time: 3.26m | eta: 0.5m
step 00863/01000 (86.30%) | loss: 6.835111 | lrm: 1.00 | dt: 232.60ms | tok/sec: 4,402 | bf16_mfu: 0.00 | epoch: 1 pq: 0 rg: 3 | total time: 3.26m | eta: 0.5m
step 00864/01000 (86.40%) | loss: 6.838783 | lrm: 1.00 | dt: 433.86ms | tok/sec: 2,360 | bf16_mfu: 0.00 | epoch: 1 pq: 0 rg: 3 | total time: 3.27m | eta: 0.5m
step 00865/01000 (86.50%) | loss: 6.787018 | lrm: 1.00 | dt: 309.35ms | tok/sec: 3,310 | bf16_mfu: 0.00 | epoch: 1 pq: 0 rg: 3 | total time: 3.27m | eta: 0.5m
step 00866/01000 (86.60%) | loss: 6.780371 | lrm: 1.00 | dt: 286.53ms | tok/sec: 3,573 | bf16_mfu: 0.00 | epoch: 1 pq: 0 rg: 3 | total time: 3.28m | eta: 0.5m
step 00867/01000 (86.70%) | loss: 6.691869 | lrm: 1.00 | dt: 207.75ms | tok/sec: 4,928 | bf16_mfu: 0.00 | epoch: 1 pq: 0 rg: 3 | total time: 3.28m | eta: 0.5m
step 00868/01000 (86.80%) | loss: 6.631402 | lrm: 1.00 | dt: 236.97ms | tok/sec: 4,321 | bf16_mfu: 0.00 | epoch: 1 pq: 0 rg: 3 | total time: 3.28m | eta: 0.5m
step 00869/01000 (86.90%) | loss: 6.622092 | lrm: 1.00 | dt: 221.11ms | tok/sec: 4,631 | bf16_mfu: 0.00 | epoch: 1 pq: 0 rg: 3 | total time: 3.29m | eta: 0.5m
step 00870/01000 (87.00%) | loss: 6.592326 | lrm: 1.00 | dt: 205.87ms | tok/sec: 4,974 | bf16_mfu: 0.00 | epoch: 1 pq: 0 rg: 3 | total time: 3.29m | eta: 0.5m
step 00871/01000 (87.10%) | loss: 6.573275 | lrm: 1.00 | dt: 375.37ms | tok/sec: 2,727 | bf16_mfu: 0.00 | epoch: 1 pq: 0 rg: 3 | total time: 3.30m | eta: 0.5m
step 00872/01000 (87.20%) | loss: 6.519874 | lrm: 1.00 | dt: 203.10ms | tok/sec: 5,041 | bf16_mfu: 0.00 | epoch: 1 pq: 0 rg: 3 | total time: 3.30m | eta: 0.5m
step 00873/01000 (87.30%) | loss: 6.512381 | lrm: 1.00 | dt: 209.60ms | tok/sec: 4,885 | bf16_mfu: 0.00 | epoch: 1 pq: 0 rg: 3 | total time: 3.31m | eta: 0.5m
step 00874/01000 (87.40%) | loss: 6.448556 | lrm: 1.00 | dt: 229.41ms | tok/sec: 4,463 | bf16_mfu: 0.00 | epoch: 1 pq: 0 rg: 3 | total time: 3.31m | eta: 0.5m
step 00875/01000 (87.50%) | loss: 6.500498 | lrm: 1.00 | dt: 195.18ms | tok/sec: 5,246 | bf16_mfu: 0.00 | epoch: 1 pq: 0 rg: 3 | total time: 3.31m | eta: 0.5m
step 00876/01000 (87.60%) | loss: 6.551278 | lrm: 1.00 | dt: 176.19ms | tok/sec: 5,811 | bf16_mfu: 0.00 | epoch: 1 pq: 0 rg: 3 | total time: 3.32m | eta: 0.5m
step 00877/01000 (87.70%) | loss: 6.614804 | lrm: 1.00 | dt: 181.25ms | tok/sec: 5,649 | bf16_mfu: 0.00 | epoch: 1 pq: 0 rg: 3 | total time: 3.32m | eta: 0.5m
step 00878/01000 (87.80%) | loss: 6.595918 | lrm: 1.00 | dt: 187.19ms | tok/sec: 5,470 | bf16_mfu: 0.00 | epoch: 1 pq: 0 rg: 3 | total time: 3.32m | eta: 0.5m
step 00879/01000 (87.90%) | loss: 6.595869 | lrm: 1.00 | dt: 176.49ms | tok/sec: 5,801 | bf16_mfu: 0.00 | epoch: 1 pq: 0 rg: 3 | total time: 3.32m | eta: 0.5m
step 00880/01000 (88.00%) | loss: 6.649433 | lrm: 1.00 | dt: 197.43ms | tok/sec: 5,186 | bf16_mfu: 0.00 | epoch: 1 pq: 0 rg: 3 | total time: 3.33m | eta: 0.5m
step 00881/01000 (88.10%) | loss: 6.591208 | lrm: 1.00 | dt: 198.39ms | tok/sec: 5,161 | bf16_mfu: 0.00 | epoch: 1 pq: 0 rg: 3 | total time: 3.33m | eta: 0.5m
step 00882/01000 (88.20%) | loss: 6.595084 | lrm: 1.00 | dt: 319.42ms | tok/sec: 3,205 | bf16_mfu: 0.00 | epoch: 1 pq: 0 rg: 3 | total time: 3.34m | eta: 0.5m
step 00883/01000 (88.30%) | loss: 6.585443 | lrm: 1.00 | dt: 208.59ms | tok/sec: 4,909 | bf16_mfu: 0.00 | epoch: 1 pq: 0 rg: 3 | total time: 3.34m | eta: 0.4m
step 00884/01000 (88.40%) | loss: 6.578427 | lrm: 1.00 | dt: 211.25ms | tok/sec: 4,847 | bf16_mfu: 0.00 | epoch: 1 pq: 0 rg: 3 | total time: 3.34m | eta: 0.4m
step 00885/01000 (88.50%) | loss: 6.670879 | lrm: 1.00 | dt: 259.24ms | tok/sec: 3,950 | bf16_mfu: 0.00 | epoch: 1 pq: 0 rg: 3 | total time: 3.35m | eta: 0.4m
step 00886/01000 (88.60%) | loss: 6.657594 | lrm: 1.00 | dt: 256.75ms | tok/sec: 3,988 | bf16_mfu: 0.00 | epoch: 1 pq: 0 rg: 3 | total time: 3.35m | eta: 0.4m
step 00887/01000 (88.70%) | loss: 6.621318 | lrm: 1.00 | dt: 205.83ms | tok/sec: 4,974 | bf16_mfu: 0.00 | epoch: 1 pq: 0 rg: 3 | total time: 3.36m | eta: 0.4m
step 00888/01000 (88.80%) | loss: 6.619442 | lrm: 1.00 | dt: 392.61ms | tok/sec: 2,608 | bf16_mfu: 0.00 | epoch: 1 pq: 0 rg: 3 | total time: 3.36m | eta: 0.4m
step 00889/01000 (88.90%) | loss: 6.651194 | lrm: 1.00 | dt: 209.95ms | tok/sec: 4,877 | bf16_mfu: 0.00 | epoch: 1 pq: 0 rg: 3 | total time: 3.37m | eta: 0.4m
step 00890/01000 (89.00%) | loss: 6.717110 | lrm: 1.00 | dt: 245.55ms | tok/sec: 4,170 | bf16_mfu: 0.00 | epoch: 1 pq: 0 rg: 3 | total time: 3.37m | eta: 0.4m
step 00891/01000 (89.10%) | loss: 6.703713 | lrm: 1.00 | dt: 182.10ms | tok/sec: 5,623 | bf16_mfu: 0.00 | epoch: 1 pq: 0 rg: 3 | total time: 3.37m | eta: 0.4m
step 00892/01000 (89.20%) | loss: 6.695884 | lrm: 1.00 | dt: 181.06ms | tok/sec: 5,655 | bf16_mfu: 0.00 | epoch: 1 pq: 0 rg: 3 | total time: 3.38m | eta: 0.4m
step 00893/01000 (89.30%) | loss: 6.630619 | lrm: 1.00 | dt: 180.86ms | tok/sec: 5,661 | bf16_mfu: 0.00 | epoch: 1 pq: 0 rg: 3 | total time: 3.38m | eta: 0.4m
step 00894/01000 (89.40%) | loss: 6.634533 | lrm: 1.00 | dt: 179.74ms | tok/sec: 5,697 | bf16_mfu: 0.00 | epoch: 1 pq: 0 rg: 3 | total time: 3.38m | eta: 0.4m
step 00895/01000 (89.50%) | loss: 6.586552 | lrm: 1.00 | dt: 211.32ms | tok/sec: 4,845 | bf16_mfu: 0.00 | epoch: 1 pq: 0 rg: 3 | total time: 3.38m | eta: 0.4m
step 00896/01000 (89.60%) | loss: 6.546563 | lrm: 1.00 | dt: 317.04ms | tok/sec: 3,229 | bf16_mfu: 0.00 | epoch: 1 pq: 0 rg: 3 | total time: 3.39m | eta: 0.4m
step 00897/01000 (89.70%) | loss: 6.588042 | lrm: 1.00 | dt: 189.53ms | tok/sec: 5,402 | bf16_mfu: 0.00 | epoch: 1 pq: 0 rg: 3 | total time: 3.39m | eta: 0.4m
step 00898/01000 (89.80%) | loss: 6.606307 | lrm: 1.00 | dt: 188.30ms | tok/sec: 5,438 | bf16_mfu: 0.00 | epoch: 1 pq: 0 rg: 3 | total time: 3.40m | eta: 0.4m
step 00899/01000 (89.90%) | loss: 6.593722 | lrm: 1.00 | dt: 193.28ms | tok/sec: 5,297 | bf16_mfu: 0.00 | epoch: 1 pq: 0 rg: 3 | total time: 3.40m | eta: 0.4m
step 00900/01000 (90.00%) | loss: 6.661035 | lrm: 1.00 | dt: 197.96ms | tok/sec: 5,172 | bf16_mfu: 0.00 | epoch: 1 pq: 0 rg: 3 | total time: 3.40m | eta: 0.4m
step 00901/01000 (90.10%) | loss: 6.615912 | lrm: 0.99 | dt: 195.66ms | tok/sec: 5,233 | bf16_mfu: 0.00 | epoch: 1 pq: 0 rg: 3 | total time: 3.41m | eta: 0.4m
step 00902/01000 (90.20%) | loss: 6.628704 | lrm: 0.98 | dt: 213.03ms | tok/sec: 4,806 | bf16_mfu: 0.00 | epoch: 1 pq: 0 rg: 3 | total time: 3.41m | eta: 0.4m
step 00903/01000 (90.30%) | loss: 6.667050 | lrm: 0.97 | dt: 207.13ms | tok/sec: 4,943 | bf16_mfu: 0.00 | epoch: 1 pq: 0 rg: 3 | total time: 3.41m | eta: 0.4m
step 00904/01000 (90.40%) | loss: 6.719668 | lrm: 0.96 | dt: 206.04ms | tok/sec: 4,969 | bf16_mfu: 0.00 | epoch: 1 pq: 0 rg: 3 | total time: 3.42m | eta: 0.4m
step 00905/01000 (90.50%) | loss: 6.664027 | lrm: 0.95 | dt: 219.78ms | tok/sec: 4,659 | bf16_mfu: 0.00 | epoch: 1 pq: 0 rg: 3 | total time: 3.42m | eta: 0.4m
step 00906/01000 (90.60%) | loss: 6.588645 | lrm: 0.94 | dt: 212.98ms | tok/sec: 4,807 | bf16_mfu: 0.00 | epoch: 1 pq: 0 rg: 3 | total time: 3.42m | eta: 0.4m
step 00907/01000 (90.70%) | loss: 6.603272 | lrm: 0.93 | dt: 397.51ms | tok/sec: 2,576 | bf16_mfu: 0.00 | epoch: 1 pq: 0 rg: 3 | total time: 3.43m | eta: 0.4m
step 00908/01000 (90.80%) | loss: 6.644857 | lrm: 0.92 | dt: 264.66ms | tok/sec: 3,869 | bf16_mfu: 0.00 | epoch: 1 pq: 0 rg: 3 | total time: 3.43m | eta: 0.4m
step 00909/01000 (90.90%) | loss: 6.720633 | lrm: 0.91 | dt: 240.05ms | tok/sec: 4,265 | bf16_mfu: 0.00 | epoch: 1 pq: 0 rg: 3 | total time: 3.44m | eta: 0.3m
step 00910/01000 (91.00%) | loss: 6.697737 | lrm: 0.91 | dt: 248.38ms | tok/sec: 4,122 | bf16_mfu: 0.00 | epoch: 1 pq: 0 rg: 3 | total time: 3.44m | eta: 0.3m
step 00911/01000 (91.10%) | loss: 6.679482 | lrm: 0.90 | dt: 233.60ms | tok/sec: 4,383 | bf16_mfu: 0.00 | epoch: 1 pq: 0 rg: 3 | total time: 3.45m | eta: 0.3m
step 00912/01000 (91.20%) | loss: 6.757313 | lrm: 0.89 | dt: 244.06ms | tok/sec: 4,195 | bf16_mfu: 0.00 | epoch: 1 pq: 0 rg: 3 | total time: 3.45m | eta: 0.3m
step 00913/01000 (91.30%) | loss: 6.764428 | lrm: 0.88 | dt: 233.37ms | tok/sec: 4,387 | bf16_mfu: 0.00 | epoch: 1 pq: 0 rg: 3 | total time: 3.45m | eta: 0.3m
step 00914/01000 (91.40%) | loss: 6.692312 | lrm: 0.87 | dt: 238.29ms | tok/sec: 4,297 | bf16_mfu: 0.00 | epoch: 1 pq: 0 rg: 3 | total time: 3.46m | eta: 0.3m
step 00915/01000 (91.50%) | loss: 6.570935 | lrm: 0.86 | dt: 248.44ms | tok/sec: 4,121 | bf16_mfu: 0.00 | epoch: 1 pq: 0 rg: 3 | total time: 3.46m | eta: 0.3m2026-04-21 00:54:58,298 - nanochat.checkpoint_manager - [32m[1mINFO[0m - Saved model parameters to: /Users/evergreen/.cache/nanochat/base_checkpoints/d4/model_001000.pt
2026-04-21 00:54:58,299 - nanochat.checkpoint_manager - [32m[1mINFO[0m - Saved metadata to: /Users/evergreen/.cache/nanochat/base_checkpoints/d4/meta_001000.json
2026-04-21 00:54:58,577 - nanochat.checkpoint_manager - [32m[1mINFO[0m - Saved optimizer state to: /Users/evergreen/.cache/nanochat/base_checkpoints/d4/optim_001000_rank0.pt

step 00916/01000 (91.60%) | loss: 6.552391 | lrm: 0.85 | dt: 219.81ms | tok/sec: 4,658 | bf16_mfu: 0.00 | epoch: 1 pq: 0 rg: 3 | total time: 3.47m | eta: 0.3m
step 00917/01000 (91.70%) | loss: 6.490619 | lrm: 0.84 | dt: 367.83ms | tok/sec: 2,783 | bf16_mfu: 0.00 | epoch: 1 pq: 0 rg: 3 | total time: 3.47m | eta: 0.3m
step 00918/01000 (91.80%) | loss: 6.537208 | lrm: 0.83 | dt: 257.82ms | tok/sec: 3,971 | bf16_mfu: 0.00 | epoch: 1 pq: 0 rg: 3 | total time: 3.48m | eta: 0.3m
step 00919/01000 (91.90%) | loss: 6.552319 | lrm: 0.82 | dt: 222.52ms | tok/sec: 4,601 | bf16_mfu: 0.00 | epoch: 1 pq: 0 rg: 3 | total time: 3.48m | eta: 0.3m
step 00920/01000 (92.00%) | loss: 6.526727 | lrm: 0.81 | dt: 221.48ms | tok/sec: 4,623 | bf16_mfu: 0.00 | epoch: 1 pq: 0 rg: 3 | total time: 3.48m | eta: 0.3m
step 00921/01000 (92.10%) | loss: 6.612594 | lrm: 0.80 | dt: 184.10ms | tok/sec: 5,562 | bf16_mfu: 0.00 | epoch: 1 pq: 0 rg: 3 | total time: 3.49m | eta: 0.3m
step 00922/01000 (92.20%) | loss: 6.590092 | lrm: 0.79 | dt: 168.72ms | tok/sec: 6,069 | bf16_mfu: 0.00 | epoch: 1 pq: 0 rg: 3 | total time: 3.49m | eta: 0.3m
step 00923/01000 (92.30%) | loss: 6.608879 | lrm: 0.78 | dt: 187.67ms | tok/sec: 5,456 | bf16_mfu: 0.00 | epoch: 1 pq: 0 rg: 3 | total time: 3.49m | eta: 0.3m
step 00924/01000 (92.40%) | loss: 6.628111 | lrm: 0.77 | dt: 180.57ms | tok/sec: 5,670 | bf16_mfu: 0.00 | epoch: 1 pq: 0 rg: 3 | total time: 3.50m | eta: 0.3m
step 00925/01000 (92.50%) | loss: 6.595867 | lrm: 0.76 | dt: 172.48ms | tok/sec: 5,936 | bf16_mfu: 0.00 | epoch: 1 pq: 0 rg: 3 | total time: 3.50m | eta: 0.3m
step 00926/01000 (92.60%) | loss: 6.640076 | lrm: 0.75 | dt: 208.21ms | tok/sec: 4,918 | bf16_mfu: 0.00 | epoch: 1 pq: 0 rg: 3 | total time: 3.50m | eta: 0.3m
step 00927/01000 (92.70%) | loss: 6.652981 | lrm: 0.74 | dt: 199.56ms | tok/sec: 5,131 | bf16_mfu: 0.00 | epoch: 1 pq: 0 rg: 3 | total time: 3.51m | eta: 0.3m
step 00928/01000 (92.80%) | loss: 6.720057 | lrm: 0.73 | dt: 357.63ms | tok/sec: 2,863 | bf16_mfu: 0.00 | epoch: 1 pq: 0 rg: 3 | total time: 3.51m | eta: 0.3m
step 00929/01000 (92.90%) | loss: 6.684100 | lrm: 0.72 | dt: 217.50ms | tok/sec: 4,708 | bf16_mfu: 0.00 | epoch: 1 pq: 0 rg: 3 | total time: 3.52m | eta: 0.3m
step 00930/01000 (93.00%) | loss: 6.695871 | lrm: 0.71 | dt: 239.01ms | tok/sec: 4,284 | bf16_mfu: 0.00 | epoch: 1 pq: 0 rg: 3 | total time: 3.52m | eta: 0.3m
step 00931/01000 (93.10%) | loss: 6.687429 | lrm: 0.71 | dt: 196.98ms | tok/sec: 5,198 | bf16_mfu: 0.00 | epoch: 1 pq: 0 rg: 3 | total time: 3.52m | eta: 0.3m
step 00932/01000 (93.20%) | loss: 6.944404 | lrm: 0.70 | dt: 215.11ms | tok/sec: 4,760 | bf16_mfu: 0.00 | epoch: 1 pq: 0 rg: 3 | total time: 3.53m | eta: 0.3m
step 00933/01000 (93.30%) | loss: 6.876114 | lrm: 0.69 | dt: 202.64ms | tok/sec: 5,053 | bf16_mfu: 0.00 | epoch: 1 pq: 0 rg: 3 | total time: 3.53m | eta: 0.3m
step 00934/01000 (93.40%) | loss: 6.904036 | lrm: 0.68 | dt: 197.60ms | tok/sec: 5,182 | bf16_mfu: 0.00 | epoch: 1 pq: 0 rg: 3 | total time: 3.53m | eta: 0.3m
step 00935/01000 (93.50%) | loss: 6.891695 | lrm: 0.67 | dt: 197.17ms | tok/sec: 5,193 | bf16_mfu: 0.00 | epoch: 1 pq: 0 rg: 3 | total time: 3.54m | eta: 0.2m
step 00936/01000 (93.60%) | loss: 6.842566 | lrm: 0.66 | dt: 190.58ms | tok/sec: 5,373 | bf16_mfu: 0.00 | epoch: 1 pq: 0 rg: 3 | total time: 3.54m | eta: 0.2m
step 00937/01000 (93.70%) | loss: 6.835511 | lrm: 0.65 | dt: 224.57ms | tok/sec: 4,559 | bf16_mfu: 0.00 | epoch: 1 pq: 0 rg: 3 | total time: 3.54m | eta: 0.2m
step 00938/01000 (93.80%) | loss: 6.786468 | lrm: 0.64 | dt: 196.99ms | tok/sec: 5,198 | bf16_mfu: 0.00 | epoch: 1 pq: 0 rg: 3 | total time: 3.55m | eta: 0.2m
step 00939/01000 (93.90%) | loss: 6.786870 | lrm: 0.63 | dt: 342.80ms | tok/sec: 2,987 | bf16_mfu: 0.00 | epoch: 1 pq: 0 rg: 3 | total time: 3.55m | eta: 0.2m
step 00940/01000 (94.00%) | loss: 6.713871 | lrm: 0.62 | dt: 214.89ms | tok/sec: 4,765 | bf16_mfu: 0.00 | epoch: 1 pq: 0 rg: 3 | total time: 3.56m | eta: 0.2m
step 00941/01000 (94.10%) | loss: 6.639259 | lrm: 0.61 | dt: 216.08ms | tok/sec: 4,739 | bf16_mfu: 0.00 | epoch: 1 pq: 0 rg: 3 | total time: 3.56m | eta: 0.2m
step 00942/01000 (94.20%) | loss: 6.606509 | lrm: 0.60 | dt: 201.70ms | tok/sec: 5,076 | bf16_mfu: 0.00 | epoch: 1 pq: 0 rg: 3 | total time: 3.56m | eta: 0.2m
step 00943/01000 (94.30%) | loss: 6.538148 | lrm: 0.59 | dt: 194.87ms | tok/sec: 5,254 | bf16_mfu: 0.00 | epoch: 1 pq: 0 rg: 3 | total time: 3.57m | eta: 0.2m
step 00944/01000 (94.40%) | loss: 6.545522 | lrm: 0.58 | dt: 198.88ms | tok/sec: 5,148 | bf16_mfu: 0.00 | epoch: 1 pq: 0 rg: 3 | total time: 3.57m | eta: 0.2m
step 00945/01000 (94.50%) | loss: 6.560354 | lrm: 0.57 | dt: 195.58ms | tok/sec: 5,235 | bf16_mfu: 0.00 | epoch: 1 pq: 0 rg: 3 | total time: 3.57m | eta: 0.2m
step 00946/01000 (94.60%) | loss: 6.525535 | lrm: 0.56 | dt: 205.00ms | tok/sec: 4,995 | bf16_mfu: 0.00 | epoch: 1 pq: 0 rg: 3 | total time: 3.58m | eta: 0.2m
step 00947/01000 (94.70%) | loss: 6.524699 | lrm: 0.55 | dt: 195.60ms | tok/sec: 5,235 | bf16_mfu: 0.00 | epoch: 1 pq: 0 rg: 3 | total time: 3.58m | eta: 0.2m
step 00948/01000 (94.80%) | loss: 6.522232 | lrm: 0.54 | dt: 197.93ms | tok/sec: 5,173 | bf16_mfu: 0.00 | epoch: 1 pq: 0 rg: 3 | total time: 3.58m | eta: 0.2m
step 00949/01000 (94.90%) | loss: 6.512353 | lrm: 0.53 | dt: 343.89ms | tok/sec: 2,977 | bf16_mfu: 0.00 | epoch: 1 pq: 0 rg: 3 | total time: 3.59m | eta: 0.2m
step 00950/01000 (95.00%) | loss: 6.524618 | lrm: 0.53 | dt: 207.18ms | tok/sec: 4,942 | bf16_mfu: 0.00 | epoch: 1 pq: 0 rg: 3 | total time: 3.59m | eta: 0.2m
step 00951/01000 (95.10%) | loss: 6.518895 | lrm: 0.52 | dt: 248.12ms | tok/sec: 4,126 | bf16_mfu: 0.00 | epoch: 1 pq: 0 rg: 3 | total time: 3.60m | eta: 0.2m
step 00952/01000 (95.20%) | loss: 6.592797 | lrm: 0.51 | dt: 224.23ms | tok/sec: 4,566 | bf16_mfu: 0.00 | epoch: 1 pq: 0 rg: 3 | total time: 3.60m | eta: 0.2m
step 00953/01000 (95.30%) | loss: 6.568071 | lrm: 0.50 | dt: 236.62ms | tok/sec: 4,327 | bf16_mfu: 0.00 | epoch: 1 pq: 0 rg: 3 | total time: 3.60m | eta: 0.2m
step 00954/01000 (95.40%) | loss: 6.570928 | lrm: 0.49 | dt: 234.17ms | tok/sec: 4,372 | bf16_mfu: 0.00 | epoch: 1 pq: 0 rg: 3 | total time: 3.61m | eta: 0.2m
step 00955/01000 (95.50%) | loss: 6.598293 | lrm: 0.48 | dt: 391.39ms | tok/sec: 2,616 | bf16_mfu: 0.00 | epoch: 1 pq: 0 rg: 3 | total time: 3.61m | eta: 0.2m
step 00956/01000 (95.60%) | loss: 6.577822 | lrm: 0.47 | dt: 230.59ms | tok/sec: 4,440 | bf16_mfu: 0.00 | epoch: 1 pq: 0 rg: 3 | total time: 3.62m | eta: 0.2m
step 00957/01000 (95.70%) | loss: 6.500639 | lrm: 0.46 | dt: 240.66ms | tok/sec: 4,254 | bf16_mfu: 0.00 | epoch: 1 pq: 0 rg: 3 | total time: 3.62m | eta: 0.2m
step 00958/01000 (95.80%) | loss: 6.530719 | lrm: 0.45 | dt: 245.08ms | tok/sec: 4,178 | bf16_mfu: 0.00 | epoch: 1 pq: 0 rg: 3 | total time: 3.63m | eta: 0.2m
step 00959/01000 (95.90%) | loss: 6.527877 | lrm: 0.44 | dt: 224.56ms | tok/sec: 4,559 | bf16_mfu: 0.00 | epoch: 1 pq: 0 rg: 3 | total time: 3.63m | eta: 0.2m
step 00960/01000 (96.00%) | loss: 6.529239 | lrm: 0.43 | dt: 212.27ms | tok/sec: 4,823 | bf16_mfu: 0.00 | epoch: 1 pq: 0 rg: 3 | total time: 3.63m | eta: 0.2m
step 00961/01000 (96.10%) | loss: 6.530589 | lrm: 0.42 | dt: 210.98ms | tok/sec: 4,853 | bf16_mfu: 0.00 | epoch: 1 pq: 0 rg: 3 | total time: 3.64m | eta: 0.1m
step 00962/01000 (96.20%) | loss: 6.412669 | lrm: 0.41 | dt: 199.07ms | tok/sec: 5,143 | bf16_mfu: 0.00 | epoch: 1 pq: 0 rg: 3 | total time: 3.64m | eta: 0.1m
step 00963/01000 (96.30%) | loss: 6.458628 | lrm: 0.40 | dt: 243.59ms | tok/sec: 4,203 | bf16_mfu: 0.00 | epoch: 1 pq: 0 rg: 3 | total time: 3.64m | eta: 0.1m
step 00964/01000 (96.40%) | loss: 6.464614 | lrm: 0.39 | dt: 211.87ms | tok/sec: 4,833 | bf16_mfu: 0.00 | epoch: 1 pq: 0 rg: 3 | total time: 3.65m | eta: 0.1m
step 00965/01000 (96.50%) | loss: 6.485691 | lrm: 0.38 | dt: 362.01ms | tok/sec: 2,828 | bf16_mfu: 0.00 | epoch: 1 pq: 0 rg: 3 | total time: 3.65m | eta: 0.1m
step 00966/01000 (96.60%) | loss: 6.427570 | lrm: 0.37 | dt: 237.33ms | tok/sec: 4,314 | bf16_mfu: 0.00 | epoch: 1 pq: 0 rg: 3 | total time: 3.66m | eta: 0.1m
step 00967/01000 (96.70%) | loss: 6.411318 | lrm: 0.36 | dt: 215.80ms | tok/sec: 4,745 | bf16_mfu: 0.00 | epoch: 1 pq: 0 rg: 3 | total time: 3.66m | eta: 0.1m
step 00968/01000 (96.80%) | loss: 6.374333 | lrm: 0.35 | dt: 215.98ms | tok/sec: 4,741 | bf16_mfu: 0.00 | epoch: 1 pq: 0 rg: 3 | total time: 3.67m | eta: 0.1m
step 00969/01000 (96.90%) | loss: 6.391190 | lrm: 0.34 | dt: 208.21ms | tok/sec: 4,918 | bf16_mfu: 0.00 | epoch: 1 pq: 0 rg: 3 | total time: 3.67m | eta: 0.1m
step 00970/01000 (97.00%) | loss: 6.341170 | lrm: 0.33 | dt: 353.65ms | tok/sec: 2,895 | bf16_mfu: 0.00 | epoch: 1 pq: 0 rg: 3 | total time: 3.67m | eta: 0.1m
step 00971/01000 (97.10%) | loss: 6.350992 | lrm: 0.33 | dt: 210.09ms | tok/sec: 4,873 | bf16_mfu: 0.00 | epoch: 1 pq: 0 rg: 3 | total time: 3.68m | eta: 0.1m
step 00972/01000 (97.20%) | loss: 6.410581 | lrm: 0.32 | dt: 202.20ms | tok/sec: 5,064 | bf16_mfu: 0.00 | epoch: 1 pq: 0 rg: 3 | total time: 3.68m | eta: 0.1m
step 00973/01000 (97.30%) | loss: 6.377866 | lrm: 0.31 | dt: 194.30ms | tok/sec: 5,270 | bf16_mfu: 0.00 | epoch: 1 pq: 0 rg: 3 | total time: 3.68m | eta: 0.1m
step 00974/01000 (97.40%) | loss: 6.351939 | lrm: 0.30 | dt: 191.99ms | tok/sec: 5,333 | bf16_mfu: 0.00 | epoch: 1 pq: 0 rg: 3 | total time: 3.69m | eta: 0.1m
step 00975/01000 (97.50%) | loss: 6.362280 | lrm: 0.29 | dt: 182.06ms | tok/sec: 5,624 | bf16_mfu: 0.00 | epoch: 1 pq: 0 rg: 3 | total time: 3.69m | eta: 0.1m
step 00976/01000 (97.60%) | loss: 6.346149 | lrm: 0.28 | dt: 308.64ms | tok/sec: 3,317 | bf16_mfu: 0.00 | epoch: 1 pq: 0 rg: 3 | total time: 3.70m | eta: 0.1m
step 00977/01000 (97.70%) | loss: 6.301336 | lrm: 0.27 | dt: 174.68ms | tok/sec: 5,862 | bf16_mfu: 0.00 | epoch: 1 pq: 0 rg: 3 | total time: 3.70m | eta: 0.1m
step 00978/01000 (97.80%) | loss: 6.352759 | lrm: 0.26 | dt: 185.70ms | tok/sec: 5,514 | bf16_mfu: 0.00 | epoch: 1 pq: 0 rg: 3 | total time: 3.70m | eta: 0.1m
step 00979/01000 (97.90%) | loss: 6.406623 | lrm: 0.25 | dt: 182.81ms | tok/sec: 5,601 | bf16_mfu: 0.00 | epoch: 1 pq: 0 rg: 3 | total time: 3.70m | eta: 0.1m
step 00980/01000 (98.00%) | loss: 6.354308 | lrm: 0.24 | dt: 186.23ms | tok/sec: 5,498 | bf16_mfu: 0.00 | epoch: 1 pq: 0 rg: 3 | total time: 3.71m | eta: 0.1m
step 00981/01000 (98.10%) | loss: 6.370249 | lrm: 0.23 | dt: 200.50ms | tok/sec: 5,107 | bf16_mfu: 0.00 | epoch: 1 pq: 0 rg: 3 | total time: 3.71m | eta: 0.1m
step 00982/01000 (98.20%) | loss: 6.377605 | lrm: 0.22 | dt: 205.60ms | tok/sec: 4,980 | bf16_mfu: 0.00 | epoch: 1 pq: 0 rg: 3 | total time: 3.71m | eta: 0.1m
step 00983/01000 (98.30%) | loss: 6.351547 | lrm: 0.21 | dt: 257.52ms | tok/sec: 3,976 | bf16_mfu: 0.00 | epoch: 1 pq: 0 rg: 4 | total time: 3.72m | eta: 0.1m
step 00984/01000 (98.40%) | loss: 6.374031 | lrm: 0.20 | dt: 233.19ms | tok/sec: 4,391 | bf16_mfu: 0.00 | epoch: 1 pq: 0 rg: 4 | total time: 3.72m | eta: 0.1m
step 00985/01000 (98.50%) | loss: 6.387018 | lrm: 0.19 | dt: 222.21ms | tok/sec: 4,608 | bf16_mfu: 0.00 | epoch: 1 pq: 0 rg: 4 | total time: 3.73m | eta: 0.1m
step 00986/01000 (98.60%) | loss: 6.389916 | lrm: 0.18 | dt: 356.32ms | tok/sec: 2,873 | bf16_mfu: 0.00 | epoch: 1 pq: 0 rg: 4 | total time: 3.73m | eta: 0.1m
step 00987/01000 (98.70%) | loss: 6.376211 | lrm: 0.17 | dt: 390.10ms | tok/sec: 2,624 | bf16_mfu: 0.00 | epoch: 1 pq: 0 rg: 4 | total time: 3.74m | eta: 0.0m
step 00988/01000 (98.80%) | loss: 6.357275 | lrm: 0.16 | dt: 207.94ms | tok/sec: 4,924 | bf16_mfu: 0.00 | epoch: 1 pq: 0 rg: 4 | total time: 3.74m | eta: 0.0m
step 00989/01000 (98.90%) | loss: 6.338791 | lrm: 0.15 | dt: 236.29ms | tok/sec: 4,333 | bf16_mfu: 0.00 | epoch: 1 pq: 0 rg: 4 | total time: 3.75m | eta: 0.0m
step 00990/01000 (99.00%) | loss: 6.345657 | lrm: 0.15 | dt: 214.27ms | tok/sec: 4,778 | bf16_mfu: 0.00 | epoch: 1 pq: 0 rg: 4 | total time: 3.75m | eta: 0.0m
step 00991/01000 (99.10%) | loss: 6.411831 | lrm: 0.14 | dt: 185.48ms | tok/sec: 5,520 | bf16_mfu: 0.00 | epoch: 1 pq: 0 rg: 4 | total time: 3.75m | eta: 0.0m
step 00992/01000 (99.20%) | loss: 6.450232 | lrm: 0.13 | dt: 164.91ms | tok/sec: 6,209 | bf16_mfu: 0.00 | epoch: 1 pq: 0 rg: 4 | total time: 3.76m | eta: 0.0m
step 00993/01000 (99.30%) | loss: 6.459545 | lrm: 0.12 | dt: 294.87ms | tok/sec: 3,472 | bf16_mfu: 0.00 | epoch: 1 pq: 0 rg: 4 | total time: 3.76m | eta: 0.0m
step 00994/01000 (99.40%) | loss: 6.490751 | lrm: 0.11 | dt: 167.05ms | tok/sec: 6,130 | bf16_mfu: 0.00 | epoch: 1 pq: 0 rg: 4 | total time: 3.76m | eta: 0.0m
step 00995/01000 (99.50%) | loss: 6.469419 | lrm: 0.10 | dt: 151.74ms | tok/sec: 6,748 | bf16_mfu: 0.00 | epoch: 1 pq: 0 rg: 4 | total time: 3.77m | eta: 0.0m
step 00996/01000 (99.60%) | loss: 6.448624 | lrm: 0.09 | dt: 165.72ms | tok/sec: 6,178 | bf16_mfu: 0.00 | epoch: 1 pq: 0 rg: 4 | total time: 3.77m | eta: 0.0m
step 00997/01000 (99.70%) | loss: 6.427313 | lrm: 0.08 | dt: 151.48ms | tok/sec: 6,759 | bf16_mfu: 0.00 | epoch: 1 pq: 0 rg: 4 | total time: 3.77m | eta: 0.0m
step 00998/01000 (99.80%) | loss: 6.470274 | lrm: 0.07 | dt: 154.51ms | tok/sec: 6,627 | bf16_mfu: 0.00 | epoch: 1 pq: 0 rg: 4 | total time: 3.77m | eta: 0.0m
step 00999/01000 (99.90%) | loss: 6.545732 | lrm: 0.06 | dt: 197.16ms | tok/sec: 5,193 | bf16_mfu: 0.00 | epoch: 1 pq: 0 rg: 4 | total time: 3.78m | eta: 0.0m
Peak memory usage: 0.00MiB
Total training time: 3.78m
