/Users/evergreen/miniforge3/envs/py3_12/lib/python3.12/site-packages/requests/__init__.py:113: RequestsDependencyWarning: urllib3 (2.6.2) or chardet (6.0.0.post1)/charset_normalizer (3.4.4) doesn't match a supported version!
  warnings.warn(
/Users/evergreen/miniforge3/envs/py3_12/lib/python3.12/site-packages/pydantic/_internal/_generate_schema.py:2249: UnsupportedFieldAttributeWarning: The 'repr' attribute with value False was provided to the `Field()` function, which has no effect in the context it was used. 'repr' is field-specific metadata, and can only be attached to a model field using `Annotated` metadata or by assignment. This may have happened because an `Annotated` type alias using the `type` statement was used, or if the `Field()` function was attached to a single member of a union type.
  warnings.warn(
/Users/evergreen/miniforge3/envs/py3_12/lib/python3.12/site-packages/pydantic/_internal/_generate_schema.py:2249: UnsupportedFieldAttributeWarning: The 'frozen' attribute with value True was provided to the `Field()` function, which has no effect in the context it was used. 'frozen' is field-specific metadata, and can only be attached to a model field using `Annotated` metadata or by assignment. This may have happened because an `Annotated` type alias using the `type` statement was used, or if the `Field()` function was attached to a single member of a union type.
  warnings.warn(
2026-04-21 00:26:10,801 - nanochat.common - [32m[1mINFO[0m - Distributed world size: 1

                                                       █████                █████
                                                      ░░███                ░░███
     ████████    ██████   ████████    ██████   ██████  ░███████    ██████  ███████
    ░░███░░███  ░░░░░███ ░░███░░███  ███░░███ ███░░███ ░███░░███  ░░░░░███░░░███░
     ░███ ░███   ███████  ░███ ░███ ░███ ░███░███ ░░░  ░███ ░███   ███████  ░███
     ░███ ░███  ███░░███  ░███ ░███ ░███ ░███░███  ███ ░███ ░███  ███░░███  ░███ ███
     ████ █████░░████████ ████ █████░░██████ ░░██████  ████ █████░░███████  ░░█████
    ░░░░ ░░░░░  ░░░░░░░░ ░░░░ ░░░░░  ░░░░░░   ░░░░░░  ░░░░ ░░░░░  ░░░░░░░░   ░░░░░
    
Autodetected device type: mps
COMPUTE_DTYPE: torch.float32 (auto-detected: no CUDA (CPU/MPS))
!!!!!!!!!!!!!!!!!!!!!!!!!!!!!!!!!!!!!!!!!!!!!!!!!!!!!!!!!!!!!!!!!!!!!!!!!!!!!!!!
WARNING: Flash Attention 3 not available, using PyTorch SDPA fallback
WARNING: Training will be less efficient without FA3
WARNING: SDPA has no support for sliding window attention (window_pattern='SSSL'). Your GPU utilization will be terrible.
WARNING: Recommend using --window-pattern L for full context attention without alternating sliding window patterns.
!!!!!!!!!!!!!!!!!!!!!!!!!!!!!!!!!!!!!!!!!!!!!!!!!!!!!!!!!!!!!!!!!!!!!!!!!!!!!!!!
Vocab size: 32,768
Model config:
{
  "sequence_len": 512,
  "vocab_size": 32768,
  "n_layer": 4,
  "n_head": 1,
  "n_kv_head": 1,
  "n_embd": 128,
  "window_pattern": "SSSL",
  "mlp_activation": "relu"
}
Attention c_proj init: gaussian, std=1/sqrt(n_embd)
MLP activation: relu
MLP c_proj init: gaussian, std=1/sqrt(4*n_embd)
Skipping torch.compile on MPS because the Metal backend is still experimental
Parameter counts:
wte                     : 4,194,304
value_embeds            : 8,388,608
lm_head                 : 4,194,304
transformer_matrices    : 786,456
scalars                 : 34
total                   : 17,563,706
Estimated FLOPs per token: 3.126082e+07
Scaling LRs by 0.0442 for batch size 1,024 (reference: 524,288)
Scaling weight decay from 0.280000 to 0.084016 for depth 4
Scaling the LR for the AdamW parameters ∝1/√(128/768) = 2.449490
Using user-provided number of iterations: 1,000
Total number of training tokens: 1,024,000
Tokens : Scaling params ratio: 0.21
Total training FLOPs estimate: 3.201108e+13
Tokens / micro-batch / rank: 1 x 512 = 512
Tokens / micro-batch: 512
Total batch size 1,024 => gradient accumulation steps: 2
step 00000/01000 (0.00%) | loss: 10.396892 | lrm: 0.03 | dt: 730.07ms | tok/sec: 1,402 | bf16_mfu: 0.00 | epoch: 1 pq: 0 rg: 0 | total time: 0.00m
step 00001/01000 (0.10%) | loss: 10.396684 | lrm: 0.05 | dt: 110.71ms | tok/sec: 9,249 | bf16_mfu: 0.00 | epoch: 1 pq: 0 rg: 0 | total time: 0.00m
step 00002/01000 (0.20%) | loss: 10.397181 | lrm: 0.07 | dt: 108.12ms | tok/sec: 9,470 | bf16_mfu: 0.00 | epoch: 1 pq: 0 rg: 0 | total time: 0.00m
step 00003/01000 (0.30%) | loss: 10.397078 | lrm: 0.10 | dt: 111.75ms | tok/sec: 9,163 | bf16_mfu: 0.00 | epoch: 1 pq: 0 rg: 0 | total time: 0.00m
step 00004/01000 (0.40%) | loss: 10.396722 | lrm: 0.12 | dt: 103.71ms | tok/sec: 9,873 | bf16_mfu: 0.00 | epoch: 1 pq: 0 rg: 0 | total time: 0.00m
step 00005/01000 (0.50%) | loss: 10.396095 | lrm: 0.15 | dt: 169.15ms | tok/sec: 6,053 | bf16_mfu: 0.00 | epoch: 1 pq: 0 rg: 1 | total time: 0.00m
step 00006/01000 (0.60%) | loss: 10.394873 | lrm: 0.17 | dt: 103.13ms | tok/sec: 9,928 | bf16_mfu: 0.00 | epoch: 1 pq: 0 rg: 1 | total time: 0.00m
step 00007/01000 (0.70%) | loss: 10.393657 | lrm: 0.20 | dt: 103.38ms | tok/sec: 9,905 | bf16_mfu: 0.00 | epoch: 1 pq: 0 rg: 1 | total time: 0.00m
step 00008/01000 (0.80%) | loss: 10.391929 | lrm: 0.23 | dt: 102.89ms | tok/sec: 9,952 | bf16_mfu: 0.00 | epoch: 1 pq: 0 rg: 1 | total time: 0.00m
step 00009/01000 (0.90%) | loss: 10.390130 | lrm: 0.25 | dt: 104.47ms | tok/sec: 9,801 | bf16_mfu: 0.00 | epoch: 1 pq: 0 rg: 1 | total time: 0.00m
step 00010/01000 (1.00%) | loss: 10.388297 | lrm: 0.28 | dt: 103.89ms | tok/sec: 9,857 | bf16_mfu: 0.00 | epoch: 1 pq: 0 rg: 1 | total time: 0.00m
step 00011/01000 (1.10%) | loss: 10.385356 | lrm: 0.30 | dt: 103.09ms | tok/sec: 9,932 | bf16_mfu: 0.00 | epoch: 1 pq: 0 rg: 1 | total time: 0.00m | eta: 1.7m
step 00012/01000 (1.20%) | loss: 10.380581 | lrm: 0.33 | dt: 101.82ms | tok/sec: 10,056 | bf16_mfu: 0.00 | epoch: 1 pq: 0 rg: 1 | total time: 0.00m | eta: 1.7m
step 00013/01000 (1.30%) | loss: 10.375629 | lrm: 0.35 | dt: 101.59ms | tok/sec: 10,079 | bf16_mfu: 0.00 | epoch: 1 pq: 0 rg: 1 | total time: 0.01m | eta: 1.7m
step 00014/01000 (1.40%) | loss: 10.369565 | lrm: 0.38 | dt: 102.61ms | tok/sec: 9,980 | bf16_mfu: 0.00 | epoch: 1 pq: 0 rg: 1 | total time: 0.01m | eta: 1.7m
step 00015/01000 (1.50%) | loss: 10.361750 | lrm: 0.40 | dt: 100.95ms | tok/sec: 10,143 | bf16_mfu: 0.00 | epoch: 1 pq: 0 rg: 1 | total time: 0.01m | eta: 1.7m
step 00016/01000 (1.60%) | loss: 10.351511 | lrm: 0.42 | dt: 104.47ms | tok/sec: 9,801 | bf16_mfu: 0.00 | epoch: 1 pq: 0 rg: 1 | total time: 0.01m | eta: 1.7m
step 00017/01000 (1.70%) | loss: 10.337224 | lrm: 0.45 | dt: 101.27ms | tok/sec: 10,111 | bf16_mfu: 0.00 | epoch: 1 pq: 0 rg: 1 | total time: 0.01m | eta: 1.7m
step 00018/01000 (1.80%) | loss: 10.319729 | lrm: 0.47 | dt: 100.55ms | tok/sec: 10,183 | bf16_mfu: 0.00 | epoch: 1 pq: 0 rg: 1 | total time: 0.01m | eta: 1.7m
step 00019/01000 (1.90%) | loss: 10.306418 | lrm: 0.50 | dt: 101.46ms | tok/sec: 10,092 | bf16_mfu: 0.00 | epoch: 1 pq: 0 rg: 1 | total time: 0.02m | eta: 1.7m
step 00020/01000 (2.00%) | loss: 10.284769 | lrm: 0.53 | dt: 101.35ms | tok/sec: 10,103 | bf16_mfu: 0.00 | epoch: 1 pq: 0 rg: 1 | total time: 0.02m | eta: 1.7m
step 00021/01000 (2.10%) | loss: 10.261509 | lrm: 0.55 | dt: 104.20ms | tok/sec: 9,827 | bf16_mfu: 0.00 | epoch: 1 pq: 0 rg: 1 | total time: 0.02m | eta: 1.7m
step 00022/01000 (2.20%) | loss: 10.229413 | lrm: 0.57 | dt: 103.88ms | tok/sec: 9,857 | bf16_mfu: 0.00 | epoch: 1 pq: 0 rg: 1 | total time: 0.02m | eta: 1.7m
step 00023/01000 (2.30%) | loss: 10.198162 | lrm: 0.60 | dt: 101.08ms | tok/sec: 10,130 | bf16_mfu: 0.00 | epoch: 1 pq: 0 rg: 1 | total time: 0.02m | eta: 1.7m
step 00024/01000 (2.40%) | loss: 10.166827 | lrm: 0.62 | dt: 100.10ms | tok/sec: 10,229 | bf16_mfu: 0.00 | epoch: 1 pq: 0 rg: 1 | total time: 0.02m | eta: 1.7m
step 00025/01000 (2.50%) | loss: 10.134155 | lrm: 0.65 | dt: 100.84ms | tok/sec: 10,154 | bf16_mfu: 0.00 | epoch: 1 pq: 0 rg: 1 | total time: 0.03m | eta: 1.7m
step 00026/01000 (2.60%) | loss: 10.096201 | lrm: 0.68 | dt: 100.37ms | tok/sec: 10,202 | bf16_mfu: 0.00 | epoch: 1 pq: 0 rg: 1 | total time: 0.03m | eta: 1.7m
step 00027/01000 (2.70%) | loss: 10.044614 | lrm: 0.70 | dt: 99.84ms | tok/sec: 10,256 | bf16_mfu: 0.00 | epoch: 1 pq: 0 rg: 1 | total time: 0.03m | eta: 1.6m
step 00028/01000 (2.80%) | loss: 9.994529 | lrm: 0.72 | dt: 101.15ms | tok/sec: 10,123 | bf16_mfu: 0.00 | epoch: 1 pq: 0 rg: 1 | total time: 0.03m | eta: 1.6m
step 00029/01000 (2.90%) | loss: 9.952934 | lrm: 0.75 | dt: 100.54ms | tok/sec: 10,184 | bf16_mfu: 0.00 | epoch: 1 pq: 0 rg: 1 | total time: 0.03m | eta: 1.6m
step 00030/01000 (3.00%) | loss: 9.886360 | lrm: 0.78 | dt: 100.56ms | tok/sec: 10,182 | bf16_mfu: 0.00 | epoch: 1 pq: 0 rg: 1 | total time: 0.03m | eta: 1.6m
step 00031/01000 (3.10%) | loss: 9.839906 | lrm: 0.80 | dt: 100.67ms | tok/sec: 10,172 | bf16_mfu: 0.00 | epoch: 1 pq: 0 rg: 1 | total time: 0.04m | eta: 1.6m
step 00032/01000 (3.20%) | loss: 9.796128 | lrm: 0.82 | dt: 101.47ms | tok/sec: 10,091 | bf16_mfu: 0.00 | epoch: 1 pq: 0 rg: 1 | total time: 0.04m | eta: 1.6m
step 00033/01000 (3.30%) | loss: 9.726276 | lrm: 0.85 | dt: 100.86ms | tok/sec: 10,152 | bf16_mfu: 0.00 | epoch: 1 pq: 0 rg: 1 | total time: 0.04m | eta: 1.6m
step 00034/01000 (3.40%) | loss: 9.652110 | lrm: 0.88 | dt: 100.50ms | tok/sec: 10,188 | bf16_mfu: 0.00 | epoch: 1 pq: 0 rg: 1 | total time: 0.04m | eta: 1.6m
step 00035/01000 (3.50%) | loss: 9.596408 | lrm: 0.90 | dt: 100.74ms | tok/sec: 10,164 | bf16_mfu: 0.00 | epoch: 1 pq: 0 rg: 1 | total time: 0.04m | eta: 1.6m
step 00036/01000 (3.60%) | loss: 9.566214 | lrm: 0.93 | dt: 104.23ms | tok/sec: 9,824 | bf16_mfu: 0.00 | epoch: 1 pq: 0 rg: 1 | total time: 0.04m | eta: 1.6m
step 00037/01000 (3.70%) | loss: 9.483045 | lrm: 0.95 | dt: 115.24ms | tok/sec: 8,885 | bf16_mfu: 0.00 | epoch: 1 pq: 0 rg: 1 | total time: 0.05m | eta: 1.6m
step 00038/01000 (3.80%) | loss: 9.408436 | lrm: 0.97 | dt: 100.54ms | tok/sec: 10,185 | bf16_mfu: 0.00 | epoch: 1 pq: 0 rg: 1 | total time: 0.05m | eta: 1.6m
step 00039/01000 (3.90%) | loss: 9.349974 | lrm: 1.00 | dt: 102.27ms | tok/sec: 10,012 | bf16_mfu: 0.00 | epoch: 1 pq: 0 rg: 1 | total time: 0.05m | eta: 1.6m
step 00040/01000 (4.00%) | loss: 9.300991 | lrm: 1.00 | dt: 106.64ms | tok/sec: 9,602 | bf16_mfu: 0.00 | epoch: 1 pq: 0 rg: 1 | total time: 0.05m | eta: 1.6m
step 00041/01000 (4.10%) | loss: 9.240651 | lrm: 1.00 | dt: 103.98ms | tok/sec: 9,848 | bf16_mfu: 0.00 | epoch: 1 pq: 0 rg: 1 | total time: 0.05m | eta: 1.6m
step 00042/01000 (4.20%) | loss: 9.168531 | lrm: 1.00 | dt: 102.80ms | tok/sec: 9,961 | bf16_mfu: 0.00 | epoch: 1 pq: 0 rg: 1 | total time: 0.05m | eta: 1.6m
step 00043/01000 (4.30%) | loss: 9.096940 | lrm: 1.00 | dt: 101.85ms | tok/sec: 10,054 | bf16_mfu: 0.00 | epoch: 1 pq: 0 rg: 1 | total time: 0.06m | eta: 1.6m
step 00044/01000 (4.40%) | loss: 9.022443 | lrm: 1.00 | dt: 101.58ms | tok/sec: 10,081 | bf16_mfu: 0.00 | epoch: 1 pq: 0 rg: 1 | total time: 0.06m | eta: 1.6m
step 00045/01000 (4.50%) | loss: 8.980904 | lrm: 1.00 | dt: 105.36ms | tok/sec: 9,718 | bf16_mfu: 0.00 | epoch: 1 pq: 0 rg: 1 | total time: 0.06m | eta: 1.6m
step 00046/01000 (4.60%) | loss: 8.916836 | lrm: 1.00 | dt: 99.46ms | tok/sec: 10,295 | bf16_mfu: 0.00 | epoch: 1 pq: 0 rg: 1 | total time: 0.06m | eta: 1.6m
step 00047/01000 (4.70%) | loss: 8.851519 | lrm: 1.00 | dt: 99.43ms | tok/sec: 10,299 | bf16_mfu: 0.00 | epoch: 1 pq: 0 rg: 1 | total time: 0.06m | eta: 1.6m
step 00048/01000 (4.80%) | loss: 8.808716 | lrm: 1.00 | dt: 98.36ms | tok/sec: 10,410 | bf16_mfu: 0.00 | epoch: 1 pq: 0 rg: 1 | total time: 0.06m | eta: 1.6m
step 00049/01000 (4.90%) | loss: 8.733494 | lrm: 1.00 | dt: 100.08ms | tok/sec: 10,232 | bf16_mfu: 0.00 | epoch: 1 pq: 0 rg: 1 | total time: 0.07m | eta: 1.6m
step 00050/01000 (5.00%) | loss: 8.663360 | lrm: 1.00 | dt: 100.79ms | tok/sec: 10,160 | bf16_mfu: 0.00 | epoch: 1 pq: 0 rg: 1 | total time: 0.07m | eta: 1.6m
step 00051/01000 (5.10%) | loss: 8.614334 | lrm: 1.00 | dt: 99.16ms | tok/sec: 10,326 | bf16_mfu: 0.00 | epoch: 1 pq: 0 rg: 1 | total time: 0.07m | eta: 1.6m
step 00052/01000 (5.20%) | loss: 8.561632 | lrm: 1.00 | dt: 99.13ms | tok/sec: 10,330 | bf16_mfu: 0.00 | epoch: 1 pq: 0 rg: 1 | total time: 0.07m | eta: 1.6m
step 00053/01000 (5.30%) | loss: 8.499688 | lrm: 1.00 | dt: 99.81ms | tok/sec: 10,258 | bf16_mfu: 0.00 | epoch: 1 pq: 0 rg: 1 | total time: 0.07m | eta: 1.6m
step 00054/01000 (5.40%) | loss: 8.459726 | lrm: 1.00 | dt: 98.36ms | tok/sec: 10,410 | bf16_mfu: 0.00 | epoch: 1 pq: 0 rg: 1 | total time: 0.07m | eta: 1.6m
step 00055/01000 (5.50%) | loss: 8.432807 | lrm: 1.00 | dt: 102.58ms | tok/sec: 9,982 | bf16_mfu: 0.00 | epoch: 1 pq: 0 rg: 1 | total time: 0.08m | eta: 1.6m
step 00056/01000 (5.60%) | loss: 8.390244 | lrm: 1.00 | dt: 100.27ms | tok/sec: 10,212 | bf16_mfu: 0.00 | epoch: 1 pq: 0 rg: 1 | total time: 0.08m | eta: 1.6m
step 00057/01000 (5.70%) | loss: 8.352899 | lrm: 1.00 | dt: 101.50ms | tok/sec: 10,089 | bf16_mfu: 0.00 | epoch: 1 pq: 0 rg: 1 | total time: 0.08m | eta: 1.6m
step 00058/01000 (5.80%) | loss: 8.273540 | lrm: 1.00 | dt: 98.95ms | tok/sec: 10,348 | bf16_mfu: 0.00 | epoch: 1 pq: 0 rg: 1 | total time: 0.08m | eta: 1.6m
step 00059/01000 (5.90%) | loss: 8.230159 | lrm: 1.00 | dt: 98.57ms | tok/sec: 10,388 | bf16_mfu: 0.00 | epoch: 1 pq: 0 rg: 1 | total time: 0.08m | eta: 1.6m
step 00060/01000 (6.00%) | loss: 8.170946 | lrm: 1.00 | dt: 99.89ms | tok/sec: 10,250 | bf16_mfu: 0.00 | epoch: 1 pq: 0 rg: 1 | total time: 0.08m | eta: 1.6m
step 00061/01000 (6.10%) | loss: 8.128268 | lrm: 1.00 | dt: 99.57ms | tok/sec: 10,284 | bf16_mfu: 0.00 | epoch: 1 pq: 0 rg: 1 | total time: 0.09m | eta: 1.6m
step 00062/01000 (6.20%) | loss: 8.109919 | lrm: 1.00 | dt: 98.70ms | tok/sec: 10,375 | bf16_mfu: 0.00 | epoch: 1 pq: 0 rg: 1 | total time: 0.09m | eta: 1.6m
step 00063/01000 (6.30%) | loss: 8.100599 | lrm: 1.00 | dt: 99.35ms | tok/sec: 10,307 | bf16_mfu: 0.00 | epoch: 1 pq: 0 rg: 1 | total time: 0.09m | eta: 1.6m
step 00064/01000 (6.40%) | loss: 8.027711 | lrm: 1.00 | dt: 99.12ms | tok/sec: 10,331 | bf16_mfu: 0.00 | epoch: 1 pq: 0 rg: 1 | total time: 0.09m | eta: 1.6m
step 00065/01000 (6.50%) | loss: 8.012407 | lrm: 1.00 | dt: 100.64ms | tok/sec: 10,174 | bf16_mfu: 0.00 | epoch: 1 pq: 0 rg: 1 | total time: 0.09m | eta: 1.6m
step 00066/01000 (6.60%) | loss: 7.990863 | lrm: 1.00 | dt: 99.74ms | tok/sec: 10,266 | bf16_mfu: 0.00 | epoch: 1 pq: 0 rg: 1 | total time: 0.09m | eta: 1.6m
step 00067/01000 (6.70%) | loss: 7.953848 | lrm: 1.00 | dt: 100.84ms | tok/sec: 10,155 | bf16_mfu: 0.00 | epoch: 1 pq: 0 rg: 1 | total time: 0.10m | eta: 1.6m
step 00068/01000 (6.80%) | loss: 7.935579 | lrm: 1.00 | dt: 106.06ms | tok/sec: 9,654 | bf16_mfu: 0.00 | epoch: 1 pq: 0 rg: 1 | total time: 0.10m | eta: 1.6m
step 00069/01000 (6.90%) | loss: 7.904807 | lrm: 1.00 | dt: 107.56ms | tok/sec: 9,520 | bf16_mfu: 0.00 | epoch: 1 pq: 0 rg: 1 | total time: 0.10m | eta: 1.6m
step 00070/01000 (7.00%) | loss: 7.879941 | lrm: 1.00 | dt: 100.83ms | tok/sec: 10,155 | bf16_mfu: 0.00 | epoch: 1 pq: 0 rg: 1 | total time: 0.10m | eta: 1.6m
step 00071/01000 (7.10%) | loss: 7.874951 | lrm: 1.00 | dt: 100.34ms | tok/sec: 10,204 | bf16_mfu: 0.00 | epoch: 1 pq: 0 rg: 1 | total time: 0.10m | eta: 1.6m
step 00072/01000 (7.20%) | loss: 7.984208 | lrm: 1.00 | dt: 99.75ms | tok/sec: 10,265 | bf16_mfu: 0.00 | epoch: 1 pq: 0 rg: 1 | total time: 0.10m | eta: 1.6m
step 00073/01000 (7.30%) | loss: 7.947310 | lrm: 1.00 | dt: 102.18ms | tok/sec: 10,021 | bf16_mfu: 0.00 | epoch: 1 pq: 0 rg: 1 | total time: 0.11m | eta: 1.6m
step 00074/01000 (7.40%) | loss: 7.896158 | lrm: 1.00 | dt: 102.47ms | tok/sec: 9,993 | bf16_mfu: 0.00 | epoch: 1 pq: 0 rg: 1 | total time: 0.11m | eta: 1.6m
step 00075/01000 (7.50%) | loss: 7.915584 | lrm: 1.00 | dt: 102.66ms | tok/sec: 9,974 | bf16_mfu: 0.00 | epoch: 1 pq: 0 rg: 1 | total time: 0.11m | eta: 1.6m
step 00076/01000 (7.60%) | loss: 7.863254 | lrm: 1.00 | dt: 100.54ms | tok/sec: 10,184 | bf16_mfu: 0.00 | epoch: 1 pq: 0 rg: 1 | total time: 0.11m | eta: 1.6m
step 00077/01000 (7.70%) | loss: 7.873085 | lrm: 1.00 | dt: 100.28ms | tok/sec: 10,211 | bf16_mfu: 0.00 | epoch: 1 pq: 0 rg: 1 | total time: 0.11m | eta: 1.6m
step 00078/01000 (7.80%) | loss: 7.828993 | lrm: 1.00 | dt: 101.36ms | tok/sec: 10,102 | bf16_mfu: 0.00 | epoch: 1 pq: 0 rg: 1 | total time: 0.11m | eta: 1.6m
step 00079/01000 (7.90%) | loss: 7.824128 | lrm: 1.00 | dt: 100.29ms | tok/sec: 10,210 | bf16_mfu: 0.00 | epoch: 1 pq: 0 rg: 1 | total time: 0.12m | eta: 1.6m
step 00080/01000 (8.00%) | loss: 7.798175 | lrm: 1.00 | dt: 100.16ms | tok/sec: 10,223 | bf16_mfu: 0.00 | epoch: 1 pq: 0 rg: 1 | total time: 0.12m | eta: 1.6m
step 00081/01000 (8.10%) | loss: 7.828491 | lrm: 1.00 | dt: 100.42ms | tok/sec: 10,197 | bf16_mfu: 0.00 | epoch: 1 pq: 0 rg: 1 | total time: 0.12m | eta: 1.6m
step 00082/01000 (8.20%) | loss: 7.852318 | lrm: 1.00 | dt: 99.94ms | tok/sec: 10,245 | bf16_mfu: 0.00 | epoch: 1 pq: 0 rg: 1 | total time: 0.12m | eta: 1.6m
step 00083/01000 (8.30%) | loss: 7.863926 | lrm: 1.00 | dt: 101.46ms | tok/sec: 10,092 | bf16_mfu: 0.00 | epoch: 1 pq: 0 rg: 1 | total time: 0.12m | eta: 1.5m
step 00084/01000 (8.40%) | loss: 7.851762 | lrm: 1.00 | dt: 100.00ms | tok/sec: 10,240 | bf16_mfu: 0.00 | epoch: 1 pq: 0 rg: 1 | total time: 0.13m | eta: 1.5m
step 00085/01000 (8.50%) | loss: 7.835424 | lrm: 1.00 | dt: 103.86ms | tok/sec: 9,859 | bf16_mfu: 0.00 | epoch: 1 pq: 0 rg: 1 | total time: 0.13m | eta: 1.5m
step 00086/01000 (8.60%) | loss: 7.840637 | lrm: 1.00 | dt: 100.54ms | tok/sec: 10,184 | bf16_mfu: 0.00 | epoch: 1 pq: 0 rg: 1 | total time: 0.13m | eta: 1.5m
step 00087/01000 (8.70%) | loss: 7.843748 | lrm: 1.00 | dt: 99.82ms | tok/sec: 10,258 | bf16_mfu: 0.00 | epoch: 1 pq: 0 rg: 1 | total time: 0.13m | eta: 1.5m
step 00088/01000 (8.80%) | loss: 7.845158 | lrm: 1.00 | dt: 99.95ms | tok/sec: 10,245 | bf16_mfu: 0.00 | epoch: 1 pq: 0 rg: 1 | total time: 0.13m | eta: 1.5m
step 00089/01000 (8.90%) | loss: 7.814910 | lrm: 1.00 | dt: 100.40ms | tok/sec: 10,198 | bf16_mfu: 0.00 | epoch: 1 pq: 0 rg: 1 | total time: 0.13m | eta: 1.5m
step 00090/01000 (9.00%) | loss: 7.787138 | lrm: 1.00 | dt: 101.11ms | tok/sec: 10,127 | bf16_mfu: 0.00 | epoch: 1 pq: 0 rg: 1 | total time: 0.14m | eta: 1.5m
step 00091/01000 (9.10%) | loss: 7.798170 | lrm: 1.00 | dt: 102.32ms | tok/sec: 10,007 | bf16_mfu: 0.00 | epoch: 1 pq: 0 rg: 1 | total time: 0.14m | eta: 1.5m
step 00092/01000 (9.20%) | loss: 7.788901 | lrm: 1.00 | dt: 105.14ms | tok/sec: 9,739 | bf16_mfu: 0.00 | epoch: 1 pq: 0 rg: 1 | total time: 0.14m | eta: 1.5m
step 00093/01000 (9.30%) | loss: 7.825243 | lrm: 1.00 | dt: 106.13ms | tok/sec: 9,648 | bf16_mfu: 0.00 | epoch: 1 pq: 0 rg: 1 | total time: 0.14m | eta: 1.5m
step 00094/01000 (9.40%) | loss: 7.834276 | lrm: 1.00 | dt: 105.00ms | tok/sec: 9,752 | bf16_mfu: 0.00 | epoch: 1 pq: 0 rg: 1 | total time: 0.14m | eta: 1.5m
step 00095/01000 (9.50%) | loss: 7.830177 | lrm: 1.00 | dt: 104.33ms | tok/sec: 9,814 | bf16_mfu: 0.00 | epoch: 1 pq: 0 rg: 1 | total time: 0.14m | eta: 1.5m
step 00096/01000 (9.60%) | loss: 7.782816 | lrm: 1.00 | dt: 103.36ms | tok/sec: 9,906 | bf16_mfu: 0.00 | epoch: 1 pq: 0 rg: 1 | total time: 0.15m | eta: 1.5m
step 00097/01000 (9.70%) | loss: 7.794500 | lrm: 1.00 | dt: 107.69ms | tok/sec: 9,509 | bf16_mfu: 0.00 | epoch: 1 pq: 0 rg: 1 | total time: 0.15m | eta: 1.5m
step 00098/01000 (9.80%) | loss: 7.781890 | lrm: 1.00 | dt: 111.21ms | tok/sec: 9,207 | bf16_mfu: 0.00 | epoch: 1 pq: 0 rg: 1 | total time: 0.15m | eta: 1.5m
step 00099/01000 (9.90%) | loss: 7.760033 | lrm: 1.00 | dt: 103.59ms | tok/sec: 9,885 | bf16_mfu: 0.00 | epoch: 1 pq: 0 rg: 1 | total time: 0.15m | eta: 1.5m
step 00100/01000 (10.00%) | loss: 7.790512 | lrm: 1.00 | dt: 104.84ms | tok/sec: 9,766 | bf16_mfu: 0.00 | epoch: 1 pq: 0 rg: 1 | total time: 0.15m | eta: 1.5m
step 00101/01000 (10.10%) | loss: 7.810872 | lrm: 1.00 | dt: 105.10ms | tok/sec: 9,743 | bf16_mfu: 0.00 | epoch: 1 pq: 0 rg: 1 | total time: 0.15m | eta: 1.5m
step 00102/01000 (10.20%) | loss: 7.778842 | lrm: 1.00 | dt: 104.24ms | tok/sec: 9,823 | bf16_mfu: 0.00 | epoch: 1 pq: 0 rg: 1 | total time: 0.16m | eta: 1.5m
step 00103/01000 (10.30%) | loss: 7.749510 | lrm: 1.00 | dt: 103.58ms | tok/sec: 9,886 | bf16_mfu: 0.00 | epoch: 1 pq: 0 rg: 1 | total time: 0.16m | eta: 1.5m
step 00104/01000 (10.40%) | loss: 7.754703 | lrm: 1.00 | dt: 106.09ms | tok/sec: 9,652 | bf16_mfu: 0.00 | epoch: 1 pq: 0 rg: 1 | total time: 0.16m | eta: 1.5m
step 00105/01000 (10.50%) | loss: 7.796072 | lrm: 1.00 | dt: 104.02ms | tok/sec: 9,844 | bf16_mfu: 0.00 | epoch: 1 pq: 0 rg: 1 | total time: 0.16m | eta: 1.5m
step 00106/01000 (10.60%) | loss: 7.800530 | lrm: 1.00 | dt: 100.76ms | tok/sec: 10,163 | bf16_mfu: 0.00 | epoch: 1 pq: 0 rg: 1 | total time: 0.16m | eta: 1.5m
step 00107/01000 (10.70%) | loss: 7.790122 | lrm: 1.00 | dt: 100.33ms | tok/sec: 10,206 | bf16_mfu: 0.00 | epoch: 1 pq: 0 rg: 1 | total time: 0.16m | eta: 1.5m
step 00108/01000 (10.80%) | loss: 7.757125 | lrm: 1.00 | dt: 100.33ms | tok/sec: 10,206 | bf16_mfu: 0.00 | epoch: 1 pq: 0 rg: 1 | total time: 0.17m | eta: 1.5m
step 00109/01000 (10.90%) | loss: 7.719739 | lrm: 1.00 | dt: 100.91ms | tok/sec: 10,147 | bf16_mfu: 0.00 | epoch: 1 pq: 0 rg: 1 | total time: 0.17m | eta: 1.5m
step 00110/01000 (11.00%) | loss: 7.716292 | lrm: 1.00 | dt: 100.51ms | tok/sec: 10,187 | bf16_mfu: 0.00 | epoch: 1 pq: 0 rg: 1 | total time: 0.17m | eta: 1.5m
step 00111/01000 (11.10%) | loss: 7.743438 | lrm: 1.00 | dt: 99.92ms | tok/sec: 10,248 | bf16_mfu: 0.00 | epoch: 1 pq: 0 rg: 1 | total time: 0.17m | eta: 1.5m
step 00112/01000 (11.20%) | loss: 7.740896 | lrm: 1.00 | dt: 100.98ms | tok/sec: 10,141 | bf16_mfu: 0.00 | epoch: 1 pq: 0 rg: 1 | total time: 0.17m | eta: 1.5m
step 00113/01000 (11.30%) | loss: 7.717080 | lrm: 1.00 | dt: 99.97ms | tok/sec: 10,242 | bf16_mfu: 0.00 | epoch: 1 pq: 0 rg: 1 | total time: 0.17m | eta: 1.5m
step 00114/01000 (11.40%) | loss: 7.713403 | lrm: 1.00 | dt: 100.26ms | tok/sec: 10,213 | bf16_mfu: 0.00 | epoch: 1 pq: 0 rg: 1 | total time: 0.18m | eta: 1.5m
step 00115/01000 (11.50%) | loss: 7.676462 | lrm: 1.00 | dt: 100.16ms | tok/sec: 10,223 | bf16_mfu: 0.00 | epoch: 1 pq: 0 rg: 1 | total time: 0.18m | eta: 1.5m
step 00116/01000 (11.60%) | loss: 7.685142 | lrm: 1.00 | dt: 100.45ms | tok/sec: 10,194 | bf16_mfu: 0.00 | epoch: 1 pq: 0 rg: 1 | total time: 0.18m | eta: 1.5m
step 00117/01000 (11.70%) | loss: 7.623893 | lrm: 1.00 | dt: 100.35ms | tok/sec: 10,204 | bf16_mfu: 0.00 | epoch: 1 pq: 0 rg: 1 | total time: 0.18m | eta: 1.5m
step 00118/01000 (11.80%) | loss: 7.588621 | lrm: 1.00 | dt: 99.76ms | tok/sec: 10,264 | bf16_mfu: 0.00 | epoch: 1 pq: 0 rg: 1 | total time: 0.18m | eta: 1.5m
step 00119/01000 (11.90%) | loss: 7.607806 | lrm: 1.00 | dt: 127.02ms | tok/sec: 8,061 | bf16_mfu: 0.00 | epoch: 1 pq: 0 rg: 1 | total time: 0.19m | eta: 1.5m
step 00120/01000 (12.00%) | loss: 7.632115 | lrm: 1.00 | dt: 100.55ms | tok/sec: 10,183 | bf16_mfu: 0.00 | epoch: 1 pq: 0 rg: 1 | total time: 0.19m | eta: 1.5m
step 00121/01000 (12.10%) | loss: 7.649397 | lrm: 1.00 | dt: 99.98ms | tok/sec: 10,242 | bf16_mfu: 0.00 | epoch: 1 pq: 0 rg: 1 | total time: 0.19m | eta: 1.5m
step 00122/01000 (12.20%) | loss: 7.637570 | lrm: 1.00 | dt: 100.13ms | tok/sec: 10,226 | bf16_mfu: 0.00 | epoch: 1 pq: 0 rg: 1 | total time: 0.19m | eta: 1.5m
step 00123/01000 (12.30%) | loss: 7.618986 | lrm: 1.00 | dt: 100.05ms | tok/sec: 10,235 | bf16_mfu: 0.00 | epoch: 1 pq: 0 rg: 1 | total time: 0.19m | eta: 1.5m
step 00124/01000 (12.40%) | loss: 7.618203 | lrm: 1.00 | dt: 100.49ms | tok/sec: 10,190 | bf16_mfu: 0.00 | epoch: 1 pq: 0 rg: 1 | total time: 0.19m | eta: 1.5m
step 00125/01000 (12.50%) | loss: 7.616549 | lrm: 1.00 | dt: 100.15ms | tok/sec: 10,224 | bf16_mfu: 0.00 | epoch: 1 pq: 0 rg: 1 | total time: 0.20m | eta: 1.5m
step 00126/01000 (12.60%) | loss: 7.600822 | lrm: 1.00 | dt: 109.68ms | tok/sec: 9,336 | bf16_mfu: 0.00 | epoch: 1 pq: 0 rg: 1 | total time: 0.20m | eta: 1.5m
step 00127/01000 (12.70%) | loss: 7.583368 | lrm: 1.00 | dt: 100.28ms | tok/sec: 10,211 | bf16_mfu: 0.00 | epoch: 1 pq: 0 rg: 1 | total time: 0.20m | eta: 1.5m
step 00128/01000 (12.80%) | loss: 7.587385 | lrm: 1.00 | dt: 100.96ms | tok/sec: 10,143 | bf16_mfu: 0.00 | epoch: 1 pq: 0 rg: 1 | total time: 0.20m | eta: 1.5m
step 00129/01000 (12.90%) | loss: 7.596724 | lrm: 1.00 | dt: 101.03ms | tok/sec: 10,135 | bf16_mfu: 0.00 | epoch: 1 pq: 0 rg: 1 | total time: 0.20m | eta: 1.5m
step 00130/01000 (13.00%) | loss: 7.623514 | lrm: 1.00 | dt: 100.68ms | tok/sec: 10,170 | bf16_mfu: 0.00 | epoch: 1 pq: 0 rg: 1 | total time: 0.20m | eta: 1.5m
step 00131/01000 (13.10%) | loss: 7.623509 | lrm: 1.00 | dt: 100.13ms | tok/sec: 10,226 | bf16_mfu: 0.00 | epoch: 1 pq: 0 rg: 1 | total time: 0.21m | eta: 1.5m
step 00132/01000 (13.20%) | loss: 7.590230 | lrm: 1.00 | dt: 100.51ms | tok/sec: 10,188 | bf16_mfu: 0.00 | epoch: 1 pq: 0 rg: 1 | total time: 0.21m | eta: 1.5m
step 00133/01000 (13.30%) | loss: 7.567923 | lrm: 1.00 | dt: 102.64ms | tok/sec: 9,976 | bf16_mfu: 0.00 | epoch: 1 pq: 0 rg: 1 | total time: 0.21m | eta: 1.5m
step 00134/01000 (13.40%) | loss: 7.538276 | lrm: 1.00 | dt: 105.64ms | tok/sec: 9,693 | bf16_mfu: 0.00 | epoch: 1 pq: 0 rg: 1 | total time: 0.21m | eta: 1.5m
step 00135/01000 (13.50%) | loss: 7.500486 | lrm: 1.00 | dt: 101.71ms | tok/sec: 10,067 | bf16_mfu: 0.00 | epoch: 1 pq: 0 rg: 1 | total time: 0.21m | eta: 1.5m
step 00136/01000 (13.60%) | loss: 7.495168 | lrm: 1.00 | dt: 99.88ms | tok/sec: 10,252 | bf16_mfu: 0.00 | epoch: 1 pq: 0 rg: 1 | total time: 0.21m | eta: 1.5m
step 00137/01000 (13.70%) | loss: 7.551056 | lrm: 1.00 | dt: 156.86ms | tok/sec: 6,527 | bf16_mfu: 0.00 | epoch: 1 pq: 0 rg: 1 | total time: 0.22m | eta: 1.5m
step 00138/01000 (13.80%) | loss: 7.534303 | lrm: 1.00 | dt: 105.84ms | tok/sec: 9,675 | bf16_mfu: 0.00 | epoch: 1 pq: 0 rg: 1 | total time: 0.22m | eta: 1.5m
step 00139/01000 (13.90%) | loss: 7.507477 | lrm: 1.00 | dt: 100.62ms | tok/sec: 10,177 | bf16_mfu: 0.00 | epoch: 1 pq: 0 rg: 1 | total time: 0.22m | eta: 1.5m
step 00140/01000 (14.00%) | loss: 7.551660 | lrm: 1.00 | dt: 100.15ms | tok/sec: 10,224 | bf16_mfu: 0.00 | epoch: 1 pq: 0 rg: 1 | total time: 0.22m | eta: 1.5m
step 00141/01000 (14.10%) | loss: 7.582220 | lrm: 1.00 | dt: 99.79ms | tok/sec: 10,261 | bf16_mfu: 0.00 | epoch: 1 pq: 0 rg: 1 | total time: 0.22m | eta: 1.5m
step 00142/01000 (14.20%) | loss: 7.543658 | lrm: 1.00 | dt: 98.99ms | tok/sec: 10,344 | bf16_mfu: 0.00 | epoch: 1 pq: 0 rg: 1 | total time: 0.23m | eta: 1.5m
step 00143/01000 (14.30%) | loss: 7.551941 | lrm: 1.00 | dt: 100.80ms | tok/sec: 10,158 | bf16_mfu: 0.00 | epoch: 1 pq: 0 rg: 1 | total time: 0.23m | eta: 1.5m
step 00144/01000 (14.40%) | loss: 7.563210 | lrm: 1.00 | dt: 101.03ms | tok/sec: 10,135 | bf16_mfu: 0.00 | epoch: 1 pq: 0 rg: 1 | total time: 0.23m | eta: 1.5m
step 00145/01000 (14.50%) | loss: 7.528606 | lrm: 1.00 | dt: 101.04ms | tok/sec: 10,134 | bf16_mfu: 0.00 | epoch: 1 pq: 0 rg: 1 | total time: 0.23m | eta: 1.5m
step 00146/01000 (14.60%) | loss: 7.511545 | lrm: 1.00 | dt: 99.43ms | tok/sec: 10,298 | bf16_mfu: 0.00 | epoch: 1 pq: 0 rg: 1 | total time: 0.23m | eta: 1.5m
step 00147/01000 (14.70%) | loss: 7.511873 | lrm: 1.00 | dt: 98.58ms | tok/sec: 10,387 | bf16_mfu: 0.00 | epoch: 1 pq: 0 rg: 1 | total time: 0.23m | eta: 1.5m
step 00148/01000 (14.80%) | loss: 7.507943 | lrm: 1.00 | dt: 100.10ms | tok/sec: 10,229 | bf16_mfu: 0.00 | epoch: 1 pq: 0 rg: 1 | total time: 0.24m | eta: 1.5m
step 00149/01000 (14.90%) | loss: 7.497880 | lrm: 1.00 | dt: 100.06ms | tok/sec: 10,234 | bf16_mfu: 0.00 | epoch: 1 pq: 0 rg: 1 | total time: 0.24m | eta: 1.4m
step 00150/01000 (15.00%) | loss: 7.466409 | lrm: 1.00 | dt: 99.37ms | tok/sec: 10,304 | bf16_mfu: 0.00 | epoch: 1 pq: 0 rg: 1 | total time: 0.24m | eta: 1.4m
step 00151/01000 (15.10%) | loss: 7.419794 | lrm: 1.00 | dt: 100.30ms | tok/sec: 10,209 | bf16_mfu: 0.00 | epoch: 1 pq: 0 rg: 1 | total time: 0.24m | eta: 1.4m
step 00152/01000 (15.20%) | loss: 7.428348 | lrm: 1.00 | dt: 101.55ms | tok/sec: 10,083 | bf16_mfu: 0.00 | epoch: 1 pq: 0 rg: 1 | total time: 0.24m | eta: 1.4m
step 00153/01000 (15.30%) | loss: 7.418454 | lrm: 1.00 | dt: 112.22ms | tok/sec: 9,125 | bf16_mfu: 0.00 | epoch: 1 pq: 0 rg: 1 | total time: 0.24m | eta: 1.4m
step 00154/01000 (15.40%) | loss: 7.390566 | lrm: 1.00 | dt: 108.42ms | tok/sec: 9,444 | bf16_mfu: 0.00 | epoch: 1 pq: 0 rg: 1 | total time: 0.25m | eta: 1.4m
step 00155/01000 (15.50%) | loss: 7.338008 | lrm: 1.00 | dt: 115.85ms | tok/sec: 8,839 | bf16_mfu: 0.00 | epoch: 1 pq: 0 rg: 1 | total time: 0.25m | eta: 1.4m
step 00156/01000 (15.60%) | loss: 7.399515 | lrm: 1.00 | dt: 100.04ms | tok/sec: 10,236 | bf16_mfu: 0.00 | epoch: 1 pq: 0 rg: 1 | total time: 0.25m | eta: 1.4m
step 00157/01000 (15.70%) | loss: 7.454095 | lrm: 1.00 | dt: 101.13ms | tok/sec: 10,125 | bf16_mfu: 0.00 | epoch: 1 pq: 0 rg: 1 | total time: 0.25m | eta: 1.4m
step 00158/01000 (15.80%) | loss: 7.465075 | lrm: 1.00 | dt: 106.78ms | tok/sec: 9,589 | bf16_mfu: 0.00 | epoch: 1 pq: 0 rg: 1 | total time: 0.25m | eta: 1.4m
step 00159/01000 (15.90%) | loss: 7.444662 | lrm: 1.00 | dt: 101.81ms | tok/sec: 10,058 | bf16_mfu: 0.00 | epoch: 1 pq: 0 rg: 1 | total time: 0.25m | eta: 1.4m
step 00160/01000 (16.00%) | loss: 7.487541 | lrm: 1.00 | dt: 105.36ms | tok/sec: 9,718 | bf16_mfu: 0.00 | epoch: 1 pq: 0 rg: 1 | total time: 0.26m | eta: 1.4m
step 00161/01000 (16.10%) | loss: 7.441899 | lrm: 1.00 | dt: 103.93ms | tok/sec: 9,853 | bf16_mfu: 0.00 | epoch: 1 pq: 0 rg: 1 | total time: 0.26m | eta: 1.4m
step 00162/01000 (16.20%) | loss: 7.379181 | lrm: 1.00 | dt: 111.10ms | tok/sec: 9,217 | bf16_mfu: 0.00 | epoch: 1 pq: 0 rg: 1 | total time: 0.26m | eta: 1.4m
step 00163/01000 (16.30%) | loss: 7.445104 | lrm: 1.00 | dt: 126.50ms | tok/sec: 8,094 | bf16_mfu: 0.00 | epoch: 1 pq: 0 rg: 1 | total time: 0.26m | eta: 1.4m
step 00164/01000 (16.40%) | loss: 7.432851 | lrm: 1.00 | dt: 108.49ms | tok/sec: 9,438 | bf16_mfu: 0.00 | epoch: 1 pq: 0 rg: 1 | total time: 0.26m | eta: 1.4m
step 00165/01000 (16.50%) | loss: 7.436294 | lrm: 1.00 | dt: 125.31ms | tok/sec: 8,171 | bf16_mfu: 0.00 | epoch: 1 pq: 0 rg: 1 | total time: 0.27m | eta: 1.4m
step 00166/01000 (16.60%) | loss: 7.446583 | lrm: 1.00 | dt: 271.11ms | tok/sec: 3,777 | bf16_mfu: 0.00 | epoch: 1 pq: 0 rg: 1 | total time: 0.27m | eta: 1.4m
step 00167/01000 (16.70%) | loss: 7.455204 | lrm: 1.00 | dt: 129.59ms | tok/sec: 7,902 | bf16_mfu: 0.00 | epoch: 1 pq: 0 rg: 1 | total time: 0.27m | eta: 1.4m
step 00168/01000 (16.80%) | loss: 7.439072 | lrm: 1.00 | dt: 108.53ms | tok/sec: 9,435 | bf16_mfu: 0.00 | epoch: 1 pq: 0 rg: 1 | total time: 0.27m | eta: 1.4m
step 00169/01000 (16.90%) | loss: 7.486659 | lrm: 1.00 | dt: 110.21ms | tok/sec: 9,291 | bf16_mfu: 0.00 | epoch: 1 pq: 0 rg: 1 | total time: 0.28m | eta: 1.4m
step 00170/01000 (17.00%) | loss: 7.542954 | lrm: 1.00 | dt: 109.17ms | tok/sec: 9,380 | bf16_mfu: 0.00 | epoch: 1 pq: 0 rg: 1 | total time: 0.28m | eta: 1.4m
step 00171/01000 (17.10%) | loss: 7.530237 | lrm: 1.00 | dt: 104.55ms | tok/sec: 9,794 | bf16_mfu: 0.00 | epoch: 1 pq: 0 rg: 1 | total time: 0.28m | eta: 1.4m
step 00172/01000 (17.20%) | loss: 7.531775 | lrm: 1.00 | dt: 104.75ms | tok/sec: 9,775 | bf16_mfu: 0.00 | epoch: 1 pq: 0 rg: 1 | total time: 0.28m | eta: 1.4m
step 00173/01000 (17.30%) | loss: 7.514374 | lrm: 1.00 | dt: 102.53ms | tok/sec: 9,987 | bf16_mfu: 0.00 | epoch: 1 pq: 0 rg: 1 | total time: 0.28m | eta: 1.4m
step 00174/01000 (17.40%) | loss: 7.461913 | lrm: 1.00 | dt: 107.46ms | tok/sec: 9,528 | bf16_mfu: 0.00 | epoch: 1 pq: 0 rg: 1 | total time: 0.28m | eta: 1.4m
step 00175/01000 (17.50%) | loss: 7.466876 | lrm: 1.00 | dt: 113.12ms | tok/sec: 9,051 | bf16_mfu: 0.00 | epoch: 1 pq: 0 rg: 1 | total time: 0.29m | eta: 1.4m
step 00176/01000 (17.60%) | loss: 7.476548 | lrm: 1.00 | dt: 155.91ms | tok/sec: 6,568 | bf16_mfu: 0.00 | epoch: 1 pq: 0 rg: 1 | total time: 0.29m | eta: 1.4m
step 00177/01000 (17.70%) | loss: 7.473965 | lrm: 1.00 | dt: 105.07ms | tok/sec: 9,746 | bf16_mfu: 0.00 | epoch: 1 pq: 0 rg: 1 | total time: 0.29m | eta: 1.4m
step 00178/01000 (17.80%) | loss: 7.535062 | lrm: 1.00 | dt: 103.75ms | tok/sec: 9,869 | bf16_mfu: 0.00 | epoch: 1 pq: 0 rg: 1 | total time: 0.29m | eta: 1.4m
step 00179/01000 (17.90%) | loss: 7.549355 | lrm: 1.00 | dt: 103.20ms | tok/sec: 9,922 | bf16_mfu: 0.00 | epoch: 1 pq: 0 rg: 1 | total time: 0.29m | eta: 1.4m
step 00180/01000 (18.00%) | loss: 7.518865 | lrm: 1.00 | dt: 102.83ms | tok/sec: 9,958 | bf16_mfu: 0.00 | epoch: 1 pq: 0 rg: 1 | total time: 0.30m | eta: 1.4m
step 00181/01000 (18.10%) | loss: 7.498070 | lrm: 1.00 | dt: 111.17ms | tok/sec: 9,211 | bf16_mfu: 0.00 | epoch: 1 pq: 0 rg: 1 | total time: 0.30m | eta: 1.4m
step 00182/01000 (18.20%) | loss: 7.407757 | lrm: 1.00 | dt: 103.22ms | tok/sec: 9,920 | bf16_mfu: 0.00 | epoch: 1 pq: 0 rg: 1 | total time: 0.30m | eta: 1.4m
step 00183/01000 (18.30%) | loss: 7.369117 | lrm: 1.00 | dt: 101.79ms | tok/sec: 10,060 | bf16_mfu: 0.00 | epoch: 1 pq: 0 rg: 1 | total time: 0.30m | eta: 1.4m
step 00184/01000 (18.40%) | loss: 7.324536 | lrm: 1.00 | dt: 101.17ms | tok/sec: 10,121 | bf16_mfu: 0.00 | epoch: 1 pq: 0 rg: 1 | total time: 0.30m | eta: 1.4m
step 00185/01000 (18.50%) | loss: 7.322987 | lrm: 1.00 | dt: 101.63ms | tok/sec: 10,075 | bf16_mfu: 0.00 | epoch: 1 pq: 0 rg: 1 | total time: 0.30m | eta: 1.4m
step 00186/01000 (18.60%) | loss: 7.338862 | lrm: 1.00 | dt: 100.63ms | tok/sec: 10,175 | bf16_mfu: 0.00 | epoch: 1 pq: 0 rg: 1 | total time: 0.31m | eta: 1.4m
step 00187/01000 (18.70%) | loss: 7.311004 | lrm: 1.00 | dt: 101.25ms | tok/sec: 10,113 | bf16_mfu: 0.00 | epoch: 1 pq: 0 rg: 1 | total time: 0.31m | eta: 1.4m
step 00188/01000 (18.80%) | loss: 7.345867 | lrm: 1.00 | dt: 100.41ms | tok/sec: 10,197 | bf16_mfu: 0.00 | epoch: 1 pq: 0 rg: 1 | total time: 0.31m | eta: 1.4m
step 00189/01000 (18.90%) | loss: 7.309348 | lrm: 1.00 | dt: 106.78ms | tok/sec: 9,590 | bf16_mfu: 0.00 | epoch: 1 pq: 0 rg: 1 | total time: 0.31m | eta: 1.4m
step 00190/01000 (19.00%) | loss: 7.246480 | lrm: 1.00 | dt: 105.09ms | tok/sec: 9,743 | bf16_mfu: 0.00 | epoch: 1 pq: 0 rg: 1 | total time: 0.31m | eta: 1.4m
step 00191/01000 (19.10%) | loss: 7.240021 | lrm: 1.00 | dt: 105.85ms | tok/sec: 9,673 | bf16_mfu: 0.00 | epoch: 1 pq: 0 rg: 1 | total time: 0.32m | eta: 1.4m
step 00192/01000 (19.20%) | loss: 7.280329 | lrm: 1.00 | dt: 105.98ms | tok/sec: 9,662 | bf16_mfu: 0.00 | epoch: 1 pq: 0 rg: 1 | total time: 0.32m | eta: 1.4m
step 00193/01000 (19.30%) | loss: 7.251806 | lrm: 1.00 | dt: 107.40ms | tok/sec: 9,534 | bf16_mfu: 0.00 | epoch: 1 pq: 0 rg: 1 | total time: 0.32m | eta: 1.4m
step 00194/01000 (19.40%) | loss: 7.218645 | lrm: 1.00 | dt: 104.26ms | tok/sec: 9,821 | bf16_mfu: 0.00 | epoch: 1 pq: 0 rg: 1 | total time: 0.32m | eta: 1.4m
step 00195/01000 (19.50%) | loss: 7.240481 | lrm: 1.00 | dt: 104.55ms | tok/sec: 9,793 | bf16_mfu: 0.00 | epoch: 1 pq: 0 rg: 1 | total time: 0.32m | eta: 1.4m
step 00196/01000 (19.60%) | loss: 7.239003 | lrm: 1.00 | dt: 107.97ms | tok/sec: 9,484 | bf16_mfu: 0.00 | epoch: 1 pq: 0 rg: 1 | total time: 0.32m | eta: 1.4m
step 00197/01000 (19.70%) | loss: 7.238647 | lrm: 1.00 | dt: 103.20ms | tok/sec: 9,922 | bf16_mfu: 0.00 | epoch: 1 pq: 0 rg: 1 | total time: 0.33m | eta: 1.4m
step 00198/01000 (19.80%) | loss: 7.210251 | lrm: 1.00 | dt: 104.70ms | tok/sec: 9,780 | bf16_mfu: 0.00 | epoch: 1 pq: 0 rg: 1 | total time: 0.33m | eta: 1.4m
step 00199/01000 (19.90%) | loss: 7.219436 | lrm: 1.00 | dt: 104.89ms | tok/sec: 9,762 | bf16_mfu: 0.00 | epoch: 1 pq: 0 rg: 1 | total time: 0.33m | eta: 1.4m
step 00200/01000 (20.00%) | loss: 7.207235 | lrm: 1.00 | dt: 105.08ms | tok/sec: 9,744 | bf16_mfu: 0.00 | epoch: 1 pq: 0 rg: 1 | total time: 0.33m | eta: 1.4m
step 00201/01000 (20.10%) | loss: 7.219353 | lrm: 1.00 | dt: 103.46ms | tok/sec: 9,897 | bf16_mfu: 0.00 | epoch: 1 pq: 0 rg: 1 | total time: 0.33m | eta: 1.4m
step 00202/01000 (20.20%) | loss: 7.172003 | lrm: 1.00 | dt: 105.20ms | tok/sec: 9,734 | bf16_mfu: 0.00 | epoch: 1 pq: 0 rg: 1 | total time: 0.33m | eta: 1.4m
step 00203/01000 (20.30%) | loss: 7.200498 | lrm: 1.00 | dt: 105.95ms | tok/sec: 9,665 | bf16_mfu: 0.00 | epoch: 1 pq: 0 rg: 1 | total time: 0.34m | eta: 1.4m
step 00204/01000 (20.40%) | loss: 7.197681 | lrm: 1.00 | dt: 106.07ms | tok/sec: 9,654 | bf16_mfu: 0.00 | epoch: 1 pq: 0 rg: 1 | total time: 0.34m | eta: 1.4m
step 00205/01000 (20.50%) | loss: 7.196278 | lrm: 1.00 | dt: 100.99ms | tok/sec: 10,139 | bf16_mfu: 0.00 | epoch: 1 pq: 0 rg: 1 | total time: 0.34m | eta: 1.4m
step 00206/01000 (20.60%) | loss: 7.182917 | lrm: 1.00 | dt: 100.65ms | tok/sec: 10,173 | bf16_mfu: 0.00 | epoch: 1 pq: 0 rg: 1 | total time: 0.34m | eta: 1.4m
step 00207/01000 (20.70%) | loss: 7.195245 | lrm: 1.00 | dt: 103.15ms | tok/sec: 9,926 | bf16_mfu: 0.00 | epoch: 1 pq: 0 rg: 1 | total time: 0.34m | eta: 1.4m
step 00208/01000 (20.80%) | loss: 7.183567 | lrm: 1.00 | dt: 113.04ms | tok/sec: 9,058 | bf16_mfu: 0.00 | epoch: 1 pq: 0 rg: 1 | total time: 0.34m | eta: 1.4m
step 00209/01000 (20.90%) | loss: 7.154223 | lrm: 1.00 | dt: 105.20ms | tok/sec: 9,734 | bf16_mfu: 0.00 | epoch: 1 pq: 0 rg: 1 | total time: 0.35m | eta: 1.4m
step 00210/01000 (21.00%) | loss: 7.148114 | lrm: 1.00 | dt: 103.14ms | tok/sec: 9,928 | bf16_mfu: 0.00 | epoch: 1 pq: 0 rg: 1 | total time: 0.35m | eta: 1.4m
step 00211/01000 (21.10%) | loss: 7.185671 | lrm: 1.00 | dt: 102.12ms | tok/sec: 10,027 | bf16_mfu: 0.00 | epoch: 1 pq: 0 rg: 1 | total time: 0.35m | eta: 1.4m
step 00212/01000 (21.20%) | loss: 7.189687 | lrm: 1.00 | dt: 101.38ms | tok/sec: 10,100 | bf16_mfu: 0.00 | epoch: 1 pq: 0 rg: 1 | total time: 0.35m | eta: 1.4m
step 00213/01000 (21.30%) | loss: 7.199690 | lrm: 1.00 | dt: 104.23ms | tok/sec: 9,824 | bf16_mfu: 0.00 | epoch: 1 pq: 0 rg: 1 | total time: 0.35m | eta: 1.4m
step 00214/01000 (21.40%) | loss: 7.233292 | lrm: 1.00 | dt: 101.79ms | tok/sec: 10,059 | bf16_mfu: 0.00 | epoch: 1 pq: 0 rg: 1 | total time: 0.36m | eta: 1.4m
step 00215/01000 (21.50%) | loss: 7.162416 | lrm: 1.00 | dt: 101.77ms | tok/sec: 10,061 | bf16_mfu: 0.00 | epoch: 1 pq: 0 rg: 1 | total time: 0.36m | eta: 1.4m
step 00216/01000 (21.60%) | loss: 7.126186 | lrm: 1.00 | dt: 101.31ms | tok/sec: 10,107 | bf16_mfu: 0.00 | epoch: 1 pq: 0 rg: 1 | total time: 0.36m | eta: 1.4m
step 00217/01000 (21.70%) | loss: 7.169895 | lrm: 1.00 | dt: 103.92ms | tok/sec: 9,853 | bf16_mfu: 0.00 | epoch: 1 pq: 0 rg: 1 | total time: 0.36m | eta: 1.4m
step 00218/01000 (21.80%) | loss: 7.192075 | lrm: 1.00 | dt: 107.22ms | tok/sec: 9,550 | bf16_mfu: 0.00 | epoch: 1 pq: 0 rg: 1 | total time: 0.36m | eta: 1.4m
step 00219/01000 (21.90%) | loss: 7.250879 | lrm: 1.00 | dt: 106.80ms | tok/sec: 9,587 | bf16_mfu: 0.00 | epoch: 1 pq: 0 rg: 1 | total time: 0.36m | eta: 1.4m
step 00220/01000 (22.00%) | loss: 7.276655 | lrm: 1.00 | dt: 102.56ms | tok/sec: 9,984 | bf16_mfu: 0.00 | epoch: 1 pq: 0 rg: 1 | total time: 0.37m | eta: 1.4m
step 00221/01000 (22.10%) | loss: 7.260017 | lrm: 1.00 | dt: 100.40ms | tok/sec: 10,199 | bf16_mfu: 0.00 | epoch: 1 pq: 0 rg: 1 | total time: 0.37m | eta: 1.4m
step 00222/01000 (22.20%) | loss: 7.273337 | lrm: 1.00 | dt: 101.48ms | tok/sec: 10,090 | bf16_mfu: 0.00 | epoch: 1 pq: 0 rg: 1 | total time: 0.37m | eta: 1.4m
step 00223/01000 (22.30%) | loss: 7.257524 | lrm: 1.00 | dt: 100.24ms | tok/sec: 10,215 | bf16_mfu: 0.00 | epoch: 1 pq: 0 rg: 1 | total time: 0.37m | eta: 1.4m
step 00224/01000 (22.40%) | loss: 7.279745 | lrm: 1.00 | dt: 108.71ms | tok/sec: 9,419 | bf16_mfu: 0.00 | epoch: 1 pq: 0 rg: 1 | total time: 0.37m | eta: 1.4m
step 00225/01000 (22.50%) | loss: 7.302366 | lrm: 1.00 | dt: 111.68ms | tok/sec: 9,168 | bf16_mfu: 0.00 | epoch: 1 pq: 0 rg: 1 | total time: 0.37m | eta: 1.3m
step 00226/01000 (22.60%) | loss: 7.312883 | lrm: 1.00 | dt: 164.02ms | tok/sec: 6,242 | bf16_mfu: 0.00 | epoch: 1 pq: 0 rg: 1 | total time: 0.38m | eta: 1.4m
step 00227/01000 (22.70%) | loss: 7.279109 | lrm: 1.00 | dt: 107.24ms | tok/sec: 9,548 | bf16_mfu: 0.00 | epoch: 1 pq: 0 rg: 1 | total time: 0.38m | eta: 1.3m
step 00228/01000 (22.80%) | loss: 7.357589 | lrm: 1.00 | dt: 106.50ms | tok/sec: 9,614 | bf16_mfu: 0.00 | epoch: 1 pq: 0 rg: 1 | total time: 0.38m | eta: 1.3m
step 00229/01000 (22.90%) | loss: 7.342016 | lrm: 1.00 | dt: 103.32ms | tok/sec: 9,911 | bf16_mfu: 0.00 | epoch: 1 pq: 0 rg: 1 | total time: 0.38m | eta: 1.3m
step 00230/01000 (23.00%) | loss: 7.384714 | lrm: 1.00 | dt: 101.42ms | tok/sec: 10,096 | bf16_mfu: 0.00 | epoch: 1 pq: 0 rg: 1 | total time: 0.38m | eta: 1.3m
step 00231/01000 (23.10%) | loss: 7.326516 | lrm: 1.00 | dt: 101.28ms | tok/sec: 10,110 | bf16_mfu: 0.00 | epoch: 1 pq: 0 rg: 1 | total time: 0.39m | eta: 1.3m
step 00232/01000 (23.20%) | loss: 7.296413 | lrm: 1.00 | dt: 100.54ms | tok/sec: 10,184 | bf16_mfu: 0.00 | epoch: 1 pq: 0 rg: 1 | total time: 0.39m | eta: 1.3m
step 00233/01000 (23.30%) | loss: 7.301972 | lrm: 1.00 | dt: 101.24ms | tok/sec: 10,114 | bf16_mfu: 0.00 | epoch: 1 pq: 0 rg: 1 | total time: 0.39m | eta: 1.3m
step 00234/01000 (23.40%) | loss: 7.324558 | lrm: 1.00 | dt: 101.00ms | tok/sec: 10,139 | bf16_mfu: 0.00 | epoch: 1 pq: 0 rg: 1 | total time: 0.39m | eta: 1.3m
step 00235/01000 (23.50%) | loss: 7.309030 | lrm: 1.00 | dt: 101.28ms | tok/sec: 10,110 | bf16_mfu: 0.00 | epoch: 1 pq: 0 rg: 1 | total time: 0.39m | eta: 1.3m
step 00236/01000 (23.60%) | loss: 7.289748 | lrm: 1.00 | dt: 104.53ms | tok/sec: 9,796 | bf16_mfu: 0.00 | epoch: 1 pq: 0 rg: 1 | total time: 0.39m | eta: 1.3m
step 00237/01000 (23.70%) | loss: 7.243525 | lrm: 1.00 | dt: 100.98ms | tok/sec: 10,141 | bf16_mfu: 0.00 | epoch: 1 pq: 0 rg: 1 | total time: 0.40m | eta: 1.3m
step 00238/01000 (23.80%) | loss: 7.257537 | lrm: 1.00 | dt: 100.08ms | tok/sec: 10,232 | bf16_mfu: 0.00 | epoch: 1 pq: 0 rg: 1 | total time: 0.40m | eta: 1.3m
step 00239/01000 (23.90%) | loss: 7.241784 | lrm: 1.00 | dt: 98.98ms | tok/sec: 10,345 | bf16_mfu: 0.00 | epoch: 1 pq: 0 rg: 1 | total time: 0.40m | eta: 1.3m
step 00240/01000 (24.00%) | loss: 7.264671 | lrm: 1.00 | dt: 99.62ms | tok/sec: 10,279 | bf16_mfu: 0.00 | epoch: 1 pq: 0 rg: 1 | total time: 0.40m | eta: 1.3m
step 00241/01000 (24.10%) | loss: 7.303895 | lrm: 1.00 | dt: 102.83ms | tok/sec: 9,957 | bf16_mfu: 0.00 | epoch: 1 pq: 0 rg: 1 | total time: 0.40m | eta: 1.3m
step 00242/01000 (24.20%) | loss: 7.242283 | lrm: 1.00 | dt: 99.37ms | tok/sec: 10,304 | bf16_mfu: 0.00 | epoch: 1 pq: 0 rg: 1 | total time: 0.40m | eta: 1.3m
step 00243/01000 (24.30%) | loss: 7.274286 | lrm: 1.00 | dt: 101.94ms | tok/sec: 10,045 | bf16_mfu: 0.00 | epoch: 1 pq: 0 rg: 1 | total time: 0.41m | eta: 1.3m
step 00244/01000 (24.40%) | loss: 7.295627 | lrm: 1.00 | dt: 101.18ms | tok/sec: 10,120 | bf16_mfu: 0.00 | epoch: 1 pq: 0 rg: 1 | total time: 0.41m | eta: 1.3m
step 00245/01000 (24.50%) | loss: 7.253293 | lrm: 1.00 | dt: 104.72ms | tok/sec: 9,778 | bf16_mfu: 0.00 | epoch: 1 pq: 0 rg: 1 | total time: 0.41m | eta: 1.3m
step 00246/01000 (24.60%) | loss: 7.243484 | lrm: 1.00 | dt: 102.51ms | tok/sec: 9,989 | bf16_mfu: 0.00 | epoch: 1 pq: 0 rg: 1 | total time: 0.41m | eta: 1.3m
step 00247/01000 (24.70%) | loss: 7.216393 | lrm: 1.00 | dt: 104.37ms | tok/sec: 9,811 | bf16_mfu: 0.00 | epoch: 1 pq: 0 rg: 1 | total time: 0.41m | eta: 1.3m
step 00248/01000 (24.80%) | loss: 7.210638 | lrm: 1.00 | dt: 101.52ms | tok/sec: 10,086 | bf16_mfu: 0.00 | epoch: 1 pq: 0 rg: 1 | total time: 0.41m | eta: 1.3m
step 00249/01000 (24.90%) | loss: 7.232420 | lrm: 1.00 | dt: 119.89ms | tok/sec: 8,541 | bf16_mfu: 0.00 | epoch: 1 pq: 0 rg: 2 | total time: 0.42m | eta: 1.3m
step 00250/01000 (25.00%) | loss: 7.264606 | lrm: 1.00 | dt: 104.98ms | tok/sec: 9,754 | bf16_mfu: 0.00 | epoch: 1 pq: 0 rg: 2 | total time: 0.42m | eta: 1.3m
step 00251/01000 (25.10%) | loss: 7.217249 | lrm: 1.00 | dt: 103.78ms | tok/sec: 9,867 | bf16_mfu: 0.00 | epoch: 1 pq: 0 rg: 2 | total time: 0.42m | eta: 1.3m
step 00252/01000 (25.20%) | loss: 7.218320 | lrm: 1.00 | dt: 101.88ms | tok/sec: 10,050 | bf16_mfu: 0.00 | epoch: 1 pq: 0 rg: 2 | total time: 0.42m | eta: 1.3m
step 00253/01000 (25.30%) | loss: 7.241543 | lrm: 1.00 | dt: 103.19ms | tok/sec: 9,923 | bf16_mfu: 0.00 | epoch: 1 pq: 0 rg: 2 | total time: 0.42m | eta: 1.3m
step 00254/01000 (25.40%) | loss: 7.162396 | lrm: 1.00 | dt: 101.52ms | tok/sec: 10,086 | bf16_mfu: 0.00 | epoch: 1 pq: 0 rg: 2 | total time: 0.42m | eta: 1.3m
step 00255/01000 (25.50%) | loss: 7.129445 | lrm: 1.00 | dt: 102.94ms | tok/sec: 9,947 | bf16_mfu: 0.00 | epoch: 1 pq: 0 rg: 2 | total time: 0.43m | eta: 1.3m
step 00256/01000 (25.60%) | loss: 7.117414 | lrm: 1.00 | dt: 101.54ms | tok/sec: 10,084 | bf16_mfu: 0.00 | epoch: 1 pq: 0 rg: 2 | total time: 0.43m | eta: 1.3m
step 00257/01000 (25.70%) | loss: 7.097695 | lrm: 1.00 | dt: 100.51ms | tok/sec: 10,187 | bf16_mfu: 0.00 | epoch: 1 pq: 0 rg: 2 | total time: 0.43m | eta: 1.3m
step 00258/01000 (25.80%) | loss: 7.082540 | lrm: 1.00 | dt: 101.75ms | tok/sec: 10,064 | bf16_mfu: 0.00 | epoch: 1 pq: 0 rg: 2 | total time: 0.43m | eta: 1.3m
step 00259/01000 (25.90%) | loss: 7.080930 | lrm: 1.00 | dt: 108.36ms | tok/sec: 9,450 | bf16_mfu: 0.00 | epoch: 1 pq: 0 rg: 2 | total time: 0.43m | eta: 1.3m
step 00260/01000 (26.00%) | loss: 7.106206 | lrm: 1.00 | dt: 100.69ms | tok/sec: 10,169 | bf16_mfu: 0.00 | epoch: 1 pq: 0 rg: 2 | total time: 0.44m | eta: 1.3m
step 00261/01000 (26.10%) | loss: 7.107287 | lrm: 1.00 | dt: 100.78ms | tok/sec: 10,160 | bf16_mfu: 0.00 | epoch: 1 pq: 0 rg: 2 | total time: 0.44m | eta: 1.3m
step 00262/01000 (26.20%) | loss: 7.065627 | lrm: 1.00 | dt: 100.30ms | tok/sec: 10,209 | bf16_mfu: 0.00 | epoch: 1 pq: 0 rg: 2 | total time: 0.44m | eta: 1.3m
step 00263/01000 (26.30%) | loss: 7.044106 | lrm: 1.00 | dt: 100.74ms | tok/sec: 10,164 | bf16_mfu: 0.00 | epoch: 1 pq: 0 rg: 2 | total time: 0.44m | eta: 1.3m
step 00264/01000 (26.40%) | loss: 7.049529 | lrm: 1.00 | dt: 100.27ms | tok/sec: 10,212 | bf16_mfu: 0.00 | epoch: 1 pq: 0 rg: 2 | total time: 0.44m | eta: 1.3m
step 00265/01000 (26.50%) | loss: 7.020124 | lrm: 1.00 | dt: 100.60ms | tok/sec: 10,179 | bf16_mfu: 0.00 | epoch: 1 pq: 0 rg: 2 | total time: 0.44m | eta: 1.3m
step 00266/01000 (26.60%) | loss: 6.973374 | lrm: 1.00 | dt: 100.38ms | tok/sec: 10,201 | bf16_mfu: 0.00 | epoch: 1 pq: 0 rg: 2 | total time: 0.45m | eta: 1.3m
step 00267/01000 (26.70%) | loss: 7.045237 | lrm: 1.00 | dt: 100.21ms | tok/sec: 10,218 | bf16_mfu: 0.00 | epoch: 1 pq: 0 rg: 2 | total time: 0.45m | eta: 1.3m
step 00268/01000 (26.80%) | loss: 7.098733 | lrm: 1.00 | dt: 100.56ms | tok/sec: 10,183 | bf16_mfu: 0.00 | epoch: 1 pq: 0 rg: 2 | total time: 0.45m | eta: 1.3m
step 00269/01000 (26.90%) | loss: 7.122336 | lrm: 1.00 | dt: 101.19ms | tok/sec: 10,119 | bf16_mfu: 0.00 | epoch: 1 pq: 0 rg: 2 | total time: 0.45m | eta: 1.3m
step 00270/01000 (27.00%) | loss: 7.097163 | lrm: 1.00 | dt: 100.85ms | tok/sec: 10,153 | bf16_mfu: 0.00 | epoch: 1 pq: 0 rg: 2 | total time: 0.45m | eta: 1.3m
step 00271/01000 (27.10%) | loss: 7.100942 | lrm: 1.00 | dt: 100.30ms | tok/sec: 10,209 | bf16_mfu: 0.00 | epoch: 1 pq: 0 rg: 2 | total time: 0.45m | eta: 1.3m
step 00272/01000 (27.20%) | loss: 7.118365 | lrm: 1.00 | dt: 100.37ms | tok/sec: 10,202 | bf16_mfu: 0.00 | epoch: 1 pq: 0 rg: 2 | total time: 0.46m | eta: 1.3m
step 00273/01000 (27.30%) | loss: 7.142561 | lrm: 1.00 | dt: 100.88ms | tok/sec: 10,150 | bf16_mfu: 0.00 | epoch: 1 pq: 0 rg: 2 | total time: 0.46m | eta: 1.3m
step 00274/01000 (27.40%) | loss: 7.163307 | lrm: 1.00 | dt: 100.37ms | tok/sec: 10,202 | bf16_mfu: 0.00 | epoch: 1 pq: 0 rg: 2 | total time: 0.46m | eta: 1.3m
step 00275/01000 (27.50%) | loss: 7.145630 | lrm: 1.00 | dt: 100.87ms | tok/sec: 10,151 | bf16_mfu: 0.00 | epoch: 1 pq: 0 rg: 2 | total time: 0.46m | eta: 1.3m
step 00276/01000 (27.60%) | loss: 7.183512 | lrm: 1.00 | dt: 100.16ms | tok/sec: 10,223 | bf16_mfu: 0.00 | epoch: 1 pq: 0 rg: 2 | total time: 0.46m | eta: 1.3m
step 00277/01000 (27.70%) | loss: 7.192832 | lrm: 1.00 | dt: 100.01ms | tok/sec: 10,238 | bf16_mfu: 0.00 | epoch: 1 pq: 0 rg: 2 | total time: 0.46m | eta: 1.3m
step 00278/01000 (27.80%) | loss: 7.197473 | lrm: 1.00 | dt: 100.62ms | tok/sec: 10,176 | bf16_mfu: 0.00 | epoch: 1 pq: 0 rg: 2 | total time: 0.47m | eta: 1.3m
step 00279/01000 (27.90%) | loss: 7.152870 | lrm: 1.00 | dt: 100.03ms | tok/sec: 10,237 | bf16_mfu: 0.00 | epoch: 1 pq: 0 rg: 2 | total time: 0.47m | eta: 1.3m
step 00280/01000 (28.00%) | loss: 7.134950 | lrm: 1.00 | dt: 100.92ms | tok/sec: 10,146 | bf16_mfu: 0.00 | epoch: 1 pq: 0 rg: 2 | total time: 0.47m | eta: 1.2m
step 00281/01000 (28.10%) | loss: 7.182362 | lrm: 1.00 | dt: 100.26ms | tok/sec: 10,213 | bf16_mfu: 0.00 | epoch: 1 pq: 0 rg: 2 | total time: 0.47m | eta: 1.2m
step 00282/01000 (28.20%) | loss: 7.114137 | lrm: 1.00 | dt: 99.84ms | tok/sec: 10,256 | bf16_mfu: 0.00 | epoch: 1 pq: 0 rg: 2 | total time: 0.47m | eta: 1.2m
step 00283/01000 (28.30%) | loss: 7.131263 | lrm: 1.00 | dt: 100.18ms | tok/sec: 10,221 | bf16_mfu: 0.00 | epoch: 1 pq: 0 rg: 2 | total time: 0.47m | eta: 1.2m
step 00284/01000 (28.40%) | loss: 7.081564 | lrm: 1.00 | dt: 100.75ms | tok/sec: 10,163 | bf16_mfu: 0.00 | epoch: 1 pq: 0 rg: 2 | total time: 0.48m | eta: 1.2m
step 00285/01000 (28.50%) | loss: 7.086705 | lrm: 1.00 | dt: 100.13ms | tok/sec: 10,227 | bf16_mfu: 0.00 | epoch: 1 pq: 0 rg: 2 | total time: 0.48m | eta: 1.2m
step 00286/01000 (28.60%) | loss: 7.044015 | lrm: 1.00 | dt: 100.44ms | tok/sec: 10,195 | bf16_mfu: 0.00 | epoch: 1 pq: 0 rg: 2 | total time: 0.48m | eta: 1.2m
step 00287/01000 (28.70%) | loss: 7.069139 | lrm: 1.00 | dt: 99.66ms | tok/sec: 10,274 | bf16_mfu: 0.00 | epoch: 1 pq: 0 rg: 2 | total time: 0.48m | eta: 1.2m
step 00288/01000 (28.80%) | loss: 6.989660 | lrm: 1.00 | dt: 100.48ms | tok/sec: 10,191 | bf16_mfu: 0.00 | epoch: 1 pq: 0 rg: 2 | total time: 0.48m | eta: 1.2m
step 00289/01000 (28.90%) | loss: 6.986252 | lrm: 1.00 | dt: 99.60ms | tok/sec: 10,280 | bf16_mfu: 0.00 | epoch: 1 pq: 0 rg: 2 | total time: 0.48m | eta: 1.2m
step 00290/01000 (29.00%) | loss: 7.035148 | lrm: 1.00 | dt: 100.68ms | tok/sec: 10,171 | bf16_mfu: 0.00 | epoch: 1 pq: 0 rg: 2 | total time: 0.49m | eta: 1.2m
step 00291/01000 (29.10%) | loss: 6.937453 | lrm: 1.00 | dt: 100.37ms | tok/sec: 10,202 | bf16_mfu: 0.00 | epoch: 1 pq: 0 rg: 2 | total time: 0.49m | eta: 1.2m
step 00292/01000 (29.20%) | loss: 6.913852 | lrm: 1.00 | dt: 104.26ms | tok/sec: 9,821 | bf16_mfu: 0.00 | epoch: 1 pq: 0 rg: 2 | total time: 0.49m | eta: 1.2m
step 00293/01000 (29.30%) | loss: 6.898660 | lrm: 1.00 | dt: 107.77ms | tok/sec: 9,501 | bf16_mfu: 0.00 | epoch: 1 pq: 0 rg: 2 | total time: 0.49m | eta: 1.2m
step 00294/01000 (29.40%) | loss: 6.828331 | lrm: 1.00 | dt: 107.18ms | tok/sec: 9,554 | bf16_mfu: 0.00 | epoch: 1 pq: 0 rg: 2 | total time: 0.49m | eta: 1.2m
step 00295/01000 (29.50%) | loss: 6.816098 | lrm: 1.00 | dt: 104.93ms | tok/sec: 9,759 | bf16_mfu: 0.00 | epoch: 1 pq: 0 rg: 2 | total time: 0.49m | eta: 1.2m
step 00296/01000 (29.60%) | loss: 6.911299 | lrm: 1.00 | dt: 104.55ms | tok/sec: 9,794 | bf16_mfu: 0.00 | epoch: 1 pq: 0 rg: 2 | total time: 0.50m | eta: 1.2m
step 00297/01000 (29.70%) | loss: 6.927415 | lrm: 1.00 | dt: 102.47ms | tok/sec: 9,992 | bf16_mfu: 0.00 | epoch: 1 pq: 0 rg: 2 | total time: 0.50m | eta: 1.2m
step 00298/01000 (29.80%) | loss: 6.890682 | lrm: 1.00 | dt: 115.44ms | tok/sec: 8,870 | bf16_mfu: 0.00 | epoch: 1 pq: 0 rg: 2 | total time: 0.50m | eta: 1.2m
step 00299/01000 (29.90%) | loss: 6.947192 | lrm: 1.00 | dt: 104.63ms | tok/sec: 9,786 | bf16_mfu: 0.00 | epoch: 1 pq: 0 rg: 2 | total time: 0.50m | eta: 1.2m
step 00300/01000 (30.00%) | loss: 6.936213 | lrm: 1.00 | dt: 103.69ms | tok/sec: 9,875 | bf16_mfu: 0.00 | epoch: 1 pq: 0 rg: 2 | total time: 0.50m | eta: 1.2m
step 00301/01000 (30.10%) | loss: 7.043187 | lrm: 1.00 | dt: 107.16ms | tok/sec: 9,555 | bf16_mfu: 0.00 | epoch: 1 pq: 0 rg: 2 | total time: 0.50m | eta: 1.2m
step 00302/01000 (30.20%) | loss: 6.980710 | lrm: 1.00 | dt: 105.28ms | tok/sec: 9,726 | bf16_mfu: 0.00 | epoch: 1 pq: 0 rg: 2 | total time: 0.51m | eta: 1.2m
step 00303/01000 (30.30%) | loss: 6.988222 | lrm: 1.00 | dt: 102.85ms | tok/sec: 9,955 | bf16_mfu: 0.00 | epoch: 1 pq: 0 rg: 2 | total time: 0.51m | eta: 1.2m
step 00304/01000 (30.40%) | loss: 7.087117 | lrm: 1.00 | dt: 105.57ms | tok/sec: 9,700 | bf16_mfu: 0.00 | epoch: 1 pq: 0 rg: 2 | total time: 0.51m | eta: 1.2m
step 00305/01000 (30.50%) | loss: 7.022493 | lrm: 1.00 | dt: 106.43ms | tok/sec: 9,621 | bf16_mfu: 0.00 | epoch: 1 pq: 0 rg: 2 | total time: 0.51m | eta: 1.2m
step 00306/01000 (30.60%) | loss: 7.019878 | lrm: 1.00 | dt: 102.28ms | tok/sec: 10,011 | bf16_mfu: 0.00 | epoch: 1 pq: 0 rg: 2 | total time: 0.51m | eta: 1.2m
step 00307/01000 (30.70%) | loss: 6.981692 | lrm: 1.00 | dt: 100.51ms | tok/sec: 10,188 | bf16_mfu: 0.00 | epoch: 1 pq: 0 rg: 2 | total time: 0.52m | eta: 1.2m
step 00308/01000 (30.80%) | loss: 6.959669 | lrm: 1.00 | dt: 100.11ms | tok/sec: 10,228 | bf16_mfu: 0.00 | epoch: 1 pq: 0 rg: 2 | total time: 0.52m | eta: 1.2m
step 00309/01000 (30.90%) | loss: 7.026880 | lrm: 1.00 | dt: 100.90ms | tok/sec: 10,148 | bf16_mfu: 0.00 | epoch: 1 pq: 0 rg: 2 | total time: 0.52m | eta: 1.2m
step 00310/01000 (31.00%) | loss: 7.054081 | lrm: 1.00 | dt: 99.96ms | tok/sec: 10,243 | bf16_mfu: 0.00 | epoch: 1 pq: 0 rg: 2 | total time: 0.52m | eta: 1.2m
step 00311/01000 (31.10%) | loss: 7.136891 | lrm: 1.00 | dt: 100.19ms | tok/sec: 10,220 | bf16_mfu: 0.00 | epoch: 1 pq: 0 rg: 2 | total time: 0.52m | eta: 1.2m
step 00312/01000 (31.20%) | loss: 7.068061 | lrm: 1.00 | dt: 100.85ms | tok/sec: 10,153 | bf16_mfu: 0.00 | epoch: 1 pq: 0 rg: 2 | total time: 0.52m | eta: 1.2m
step 00313/01000 (31.30%) | loss: 7.136404 | lrm: 1.00 | dt: 100.14ms | tok/sec: 10,225 | bf16_mfu: 0.00 | epoch: 1 pq: 0 rg: 2 | total time: 0.53m | eta: 1.2m
step 00314/01000 (31.40%) | loss: 7.111053 | lrm: 1.00 | dt: 100.48ms | tok/sec: 10,191 | bf16_mfu: 0.00 | epoch: 1 pq: 0 rg: 2 | total time: 0.53m | eta: 1.2m
step 00315/01000 (31.50%) | loss: 7.072592 | lrm: 1.00 | dt: 99.98ms | tok/sec: 10,241 | bf16_mfu: 0.00 | epoch: 1 pq: 0 rg: 2 | total time: 0.53m | eta: 1.2m
step 00316/01000 (31.60%) | loss: 7.093556 | lrm: 1.00 | dt: 100.19ms | tok/sec: 10,220 | bf16_mfu: 0.00 | epoch: 1 pq: 0 rg: 2 | total time: 0.53m | eta: 1.2m
step 00317/01000 (31.70%) | loss: 7.115585 | lrm: 1.00 | dt: 100.68ms | tok/sec: 10,171 | bf16_mfu: 0.00 | epoch: 1 pq: 0 rg: 2 | total time: 0.53m | eta: 1.2m
step 00318/01000 (31.80%) | loss: 7.104392 | lrm: 1.00 | dt: 100.02ms | tok/sec: 10,238 | bf16_mfu: 0.00 | epoch: 1 pq: 0 rg: 2 | total time: 0.53m | eta: 1.2m
step 00319/01000 (31.90%) | loss: 7.123184 | lrm: 1.00 | dt: 101.08ms | tok/sec: 10,130 | bf16_mfu: 0.00 | epoch: 1 pq: 0 rg: 2 | total time: 0.54m | eta: 1.2m
step 00320/01000 (32.00%) | loss: 7.158171 | lrm: 1.00 | dt: 100.17ms | tok/sec: 10,222 | bf16_mfu: 0.00 | epoch: 1 pq: 0 rg: 2 | total time: 0.54m | eta: 1.2m
step 00321/01000 (32.10%) | loss: 7.100793 | lrm: 1.00 | dt: 100.37ms | tok/sec: 10,202 | bf16_mfu: 0.00 | epoch: 1 pq: 0 rg: 2 | total time: 0.54m | eta: 1.2m
step 00322/01000 (32.20%) | loss: 7.086120 | lrm: 1.00 | dt: 100.79ms | tok/sec: 10,159 | bf16_mfu: 0.00 | epoch: 1 pq: 0 rg: 2 | total time: 0.54m | eta: 1.2m
step 00323/01000 (32.30%) | loss: 7.051035 | lrm: 1.00 | dt: 100.07ms | tok/sec: 10,232 | bf16_mfu: 0.00 | epoch: 1 pq: 0 rg: 2 | total time: 0.54m | eta: 1.2m
step 00324/01000 (32.40%) | loss: 7.100928 | lrm: 1.00 | dt: 100.72ms | tok/sec: 10,166 | bf16_mfu: 0.00 | epoch: 1 pq: 0 rg: 2 | total time: 0.54m | eta: 1.2m
step 00325/01000 (32.50%) | loss: 7.080190 | lrm: 1.00 | dt: 100.33ms | tok/sec: 10,206 | bf16_mfu: 0.00 | epoch: 1 pq: 0 rg: 2 | total time: 0.55m | eta: 1.2m
step 00326/01000 (32.60%) | loss: 7.003460 | lrm: 1.00 | dt: 99.87ms | tok/sec: 10,253 | bf16_mfu: 0.00 | epoch: 1 pq: 0 rg: 2 | total time: 0.55m | eta: 1.2m
step 00327/01000 (32.70%) | loss: 7.060196 | lrm: 1.00 | dt: 101.13ms | tok/sec: 10,125 | bf16_mfu: 0.00 | epoch: 1 pq: 0 rg: 2 | total time: 0.55m | eta: 1.2m
step 00328/01000 (32.80%) | loss: 7.297679 | lrm: 1.00 | dt: 100.10ms | tok/sec: 10,229 | bf16_mfu: 0.00 | epoch: 1 pq: 0 rg: 2 | total time: 0.55m | eta: 1.2m
step 00329/01000 (32.90%) | loss: 7.264172 | lrm: 1.00 | dt: 100.55ms | tok/sec: 10,183 | bf16_mfu: 0.00 | epoch: 1 pq: 0 rg: 2 | total time: 0.55m | eta: 1.2m
step 00330/01000 (33.00%) | loss: 7.253997 | lrm: 1.00 | dt: 100.35ms | tok/sec: 10,203 | bf16_mfu: 0.00 | epoch: 1 pq: 0 rg: 2 | total time: 0.55m | eta: 1.2m
step 00331/01000 (33.10%) | loss: 7.270237 | lrm: 1.00 | dt: 99.95ms | tok/sec: 10,244 | bf16_mfu: 0.00 | epoch: 1 pq: 0 rg: 2 | total time: 0.56m | eta: 1.2m
step 00332/01000 (33.20%) | loss: 7.266914 | lrm: 1.00 | dt: 100.57ms | tok/sec: 10,181 | bf16_mfu: 0.00 | epoch: 1 pq: 0 rg: 2 | total time: 0.56m | eta: 1.2m
step 00333/01000 (33.30%) | loss: 7.270585 | lrm: 1.00 | dt: 99.82ms | tok/sec: 10,258 | bf16_mfu: 0.00 | epoch: 1 pq: 0 rg: 2 | total time: 0.56m | eta: 1.2m
step 00334/01000 (33.40%) | loss: 7.248502 | lrm: 1.00 | dt: 101.36ms | tok/sec: 10,102 | bf16_mfu: 0.00 | epoch: 1 pq: 0 rg: 2 | total time: 0.56m | eta: 1.2m
step 00335/01000 (33.50%) | loss: 7.281317 | lrm: 1.00 | dt: 100.69ms | tok/sec: 10,169 | bf16_mfu: 0.00 | epoch: 1 pq: 0 rg: 2 | total time: 0.56m | eta: 1.2m
step 00336/01000 (33.60%) | loss: 7.272577 | lrm: 1.00 | dt: 101.86ms | tok/sec: 10,053 | bf16_mfu: 0.00 | epoch: 1 pq: 0 rg: 2 | total time: 0.56m | eta: 1.1m
step 00337/01000 (33.70%) | loss: 7.249199 | lrm: 1.00 | dt: 101.15ms | tok/sec: 10,123 | bf16_mfu: 0.00 | epoch: 1 pq: 0 rg: 2 | total time: 0.57m | eta: 1.1m
step 00338/01000 (33.80%) | loss: 7.186875 | lrm: 1.00 | dt: 105.54ms | tok/sec: 9,702 | bf16_mfu: 0.00 | epoch: 1 pq: 0 rg: 2 | total time: 0.57m | eta: 1.1m
step 00339/01000 (33.90%) | loss: 7.136932 | lrm: 1.00 | dt: 102.41ms | tok/sec: 9,998 | bf16_mfu: 0.00 | epoch: 1 pq: 0 rg: 2 | total time: 0.57m | eta: 1.1m
step 00340/01000 (34.00%) | loss: 7.081457 | lrm: 1.00 | dt: 102.75ms | tok/sec: 9,965 | bf16_mfu: 0.00 | epoch: 1 pq: 0 rg: 2 | total time: 0.57m | eta: 1.1m
step 00341/01000 (34.10%) | loss: 7.043307 | lrm: 1.00 | dt: 105.12ms | tok/sec: 9,740 | bf16_mfu: 0.00 | epoch: 1 pq: 0 rg: 2 | total time: 0.57m | eta: 1.1m
step 00342/01000 (34.20%) | loss: 7.044647 | lrm: 1.00 | dt: 155.97ms | tok/sec: 6,565 | bf16_mfu: 0.00 | epoch: 1 pq: 0 rg: 2 | total time: 0.57m | eta: 1.1m
step 00343/01000 (34.30%) | loss: 6.966764 | lrm: 1.00 | dt: 103.23ms | tok/sec: 9,919 | bf16_mfu: 0.00 | epoch: 1 pq: 0 rg: 2 | total time: 0.58m | eta: 1.1m
step 00344/01000 (34.40%) | loss: 6.986616 | lrm: 1.00 | dt: 101.24ms | tok/sec: 10,114 | bf16_mfu: 0.00 | epoch: 1 pq: 0 rg: 2 | total time: 0.58m | eta: 1.1m
step 00345/01000 (34.50%) | loss: 6.941889 | lrm: 1.00 | dt: 103.15ms | tok/sec: 9,927 | bf16_mfu: 0.00 | epoch: 1 pq: 0 rg: 2 | total time: 0.58m | eta: 1.1m
step 00346/01000 (34.60%) | loss: 7.004070 | lrm: 1.00 | dt: 108.43ms | tok/sec: 9,443 | bf16_mfu: 0.00 | epoch: 1 pq: 0 rg: 2 | total time: 0.58m | eta: 1.1m
step 00347/01000 (34.70%) | loss: 7.030733 | lrm: 1.00 | dt: 102.87ms | tok/sec: 9,954 | bf16_mfu: 0.00 | epoch: 1 pq: 0 rg: 2 | total time: 0.58m | eta: 1.1m
step 00348/01000 (34.80%) | loss: 7.105321 | lrm: 1.00 | dt: 102.27ms | tok/sec: 10,012 | bf16_mfu: 0.00 | epoch: 1 pq: 0 rg: 2 | total time: 0.59m | eta: 1.1m
step 00349/01000 (34.90%) | loss: 7.068242 | lrm: 1.00 | dt: 99.69ms | tok/sec: 10,272 | bf16_mfu: 0.00 | epoch: 1 pq: 0 rg: 2 | total time: 0.59m | eta: 1.1m
step 00350/01000 (35.00%) | loss: 7.029050 | lrm: 1.00 | dt: 101.31ms | tok/sec: 10,107 | bf16_mfu: 0.00 | epoch: 1 pq: 0 rg: 2 | total time: 0.59m | eta: 1.1m
step 00351/01000 (35.10%) | loss: 7.015092 | lrm: 1.00 | dt: 105.21ms | tok/sec: 9,733 | bf16_mfu: 0.00 | epoch: 1 pq: 0 rg: 2 | total time: 0.59m | eta: 1.1m
step 00352/01000 (35.20%) | loss: 7.166460 | lrm: 1.00 | dt: 105.38ms | tok/sec: 9,716 | bf16_mfu: 0.00 | epoch: 1 pq: 0 rg: 2 | total time: 0.59m | eta: 1.1m
step 00353/01000 (35.30%) | loss: 7.181217 | lrm: 1.00 | dt: 104.02ms | tok/sec: 9,844 | bf16_mfu: 0.00 | epoch: 1 pq: 0 rg: 2 | total time: 0.59m | eta: 1.1m
step 00354/01000 (35.40%) | loss: 7.186310 | lrm: 1.00 | dt: 114.83ms | tok/sec: 8,917 | bf16_mfu: 0.00 | epoch: 1 pq: 0 rg: 2 | total time: 0.60m | eta: 1.1m
step 00355/01000 (35.50%) | loss: 7.057408 | lrm: 1.00 | dt: 100.57ms | tok/sec: 10,181 | bf16_mfu: 0.00 | epoch: 1 pq: 0 rg: 2 | total time: 0.60m | eta: 1.1m
step 00356/01000 (35.60%) | loss: 7.084426 | lrm: 1.00 | dt: 106.45ms | tok/sec: 9,619 | bf16_mfu: 0.00 | epoch: 1 pq: 0 rg: 2 | total time: 0.60m | eta: 1.1m
step 00357/01000 (35.70%) | loss: 7.050463 | lrm: 1.00 | dt: 102.55ms | tok/sec: 9,985 | bf16_mfu: 0.00 | epoch: 1 pq: 0 rg: 2 | total time: 0.60m | eta: 1.1m
step 00358/01000 (35.80%) | loss: 7.021167 | lrm: 1.00 | dt: 100.64ms | tok/sec: 10,175 | bf16_mfu: 0.00 | epoch: 1 pq: 0 rg: 2 | total time: 0.60m | eta: 1.1m
step 00359/01000 (35.90%) | loss: 7.025465 | lrm: 1.00 | dt: 100.62ms | tok/sec: 10,176 | bf16_mfu: 0.00 | epoch: 1 pq: 0 rg: 2 | total time: 0.60m | eta: 1.1m
step 00360/01000 (36.00%) | loss: 7.047982 | lrm: 1.00 | dt: 103.07ms | tok/sec: 9,934 | bf16_mfu: 0.00 | epoch: 1 pq: 0 rg: 2 | total time: 0.61m | eta: 1.1m
step 00361/01000 (36.10%) | loss: 7.035589 | lrm: 1.00 | dt: 100.18ms | tok/sec: 10,221 | bf16_mfu: 0.00 | epoch: 1 pq: 0 rg: 2 | total time: 0.61m | eta: 1.1m
step 00362/01000 (36.20%) | loss: 7.069845 | lrm: 1.00 | dt: 100.62ms | tok/sec: 10,177 | bf16_mfu: 0.00 | epoch: 1 pq: 0 rg: 2 | total time: 0.61m | eta: 1.1m
step 00363/01000 (36.30%) | loss: 7.034008 | lrm: 1.00 | dt: 99.37ms | tok/sec: 10,304 | bf16_mfu: 0.00 | epoch: 1 pq: 0 rg: 2 | total time: 0.61m | eta: 1.1m
step 00364/01000 (36.40%) | loss: 7.023719 | lrm: 1.00 | dt: 100.18ms | tok/sec: 10,221 | bf16_mfu: 0.00 | epoch: 1 pq: 0 rg: 2 | total time: 0.61m | eta: 1.1m
step 00365/01000 (36.50%) | loss: 7.049845 | lrm: 1.00 | dt: 104.86ms | tok/sec: 9,765 | bf16_mfu: 0.00 | epoch: 1 pq: 0 rg: 2 | total time: 0.61m | eta: 1.1m
step 00366/01000 (36.60%) | loss: 7.082268 | lrm: 1.00 | dt: 100.69ms | tok/sec: 10,170 | bf16_mfu: 0.00 | epoch: 1 pq: 0 rg: 2 | total time: 0.62m | eta: 1.1m
step 00367/01000 (36.70%) | loss: 7.067066 | lrm: 1.00 | dt: 101.32ms | tok/sec: 10,106 | bf16_mfu: 0.00 | epoch: 1 pq: 0 rg: 2 | total time: 0.62m | eta: 1.1m
step 00368/01000 (36.80%) | loss: 7.103527 | lrm: 1.00 | dt: 100.74ms | tok/sec: 10,164 | bf16_mfu: 0.00 | epoch: 1 pq: 0 rg: 2 | total time: 0.62m | eta: 1.1m
step 00369/01000 (36.90%) | loss: 7.063212 | lrm: 1.00 | dt: 110.73ms | tok/sec: 9,247 | bf16_mfu: 0.00 | epoch: 1 pq: 0 rg: 2 | total time: 0.62m | eta: 1.1m
step 00370/01000 (37.00%) | loss: 6.948832 | lrm: 1.00 | dt: 103.29ms | tok/sec: 9,914 | bf16_mfu: 0.00 | epoch: 1 pq: 0 rg: 2 | total time: 0.62m | eta: 1.1m
step 00371/01000 (37.10%) | loss: 6.982619 | lrm: 1.00 | dt: 100.68ms | tok/sec: 10,171 | bf16_mfu: 0.00 | epoch: 1 pq: 0 rg: 2 | total time: 0.62m | eta: 1.1m
step 00372/01000 (37.20%) | loss: 7.051933 | lrm: 1.00 | dt: 101.88ms | tok/sec: 10,051 | bf16_mfu: 0.00 | epoch: 1 pq: 0 rg: 2 | total time: 0.63m | eta: 1.1m
step 00373/01000 (37.30%) | loss: 7.057713 | lrm: 1.00 | dt: 100.54ms | tok/sec: 10,184 | bf16_mfu: 0.00 | epoch: 1 pq: 0 rg: 2 | total time: 0.63m | eta: 1.1m
step 00374/01000 (37.40%) | loss: 6.979815 | lrm: 1.00 | dt: 100.83ms | tok/sec: 10,155 | bf16_mfu: 0.00 | epoch: 1 pq: 0 rg: 2 | total time: 0.63m | eta: 1.1m
step 00375/01000 (37.50%) | loss: 6.977669 | lrm: 1.00 | dt: 100.77ms | tok/sec: 10,161 | bf16_mfu: 0.00 | epoch: 1 pq: 0 rg: 2 | total time: 0.63m | eta: 1.1m
step 00376/01000 (37.60%) | loss: 6.968309 | lrm: 1.00 | dt: 101.04ms | tok/sec: 10,134 | bf16_mfu: 0.00 | epoch: 1 pq: 0 rg: 2 | total time: 0.63m | eta: 1.1m
step 00377/01000 (37.70%) | loss: 6.966587 | lrm: 1.00 | dt: 103.97ms | tok/sec: 9,849 | bf16_mfu: 0.00 | epoch: 1 pq: 0 rg: 2 | total time: 0.63m | eta: 1.1m
step 00378/01000 (37.80%) | loss: 6.914059 | lrm: 1.00 | dt: 100.96ms | tok/sec: 10,142 | bf16_mfu: 0.00 | epoch: 1 pq: 0 rg: 2 | total time: 0.64m | eta: 1.1m
step 00379/01000 (37.90%) | loss: 6.815758 | lrm: 1.00 | dt: 101.17ms | tok/sec: 10,121 | bf16_mfu: 0.00 | epoch: 1 pq: 0 rg: 2 | total time: 0.64m | eta: 1.1m
step 00380/01000 (38.00%) | loss: 6.828626 | lrm: 1.00 | dt: 100.43ms | tok/sec: 10,196 | bf16_mfu: 0.00 | epoch: 1 pq: 0 rg: 2 | total time: 0.64m | eta: 1.1m
step 00381/01000 (38.10%) | loss: 6.815639 | lrm: 1.00 | dt: 100.46ms | tok/sec: 10,193 | bf16_mfu: 0.00 | epoch: 1 pq: 0 rg: 2 | total time: 0.64m | eta: 1.1m
step 00382/01000 (38.20%) | loss: 6.850750 | lrm: 1.00 | dt: 101.27ms | tok/sec: 10,111 | bf16_mfu: 0.00 | epoch: 1 pq: 0 rg: 2 | total time: 0.64m | eta: 1.1m
step 00383/01000 (38.30%) | loss: 6.828989 | lrm: 1.00 | dt: 100.32ms | tok/sec: 10,207 | bf16_mfu: 0.00 | epoch: 1 pq: 0 rg: 2 | total time: 0.64m | eta: 1.1m
step 00384/01000 (38.40%) | loss: 6.841224 | lrm: 1.00 | dt: 100.14ms | tok/sec: 10,226 | bf16_mfu: 0.00 | epoch: 1 pq: 0 rg: 2 | total time: 0.65m | eta: 1.1m
step 00385/01000 (38.50%) | loss: 6.838539 | lrm: 1.00 | dt: 100.44ms | tok/sec: 10,195 | bf16_mfu: 0.00 | epoch: 1 pq: 0 rg: 2 | total time: 0.65m | eta: 1.1m
step 00386/01000 (38.60%) | loss: 6.859961 | lrm: 1.00 | dt: 99.98ms | tok/sec: 10,241 | bf16_mfu: 0.00 | epoch: 1 pq: 0 rg: 2 | total time: 0.65m | eta: 1.1m
step 00387/01000 (38.70%) | loss: 6.898290 | lrm: 1.00 | dt: 101.13ms | tok/sec: 10,125 | bf16_mfu: 0.00 | epoch: 1 pq: 0 rg: 2 | total time: 0.65m | eta: 1.1m
step 00388/01000 (38.80%) | loss: 6.904883 | lrm: 1.00 | dt: 100.22ms | tok/sec: 10,217 | bf16_mfu: 0.00 | epoch: 1 pq: 0 rg: 2 | total time: 0.65m | eta: 1.1m
step 00389/01000 (38.90%) | loss: 6.961079 | lrm: 1.00 | dt: 109.31ms | tok/sec: 9,367 | bf16_mfu: 0.00 | epoch: 1 pq: 0 rg: 2 | total time: 0.66m | eta: 1.1m
step 00390/01000 (39.00%) | loss: 6.945528 | lrm: 1.00 | dt: 103.23ms | tok/sec: 9,919 | bf16_mfu: 0.00 | epoch: 1 pq: 0 rg: 2 | total time: 0.66m | eta: 1.1m
step 00391/01000 (39.10%) | loss: 6.939866 | lrm: 1.00 | dt: 101.06ms | tok/sec: 10,132 | bf16_mfu: 0.00 | epoch: 1 pq: 0 rg: 2 | total time: 0.66m | eta: 1.1m
step 00392/01000 (39.20%) | loss: 6.963065 | lrm: 1.00 | dt: 101.42ms | tok/sec: 10,096 | bf16_mfu: 0.00 | epoch: 1 pq: 0 rg: 2 | total time: 0.66m | eta: 1.1m
step 00393/01000 (39.30%) | loss: 6.955453 | lrm: 1.00 | dt: 102.81ms | tok/sec: 9,960 | bf16_mfu: 0.00 | epoch: 1 pq: 0 rg: 2 | total time: 0.66m | eta: 1.0m
step 00394/01000 (39.40%) | loss: 6.947569 | lrm: 1.00 | dt: 103.43ms | tok/sec: 9,900 | bf16_mfu: 0.00 | epoch: 1 pq: 0 rg: 2 | total time: 0.66m | eta: 1.0m
step 00395/01000 (39.50%) | loss: 6.944228 | lrm: 1.00 | dt: 105.55ms | tok/sec: 9,701 | bf16_mfu: 0.00 | epoch: 1 pq: 0 rg: 2 | total time: 0.67m | eta: 1.0m
step 00396/01000 (39.60%) | loss: 6.904749 | lrm: 1.00 | dt: 112.54ms | tok/sec: 9,098 | bf16_mfu: 0.00 | epoch: 1 pq: 0 rg: 2 | total time: 0.67m | eta: 1.0m
step 00397/01000 (39.70%) | loss: 6.905378 | lrm: 1.00 | dt: 113.73ms | tok/sec: 9,003 | bf16_mfu: 0.00 | epoch: 1 pq: 0 rg: 2 | total time: 0.67m | eta: 1.0m
step 00398/01000 (39.80%) | loss: 6.920473 | lrm: 1.00 | dt: 108.38ms | tok/sec: 9,448 | bf16_mfu: 0.00 | epoch: 1 pq: 0 rg: 2 | total time: 0.67m | eta: 1.0m
step 00399/01000 (39.90%) | loss: 6.904825 | lrm: 1.00 | dt: 103.95ms | tok/sec: 9,851 | bf16_mfu: 0.00 | epoch: 1 pq: 0 rg: 2 | total time: 0.67m | eta: 1.0m
step 00400/01000 (40.00%) | loss: 6.909922 | lrm: 1.00 | dt: 107.63ms | tok/sec: 9,513 | bf16_mfu: 0.00 | epoch: 1 pq: 0 rg: 2 | total time: 0.67m | eta: 1.0m
step 00401/01000 (40.10%) | loss: 6.897812 | lrm: 1.00 | dt: 104.70ms | tok/sec: 9,780 | bf16_mfu: 0.00 | epoch: 1 pq: 0 rg: 2 | total time: 0.68m | eta: 1.0m
step 00402/01000 (40.20%) | loss: 6.927811 | lrm: 1.00 | dt: 103.30ms | tok/sec: 9,912 | bf16_mfu: 0.00 | epoch: 1 pq: 0 rg: 2 | total time: 0.68m | eta: 1.0m
step 00403/01000 (40.30%) | loss: 6.962901 | lrm: 1.00 | dt: 105.84ms | tok/sec: 9,674 | bf16_mfu: 0.00 | epoch: 1 pq: 0 rg: 2 | total time: 0.68m | eta: 1.0m
step 00404/01000 (40.40%) | loss: 6.962286 | lrm: 1.00 | dt: 104.84ms | tok/sec: 9,767 | bf16_mfu: 0.00 | epoch: 1 pq: 0 rg: 2 | total time: 0.68m | eta: 1.0m
step 00405/01000 (40.50%) | loss: 6.927439 | lrm: 1.00 | dt: 104.66ms | tok/sec: 9,783 | bf16_mfu: 0.00 | epoch: 1 pq: 0 rg: 2 | total time: 0.68m | eta: 1.0m
step 00406/01000 (40.60%) | loss: 6.941202 | lrm: 1.00 | dt: 106.53ms | tok/sec: 9,612 | bf16_mfu: 0.00 | epoch: 1 pq: 0 rg: 2 | total time: 0.69m | eta: 1.0m
step 00407/01000 (40.70%) | loss: 6.940779 | lrm: 1.00 | dt: 105.86ms | tok/sec: 9,672 | bf16_mfu: 0.00 | epoch: 1 pq: 0 rg: 2 | total time: 0.69m | eta: 1.0m
step 00408/01000 (40.80%) | loss: 6.889003 | lrm: 1.00 | dt: 106.24ms | tok/sec: 9,638 | bf16_mfu: 0.00 | epoch: 1 pq: 0 rg: 2 | total time: 0.69m | eta: 1.0m
step 00409/01000 (40.90%) | loss: 6.877963 | lrm: 1.00 | dt: 103.00ms | tok/sec: 9,941 | bf16_mfu: 0.00 | epoch: 1 pq: 0 rg: 2 | total time: 0.69m | eta: 1.0m
step 00410/01000 (41.00%) | loss: 6.917526 | lrm: 1.00 | dt: 106.18ms | tok/sec: 9,644 | bf16_mfu: 0.00 | epoch: 1 pq: 0 rg: 2 | total time: 0.69m | eta: 1.0m
step 00411/01000 (41.10%) | loss: 6.893349 | lrm: 1.00 | dt: 107.18ms | tok/sec: 9,554 | bf16_mfu: 0.00 | epoch: 1 pq: 0 rg: 2 | total time: 0.69m | eta: 1.0m
step 00412/01000 (41.20%) | loss: 6.909578 | lrm: 1.00 | dt: 105.12ms | tok/sec: 9,741 | bf16_mfu: 0.00 | epoch: 1 pq: 0 rg: 2 | total time: 0.70m | eta: 1.0m
step 00413/01000 (41.30%) | loss: 6.897259 | lrm: 1.00 | dt: 101.82ms | tok/sec: 10,056 | bf16_mfu: 0.00 | epoch: 1 pq: 0 rg: 2 | total time: 0.70m | eta: 1.0m
step 00414/01000 (41.40%) | loss: 6.908080 | lrm: 1.00 | dt: 99.59ms | tok/sec: 10,281 | bf16_mfu: 0.00 | epoch: 1 pq: 0 rg: 2 | total time: 0.70m | eta: 1.0m
step 00415/01000 (41.50%) | loss: 6.919972 | lrm: 1.00 | dt: 100.51ms | tok/sec: 10,188 | bf16_mfu: 0.00 | epoch: 1 pq: 0 rg: 2 | total time: 0.70m | eta: 1.0m
step 00416/01000 (41.60%) | loss: 6.894454 | lrm: 1.00 | dt: 101.38ms | tok/sec: 10,100 | bf16_mfu: 0.00 | epoch: 1 pq: 0 rg: 2 | total time: 0.70m | eta: 1.0m
step 00417/01000 (41.70%) | loss: 6.890456 | lrm: 1.00 | dt: 100.69ms | tok/sec: 10,169 | bf16_mfu: 0.00 | epoch: 1 pq: 0 rg: 2 | total time: 0.70m | eta: 1.0m
step 00418/01000 (41.80%) | loss: 6.938858 | lrm: 1.00 | dt: 100.41ms | tok/sec: 10,197 | bf16_mfu: 0.00 | epoch: 1 pq: 0 rg: 2 | total time: 0.71m | eta: 1.0m
step 00419/01000 (41.90%) | loss: 6.976640 | lrm: 1.00 | dt: 101.11ms | tok/sec: 10,127 | bf16_mfu: 0.00 | epoch: 1 pq: 0 rg: 2 | total time: 0.71m | eta: 1.0m
step 00420/01000 (42.00%) | loss: 6.994037 | lrm: 1.00 | dt: 101.85ms | tok/sec: 10,053 | bf16_mfu: 0.00 | epoch: 1 pq: 0 rg: 2 | total time: 0.71m | eta: 1.0m
step 00421/01000 (42.10%) | loss: 7.032601 | lrm: 1.00 | dt: 100.72ms | tok/sec: 10,166 | bf16_mfu: 0.00 | epoch: 1 pq: 0 rg: 2 | total time: 0.71m | eta: 1.0m
step 00422/01000 (42.20%) | loss: 7.127181 | lrm: 1.00 | dt: 100.48ms | tok/sec: 10,191 | bf16_mfu: 0.00 | epoch: 1 pq: 0 rg: 2 | total time: 0.71m | eta: 1.0m
step 00423/01000 (42.30%) | loss: 7.020127 | lrm: 1.00 | dt: 100.48ms | tok/sec: 10,190 | bf16_mfu: 0.00 | epoch: 1 pq: 0 rg: 2 | total time: 0.71m | eta: 1.0m
step 00424/01000 (42.40%) | loss: 6.988106 | lrm: 1.00 | dt: 100.13ms | tok/sec: 10,227 | bf16_mfu: 0.00 | epoch: 1 pq: 0 rg: 2 | total time: 0.72m | eta: 1.0m
step 00425/01000 (42.50%) | loss: 7.018712 | lrm: 1.00 | dt: 99.96ms | tok/sec: 10,243 | bf16_mfu: 0.00 | epoch: 1 pq: 0 rg: 2 | total time: 0.72m | eta: 1.0m
step 00426/01000 (42.60%) | loss: 6.929944 | lrm: 1.00 | dt: 100.44ms | tok/sec: 10,195 | bf16_mfu: 0.00 | epoch: 1 pq: 0 rg: 2 | total time: 0.72m | eta: 1.0m
step 00427/01000 (42.70%) | loss: 6.954735 | lrm: 1.00 | dt: 100.33ms | tok/sec: 10,206 | bf16_mfu: 0.00 | epoch: 1 pq: 0 rg: 2 | total time: 0.72m | eta: 1.0m
step 00428/01000 (42.80%) | loss: 6.861672 | lrm: 1.00 | dt: 101.50ms | tok/sec: 10,088 | bf16_mfu: 0.00 | epoch: 1 pq: 0 rg: 2 | total time: 0.72m | eta: 1.0m
step 00429/01000 (42.90%) | loss: 6.821267 | lrm: 1.00 | dt: 100.66ms | tok/sec: 10,172 | bf16_mfu: 0.00 | epoch: 1 pq: 0 rg: 2 | total time: 0.72m | eta: 1.0m
step 00430/01000 (43.00%) | loss: 6.783253 | lrm: 1.00 | dt: 102.98ms | tok/sec: 9,943 | bf16_mfu: 0.00 | epoch: 1 pq: 0 rg: 2 | total time: 0.73m | eta: 1.0m
step 00431/01000 (43.10%) | loss: 6.772904 | lrm: 1.00 | dt: 102.25ms | tok/sec: 10,014 | bf16_mfu: 0.00 | epoch: 1 pq: 0 rg: 2 | total time: 0.73m | eta: 1.0m
step 00432/01000 (43.20%) | loss: 6.718877 | lrm: 1.00 | dt: 102.95ms | tok/sec: 9,946 | bf16_mfu: 0.00 | epoch: 1 pq: 0 rg: 2 | total time: 0.73m | eta: 1.0m
step 00433/01000 (43.30%) | loss: 6.777351 | lrm: 1.00 | dt: 111.19ms | tok/sec: 9,209 | bf16_mfu: 0.00 | epoch: 1 pq: 0 rg: 2 | total time: 0.73m | eta: 1.0m
step 00434/01000 (43.40%) | loss: 6.825933 | lrm: 1.00 | dt: 101.05ms | tok/sec: 10,133 | bf16_mfu: 0.00 | epoch: 1 pq: 0 rg: 2 | total time: 0.73m | eta: 1.0m
step 00435/01000 (43.50%) | loss: 6.784966 | lrm: 1.00 | dt: 102.30ms | tok/sec: 10,010 | bf16_mfu: 0.00 | epoch: 1 pq: 0 rg: 2 | total time: 0.73m | eta: 1.0m
step 00436/01000 (43.60%) | loss: 6.789275 | lrm: 1.00 | dt: 102.67ms | tok/sec: 9,973 | bf16_mfu: 0.00 | epoch: 1 pq: 0 rg: 2 | total time: 0.74m | eta: 1.0m
step 00437/01000 (43.70%) | loss: 6.894570 | lrm: 1.00 | dt: 100.67ms | tok/sec: 10,171 | bf16_mfu: 0.00 | epoch: 1 pq: 0 rg: 2 | total time: 0.74m | eta: 1.0m
step 00438/01000 (43.80%) | loss: 6.897978 | lrm: 1.00 | dt: 100.47ms | tok/sec: 10,192 | bf16_mfu: 0.00 | epoch: 1 pq: 0 rg: 2 | total time: 0.74m | eta: 1.0m
step 00439/01000 (43.90%) | loss: 6.834202 | lrm: 1.00 | dt: 100.13ms | tok/sec: 10,226 | bf16_mfu: 0.00 | epoch: 1 pq: 0 rg: 2 | total time: 0.74m | eta: 1.0m
step 00440/01000 (44.00%) | loss: 6.845832 | lrm: 1.00 | dt: 101.34ms | tok/sec: 10,104 | bf16_mfu: 0.00 | epoch: 1 pq: 0 rg: 2 | total time: 0.74m | eta: 1.0m
step 00441/01000 (44.10%) | loss: 6.807762 | lrm: 1.00 | dt: 101.92ms | tok/sec: 10,047 | bf16_mfu: 0.00 | epoch: 1 pq: 0 rg: 2 | total time: 0.74m | eta: 1.0m
step 00442/01000 (44.20%) | loss: 6.818339 | lrm: 1.00 | dt: 100.69ms | tok/sec: 10,169 | bf16_mfu: 0.00 | epoch: 1 pq: 0 rg: 2 | total time: 0.75m | eta: 1.0m
step 00443/01000 (44.30%) | loss: 6.779609 | lrm: 1.00 | dt: 99.98ms | tok/sec: 10,242 | bf16_mfu: 0.00 | epoch: 1 pq: 0 rg: 2 | total time: 0.75m | eta: 1.0m
step 00444/01000 (44.40%) | loss: 6.821654 | lrm: 1.00 | dt: 99.95ms | tok/sec: 10,245 | bf16_mfu: 0.00 | epoch: 1 pq: 0 rg: 2 | total time: 0.75m | eta: 1.0m
step 00445/01000 (44.50%) | loss: 6.839266 | lrm: 1.00 | dt: 102.79ms | tok/sec: 9,962 | bf16_mfu: 0.00 | epoch: 1 pq: 0 rg: 2 | total time: 0.75m | eta: 1.0m
step 00446/01000 (44.60%) | loss: 6.846266 | lrm: 1.00 | dt: 102.82ms | tok/sec: 9,959 | bf16_mfu: 0.00 | epoch: 1 pq: 0 rg: 2 | total time: 0.75m | eta: 1.0m
step 00447/01000 (44.70%) | loss: 6.808022 | lrm: 1.00 | dt: 98.61ms | tok/sec: 10,384 | bf16_mfu: 0.00 | epoch: 1 pq: 0 rg: 2 | total time: 0.75m | eta: 1.0m
step 00448/01000 (44.80%) | loss: 6.828770 | lrm: 1.00 | dt: 99.33ms | tok/sec: 10,309 | bf16_mfu: 0.00 | epoch: 1 pq: 0 rg: 2 | total time: 0.76m | eta: 1.0m
step 00449/01000 (44.90%) | loss: 6.892226 | lrm: 1.00 | dt: 104.66ms | tok/sec: 9,783 | bf16_mfu: 0.00 | epoch: 1 pq: 0 rg: 2 | total time: 0.76m | eta: 1.0m
step 00450/01000 (45.00%) | loss: 6.918497 | lrm: 1.00 | dt: 103.77ms | tok/sec: 9,867 | bf16_mfu: 0.00 | epoch: 1 pq: 0 rg: 2 | total time: 0.76m | eta: 0.9m
step 00451/01000 (45.10%) | loss: 6.918684 | lrm: 1.00 | dt: 99.06ms | tok/sec: 10,337 | bf16_mfu: 0.00 | epoch: 1 pq: 0 rg: 2 | total time: 0.76m | eta: 0.9m
step 00452/01000 (45.20%) | loss: 6.983695 | lrm: 1.00 | dt: 98.63ms | tok/sec: 10,381 | bf16_mfu: 0.00 | epoch: 1 pq: 0 rg: 2 | total time: 0.76m | eta: 0.9m
step 00453/01000 (45.30%) | loss: 7.015254 | lrm: 1.00 | dt: 98.23ms | tok/sec: 10,424 | bf16_mfu: 0.00 | epoch: 1 pq: 0 rg: 2 | total time: 0.76m | eta: 0.9m
step 00454/01000 (45.40%) | loss: 7.037730 | lrm: 1.00 | dt: 98.13ms | tok/sec: 10,435 | bf16_mfu: 0.00 | epoch: 1 pq: 0 rg: 2 | total time: 0.77m | eta: 0.9m
step 00455/01000 (45.50%) | loss: 7.004067 | lrm: 1.00 | dt: 99.18ms | tok/sec: 10,324 | bf16_mfu: 0.00 | epoch: 1 pq: 0 rg: 2 | total time: 0.77m | eta: 0.9m
step 00456/01000 (45.60%) | loss: 6.964866 | lrm: 1.00 | dt: 100.45ms | tok/sec: 10,194 | bf16_mfu: 0.00 | epoch: 1 pq: 0 rg: 2 | total time: 0.77m | eta: 0.9m
step 00457/01000 (45.70%) | loss: 7.006493 | lrm: 1.00 | dt: 99.65ms | tok/sec: 10,275 | bf16_mfu: 0.00 | epoch: 1 pq: 0 rg: 2 | total time: 0.77m | eta: 0.9m
step 00458/01000 (45.80%) | loss: 6.966128 | lrm: 1.00 | dt: 99.60ms | tok/sec: 10,281 | bf16_mfu: 0.00 | epoch: 1 pq: 0 rg: 2 | total time: 0.77m | eta: 0.9m
step 00459/01000 (45.90%) | loss: 6.959074 | lrm: 1.00 | dt: 99.09ms | tok/sec: 10,333 | bf16_mfu: 0.00 | epoch: 1 pq: 0 rg: 2 | total time: 0.77m | eta: 0.9m
step 00460/01000 (46.00%) | loss: 6.898053 | lrm: 1.00 | dt: 99.41ms | tok/sec: 10,300 | bf16_mfu: 0.00 | epoch: 1 pq: 0 rg: 2 | total time: 0.78m | eta: 0.9m
step 00461/01000 (46.10%) | loss: 6.842735 | lrm: 1.00 | dt: 99.60ms | tok/sec: 10,281 | bf16_mfu: 0.00 | epoch: 1 pq: 0 rg: 2 | total time: 0.78m | eta: 0.9m
step 00462/01000 (46.20%) | loss: 6.860669 | lrm: 1.00 | dt: 100.44ms | tok/sec: 10,195 | bf16_mfu: 0.00 | epoch: 1 pq: 0 rg: 2 | total time: 0.78m | eta: 0.9m
step 00463/01000 (46.30%) | loss: 6.821009 | lrm: 1.00 | dt: 98.70ms | tok/sec: 10,374 | bf16_mfu: 0.00 | epoch: 1 pq: 0 rg: 2 | total time: 0.78m | eta: 0.9m
step 00464/01000 (46.40%) | loss: 6.686391 | lrm: 1.00 | dt: 97.94ms | tok/sec: 10,454 | bf16_mfu: 0.00 | epoch: 1 pq: 0 rg: 2 | total time: 0.78m | eta: 0.9m
step 00465/01000 (46.50%) | loss: 6.714490 | lrm: 1.00 | dt: 101.16ms | tok/sec: 10,122 | bf16_mfu: 0.00 | epoch: 1 pq: 0 rg: 2 | total time: 0.78m | eta: 0.9m
step 00466/01000 (46.60%) | loss: 6.749710 | lrm: 1.00 | dt: 99.90ms | tok/sec: 10,250 | bf16_mfu: 0.00 | epoch: 1 pq: 0 rg: 2 | total time: 0.79m | eta: 0.9m
step 00467/01000 (46.70%) | loss: 6.804988 | lrm: 1.00 | dt: 98.77ms | tok/sec: 10,367 | bf16_mfu: 0.00 | epoch: 1 pq: 0 rg: 2 | total time: 0.79m | eta: 0.9m
step 00468/01000 (46.80%) | loss: 6.831963 | lrm: 1.00 | dt: 98.66ms | tok/sec: 10,379 | bf16_mfu: 0.00 | epoch: 1 pq: 0 rg: 2 | total time: 0.79m | eta: 0.9m
step 00469/01000 (46.90%) | loss: 6.860962 | lrm: 1.00 | dt: 98.46ms | tok/sec: 10,400 | bf16_mfu: 0.00 | epoch: 1 pq: 0 rg: 2 | total time: 0.79m | eta: 0.9m
step 00470/01000 (47.00%) | loss: 6.897237 | lrm: 1.00 | dt: 153.40ms | tok/sec: 6,675 | bf16_mfu: 0.00 | epoch: 1 pq: 0 rg: 2 | total time: 0.79m | eta: 0.9m
step 00471/01000 (47.10%) | loss: 6.917982 | lrm: 1.00 | dt: 98.12ms | tok/sec: 10,436 | bf16_mfu: 0.00 | epoch: 1 pq: 0 rg: 2 | total time: 0.80m | eta: 0.9m
step 00472/01000 (47.20%) | loss: 6.909176 | lrm: 1.00 | dt: 98.80ms | tok/sec: 10,364 | bf16_mfu: 0.00 | epoch: 1 pq: 0 rg: 2 | total time: 0.80m | eta: 0.9m
step 00473/01000 (47.30%) | loss: 6.949134 | lrm: 1.00 | dt: 99.83ms | tok/sec: 10,257 | bf16_mfu: 0.00 | epoch: 1 pq: 0 rg: 2 | total time: 0.80m | eta: 0.9m
step 00474/01000 (47.40%) | loss: 6.882262 | lrm: 1.00 | dt: 104.75ms | tok/sec: 9,776 | bf16_mfu: 0.00 | epoch: 1 pq: 0 rg: 2 | total time: 0.80m | eta: 0.9m
step 00475/01000 (47.50%) | loss: 6.845168 | lrm: 1.00 | dt: 100.43ms | tok/sec: 10,196 | bf16_mfu: 0.00 | epoch: 1 pq: 0 rg: 2 | total time: 0.80m | eta: 0.9m
step 00476/01000 (47.60%) | loss: 6.810320 | lrm: 1.00 | dt: 100.62ms | tok/sec: 10,176 | bf16_mfu: 0.00 | epoch: 1 pq: 0 rg: 2 | total time: 0.80m | eta: 0.9m
step 00477/01000 (47.70%) | loss: 6.801210 | lrm: 1.00 | dt: 100.85ms | tok/sec: 10,153 | bf16_mfu: 0.00 | epoch: 1 pq: 0 rg: 2 | total time: 0.81m | eta: 0.9m
step 00478/01000 (47.80%) | loss: 6.791956 | lrm: 1.00 | dt: 100.06ms | tok/sec: 10,233 | bf16_mfu: 0.00 | epoch: 1 pq: 0 rg: 2 | total time: 0.81m | eta: 0.9m
step 00479/01000 (47.90%) | loss: 6.834174 | lrm: 1.00 | dt: 109.35ms | tok/sec: 9,364 | bf16_mfu: 0.00 | epoch: 1 pq: 0 rg: 2 | total time: 0.81m | eta: 0.9m
step 00480/01000 (48.00%) | loss: 6.814352 | lrm: 1.00 | dt: 100.04ms | tok/sec: 10,235 | bf16_mfu: 0.00 | epoch: 1 pq: 0 rg: 2 | total time: 0.81m | eta: 0.9m
step 00481/01000 (48.10%) | loss: 6.815270 | lrm: 1.00 | dt: 100.00ms | tok/sec: 10,240 | bf16_mfu: 0.00 | epoch: 1 pq: 0 rg: 2 | total time: 0.81m | eta: 0.9m
step 00482/01000 (48.20%) | loss: 6.789202 | lrm: 1.00 | dt: 101.05ms | tok/sec: 10,133 | bf16_mfu: 0.00 | epoch: 1 pq: 0 rg: 2 | total time: 0.81m | eta: 0.9m
step 00483/01000 (48.30%) | loss: 6.841262 | lrm: 1.00 | dt: 99.88ms | tok/sec: 10,252 | bf16_mfu: 0.00 | epoch: 1 pq: 0 rg: 2 | total time: 0.82m | eta: 0.9m
step 00484/01000 (48.40%) | loss: 6.820989 | lrm: 1.00 | dt: 100.27ms | tok/sec: 10,212 | bf16_mfu: 0.00 | epoch: 1 pq: 0 rg: 2 | total time: 0.82m | eta: 0.9m
step 00485/01000 (48.50%) | loss: 6.801955 | lrm: 1.00 | dt: 100.87ms | tok/sec: 10,151 | bf16_mfu: 0.00 | epoch: 1 pq: 0 rg: 2 | total time: 0.82m | eta: 0.9m
step 00486/01000 (48.60%) | loss: 6.842708 | lrm: 1.00 | dt: 100.08ms | tok/sec: 10,232 | bf16_mfu: 0.00 | epoch: 1 pq: 0 rg: 2 | total time: 0.82m | eta: 0.9m
step 00487/01000 (48.70%) | loss: 6.938766 | lrm: 1.00 | dt: 100.35ms | tok/sec: 10,203 | bf16_mfu: 0.00 | epoch: 1 pq: 0 rg: 2 | total time: 0.82m | eta: 0.9m
step 00488/01000 (48.80%) | loss: 6.960032 | lrm: 1.00 | dt: 100.04ms | tok/sec: 10,235 | bf16_mfu: 0.00 | epoch: 1 pq: 0 rg: 2 | total time: 0.82m | eta: 0.9m
step 00489/01000 (48.90%) | loss: 6.977430 | lrm: 1.00 | dt: 100.76ms | tok/sec: 10,162 | bf16_mfu: 0.00 | epoch: 1 pq: 0 rg: 2 | total time: 0.83m | eta: 0.9m
step 00490/01000 (49.00%) | loss: 6.990541 | lrm: 1.00 | dt: 100.71ms | tok/sec: 10,167 | bf16_mfu: 0.00 | epoch: 1 pq: 0 rg: 2 | total time: 0.83m | eta: 0.9m
step 00491/01000 (49.10%) | loss: 6.869702 | lrm: 1.00 | dt: 100.22ms | tok/sec: 10,218 | bf16_mfu: 0.00 | epoch: 1 pq: 0 rg: 2 | total time: 0.83m | eta: 0.9m
step 00492/01000 (49.20%) | loss: 6.837738 | lrm: 1.00 | dt: 99.92ms | tok/sec: 10,248 | bf16_mfu: 0.00 | epoch: 1 pq: 0 rg: 2 | total time: 0.83m | eta: 0.9m
step 00493/01000 (49.30%) | loss: 6.741005 | lrm: 1.00 | dt: 100.64ms | tok/sec: 10,174 | bf16_mfu: 0.00 | epoch: 1 pq: 0 rg: 2 | total time: 0.83m | eta: 0.9m
step 00494/01000 (49.40%) | loss: 6.689858 | lrm: 1.00 | dt: 101.08ms | tok/sec: 10,130 | bf16_mfu: 0.00 | epoch: 1 pq: 0 rg: 2 | total time: 0.83m | eta: 0.9m
step 00495/01000 (49.50%) | loss: 6.714434 | lrm: 1.00 | dt: 101.07ms | tok/sec: 10,131 | bf16_mfu: 0.00 | epoch: 1 pq: 0 rg: 2 | total time: 0.84m | eta: 0.9m
step 00496/01000 (49.60%) | loss: 6.593969 | lrm: 1.00 | dt: 101.14ms | tok/sec: 10,124 | bf16_mfu: 0.00 | epoch: 1 pq: 0 rg: 2 | total time: 0.84m | eta: 0.9m
step 00497/01000 (49.70%) | loss: 6.620973 | lrm: 1.00 | dt: 116.83ms | tok/sec: 8,764 | bf16_mfu: 0.00 | epoch: 1 pq: 0 rg: 2 | total time: 0.84m | eta: 0.9m
step 00498/01000 (49.80%) | loss: 6.585465 | lrm: 1.00 | dt: 112.86ms | tok/sec: 9,073 | bf16_mfu: 0.00 | epoch: 1 pq: 0 rg: 2 | total time: 0.84m | eta: 0.9m
step 00499/01000 (49.90%) | loss: 6.648708 | lrm: 1.00 | dt: 112.87ms | tok/sec: 9,072 | bf16_mfu: 0.00 | epoch: 1 pq: 0 rg: 2 | total time: 0.84m | eta: 0.9m
step 00500/01000 (50.00%) | loss: 6.677860 | lrm: 1.00 | dt: 108.56ms | tok/sec: 9,432 | bf16_mfu: 0.00 | epoch: 1 pq: 0 rg: 2 | total time: 0.85m | eta: 0.9m
step 00501/01000 (50.10%) | loss: 6.775171 | lrm: 1.00 | dt: 118.50ms | tok/sec: 8,641 | bf16_mfu: 0.00 | epoch: 1 pq: 0 rg: 2 | total time: 0.85m | eta: 0.9m
step 00502/01000 (50.20%) | loss: 6.768112 | lrm: 1.00 | dt: 110.94ms | tok/sec: 9,230 | bf16_mfu: 0.00 | epoch: 1 pq: 0 rg: 2 | total time: 0.85m | eta: 0.9m
step 00503/01000 (50.30%) | loss: 6.779618 | lrm: 1.00 | dt: 113.06ms | tok/sec: 9,056 | bf16_mfu: 0.00 | epoch: 1 pq: 0 rg: 2 | total time: 0.85m | eta: 0.9m
step 00504/01000 (50.40%) | loss: 6.767774 | lrm: 1.00 | dt: 113.71ms | tok/sec: 9,005 | bf16_mfu: 0.00 | epoch: 1 pq: 0 rg: 2 | total time: 0.85m | eta: 0.9m
step 00505/01000 (50.50%) | loss: 6.722782 | lrm: 1.00 | dt: 109.11ms | tok/sec: 9,385 | bf16_mfu: 0.00 | epoch: 1 pq: 0 rg: 2 | total time: 0.85m | eta: 0.9m
step 00506/01000 (50.60%) | loss: 6.761834 | lrm: 1.00 | dt: 110.03ms | tok/sec: 9,306 | bf16_mfu: 0.00 | epoch: 1 pq: 0 rg: 2 | total time: 0.86m | eta: 0.9m
step 00507/01000 (50.70%) | loss: 6.746435 | lrm: 1.00 | dt: 106.10ms | tok/sec: 9,651 | bf16_mfu: 0.00 | epoch: 1 pq: 0 rg: 2 | total time: 0.86m | eta: 0.9m
step 00508/01000 (50.80%) | loss: 6.700601 | lrm: 1.00 | dt: 109.37ms | tok/sec: 9,363 | bf16_mfu: 0.00 | epoch: 1 pq: 0 rg: 2 | total time: 0.86m | eta: 0.8m
step 00509/01000 (50.90%) | loss: 6.715607 | lrm: 1.00 | dt: 105.59ms | tok/sec: 9,697 | bf16_mfu: 0.00 | epoch: 1 pq: 0 rg: 2 | total time: 0.86m | eta: 0.8m
step 00510/01000 (51.00%) | loss: 6.716909 | lrm: 1.00 | dt: 107.69ms | tok/sec: 9,508 | bf16_mfu: 0.00 | epoch: 1 pq: 0 rg: 2 | total time: 0.86m | eta: 0.8m
step 00511/01000 (51.10%) | loss: 6.703015 | lrm: 1.00 | dt: 108.42ms | tok/sec: 9,445 | bf16_mfu: 0.00 | epoch: 1 pq: 0 rg: 2 | total time: 0.87m | eta: 0.8m
step 00512/01000 (51.20%) | loss: 6.684482 | lrm: 1.00 | dt: 115.22ms | tok/sec: 8,887 | bf16_mfu: 0.00 | epoch: 1 pq: 0 rg: 2 | total time: 0.87m | eta: 0.8m
step 00513/01000 (51.30%) | loss: 6.717459 | lrm: 1.00 | dt: 101.28ms | tok/sec: 10,110 | bf16_mfu: 0.00 | epoch: 1 pq: 0 rg: 2 | total time: 0.87m | eta: 0.8m
step 00514/01000 (51.40%) | loss: 6.712332 | lrm: 1.00 | dt: 101.84ms | tok/sec: 10,055 | bf16_mfu: 0.00 | epoch: 1 pq: 0 rg: 2 | total time: 0.87m | eta: 0.8m
step 00515/01000 (51.50%) | loss: 6.721945 | lrm: 1.00 | dt: 100.79ms | tok/sec: 10,160 | bf16_mfu: 0.00 | epoch: 1 pq: 0 rg: 2 | total time: 0.87m | eta: 0.8m
step 00516/01000 (51.60%) | loss: 6.729882 | lrm: 1.00 | dt: 100.06ms | tok/sec: 10,234 | bf16_mfu: 0.00 | epoch: 1 pq: 0 rg: 2 | total time: 0.87m | eta: 0.8m
step 00517/01000 (51.70%) | loss: 6.746878 | lrm: 1.00 | dt: 101.00ms | tok/sec: 10,139 | bf16_mfu: 0.00 | epoch: 1 pq: 0 rg: 2 | total time: 0.88m | eta: 0.8m
step 00518/01000 (51.80%) | loss: 6.813889 | lrm: 1.00 | dt: 100.18ms | tok/sec: 10,221 | bf16_mfu: 0.00 | epoch: 1 pq: 0 rg: 2 | total time: 0.88m | eta: 0.8m
step 00519/01000 (51.90%) | loss: 6.743488 | lrm: 1.00 | dt: 100.44ms | tok/sec: 10,195 | bf16_mfu: 0.00 | epoch: 1 pq: 0 rg: 2 | total time: 0.88m | eta: 0.8m
step 00520/01000 (52.00%) | loss: 6.768092 | lrm: 1.00 | dt: 100.31ms | tok/sec: 10,208 | bf16_mfu: 0.00 | epoch: 1 pq: 0 rg: 2 | total time: 0.88m | eta: 0.8m
step 00521/01000 (52.10%) | loss: 6.756468 | lrm: 1.00 | dt: 100.52ms | tok/sec: 10,187 | bf16_mfu: 0.00 | epoch: 1 pq: 0 rg: 2 | total time: 0.88m | eta: 0.8m
step 00522/01000 (52.20%) | loss: 6.730198 | lrm: 1.00 | dt: 102.06ms | tok/sec: 10,033 | bf16_mfu: 0.00 | epoch: 1 pq: 0 rg: 2 | total time: 0.88m | eta: 0.8m
step 00523/01000 (52.30%) | loss: 6.738449 | lrm: 1.00 | dt: 102.60ms | tok/sec: 9,980 | bf16_mfu: 0.00 | epoch: 1 pq: 0 rg: 2 | total time: 0.89m | eta: 0.8m
step 00524/01000 (52.40%) | loss: 6.735728 | lrm: 1.00 | dt: 102.72ms | tok/sec: 9,968 | bf16_mfu: 0.00 | epoch: 1 pq: 0 rg: 2 | total time: 0.89m | eta: 0.8m
step 00525/01000 (52.50%) | loss: 6.649935 | lrm: 1.00 | dt: 102.36ms | tok/sec: 10,003 | bf16_mfu: 0.00 | epoch: 1 pq: 0 rg: 2 | total time: 0.89m | eta: 0.8m
step 00526/01000 (52.60%) | loss: 6.662844 | lrm: 1.00 | dt: 110.23ms | tok/sec: 9,289 | bf16_mfu: 0.00 | epoch: 1 pq: 0 rg: 2 | total time: 0.89m | eta: 0.8m
step 00527/01000 (52.70%) | loss: 6.728669 | lrm: 1.00 | dt: 103.77ms | tok/sec: 9,868 | bf16_mfu: 0.00 | epoch: 1 pq: 0 rg: 2 | total time: 0.89m | eta: 0.8m
step 00528/01000 (52.80%) | loss: 6.747418 | lrm: 1.00 | dt: 105.06ms | tok/sec: 9,747 | bf16_mfu: 0.00 | epoch: 1 pq: 0 rg: 2 | total time: 0.89m | eta: 0.8m
step 00529/01000 (52.90%) | loss: 6.720414 | lrm: 1.00 | dt: 102.01ms | tok/sec: 10,037 | bf16_mfu: 0.00 | epoch: 1 pq: 0 rg: 2 | total time: 0.90m | eta: 0.8m
step 00530/01000 (53.00%) | loss: 6.724617 | lrm: 1.00 | dt: 100.31ms | tok/sec: 10,208 | bf16_mfu: 0.00 | epoch: 1 pq: 0 rg: 2 | total time: 0.90m | eta: 0.8m
step 00531/01000 (53.10%) | loss: 6.767852 | lrm: 1.00 | dt: 100.29ms | tok/sec: 10,210 | bf16_mfu: 0.00 | epoch: 1 pq: 0 rg: 2 | total time: 0.90m | eta: 0.8m
step 00532/01000 (53.20%) | loss: 6.804066 | lrm: 1.00 | dt: 100.87ms | tok/sec: 10,151 | bf16_mfu: 0.00 | epoch: 1 pq: 0 rg: 2 | total time: 0.90m | eta: 0.8m
step 00533/01000 (53.30%) | loss: 6.751413 | lrm: 1.00 | dt: 100.65ms | tok/sec: 10,174 | bf16_mfu: 0.00 | epoch: 1 pq: 0 rg: 2 | total time: 0.90m | eta: 0.8m
step 00534/01000 (53.40%) | loss: 6.753227 | lrm: 1.00 | dt: 99.95ms | tok/sec: 10,244 | bf16_mfu: 0.00 | epoch: 1 pq: 0 rg: 2 | total time: 0.90m | eta: 0.8m
step 00535/01000 (53.50%) | loss: 6.742061 | lrm: 1.00 | dt: 100.81ms | tok/sec: 10,157 | bf16_mfu: 0.00 | epoch: 1 pq: 0 rg: 2 | total time: 0.91m | eta: 0.8m
step 00536/01000 (53.60%) | loss: 6.772529 | lrm: 1.00 | dt: 100.27ms | tok/sec: 10,212 | bf16_mfu: 0.00 | epoch: 1 pq: 0 rg: 2 | total time: 0.91m | eta: 0.8m
step 00537/01000 (53.70%) | loss: 6.810881 | lrm: 1.00 | dt: 100.57ms | tok/sec: 10,182 | bf16_mfu: 0.00 | epoch: 1 pq: 0 rg: 2 | total time: 0.91m | eta: 0.8m
step 00538/01000 (53.80%) | loss: 6.790458 | lrm: 1.00 | dt: 100.42ms | tok/sec: 10,197 | bf16_mfu: 0.00 | epoch: 1 pq: 0 rg: 2 | total time: 0.91m | eta: 0.8m
step 00539/01000 (53.90%) | loss: 6.817101 | lrm: 1.00 | dt: 100.29ms | tok/sec: 10,210 | bf16_mfu: 0.00 | epoch: 1 pq: 0 rg: 2 | total time: 0.91m | eta: 0.8m
step 00540/01000 (54.00%) | loss: 6.838617 | lrm: 1.00 | dt: 100.06ms | tok/sec: 10,234 | bf16_mfu: 0.00 | epoch: 1 pq: 0 rg: 2 | total time: 0.91m | eta: 0.8m
step 00541/01000 (54.10%) | loss: 6.772732 | lrm: 1.00 | dt: 100.20ms | tok/sec: 10,219 | bf16_mfu: 0.00 | epoch: 1 pq: 0 rg: 2 | total time: 0.92m | eta: 0.8m
step 00542/01000 (54.20%) | loss: 6.719638 | lrm: 1.00 | dt: 101.03ms | tok/sec: 10,135 | bf16_mfu: 0.00 | epoch: 1 pq: 0 rg: 2 | total time: 0.92m | eta: 0.8m
step 00543/01000 (54.30%) | loss: 6.767930 | lrm: 1.00 | dt: 100.53ms | tok/sec: 10,185 | bf16_mfu: 0.00 | epoch: 1 pq: 0 rg: 2 | total time: 0.92m | eta: 0.8m
step 00544/01000 (54.40%) | loss: 6.790461 | lrm: 1.00 | dt: 100.77ms | tok/sec: 10,161 | bf16_mfu: 0.00 | epoch: 1 pq: 0 rg: 2 | total time: 0.92m | eta: 0.8m
step 00545/01000 (54.50%) | loss: 6.819612 | lrm: 1.00 | dt: 101.67ms | tok/sec: 10,071 | bf16_mfu: 0.00 | epoch: 1 pq: 0 rg: 2 | total time: 0.92m | eta: 0.8m
step 00546/01000 (54.60%) | loss: 6.814367 | lrm: 1.00 | dt: 100.06ms | tok/sec: 10,233 | bf16_mfu: 0.00 | epoch: 1 pq: 0 rg: 2 | total time: 0.92m | eta: 0.8m
step 00547/01000 (54.70%) | loss: 6.795384 | lrm: 1.00 | dt: 101.40ms | tok/sec: 10,099 | bf16_mfu: 0.00 | epoch: 1 pq: 0 rg: 2 | total time: 0.93m | eta: 0.8m
step 00548/01000 (54.80%) | loss: 6.835131 | lrm: 1.00 | dt: 99.88ms | tok/sec: 10,252 | bf16_mfu: 0.00 | epoch: 1 pq: 0 rg: 2 | total time: 0.93m | eta: 0.8m
step 00549/01000 (54.90%) | loss: 6.782475 | lrm: 1.00 | dt: 104.65ms | tok/sec: 9,785 | bf16_mfu: 0.00 | epoch: 1 pq: 0 rg: 2 | total time: 0.93m | eta: 0.8m
step 00550/01000 (55.00%) | loss: 6.729658 | lrm: 1.00 | dt: 100.12ms | tok/sec: 10,228 | bf16_mfu: 0.00 | epoch: 1 pq: 0 rg: 2 | total time: 0.93m | eta: 0.8m
step 00551/01000 (55.10%) | loss: 6.720507 | lrm: 1.00 | dt: 99.30ms | tok/sec: 10,312 | bf16_mfu: 0.00 | epoch: 1 pq: 0 rg: 2 | total time: 0.93m | eta: 0.8m
step 00552/01000 (55.20%) | loss: 6.670011 | lrm: 1.00 | dt: 100.72ms | tok/sec: 10,166 | bf16_mfu: 0.00 | epoch: 1 pq: 0 rg: 2 | total time: 0.93m | eta: 0.8m
step 00553/01000 (55.30%) | loss: 6.681931 | lrm: 1.00 | dt: 106.05ms | tok/sec: 9,655 | bf16_mfu: 0.00 | epoch: 1 pq: 0 rg: 2 | total time: 0.94m | eta: 0.8m
step 00554/01000 (55.40%) | loss: 6.696677 | lrm: 1.00 | dt: 99.67ms | tok/sec: 10,273 | bf16_mfu: 0.00 | epoch: 1 pq: 0 rg: 2 | total time: 0.94m | eta: 0.8m
step 00555/01000 (55.50%) | loss: 6.665751 | lrm: 1.00 | dt: 101.86ms | tok/sec: 10,052 | bf16_mfu: 0.00 | epoch: 1 pq: 0 rg: 2 | total time: 0.94m | eta: 0.8m
step 00556/01000 (55.60%) | loss: 6.608581 | lrm: 1.00 | dt: 100.14ms | tok/sec: 10,225 | bf16_mfu: 0.00 | epoch: 1 pq: 0 rg: 2 | total time: 0.94m | eta: 0.8m
step 00557/01000 (55.70%) | loss: 6.614858 | lrm: 1.00 | dt: 102.14ms | tok/sec: 10,025 | bf16_mfu: 0.00 | epoch: 1 pq: 0 rg: 2 | total time: 0.94m | eta: 0.8m
step 00558/01000 (55.80%) | loss: 6.583951 | lrm: 1.00 | dt: 100.21ms | tok/sec: 10,218 | bf16_mfu: 0.00 | epoch: 1 pq: 0 rg: 2 | total time: 0.94m | eta: 0.8m
step 00559/01000 (55.90%) | loss: 6.617216 | lrm: 1.00 | dt: 100.69ms | tok/sec: 10,169 | bf16_mfu: 0.00 | epoch: 1 pq: 0 rg: 2 | total time: 0.95m | eta: 0.8m
step 00560/01000 (56.00%) | loss: 6.657460 | lrm: 1.00 | dt: 100.00ms | tok/sec: 10,239 | bf16_mfu: 0.00 | epoch: 1 pq: 0 rg: 2 | total time: 0.95m | eta: 0.8m
step 00561/01000 (56.10%) | loss: 6.685471 | lrm: 1.00 | dt: 102.57ms | tok/sec: 9,983 | bf16_mfu: 0.00 | epoch: 1 pq: 0 rg: 2 | total time: 0.95m | eta: 0.8m
step 00562/01000 (56.20%) | loss: 6.693342 | lrm: 1.00 | dt: 100.47ms | tok/sec: 10,191 | bf16_mfu: 0.00 | epoch: 1 pq: 0 rg: 2 | total time: 0.95m | eta: 0.8m
step 00563/01000 (56.30%) | loss: 6.693269 | lrm: 1.00 | dt: 99.44ms | tok/sec: 10,297 | bf16_mfu: 0.00 | epoch: 1 pq: 0 rg: 2 | total time: 0.95m | eta: 0.8m
step 00564/01000 (56.40%) | loss: 6.740076 | lrm: 1.00 | dt: 98.90ms | tok/sec: 10,353 | bf16_mfu: 0.00 | epoch: 1 pq: 0 rg: 2 | total time: 0.95m | eta: 0.8m
step 00565/01000 (56.50%) | loss: 6.805973 | lrm: 1.00 | dt: 100.38ms | tok/sec: 10,201 | bf16_mfu: 0.00 | epoch: 1 pq: 0 rg: 2 | total time: 0.96m | eta: 0.7m
step 00566/01000 (56.60%) | loss: 6.766572 | lrm: 1.00 | dt: 99.73ms | tok/sec: 10,267 | bf16_mfu: 0.00 | epoch: 1 pq: 0 rg: 2 | total time: 0.96m | eta: 0.7m
step 00567/01000 (56.70%) | loss: 6.747735 | lrm: 1.00 | dt: 101.69ms | tok/sec: 10,069 | bf16_mfu: 0.00 | epoch: 1 pq: 0 rg: 2 | total time: 0.96m | eta: 0.7m
step 00568/01000 (56.80%) | loss: 6.811886 | lrm: 1.00 | dt: 99.59ms | tok/sec: 10,281 | bf16_mfu: 0.00 | epoch: 1 pq: 0 rg: 2 | total time: 0.96m | eta: 0.7m
step 00569/01000 (56.90%) | loss: 6.814050 | lrm: 1.00 | dt: 99.19ms | tok/sec: 10,323 | bf16_mfu: 0.00 | epoch: 1 pq: 0 rg: 2 | total time: 0.96m | eta: 0.7m
step 00570/01000 (57.00%) | loss: 6.805802 | lrm: 1.00 | dt: 98.57ms | tok/sec: 10,388 | bf16_mfu: 0.00 | epoch: 1 pq: 0 rg: 2 | total time: 0.96m | eta: 0.7m
step 00571/01000 (57.10%) | loss: 6.745672 | lrm: 1.00 | dt: 98.71ms | tok/sec: 10,373 | bf16_mfu: 0.00 | epoch: 1 pq: 0 rg: 2 | total time: 0.97m | eta: 0.7m
step 00572/01000 (57.20%) | loss: 6.736669 | lrm: 1.00 | dt: 99.56ms | tok/sec: 10,285 | bf16_mfu: 0.00 | epoch: 1 pq: 0 rg: 2 | total time: 0.97m | eta: 0.7m
step 00573/01000 (57.30%) | loss: 6.710976 | lrm: 1.00 | dt: 107.21ms | tok/sec: 9,551 | bf16_mfu: 0.00 | epoch: 1 pq: 0 rg: 2 | total time: 0.97m | eta: 0.7m
step 00574/01000 (57.40%) | loss: 6.741322 | lrm: 1.00 | dt: 98.13ms | tok/sec: 10,434 | bf16_mfu: 0.00 | epoch: 1 pq: 0 rg: 2 | total time: 0.97m | eta: 0.7m
step 00575/01000 (57.50%) | loss: 6.730704 | lrm: 1.00 | dt: 98.49ms | tok/sec: 10,397 | bf16_mfu: 0.00 | epoch: 1 pq: 0 rg: 2 | total time: 0.97m | eta: 0.7m
step 00576/01000 (57.60%) | loss: 6.705464 | lrm: 1.00 | dt: 104.69ms | tok/sec: 9,780 | bf16_mfu: 0.00 | epoch: 1 pq: 0 rg: 2 | total time: 0.98m | eta: 0.7m
step 00577/01000 (57.70%) | loss: 6.732242 | lrm: 1.00 | dt: 101.10ms | tok/sec: 10,128 | bf16_mfu: 0.00 | epoch: 1 pq: 0 rg: 2 | total time: 0.98m | eta: 0.7m
step 00578/01000 (57.80%) | loss: 6.690375 | lrm: 1.00 | dt: 100.03ms | tok/sec: 10,236 | bf16_mfu: 0.00 | epoch: 1 pq: 0 rg: 2 | total time: 0.98m | eta: 0.7m
step 00579/01000 (57.90%) | loss: 6.679383 | lrm: 1.00 | dt: 100.47ms | tok/sec: 10,192 | bf16_mfu: 0.00 | epoch: 1 pq: 0 rg: 2 | total time: 0.98m | eta: 0.7m
step 00580/01000 (58.00%) | loss: 6.673076 | lrm: 1.00 | dt: 100.29ms | tok/sec: 10,210 | bf16_mfu: 0.00 | epoch: 1 pq: 0 rg: 2 | total time: 0.98m | eta: 0.7m
step 00581/01000 (58.10%) | loss: 6.757321 | lrm: 1.00 | dt: 100.52ms | tok/sec: 10,187 | bf16_mfu: 0.00 | epoch: 1 pq: 0 rg: 2 | total time: 0.98m | eta: 0.7m
step 00582/01000 (58.20%) | loss: 6.707102 | lrm: 1.00 | dt: 145.05ms | tok/sec: 7,059 | bf16_mfu: 0.00 | epoch: 1 pq: 0 rg: 2 | total time: 0.99m | eta: 0.7m
step 00583/01000 (58.30%) | loss: 6.761079 | lrm: 1.00 | dt: 100.02ms | tok/sec: 10,237 | bf16_mfu: 0.00 | epoch: 1 pq: 0 rg: 2 | total time: 0.99m | eta: 0.7m
step 00584/01000 (58.40%) | loss: 6.751831 | lrm: 1.00 | dt: 100.02ms | tok/sec: 10,238 | bf16_mfu: 0.00 | epoch: 1 pq: 0 rg: 2 | total time: 0.99m | eta: 0.7m
step 00585/01000 (58.50%) | loss: 6.750335 | lrm: 1.00 | dt: 99.86ms | tok/sec: 10,254 | bf16_mfu: 0.00 | epoch: 1 pq: 0 rg: 2 | total time: 0.99m | eta: 0.7m
step 00586/01000 (58.60%) | loss: 6.806687 | lrm: 1.00 | dt: 102.30ms | tok/sec: 10,009 | bf16_mfu: 0.00 | epoch: 1 pq: 0 rg: 2 | total time: 0.99m | eta: 0.7m
step 00587/01000 (58.70%) | loss: 6.783975 | lrm: 1.00 | dt: 100.40ms | tok/sec: 10,198 | bf16_mfu: 0.00 | epoch: 1 pq: 0 rg: 2 | total time: 0.99m | eta: 0.7m
step 00588/01000 (58.80%) | loss: 6.808572 | lrm: 1.00 | dt: 100.05ms | tok/sec: 10,235 | bf16_mfu: 0.00 | epoch: 1 pq: 0 rg: 2 | total time: 1.00m | eta: 0.7m
step 00589/01000 (58.90%) | loss: 6.781241 | lrm: 1.00 | dt: 100.34ms | tok/sec: 10,205 | bf16_mfu: 0.00 | epoch: 1 pq: 0 rg: 2 | total time: 1.00m | eta: 0.7m
step 00590/01000 (59.00%) | loss: 6.794119 | lrm: 1.00 | dt: 100.02ms | tok/sec: 10,237 | bf16_mfu: 0.00 | epoch: 1 pq: 0 rg: 2 | total time: 1.00m | eta: 0.7m
step 00591/01000 (59.10%) | loss: 6.859582 | lrm: 1.00 | dt: 100.46ms | tok/sec: 10,192 | bf16_mfu: 0.00 | epoch: 1 pq: 0 rg: 2 | total time: 1.00m | eta: 0.7m
step 00592/01000 (59.20%) | loss: 6.847513 | lrm: 1.00 | dt: 100.49ms | tok/sec: 10,189 | bf16_mfu: 0.00 | epoch: 1 pq: 0 rg: 2 | total time: 1.00m | eta: 0.7m
step 00593/01000 (59.30%) | loss: 6.815429 | lrm: 1.00 | dt: 99.92ms | tok/sec: 10,248 | bf16_mfu: 0.00 | epoch: 1 pq: 0 rg: 2 | total time: 1.00m | eta: 0.7m
step 00594/01000 (59.40%) | loss: 6.817194 | lrm: 1.00 | dt: 100.35ms | tok/sec: 10,204 | bf16_mfu: 0.00 | epoch: 1 pq: 0 rg: 2 | total time: 1.01m | eta: 0.7m
step 00595/01000 (59.50%) | loss: 6.847189 | lrm: 1.00 | dt: 100.27ms | tok/sec: 10,211 | bf16_mfu: 0.00 | epoch: 1 pq: 0 rg: 2 | total time: 1.01m | eta: 0.7m
step 00596/01000 (59.60%) | loss: 6.893040 | lrm: 1.00 | dt: 103.97ms | tok/sec: 9,848 | bf16_mfu: 0.00 | epoch: 1 pq: 0 rg: 2 | total time: 1.01m | eta: 0.7m
step 00597/01000 (59.70%) | loss: 6.875312 | lrm: 1.00 | dt: 103.54ms | tok/sec: 9,889 | bf16_mfu: 0.00 | epoch: 1 pq: 0 rg: 2 | total time: 1.01m | eta: 0.7m
step 00598/01000 (59.80%) | loss: 6.924124 | lrm: 1.00 | dt: 99.94ms | tok/sec: 10,246 | bf16_mfu: 0.00 | epoch: 1 pq: 0 rg: 2 | total time: 1.01m | eta: 0.7m
step 00599/01000 (59.90%) | loss: 6.963934 | lrm: 1.00 | dt: 99.78ms | tok/sec: 10,262 | bf16_mfu: 0.00 | epoch: 1 pq: 0 rg: 2 | total time: 1.01m | eta: 0.7m
step 00600/01000 (60.00%) | loss: 7.018592 | lrm: 1.00 | dt: 99.76ms | tok/sec: 10,264 | bf16_mfu: 0.00 | epoch: 1 pq: 0 rg: 2 | total time: 1.02m | eta: 0.7m
step 00601/01000 (60.10%) | loss: 6.966135 | lrm: 1.00 | dt: 103.30ms | tok/sec: 9,912 | bf16_mfu: 0.00 | epoch: 1 pq: 0 rg: 2 | total time: 1.02m | eta: 0.7m
step 00602/01000 (60.20%) | loss: 6.899928 | lrm: 1.00 | dt: 105.60ms | tok/sec: 9,697 | bf16_mfu: 0.00 | epoch: 1 pq: 0 rg: 2 | total time: 1.02m | eta: 0.7m
step 00603/01000 (60.30%) | loss: 6.909189 | lrm: 1.00 | dt: 107.40ms | tok/sec: 9,534 | bf16_mfu: 0.00 | epoch: 1 pq: 0 rg: 2 | total time: 1.02m | eta: 0.7m
step 00604/01000 (60.40%) | loss: 6.916531 | lrm: 1.00 | dt: 104.95ms | tok/sec: 9,756 | bf16_mfu: 0.00 | epoch: 1 pq: 0 rg: 2 | total time: 1.02m | eta: 0.7m
step 00605/01000 (60.50%) | loss: 6.894354 | lrm: 1.00 | dt: 109.22ms | tok/sec: 9,375 | bf16_mfu: 0.00 | epoch: 1 pq: 0 rg: 2 | total time: 1.02m | eta: 0.7m
step 00606/01000 (60.60%) | loss: 6.877838 | lrm: 1.00 | dt: 106.46ms | tok/sec: 9,618 | bf16_mfu: 0.00 | epoch: 1 pq: 0 rg: 2 | total time: 1.03m | eta: 0.7m
step 00607/01000 (60.70%) | loss: 6.907415 | lrm: 1.00 | dt: 105.13ms | tok/sec: 9,740 | bf16_mfu: 0.00 | epoch: 1 pq: 0 rg: 2 | total time: 1.03m | eta: 0.7m
step 00608/01000 (60.80%) | loss: 6.912964 | lrm: 1.00 | dt: 107.54ms | tok/sec: 9,522 | bf16_mfu: 0.00 | epoch: 1 pq: 0 rg: 2 | total time: 1.03m | eta: 0.7m
step 00609/01000 (60.90%) | loss: 6.897804 | lrm: 1.00 | dt: 102.64ms | tok/sec: 9,976 | bf16_mfu: 0.00 | epoch: 1 pq: 0 rg: 2 | total time: 1.03m | eta: 0.7m
step 00610/01000 (61.00%) | loss: 6.926396 | lrm: 1.00 | dt: 105.37ms | tok/sec: 9,718 | bf16_mfu: 0.00 | epoch: 1 pq: 0 rg: 2 | total time: 1.03m | eta: 0.7m
step 00611/01000 (61.10%) | loss: 6.907600 | lrm: 1.00 | dt: 106.55ms | tok/sec: 9,610 | bf16_mfu: 0.00 | epoch: 1 pq: 0 rg: 2 | total time: 1.04m | eta: 0.7m
step 00612/01000 (61.20%) | loss: 6.827594 | lrm: 1.00 | dt: 106.27ms | tok/sec: 9,636 | bf16_mfu: 0.00 | epoch: 1 pq: 0 rg: 2 | total time: 1.04m | eta: 0.7m
step 00613/01000 (61.30%) | loss: 6.779246 | lrm: 1.00 | dt: 103.31ms | tok/sec: 9,911 | bf16_mfu: 0.00 | epoch: 1 pq: 0 rg: 2 | total time: 1.04m | eta: 0.7m
step 00614/01000 (61.40%) | loss: 6.655990 | lrm: 1.00 | dt: 105.57ms | tok/sec: 9,699 | bf16_mfu: 0.00 | epoch: 1 pq: 0 rg: 2 | total time: 1.04m | eta: 0.7m
step 00615/01000 (61.50%) | loss: 6.664797 | lrm: 1.00 | dt: 106.84ms | tok/sec: 9,584 | bf16_mfu: 0.00 | epoch: 1 pq: 0 rg: 2 | total time: 1.04m | eta: 0.7m
step 00616/01000 (61.60%) | loss: 6.561473 | lrm: 1.00 | dt: 102.01ms | tok/sec: 10,038 | bf16_mfu: 0.00 | epoch: 1 pq: 0 rg: 2 | total time: 1.04m | eta: 0.7m
step 00617/01000 (61.70%) | loss: 6.528076 | lrm: 1.00 | dt: 100.32ms | tok/sec: 10,206 | bf16_mfu: 0.00 | epoch: 1 pq: 0 rg: 2 | total time: 1.05m | eta: 0.7m
step 00618/01000 (61.80%) | loss: 6.620869 | lrm: 1.00 | dt: 113.35ms | tok/sec: 9,034 | bf16_mfu: 0.00 | epoch: 1 pq: 0 rg: 3 | total time: 1.05m | eta: 0.7m
step 00619/01000 (61.90%) | loss: 6.647578 | lrm: 1.00 | dt: 100.13ms | tok/sec: 10,226 | bf16_mfu: 0.00 | epoch: 1 pq: 0 rg: 3 | total time: 1.05m | eta: 0.7m
step 00620/01000 (62.00%) | loss: 6.684936 | lrm: 1.00 | dt: 100.61ms | tok/sec: 10,177 | bf16_mfu: 0.00 | epoch: 1 pq: 0 rg: 3 | total time: 1.05m | eta: 0.7m
step 00621/01000 (62.10%) | loss: 6.727596 | lrm: 1.00 | dt: 100.21ms | tok/sec: 10,218 | bf16_mfu: 0.00 | epoch: 1 pq: 0 rg: 3 | total time: 1.05m | eta: 0.7m
step 00622/01000 (62.20%) | loss: 6.688044 | lrm: 1.00 | dt: 100.43ms | tok/sec: 10,196 | bf16_mfu: 0.00 | epoch: 1 pq: 0 rg: 3 | total time: 1.05m | eta: 0.7m
step 00623/01000 (62.30%) | loss: 6.710562 | lrm: 1.00 | dt: 100.37ms | tok/sec: 10,202 | bf16_mfu: 0.00 | epoch: 1 pq: 0 rg: 3 | total time: 1.06m | eta: 0.6m
step 00624/01000 (62.40%) | loss: 6.734851 | lrm: 1.00 | dt: 100.34ms | tok/sec: 10,205 | bf16_mfu: 0.00 | epoch: 1 pq: 0 rg: 3 | total time: 1.06m | eta: 0.6m
step 00625/01000 (62.50%) | loss: 6.712827 | lrm: 1.00 | dt: 100.59ms | tok/sec: 10,179 | bf16_mfu: 0.00 | epoch: 1 pq: 0 rg: 3 | total time: 1.06m | eta: 0.6m
step 00626/01000 (62.60%) | loss: 6.788960 | lrm: 1.00 | dt: 99.96ms | tok/sec: 10,243 | bf16_mfu: 0.00 | epoch: 1 pq: 0 rg: 3 | total time: 1.06m | eta: 0.6m
step 00627/01000 (62.70%) | loss: 6.767970 | lrm: 1.00 | dt: 99.98ms | tok/sec: 10,241 | bf16_mfu: 0.00 | epoch: 1 pq: 0 rg: 3 | total time: 1.06m | eta: 0.6m
step 00628/01000 (62.80%) | loss: 6.695365 | lrm: 1.00 | dt: 100.18ms | tok/sec: 10,221 | bf16_mfu: 0.00 | epoch: 1 pq: 0 rg: 3 | total time: 1.06m | eta: 0.6m
step 00629/01000 (62.90%) | loss: 6.701231 | lrm: 1.00 | dt: 100.42ms | tok/sec: 10,196 | bf16_mfu: 0.00 | epoch: 1 pq: 0 rg: 3 | total time: 1.07m | eta: 0.6m
step 00630/01000 (63.00%) | loss: 6.738708 | lrm: 1.00 | dt: 101.96ms | tok/sec: 10,043 | bf16_mfu: 0.00 | epoch: 1 pq: 0 rg: 3 | total time: 1.07m | eta: 0.6m
step 00631/01000 (63.10%) | loss: 6.734491 | lrm: 1.00 | dt: 101.61ms | tok/sec: 10,078 | bf16_mfu: 0.00 | epoch: 1 pq: 0 rg: 3 | total time: 1.07m | eta: 0.6m
step 00632/01000 (63.20%) | loss: 6.694372 | lrm: 1.00 | dt: 100.79ms | tok/sec: 10,159 | bf16_mfu: 0.00 | epoch: 1 pq: 0 rg: 3 | total time: 1.07m | eta: 0.6m
step 00633/01000 (63.30%) | loss: 6.720334 | lrm: 1.00 | dt: 100.75ms | tok/sec: 10,163 | bf16_mfu: 0.00 | epoch: 1 pq: 0 rg: 3 | total time: 1.07m | eta: 0.6m
step 00634/01000 (63.40%) | loss: 6.694891 | lrm: 1.00 | dt: 100.15ms | tok/sec: 10,224 | bf16_mfu: 0.00 | epoch: 1 pq: 0 rg: 3 | total time: 1.07m | eta: 0.6m
step 00635/01000 (63.50%) | loss: 6.655438 | lrm: 1.00 | dt: 101.05ms | tok/sec: 10,133 | bf16_mfu: 0.00 | epoch: 1 pq: 0 rg: 3 | total time: 1.08m | eta: 0.6m
step 00636/01000 (63.60%) | loss: 6.712741 | lrm: 1.00 | dt: 100.51ms | tok/sec: 10,188 | bf16_mfu: 0.00 | epoch: 1 pq: 0 rg: 3 | total time: 1.08m | eta: 0.6m
step 00637/01000 (63.70%) | loss: 6.618798 | lrm: 1.00 | dt: 100.37ms | tok/sec: 10,202 | bf16_mfu: 0.00 | epoch: 1 pq: 0 rg: 3 | total time: 1.08m | eta: 0.6m
step 00638/01000 (63.80%) | loss: 6.605438 | lrm: 1.00 | dt: 100.08ms | tok/sec: 10,232 | bf16_mfu: 0.00 | epoch: 1 pq: 0 rg: 3 | total time: 1.08m | eta: 0.6m
step 00639/01000 (63.90%) | loss: 6.608821 | lrm: 1.00 | dt: 101.74ms | tok/sec: 10,064 | bf16_mfu: 0.00 | epoch: 1 pq: 0 rg: 3 | total time: 1.08m | eta: 0.6m
step 00640/01000 (64.00%) | loss: 6.550027 | lrm: 1.00 | dt: 100.91ms | tok/sec: 10,147 | bf16_mfu: 0.00 | epoch: 1 pq: 0 rg: 3 | total time: 1.08m | eta: 0.6m
step 00641/01000 (64.10%) | loss: 6.522865 | lrm: 1.00 | dt: 100.04ms | tok/sec: 10,235 | bf16_mfu: 0.00 | epoch: 1 pq: 0 rg: 3 | total time: 1.09m | eta: 0.6m
step 00642/01000 (64.20%) | loss: 6.601465 | lrm: 1.00 | dt: 99.84ms | tok/sec: 10,256 | bf16_mfu: 0.00 | epoch: 1 pq: 0 rg: 3 | total time: 1.09m | eta: 0.6m
step 00643/01000 (64.30%) | loss: 6.593120 | lrm: 1.00 | dt: 100.45ms | tok/sec: 10,194 | bf16_mfu: 0.00 | epoch: 1 pq: 0 rg: 3 | total time: 1.09m | eta: 0.6m
step 00644/01000 (64.40%) | loss: 6.584762 | lrm: 1.00 | dt: 99.48ms | tok/sec: 10,293 | bf16_mfu: 0.00 | epoch: 1 pq: 0 rg: 3 | total time: 1.09m | eta: 0.6m
step 00645/01000 (64.50%) | loss: 6.605579 | lrm: 1.00 | dt: 100.94ms | tok/sec: 10,144 | bf16_mfu: 0.00 | epoch: 1 pq: 0 rg: 3 | total time: 1.09m | eta: 0.6m
step 00646/01000 (64.60%) | loss: 6.646645 | lrm: 1.00 | dt: 100.27ms | tok/sec: 10,212 | bf16_mfu: 0.00 | epoch: 1 pq: 0 rg: 3 | total time: 1.09m | eta: 0.6m
step 00647/01000 (64.70%) | loss: 6.668385 | lrm: 1.00 | dt: 100.61ms | tok/sec: 10,177 | bf16_mfu: 0.00 | epoch: 1 pq: 0 rg: 3 | total time: 1.10m | eta: 0.6m
step 00648/01000 (64.80%) | loss: 6.673597 | lrm: 1.00 | dt: 100.50ms | tok/sec: 10,188 | bf16_mfu: 0.00 | epoch: 1 pq: 0 rg: 3 | total time: 1.10m | eta: 0.6m
step 00649/01000 (64.90%) | loss: 6.691819 | lrm: 1.00 | dt: 101.76ms | tok/sec: 10,063 | bf16_mfu: 0.00 | epoch: 1 pq: 0 rg: 3 | total time: 1.10m | eta: 0.6m
step 00650/01000 (65.00%) | loss: 6.721447 | lrm: 1.00 | dt: 100.57ms | tok/sec: 10,181 | bf16_mfu: 0.00 | epoch: 1 pq: 0 rg: 3 | total time: 1.10m | eta: 0.6m
step 00651/01000 (65.10%) | loss: 6.745976 | lrm: 1.00 | dt: 103.49ms | tok/sec: 9,894 | bf16_mfu: 0.00 | epoch: 1 pq: 0 rg: 3 | total time: 1.10m | eta: 0.6m
step 00652/01000 (65.20%) | loss: 6.732731 | lrm: 1.00 | dt: 102.09ms | tok/sec: 10,030 | bf16_mfu: 0.00 | epoch: 1 pq: 0 rg: 3 | total time: 1.10m | eta: 0.6m
step 00653/01000 (65.30%) | loss: 6.742159 | lrm: 1.00 | dt: 102.43ms | tok/sec: 9,997 | bf16_mfu: 0.00 | epoch: 1 pq: 0 rg: 3 | total time: 1.11m | eta: 0.6m
step 00654/01000 (65.40%) | loss: 6.761836 | lrm: 1.00 | dt: 104.92ms | tok/sec: 9,759 | bf16_mfu: 0.00 | epoch: 1 pq: 0 rg: 3 | total time: 1.11m | eta: 0.6m
step 00655/01000 (65.50%) | loss: 6.762885 | lrm: 1.00 | dt: 101.36ms | tok/sec: 10,102 | bf16_mfu: 0.00 | epoch: 1 pq: 0 rg: 3 | total time: 1.11m | eta: 0.6m
step 00656/01000 (65.60%) | loss: 6.756129 | lrm: 1.00 | dt: 99.99ms | tok/sec: 10,240 | bf16_mfu: 0.00 | epoch: 1 pq: 0 rg: 3 | total time: 1.11m | eta: 0.6m
step 00657/01000 (65.70%) | loss: 6.761991 | lrm: 1.00 | dt: 104.74ms | tok/sec: 9,776 | bf16_mfu: 0.00 | epoch: 1 pq: 0 rg: 3 | total time: 1.11m | eta: 0.6m
step 00658/01000 (65.80%) | loss: 6.764862 | lrm: 1.00 | dt: 99.80ms | tok/sec: 10,260 | bf16_mfu: 0.00 | epoch: 1 pq: 0 rg: 3 | total time: 1.11m | eta: 0.6m
step 00659/01000 (65.90%) | loss: 6.709563 | lrm: 1.00 | dt: 99.97ms | tok/sec: 10,243 | bf16_mfu: 0.00 | epoch: 1 pq: 0 rg: 3 | total time: 1.12m | eta: 0.6m
step 00660/01000 (66.00%) | loss: 6.678084 | lrm: 1.00 | dt: 100.69ms | tok/sec: 10,170 | bf16_mfu: 0.00 | epoch: 1 pq: 0 rg: 3 | total time: 1.12m | eta: 0.6m
step 00661/01000 (66.10%) | loss: 6.701646 | lrm: 1.00 | dt: 106.88ms | tok/sec: 9,580 | bf16_mfu: 0.00 | epoch: 1 pq: 0 rg: 3 | total time: 1.12m | eta: 0.6m
step 00662/01000 (66.20%) | loss: 6.749872 | lrm: 1.00 | dt: 98.91ms | tok/sec: 10,352 | bf16_mfu: 0.00 | epoch: 1 pq: 0 rg: 3 | total time: 1.12m | eta: 0.6m
step 00663/01000 (66.30%) | loss: 6.784207 | lrm: 1.00 | dt: 98.40ms | tok/sec: 10,406 | bf16_mfu: 0.00 | epoch: 1 pq: 0 rg: 3 | total time: 1.12m | eta: 0.6m
step 00664/01000 (66.40%) | loss: 6.784625 | lrm: 1.00 | dt: 99.32ms | tok/sec: 10,310 | bf16_mfu: 0.00 | epoch: 1 pq: 0 rg: 3 | total time: 1.13m | eta: 0.6m
step 00665/01000 (66.50%) | loss: 6.736951 | lrm: 1.00 | dt: 100.38ms | tok/sec: 10,201 | bf16_mfu: 0.00 | epoch: 1 pq: 0 rg: 3 | total time: 1.13m | eta: 0.6m
step 00666/01000 (66.60%) | loss: 6.698359 | lrm: 1.00 | dt: 100.28ms | tok/sec: 10,211 | bf16_mfu: 0.00 | epoch: 1 pq: 0 rg: 3 | total time: 1.13m | eta: 0.6m
step 00667/01000 (66.70%) | loss: 6.671736 | lrm: 1.00 | dt: 98.75ms | tok/sec: 10,369 | bf16_mfu: 0.00 | epoch: 1 pq: 0 rg: 3 | total time: 1.13m | eta: 0.6m
step 00668/01000 (66.80%) | loss: 6.673030 | lrm: 1.00 | dt: 98.73ms | tok/sec: 10,371 | bf16_mfu: 0.00 | epoch: 1 pq: 0 rg: 3 | total time: 1.13m | eta: 0.6m
step 00669/01000 (66.90%) | loss: 6.665266 | lrm: 1.00 | dt: 99.16ms | tok/sec: 10,326 | bf16_mfu: 0.00 | epoch: 1 pq: 0 rg: 3 | total time: 1.13m | eta: 0.6m
step 00670/01000 (67.00%) | loss: 6.648474 | lrm: 1.00 | dt: 101.39ms | tok/sec: 10,100 | bf16_mfu: 0.00 | epoch: 1 pq: 0 rg: 3 | total time: 1.14m | eta: 0.6m
step 00671/01000 (67.10%) | loss: 6.693992 | lrm: 1.00 | dt: 98.97ms | tok/sec: 10,346 | bf16_mfu: 0.00 | epoch: 1 pq: 0 rg: 3 | total time: 1.14m | eta: 0.6m
step 00672/01000 (67.20%) | loss: 6.694552 | lrm: 1.00 | dt: 98.78ms | tok/sec: 10,366 | bf16_mfu: 0.00 | epoch: 1 pq: 0 rg: 3 | total time: 1.14m | eta: 0.6m
step 00673/01000 (67.30%) | loss: 6.669824 | lrm: 1.00 | dt: 99.04ms | tok/sec: 10,338 | bf16_mfu: 0.00 | epoch: 1 pq: 0 rg: 3 | total time: 1.14m | eta: 0.6m
step 00674/01000 (67.40%) | loss: 6.719552 | lrm: 1.00 | dt: 98.30ms | tok/sec: 10,416 | bf16_mfu: 0.00 | epoch: 1 pq: 0 rg: 3 | total time: 1.14m | eta: 0.6m
step 00675/01000 (67.50%) | loss: 6.717198 | lrm: 1.00 | dt: 101.32ms | tok/sec: 10,106 | bf16_mfu: 0.00 | epoch: 1 pq: 0 rg: 3 | total time: 1.14m | eta: 0.6m
step 00676/01000 (67.60%) | loss: 6.811196 | lrm: 1.00 | dt: 98.53ms | tok/sec: 10,392 | bf16_mfu: 0.00 | epoch: 1 pq: 0 rg: 3 | total time: 1.14m | eta: 0.6m
step 00677/01000 (67.70%) | loss: 6.780948 | lrm: 1.00 | dt: 98.36ms | tok/sec: 10,410 | bf16_mfu: 0.00 | epoch: 1 pq: 0 rg: 3 | total time: 1.15m | eta: 0.6m
step 00678/01000 (67.80%) | loss: 6.755124 | lrm: 1.00 | dt: 98.10ms | tok/sec: 10,438 | bf16_mfu: 0.00 | epoch: 1 pq: 0 rg: 3 | total time: 1.15m | eta: 0.6m
step 00679/01000 (67.90%) | loss: 6.766279 | lrm: 1.00 | dt: 98.33ms | tok/sec: 10,414 | bf16_mfu: 0.00 | epoch: 1 pq: 0 rg: 3 | total time: 1.15m | eta: 0.6m
step 00680/01000 (68.00%) | loss: 6.832122 | lrm: 1.00 | dt: 101.16ms | tok/sec: 10,122 | bf16_mfu: 0.00 | epoch: 1 pq: 0 rg: 3 | total time: 1.15m | eta: 0.5m
step 00681/01000 (68.10%) | loss: 6.782858 | lrm: 1.00 | dt: 105.44ms | tok/sec: 9,711 | bf16_mfu: 0.00 | epoch: 1 pq: 0 rg: 3 | total time: 1.15m | eta: 0.5m
step 00682/01000 (68.20%) | loss: 6.790304 | lrm: 1.00 | dt: 99.95ms | tok/sec: 10,244 | bf16_mfu: 0.00 | epoch: 1 pq: 0 rg: 3 | total time: 1.15m | eta: 0.5m
step 00683/01000 (68.30%) | loss: 6.750424 | lrm: 1.00 | dt: 100.69ms | tok/sec: 10,169 | bf16_mfu: 0.00 | epoch: 1 pq: 0 rg: 3 | total time: 1.16m | eta: 0.5m
step 00684/01000 (68.40%) | loss: 6.701419 | lrm: 1.00 | dt: 100.09ms | tok/sec: 10,230 | bf16_mfu: 0.00 | epoch: 1 pq: 0 rg: 3 | total time: 1.16m | eta: 0.5m
step 00685/01000 (68.50%) | loss: 6.632914 | lrm: 1.00 | dt: 100.96ms | tok/sec: 10,142 | bf16_mfu: 0.00 | epoch: 1 pq: 0 rg: 3 | total time: 1.16m | eta: 0.5m
step 00686/01000 (68.60%) | loss: 6.687949 | lrm: 1.00 | dt: 100.78ms | tok/sec: 10,160 | bf16_mfu: 0.00 | epoch: 1 pq: 0 rg: 3 | total time: 1.16m | eta: 0.5m
step 00687/01000 (68.70%) | loss: 6.658750 | lrm: 1.00 | dt: 100.59ms | tok/sec: 10,180 | bf16_mfu: 0.00 | epoch: 1 pq: 0 rg: 3 | total time: 1.16m | eta: 0.5m
step 00688/01000 (68.80%) | loss: 6.681564 | lrm: 1.00 | dt: 100.01ms | tok/sec: 10,239 | bf16_mfu: 0.00 | epoch: 1 pq: 0 rg: 3 | total time: 1.17m | eta: 0.5m
step 00689/01000 (68.90%) | loss: 6.701113 | lrm: 1.00 | dt: 100.29ms | tok/sec: 10,210 | bf16_mfu: 0.00 | epoch: 1 pq: 0 rg: 3 | total time: 1.17m | eta: 0.5m
step 00690/01000 (69.00%) | loss: 6.651117 | lrm: 1.00 | dt: 100.52ms | tok/sec: 10,186 | bf16_mfu: 0.00 | epoch: 1 pq: 0 rg: 3 | total time: 1.17m | eta: 0.5m
step 00691/01000 (69.10%) | loss: 6.702577 | lrm: 1.00 | dt: 100.52ms | tok/sec: 10,187 | bf16_mfu: 0.00 | epoch: 1 pq: 0 rg: 3 | total time: 1.17m | eta: 0.5m
step 00692/01000 (69.20%) | loss: 6.652387 | lrm: 1.00 | dt: 100.92ms | tok/sec: 10,146 | bf16_mfu: 0.00 | epoch: 1 pq: 0 rg: 3 | total time: 1.17m | eta: 0.5m
step 00693/01000 (69.30%) | loss: 6.681994 | lrm: 1.00 | dt: 100.71ms | tok/sec: 10,167 | bf16_mfu: 0.00 | epoch: 1 pq: 0 rg: 3 | total time: 1.17m | eta: 0.5m
step 00694/01000 (69.40%) | loss: 6.650677 | lrm: 1.00 | dt: 100.16ms | tok/sec: 10,223 | bf16_mfu: 0.00 | epoch: 1 pq: 0 rg: 3 | total time: 1.18m | eta: 0.5m
step 00695/01000 (69.50%) | loss: 6.655325 | lrm: 1.00 | dt: 100.41ms | tok/sec: 10,198 | bf16_mfu: 0.00 | epoch: 1 pq: 0 rg: 3 | total time: 1.18m | eta: 0.5m
step 00696/01000 (69.60%) | loss: 6.724810 | lrm: 1.00 | dt: 100.18ms | tok/sec: 10,221 | bf16_mfu: 0.00 | epoch: 1 pq: 0 rg: 3 | total time: 1.18m | eta: 0.5m
step 00697/01000 (69.70%) | loss: 6.601456 | lrm: 1.00 | dt: 100.47ms | tok/sec: 10,191 | bf16_mfu: 0.00 | epoch: 1 pq: 0 rg: 3 | total time: 1.18m | eta: 0.5m
step 00698/01000 (69.80%) | loss: 6.659991 | lrm: 1.00 | dt: 99.71ms | tok/sec: 10,269 | bf16_mfu: 0.00 | epoch: 1 pq: 0 rg: 3 | total time: 1.18m | eta: 0.5m
step 00699/01000 (69.90%) | loss: 6.673734 | lrm: 1.00 | dt: 99.83ms | tok/sec: 10,257 | bf16_mfu: 0.00 | epoch: 1 pq: 0 rg: 3 | total time: 1.18m | eta: 0.5m
step 00700/01000 (70.00%) | loss: 6.709015 | lrm: 1.00 | dt: 100.64ms | tok/sec: 10,174 | bf16_mfu: 0.00 | epoch: 1 pq: 0 rg: 3 | total time: 1.19m | eta: 0.5m
step 00701/01000 (70.10%) | loss: 6.658218 | lrm: 1.00 | dt: 102.07ms | tok/sec: 10,032 | bf16_mfu: 0.00 | epoch: 1 pq: 0 rg: 3 | total time: 1.19m | eta: 0.5m
step 00702/01000 (70.20%) | loss: 6.656568 | lrm: 1.00 | dt: 101.61ms | tok/sec: 10,077 | bf16_mfu: 0.00 | epoch: 1 pq: 0 rg: 3 | total time: 1.19m | eta: 0.5m
step 00703/01000 (70.30%) | loss: 6.691020 | lrm: 1.00 | dt: 101.00ms | tok/sec: 10,138 | bf16_mfu: 0.00 | epoch: 1 pq: 0 rg: 3 | total time: 1.19m | eta: 0.5m
step 00704/01000 (70.40%) | loss: 6.711038 | lrm: 1.00 | dt: 100.29ms | tok/sec: 10,210 | bf16_mfu: 0.00 | epoch: 1 pq: 0 rg: 3 | total time: 1.19m | eta: 0.5m
step 00705/01000 (70.50%) | loss: 6.673969 | lrm: 1.00 | dt: 154.34ms | tok/sec: 6,634 | bf16_mfu: 0.00 | epoch: 1 pq: 0 rg: 3 | total time: 1.19m | eta: 0.5m
step 00706/01000 (70.60%) | loss: 6.542815 | lrm: 1.00 | dt: 115.91ms | tok/sec: 8,834 | bf16_mfu: 0.00 | epoch: 1 pq: 0 rg: 3 | total time: 1.20m | eta: 0.5m
step 00707/01000 (70.70%) | loss: 6.511043 | lrm: 1.00 | dt: 106.75ms | tok/sec: 9,592 | bf16_mfu: 0.00 | epoch: 1 pq: 0 rg: 3 | total time: 1.20m | eta: 0.5m
step 00708/01000 (70.80%) | loss: 6.569046 | lrm: 1.00 | dt: 106.89ms | tok/sec: 9,580 | bf16_mfu: 0.00 | epoch: 1 pq: 0 rg: 3 | total time: 1.20m | eta: 0.5m
step 00709/01000 (70.90%) | loss: 6.571029 | lrm: 1.00 | dt: 111.20ms | tok/sec: 9,209 | bf16_mfu: 0.00 | epoch: 1 pq: 0 rg: 3 | total time: 1.20m | eta: 0.5m
step 00710/01000 (71.00%) | loss: 6.539667 | lrm: 1.00 | dt: 105.84ms | tok/sec: 9,674 | bf16_mfu: 0.00 | epoch: 1 pq: 0 rg: 3 | total time: 1.20m | eta: 0.5m
step 00711/01000 (71.10%) | loss: 6.502835 | lrm: 1.00 | dt: 108.42ms | tok/sec: 9,444 | bf16_mfu: 0.00 | epoch: 1 pq: 0 rg: 3 | total time: 1.21m | eta: 0.5m
step 00712/01000 (71.20%) | loss: 6.555387 | lrm: 1.00 | dt: 107.41ms | tok/sec: 9,533 | bf16_mfu: 0.00 | epoch: 1 pq: 0 rg: 3 | total time: 1.21m | eta: 0.5m
step 00713/01000 (71.30%) | loss: 6.564761 | lrm: 1.00 | dt: 105.36ms | tok/sec: 9,719 | bf16_mfu: 0.00 | epoch: 1 pq: 0 rg: 3 | total time: 1.21m | eta: 0.5m
step 00714/01000 (71.40%) | loss: 6.592361 | lrm: 1.00 | dt: 106.62ms | tok/sec: 9,604 | bf16_mfu: 0.00 | epoch: 1 pq: 0 rg: 3 | total time: 1.21m | eta: 0.5m
step 00715/01000 (71.50%) | loss: 6.554866 | lrm: 1.00 | dt: 105.74ms | tok/sec: 9,684 | bf16_mfu: 0.00 | epoch: 1 pq: 0 rg: 3 | total time: 1.21m | eta: 0.5m
step 00716/01000 (71.60%) | loss: 6.597580 | lrm: 1.00 | dt: 107.49ms | tok/sec: 9,526 | bf16_mfu: 0.00 | epoch: 1 pq: 0 rg: 3 | total time: 1.21m | eta: 0.5m
step 00717/01000 (71.70%) | loss: 6.579212 | lrm: 1.00 | dt: 104.25ms | tok/sec: 9,822 | bf16_mfu: 0.00 | epoch: 1 pq: 0 rg: 3 | total time: 1.22m | eta: 0.5m
step 00718/01000 (71.80%) | loss: 6.587247 | lrm: 1.00 | dt: 107.26ms | tok/sec: 9,546 | bf16_mfu: 0.00 | epoch: 1 pq: 0 rg: 3 | total time: 1.22m | eta: 0.5m
step 00719/01000 (71.90%) | loss: 6.600819 | lrm: 1.00 | dt: 106.43ms | tok/sec: 9,621 | bf16_mfu: 0.00 | epoch: 1 pq: 0 rg: 3 | total time: 1.22m | eta: 0.5m
step 00720/01000 (72.00%) | loss: 6.596318 | lrm: 1.00 | dt: 100.83ms | tok/sec: 10,155 | bf16_mfu: 0.00 | epoch: 1 pq: 0 rg: 3 | total time: 1.22m | eta: 0.5m
step 00721/01000 (72.10%) | loss: 6.608971 | lrm: 1.00 | dt: 100.53ms | tok/sec: 10,186 | bf16_mfu: 0.00 | epoch: 1 pq: 0 rg: 3 | total time: 1.22m | eta: 0.5m
step 00722/01000 (72.20%) | loss: 6.584212 | lrm: 1.00 | dt: 100.38ms | tok/sec: 10,201 | bf16_mfu: 0.00 | epoch: 1 pq: 0 rg: 3 | total time: 1.22m | eta: 0.5m
step 00723/01000 (72.30%) | loss: 6.577217 | lrm: 1.00 | dt: 101.52ms | tok/sec: 10,086 | bf16_mfu: 0.00 | epoch: 1 pq: 0 rg: 3 | total time: 1.23m | eta: 0.5m
step 00724/01000 (72.40%) | loss: 6.547719 | lrm: 1.00 | dt: 100.40ms | tok/sec: 10,199 | bf16_mfu: 0.00 | epoch: 1 pq: 0 rg: 3 | total time: 1.23m | eta: 0.5m
step 00725/01000 (72.50%) | loss: 6.486876 | lrm: 1.00 | dt: 100.20ms | tok/sec: 10,219 | bf16_mfu: 0.00 | epoch: 1 pq: 0 rg: 3 | total time: 1.23m | eta: 0.5m
step 00726/01000 (72.60%) | loss: 6.578248 | lrm: 1.00 | dt: 99.55ms | tok/sec: 10,286 | bf16_mfu: 0.00 | epoch: 1 pq: 0 rg: 3 | total time: 1.23m | eta: 0.5m
step 00727/01000 (72.70%) | loss: 6.568656 | lrm: 1.00 | dt: 100.25ms | tok/sec: 10,214 | bf16_mfu: 0.00 | epoch: 1 pq: 0 rg: 3 | total time: 1.23m | eta: 0.5m
step 00728/01000 (72.80%) | loss: 6.560484 | lrm: 1.00 | dt: 100.80ms | tok/sec: 10,158 | bf16_mfu: 0.00 | epoch: 1 pq: 0 rg: 3 | total time: 1.23m | eta: 0.5m
step 00729/01000 (72.90%) | loss: 6.488754 | lrm: 1.00 | dt: 100.41ms | tok/sec: 10,198 | bf16_mfu: 0.00 | epoch: 1 pq: 0 rg: 3 | total time: 1.24m | eta: 0.5m
step 00730/01000 (73.00%) | loss: 6.485900 | lrm: 1.00 | dt: 100.35ms | tok/sec: 10,203 | bf16_mfu: 0.00 | epoch: 1 pq: 0 rg: 3 | total time: 1.24m | eta: 0.5m
step 00731/01000 (73.10%) | loss: 6.573969 | lrm: 1.00 | dt: 100.90ms | tok/sec: 10,148 | bf16_mfu: 0.00 | epoch: 1 pq: 0 rg: 3 | total time: 1.24m | eta: 0.5m
step 00732/01000 (73.20%) | loss: 6.593800 | lrm: 1.00 | dt: 100.28ms | tok/sec: 10,211 | bf16_mfu: 0.00 | epoch: 1 pq: 0 rg: 3 | total time: 1.24m | eta: 0.5m
step 00733/01000 (73.30%) | loss: 6.569789 | lrm: 1.00 | dt: 100.44ms | tok/sec: 10,195 | bf16_mfu: 0.00 | epoch: 1 pq: 0 rg: 3 | total time: 1.24m | eta: 0.5m
step 00734/01000 (73.40%) | loss: 6.603287 | lrm: 1.00 | dt: 100.00ms | tok/sec: 10,239 | bf16_mfu: 0.00 | epoch: 1 pq: 0 rg: 3 | total time: 1.24m | eta: 0.5m
step 00735/01000 (73.50%) | loss: 6.647433 | lrm: 1.00 | dt: 100.25ms | tok/sec: 10,214 | bf16_mfu: 0.00 | epoch: 1 pq: 0 rg: 3 | total time: 1.25m | eta: 0.5m
step 00736/01000 (73.60%) | loss: 6.688921 | lrm: 1.00 | dt: 99.65ms | tok/sec: 10,275 | bf16_mfu: 0.00 | epoch: 1 pq: 0 rg: 3 | total time: 1.25m | eta: 0.5m
step 00737/01000 (73.70%) | loss: 6.691865 | lrm: 1.00 | dt: 100.56ms | tok/sec: 10,182 | bf16_mfu: 0.00 | epoch: 1 pq: 0 rg: 3 | total time: 1.25m | eta: 0.5m
step 00738/01000 (73.80%) | loss: 6.661181 | lrm: 1.00 | dt: 100.71ms | tok/sec: 10,168 | bf16_mfu: 0.00 | epoch: 1 pq: 0 rg: 3 | total time: 1.25m | eta: 0.5m
step 00739/01000 (73.90%) | loss: 6.639703 | lrm: 1.00 | dt: 100.57ms | tok/sec: 10,181 | bf16_mfu: 0.00 | epoch: 1 pq: 0 rg: 3 | total time: 1.25m | eta: 0.4m
step 00740/01000 (74.00%) | loss: 6.662605 | lrm: 1.00 | dt: 100.73ms | tok/sec: 10,165 | bf16_mfu: 0.00 | epoch: 1 pq: 0 rg: 3 | total time: 1.25m | eta: 0.4m
step 00741/01000 (74.10%) | loss: 6.629464 | lrm: 1.00 | dt: 101.02ms | tok/sec: 10,136 | bf16_mfu: 0.00 | epoch: 1 pq: 0 rg: 3 | total time: 1.26m | eta: 0.4m
step 00742/01000 (74.20%) | loss: 6.621481 | lrm: 1.00 | dt: 100.25ms | tok/sec: 10,214 | bf16_mfu: 0.00 | epoch: 1 pq: 0 rg: 3 | total time: 1.26m | eta: 0.4m
step 00743/01000 (74.30%) | loss: 6.602471 | lrm: 1.00 | dt: 101.27ms | tok/sec: 10,111 | bf16_mfu: 0.00 | epoch: 1 pq: 0 rg: 3 | total time: 1.26m | eta: 0.4m
step 00744/01000 (74.40%) | loss: 6.536698 | lrm: 1.00 | dt: 100.40ms | tok/sec: 10,199 | bf16_mfu: 0.00 | epoch: 1 pq: 0 rg: 3 | total time: 1.26m | eta: 0.4m
step 00745/01000 (74.50%) | loss: 6.547035 | lrm: 1.00 | dt: 102.24ms | tok/sec: 10,015 | bf16_mfu: 0.00 | epoch: 1 pq: 0 rg: 3 | total time: 1.26m | eta: 0.4m
step 00746/01000 (74.60%) | loss: 6.577616 | lrm: 1.00 | dt: 101.16ms | tok/sec: 10,122 | bf16_mfu: 0.00 | epoch: 1 pq: 0 rg: 3 | total time: 1.26m | eta: 0.4m
step 00747/01000 (74.70%) | loss: 6.543775 | lrm: 1.00 | dt: 101.04ms | tok/sec: 10,134 | bf16_mfu: 0.00 | epoch: 1 pq: 0 rg: 3 | total time: 1.27m | eta: 0.4m
step 00748/01000 (74.80%) | loss: 6.491847 | lrm: 1.00 | dt: 102.55ms | tok/sec: 9,985 | bf16_mfu: 0.00 | epoch: 1 pq: 0 rg: 3 | total time: 1.27m | eta: 0.4m
step 00749/01000 (74.90%) | loss: 6.546563 | lrm: 1.00 | dt: 100.86ms | tok/sec: 10,153 | bf16_mfu: 0.00 | epoch: 1 pq: 0 rg: 3 | total time: 1.27m | eta: 0.4m
step 00750/01000 (75.00%) | loss: 6.481625 | lrm: 1.00 | dt: 113.37ms | tok/sec: 9,032 | bf16_mfu: 0.00 | epoch: 1 pq: 0 rg: 3 | total time: 1.27m | eta: 0.4m
step 00751/01000 (75.10%) | loss: 6.498328 | lrm: 1.00 | dt: 100.10ms | tok/sec: 10,229 | bf16_mfu: 0.00 | epoch: 1 pq: 0 rg: 3 | total time: 1.27m | eta: 0.4m
step 00752/01000 (75.20%) | loss: 6.511812 | lrm: 1.00 | dt: 100.08ms | tok/sec: 10,232 | bf16_mfu: 0.00 | epoch: 1 pq: 0 rg: 3 | total time: 1.28m | eta: 0.4m
step 00753/01000 (75.30%) | loss: 6.539028 | lrm: 1.00 | dt: 104.23ms | tok/sec: 9,824 | bf16_mfu: 0.00 | epoch: 1 pq: 0 rg: 3 | total time: 1.28m | eta: 0.4m
step 00754/01000 (75.40%) | loss: 6.568372 | lrm: 1.00 | dt: 100.79ms | tok/sec: 10,160 | bf16_mfu: 0.00 | epoch: 1 pq: 0 rg: 3 | total time: 1.28m | eta: 0.4m
step 00755/01000 (75.50%) | loss: 6.654848 | lrm: 1.00 | dt: 100.79ms | tok/sec: 10,160 | bf16_mfu: 0.00 | epoch: 1 pq: 0 rg: 3 | total time: 1.28m | eta: 0.4m
step 00756/01000 (75.60%) | loss: 6.613076 | lrm: 1.00 | dt: 101.13ms | tok/sec: 10,125 | bf16_mfu: 0.00 | epoch: 1 pq: 0 rg: 3 | total time: 1.28m | eta: 0.4m
step 00757/01000 (75.70%) | loss: 6.645104 | lrm: 1.00 | dt: 104.54ms | tok/sec: 9,794 | bf16_mfu: 0.00 | epoch: 1 pq: 0 rg: 3 | total time: 1.28m | eta: 0.4m
step 00758/01000 (75.80%) | loss: 6.658928 | lrm: 1.00 | dt: 104.43ms | tok/sec: 9,805 | bf16_mfu: 0.00 | epoch: 1 pq: 0 rg: 3 | total time: 1.29m | eta: 0.4m
step 00759/01000 (75.90%) | loss: 6.670292 | lrm: 1.00 | dt: 98.91ms | tok/sec: 10,353 | bf16_mfu: 0.00 | epoch: 1 pq: 0 rg: 3 | total time: 1.29m | eta: 0.4m
step 00760/01000 (76.00%) | loss: 6.605341 | lrm: 1.00 | dt: 99.17ms | tok/sec: 10,325 | bf16_mfu: 0.00 | epoch: 1 pq: 0 rg: 3 | total time: 1.29m | eta: 0.4m
step 00761/01000 (76.10%) | loss: 6.592656 | lrm: 1.00 | dt: 103.13ms | tok/sec: 9,929 | bf16_mfu: 0.00 | epoch: 1 pq: 0 rg: 3 | total time: 1.29m | eta: 0.4m
step 00762/01000 (76.20%) | loss: 6.555871 | lrm: 1.00 | dt: 99.98ms | tok/sec: 10,241 | bf16_mfu: 0.00 | epoch: 1 pq: 0 rg: 3 | total time: 1.29m | eta: 0.4m
step 00763/01000 (76.30%) | loss: 6.520174 | lrm: 1.00 | dt: 100.96ms | tok/sec: 10,142 | bf16_mfu: 0.00 | epoch: 1 pq: 0 rg: 3 | total time: 1.29m | eta: 0.4m
step 00764/01000 (76.40%) | loss: 6.525813 | lrm: 1.00 | dt: 99.05ms | tok/sec: 10,338 | bf16_mfu: 0.00 | epoch: 1 pq: 0 rg: 3 | total time: 1.30m | eta: 0.4m
step 00765/01000 (76.50%) | loss: 6.615364 | lrm: 1.00 | dt: 98.23ms | tok/sec: 10,424 | bf16_mfu: 0.00 | epoch: 1 pq: 0 rg: 3 | total time: 1.30m | eta: 0.4m
step 00766/01000 (76.60%) | loss: 6.539533 | lrm: 1.00 | dt: 98.59ms | tok/sec: 10,386 | bf16_mfu: 0.00 | epoch: 1 pq: 0 rg: 3 | total time: 1.30m | eta: 0.4m
step 00767/01000 (76.70%) | loss: 6.518061 | lrm: 1.00 | dt: 99.18ms | tok/sec: 10,324 | bf16_mfu: 0.00 | epoch: 1 pq: 0 rg: 3 | total time: 1.30m | eta: 0.4m
step 00768/01000 (76.80%) | loss: 6.570392 | lrm: 1.00 | dt: 99.96ms | tok/sec: 10,244 | bf16_mfu: 0.00 | epoch: 1 pq: 0 rg: 3 | total time: 1.30m | eta: 0.4m
step 00769/01000 (76.90%) | loss: 6.562658 | lrm: 1.00 | dt: 99.80ms | tok/sec: 10,260 | bf16_mfu: 0.00 | epoch: 1 pq: 0 rg: 3 | total time: 1.30m | eta: 0.4m
step 00770/01000 (77.00%) | loss: 6.563057 | lrm: 1.00 | dt: 99.81ms | tok/sec: 10,259 | bf16_mfu: 0.00 | epoch: 1 pq: 0 rg: 3 | total time: 1.31m | eta: 0.4m
step 00771/01000 (77.10%) | loss: 6.554970 | lrm: 1.00 | dt: 99.51ms | tok/sec: 10,290 | bf16_mfu: 0.00 | epoch: 1 pq: 0 rg: 3 | total time: 1.31m | eta: 0.4m
step 00772/01000 (77.20%) | loss: 6.565657 | lrm: 1.00 | dt: 99.98ms | tok/sec: 10,242 | bf16_mfu: 0.00 | epoch: 1 pq: 0 rg: 3 | total time: 1.31m | eta: 0.4m
step 00773/01000 (77.30%) | loss: 6.565406 | lrm: 1.00 | dt: 100.18ms | tok/sec: 10,221 | bf16_mfu: 0.00 | epoch: 1 pq: 0 rg: 3 | total time: 1.31m | eta: 0.4m
step 00774/01000 (77.40%) | loss: 6.545963 | lrm: 1.00 | dt: 99.41ms | tok/sec: 10,301 | bf16_mfu: 0.00 | epoch: 1 pq: 0 rg: 3 | total time: 1.31m | eta: 0.4m
step 00775/01000 (77.50%) | loss: 6.583345 | lrm: 1.00 | dt: 98.56ms | tok/sec: 10,389 | bf16_mfu: 0.00 | epoch: 1 pq: 0 rg: 3 | total time: 1.31m | eta: 0.4m
step 00776/01000 (77.60%) | loss: 6.572177 | lrm: 1.00 | dt: 98.46ms | tok/sec: 10,400 | bf16_mfu: 0.00 | epoch: 1 pq: 0 rg: 3 | total time: 1.32m | eta: 0.4m
step 00777/01000 (77.70%) | loss: 6.577165 | lrm: 1.00 | dt: 99.21ms | tok/sec: 10,321 | bf16_mfu: 0.00 | epoch: 1 pq: 0 rg: 3 | total time: 1.32m | eta: 0.4m
step 00778/01000 (77.80%) | loss: 6.595011 | lrm: 1.00 | dt: 99.41ms | tok/sec: 10,300 | bf16_mfu: 0.00 | epoch: 1 pq: 0 rg: 3 | total time: 1.32m | eta: 0.4m
step 00779/01000 (77.90%) | loss: 6.618777 | lrm: 1.00 | dt: 98.64ms | tok/sec: 10,381 | bf16_mfu: 0.00 | epoch: 1 pq: 0 rg: 3 | total time: 1.32m | eta: 0.4m
step 00780/01000 (78.00%) | loss: 6.677727 | lrm: 1.00 | dt: 98.70ms | tok/sec: 10,374 | bf16_mfu: 0.00 | epoch: 1 pq: 0 rg: 3 | total time: 1.32m | eta: 0.4m
step 00781/01000 (78.10%) | loss: 6.671112 | lrm: 1.00 | dt: 99.27ms | tok/sec: 10,314 | bf16_mfu: 0.00 | epoch: 1 pq: 0 rg: 3 | total time: 1.32m | eta: 0.4m
step 00782/01000 (78.20%) | loss: 6.711079 | lrm: 1.00 | dt: 99.13ms | tok/sec: 10,330 | bf16_mfu: 0.00 | epoch: 1 pq: 0 rg: 3 | total time: 1.33m | eta: 0.4m
step 00783/01000 (78.30%) | loss: 6.666175 | lrm: 1.00 | dt: 99.21ms | tok/sec: 10,322 | bf16_mfu: 0.00 | epoch: 1 pq: 0 rg: 3 | total time: 1.33m | eta: 0.4m
step 00784/01000 (78.40%) | loss: 6.622813 | lrm: 1.00 | dt: 98.80ms | tok/sec: 10,363 | bf16_mfu: 0.00 | epoch: 1 pq: 0 rg: 3 | total time: 1.33m | eta: 0.4m
step 00785/01000 (78.50%) | loss: 6.639646 | lrm: 1.00 | dt: 98.45ms | tok/sec: 10,400 | bf16_mfu: 0.00 | epoch: 1 pq: 0 rg: 3 | total time: 1.33m | eta: 0.4m
step 00786/01000 (78.60%) | loss: 6.587536 | lrm: 1.00 | dt: 102.39ms | tok/sec: 10,000 | bf16_mfu: 0.00 | epoch: 1 pq: 0 rg: 3 | total time: 1.33m | eta: 0.4m
step 00787/01000 (78.70%) | loss: 6.652039 | lrm: 1.00 | dt: 102.82ms | tok/sec: 9,959 | bf16_mfu: 0.00 | epoch: 1 pq: 0 rg: 3 | total time: 1.33m | eta: 0.4m
step 00788/01000 (78.80%) | loss: 6.620746 | lrm: 1.00 | dt: 100.72ms | tok/sec: 10,167 | bf16_mfu: 0.00 | epoch: 1 pq: 0 rg: 3 | total time: 1.34m | eta: 0.4m
step 00789/01000 (78.90%) | loss: 6.626062 | lrm: 1.00 | dt: 100.53ms | tok/sec: 10,185 | bf16_mfu: 0.00 | epoch: 1 pq: 0 rg: 3 | total time: 1.34m | eta: 0.4m
step 00790/01000 (79.00%) | loss: 6.648470 | lrm: 1.00 | dt: 100.51ms | tok/sec: 10,188 | bf16_mfu: 0.00 | epoch: 1 pq: 0 rg: 3 | total time: 1.34m | eta: 0.4m
step 00791/01000 (79.10%) | loss: 6.561071 | lrm: 1.00 | dt: 100.81ms | tok/sec: 10,158 | bf16_mfu: 0.00 | epoch: 1 pq: 0 rg: 3 | total time: 1.34m | eta: 0.4m
step 00792/01000 (79.20%) | loss: 6.626676 | lrm: 1.00 | dt: 100.94ms | tok/sec: 10,144 | bf16_mfu: 0.00 | epoch: 1 pq: 0 rg: 3 | total time: 1.34m | eta: 0.4m
step 00793/01000 (79.30%) | loss: 6.582803 | lrm: 1.00 | dt: 100.65ms | tok/sec: 10,174 | bf16_mfu: 0.00 | epoch: 1 pq: 0 rg: 3 | total time: 1.34m | eta: 0.4m
step 00794/01000 (79.40%) | loss: 6.607737 | lrm: 1.00 | dt: 100.20ms | tok/sec: 10,219 | bf16_mfu: 0.00 | epoch: 1 pq: 0 rg: 3 | total time: 1.35m | eta: 0.4m
step 00795/01000 (79.50%) | loss: 6.558266 | lrm: 1.00 | dt: 100.27ms | tok/sec: 10,212 | bf16_mfu: 0.00 | epoch: 1 pq: 0 rg: 3 | total time: 1.35m | eta: 0.4m
step 00796/01000 (79.60%) | loss: 6.627237 | lrm: 1.00 | dt: 101.70ms | tok/sec: 10,069 | bf16_mfu: 0.00 | epoch: 1 pq: 0 rg: 3 | total time: 1.35m | eta: 0.4m
step 00797/01000 (79.70%) | loss: 6.630966 | lrm: 1.00 | dt: 110.33ms | tok/sec: 9,281 | bf16_mfu: 0.00 | epoch: 1 pq: 0 rg: 3 | total time: 1.35m | eta: 0.3m
step 00798/01000 (79.80%) | loss: 6.640204 | lrm: 1.00 | dt: 100.73ms | tok/sec: 10,165 | bf16_mfu: 0.00 | epoch: 1 pq: 0 rg: 3 | total time: 1.35m | eta: 0.3m
step 00799/01000 (79.90%) | loss: 6.637042 | lrm: 1.00 | dt: 101.17ms | tok/sec: 10,121 | bf16_mfu: 0.00 | epoch: 1 pq: 0 rg: 3 | total time: 1.35m | eta: 0.3m
step 00800/01000 (80.00%) | loss: 6.639618 | lrm: 1.00 | dt: 100.72ms | tok/sec: 10,167 | bf16_mfu: 0.00 | epoch: 1 pq: 0 rg: 3 | total time: 1.36m | eta: 0.3m
step 00801/01000 (80.10%) | loss: 6.634232 | lrm: 1.00 | dt: 100.73ms | tok/sec: 10,165 | bf16_mfu: 0.00 | epoch: 1 pq: 0 rg: 3 | total time: 1.36m | eta: 0.3m
step 00802/01000 (80.20%) | loss: 6.671211 | lrm: 1.00 | dt: 151.63ms | tok/sec: 6,753 | bf16_mfu: 0.00 | epoch: 1 pq: 0 rg: 3 | total time: 1.36m | eta: 0.3m
step 00803/01000 (80.30%) | loss: 6.674796 | lrm: 1.00 | dt: 104.75ms | tok/sec: 9,775 | bf16_mfu: 0.00 | epoch: 1 pq: 0 rg: 3 | total time: 1.36m | eta: 0.3m
step 00804/01000 (80.40%) | loss: 6.700070 | lrm: 1.00 | dt: 100.88ms | tok/sec: 10,150 | bf16_mfu: 0.00 | epoch: 1 pq: 0 rg: 3 | total time: 1.36m | eta: 0.3m
step 00805/01000 (80.50%) | loss: 6.681914 | lrm: 1.00 | dt: 102.33ms | tok/sec: 10,007 | bf16_mfu: 0.00 | epoch: 1 pq: 0 rg: 3 | total time: 1.36m | eta: 0.3m
step 00806/01000 (80.60%) | loss: 6.702809 | lrm: 1.00 | dt: 100.64ms | tok/sec: 10,174 | bf16_mfu: 0.00 | epoch: 1 pq: 0 rg: 3 | total time: 1.37m | eta: 0.3m
step 00807/01000 (80.70%) | loss: 6.712141 | lrm: 1.00 | dt: 101.44ms | tok/sec: 10,094 | bf16_mfu: 0.00 | epoch: 1 pq: 0 rg: 3 | total time: 1.37m | eta: 0.3m
step 00808/01000 (80.80%) | loss: 6.719004 | lrm: 1.00 | dt: 103.11ms | tok/sec: 9,931 | bf16_mfu: 0.00 | epoch: 1 pq: 0 rg: 3 | total time: 1.37m | eta: 0.3m
step 00809/01000 (80.90%) | loss: 6.651401 | lrm: 1.00 | dt: 106.98ms | tok/sec: 9,571 | bf16_mfu: 0.00 | epoch: 1 pq: 0 rg: 3 | total time: 1.37m | eta: 0.3m
step 00810/01000 (81.00%) | loss: 6.635695 | lrm: 1.00 | dt: 108.09ms | tok/sec: 9,473 | bf16_mfu: 0.00 | epoch: 1 pq: 0 rg: 3 | total time: 1.37m | eta: 0.3m
step 00811/01000 (81.10%) | loss: 6.655192 | lrm: 1.00 | dt: 107.83ms | tok/sec: 9,496 | bf16_mfu: 0.00 | epoch: 1 pq: 0 rg: 3 | total time: 1.38m | eta: 0.3m
step 00812/01000 (81.20%) | loss: 6.689811 | lrm: 1.00 | dt: 105.82ms | tok/sec: 9,676 | bf16_mfu: 0.00 | epoch: 1 pq: 0 rg: 3 | total time: 1.38m | eta: 0.3m
step 00813/01000 (81.30%) | loss: 6.723187 | lrm: 1.00 | dt: 110.49ms | tok/sec: 9,267 | bf16_mfu: 0.00 | epoch: 1 pq: 0 rg: 3 | total time: 1.38m | eta: 0.3m
step 00814/01000 (81.40%) | loss: 6.712402 | lrm: 1.00 | dt: 112.29ms | tok/sec: 9,119 | bf16_mfu: 0.00 | epoch: 1 pq: 0 rg: 3 | total time: 1.38m | eta: 0.3m
step 00815/01000 (81.50%) | loss: 6.848309 | lrm: 1.00 | dt: 105.28ms | tok/sec: 9,725 | bf16_mfu: 0.00 | epoch: 1 pq: 0 rg: 3 | total time: 1.38m | eta: 0.3m
step 00816/01000 (81.60%) | loss: 6.801325 | lrm: 1.00 | dt: 103.04ms | tok/sec: 9,938 | bf16_mfu: 0.00 | epoch: 1 pq: 0 rg: 3 | total time: 1.38m | eta: 0.3m
step 00817/01000 (81.70%) | loss: 6.828534 | lrm: 1.00 | dt: 104.60ms | tok/sec: 9,789 | bf16_mfu: 0.00 | epoch: 1 pq: 0 rg: 3 | total time: 1.39m | eta: 0.3m
step 00818/01000 (81.80%) | loss: 6.814965 | lrm: 1.00 | dt: 105.08ms | tok/sec: 9,745 | bf16_mfu: 0.00 | epoch: 1 pq: 0 rg: 3 | total time: 1.39m | eta: 0.3m
step 00819/01000 (81.90%) | loss: 6.808036 | lrm: 1.00 | dt: 106.22ms | tok/sec: 9,640 | bf16_mfu: 0.00 | epoch: 1 pq: 0 rg: 3 | total time: 1.39m | eta: 0.3m
step 00820/01000 (82.00%) | loss: 6.848523 | lrm: 1.00 | dt: 106.50ms | tok/sec: 9,615 | bf16_mfu: 0.00 | epoch: 1 pq: 0 rg: 3 | total time: 1.39m | eta: 0.3m
step 00821/01000 (82.10%) | loss: 6.828756 | lrm: 1.00 | dt: 108.35ms | tok/sec: 9,450 | bf16_mfu: 0.00 | epoch: 1 pq: 0 rg: 3 | total time: 1.39m | eta: 0.3m
step 00822/01000 (82.20%) | loss: 6.799281 | lrm: 1.00 | dt: 108.57ms | tok/sec: 9,431 | bf16_mfu: 0.00 | epoch: 1 pq: 0 rg: 3 | total time: 1.39m | eta: 0.3m
step 00823/01000 (82.30%) | loss: 6.753600 | lrm: 1.00 | dt: 105.71ms | tok/sec: 9,686 | bf16_mfu: 0.00 | epoch: 1 pq: 0 rg: 3 | total time: 1.40m | eta: 0.3m
step 00824/01000 (82.40%) | loss: 6.702113 | lrm: 1.00 | dt: 107.15ms | tok/sec: 9,556 | bf16_mfu: 0.00 | epoch: 1 pq: 0 rg: 3 | total time: 1.40m | eta: 0.3m
step 00825/01000 (82.50%) | loss: 6.718109 | lrm: 1.00 | dt: 105.40ms | tok/sec: 9,715 | bf16_mfu: 0.00 | epoch: 1 pq: 0 rg: 3 | total time: 1.40m | eta: 0.3m
step 00826/01000 (82.60%) | loss: 6.760185 | lrm: 1.00 | dt: 101.18ms | tok/sec: 10,120 | bf16_mfu: 0.00 | epoch: 1 pq: 0 rg: 3 | total time: 1.40m | eta: 0.3m
step 00827/01000 (82.70%) | loss: 6.848733 | lrm: 1.00 | dt: 100.38ms | tok/sec: 10,201 | bf16_mfu: 0.00 | epoch: 1 pq: 0 rg: 3 | total time: 1.40m | eta: 0.3m
step 00828/01000 (82.80%) | loss: 6.808818 | lrm: 1.00 | dt: 100.67ms | tok/sec: 10,171 | bf16_mfu: 0.00 | epoch: 1 pq: 0 rg: 3 | total time: 1.41m | eta: 0.3m
step 00829/01000 (82.90%) | loss: 6.828845 | lrm: 1.00 | dt: 100.59ms | tok/sec: 10,179 | bf16_mfu: 0.00 | epoch: 1 pq: 0 rg: 3 | total time: 1.41m | eta: 0.3m
step 00830/01000 (83.00%) | loss: 6.808339 | lrm: 1.00 | dt: 101.42ms | tok/sec: 10,096 | bf16_mfu: 0.00 | epoch: 1 pq: 0 rg: 3 | total time: 1.41m | eta: 0.3m
step 00831/01000 (83.10%) | loss: 6.794840 | lrm: 1.00 | dt: 101.07ms | tok/sec: 10,131 | bf16_mfu: 0.00 | epoch: 1 pq: 0 rg: 3 | total time: 1.41m | eta: 0.3m
step 00832/01000 (83.20%) | loss: 6.741238 | lrm: 1.00 | dt: 100.50ms | tok/sec: 10,189 | bf16_mfu: 0.00 | epoch: 1 pq: 0 rg: 3 | total time: 1.41m | eta: 0.3m
step 00833/01000 (83.30%) | loss: 6.620186 | lrm: 1.00 | dt: 100.06ms | tok/sec: 10,233 | bf16_mfu: 0.00 | epoch: 1 pq: 0 rg: 3 | total time: 1.41m | eta: 0.3m
step 00834/01000 (83.40%) | loss: 6.621213 | lrm: 1.00 | dt: 99.68ms | tok/sec: 10,272 | bf16_mfu: 0.00 | epoch: 1 pq: 0 rg: 3 | total time: 1.42m | eta: 0.3m
step 00835/01000 (83.50%) | loss: 6.628582 | lrm: 1.00 | dt: 101.28ms | tok/sec: 10,111 | bf16_mfu: 0.00 | epoch: 1 pq: 0 rg: 3 | total time: 1.42m | eta: 0.3m
step 00836/01000 (83.60%) | loss: 6.598059 | lrm: 1.00 | dt: 100.90ms | tok/sec: 10,148 | bf16_mfu: 0.00 | epoch: 1 pq: 0 rg: 3 | total time: 1.42m | eta: 0.3m
step 00837/01000 (83.70%) | loss: 6.657423 | lrm: 1.00 | dt: 100.65ms | tok/sec: 10,173 | bf16_mfu: 0.00 | epoch: 1 pq: 0 rg: 3 | total time: 1.42m | eta: 0.3m
step 00838/01000 (83.80%) | loss: 6.685403 | lrm: 1.00 | dt: 100.62ms | tok/sec: 10,177 | bf16_mfu: 0.00 | epoch: 1 pq: 0 rg: 3 | total time: 1.42m | eta: 0.3m
step 00839/01000 (83.90%) | loss: 6.661132 | lrm: 1.00 | dt: 100.12ms | tok/sec: 10,227 | bf16_mfu: 0.00 | epoch: 1 pq: 0 rg: 3 | total time: 1.42m | eta: 0.3m
step 00840/01000 (84.00%) | loss: 6.681638 | lrm: 1.00 | dt: 100.39ms | tok/sec: 10,200 | bf16_mfu: 0.00 | epoch: 1 pq: 0 rg: 3 | total time: 1.43m | eta: 0.3m
step 00841/01000 (84.10%) | loss: 6.638874 | lrm: 1.00 | dt: 100.43ms | tok/sec: 10,196 | bf16_mfu: 0.00 | epoch: 1 pq: 0 rg: 3 | total time: 1.43m | eta: 0.3m
step 00842/01000 (84.20%) | loss: 6.651729 | lrm: 1.00 | dt: 99.96ms | tok/sec: 10,244 | bf16_mfu: 0.00 | epoch: 1 pq: 0 rg: 3 | total time: 1.43m | eta: 0.3m
step 00843/01000 (84.30%) | loss: 6.653979 | lrm: 1.00 | dt: 100.31ms | tok/sec: 10,208 | bf16_mfu: 0.00 | epoch: 1 pq: 0 rg: 3 | total time: 1.43m | eta: 0.3m
step 00844/01000 (84.40%) | loss: 6.677887 | lrm: 1.00 | dt: 110.88ms | tok/sec: 9,235 | bf16_mfu: 0.00 | epoch: 1 pq: 0 rg: 3 | total time: 1.43m | eta: 0.3m
step 00845/01000 (84.50%) | loss: 6.689275 | lrm: 1.00 | dt: 100.78ms | tok/sec: 10,160 | bf16_mfu: 0.00 | epoch: 1 pq: 0 rg: 3 | total time: 1.43m | eta: 0.3m
step 00846/01000 (84.60%) | loss: 6.607994 | lrm: 1.00 | dt: 100.37ms | tok/sec: 10,202 | bf16_mfu: 0.00 | epoch: 1 pq: 0 rg: 3 | total time: 1.44m | eta: 0.3m
step 00847/01000 (84.70%) | loss: 6.641463 | lrm: 1.00 | dt: 99.87ms | tok/sec: 10,253 | bf16_mfu: 0.00 | epoch: 1 pq: 0 rg: 3 | total time: 1.44m | eta: 0.3m
step 00848/01000 (84.80%) | loss: 6.667473 | lrm: 1.00 | dt: 99.95ms | tok/sec: 10,245 | bf16_mfu: 0.00 | epoch: 1 pq: 0 rg: 3 | total time: 1.44m | eta: 0.3m
step 00849/01000 (84.90%) | loss: 6.731081 | lrm: 1.00 | dt: 100.44ms | tok/sec: 10,195 | bf16_mfu: 0.00 | epoch: 1 pq: 0 rg: 3 | total time: 1.44m | eta: 0.3m
step 00850/01000 (85.00%) | loss: 6.706713 | lrm: 1.00 | dt: 101.03ms | tok/sec: 10,135 | bf16_mfu: 0.00 | epoch: 1 pq: 0 rg: 3 | total time: 1.44m | eta: 0.3m
step 00851/01000 (85.10%) | loss: 6.683908 | lrm: 1.00 | dt: 100.63ms | tok/sec: 10,175 | bf16_mfu: 0.00 | epoch: 1 pq: 0 rg: 3 | total time: 1.44m | eta: 0.3m
step 00852/01000 (85.20%) | loss: 6.651786 | lrm: 1.00 | dt: 100.11ms | tok/sec: 10,228 | bf16_mfu: 0.00 | epoch: 1 pq: 0 rg: 3 | total time: 1.45m | eta: 0.3m
step 00853/01000 (85.30%) | loss: 6.709459 | lrm: 1.00 | dt: 99.97ms | tok/sec: 10,243 | bf16_mfu: 0.00 | epoch: 1 pq: 0 rg: 3 | total time: 1.45m | eta: 0.3m
step 00854/01000 (85.40%) | loss: 6.732058 | lrm: 1.00 | dt: 100.55ms | tok/sec: 10,183 | bf16_mfu: 0.00 | epoch: 1 pq: 0 rg: 3 | total time: 1.45m | eta: 0.3m
step 00855/01000 (85.50%) | loss: 6.720138 | lrm: 1.00 | dt: 100.75ms | tok/sec: 10,163 | bf16_mfu: 0.00 | epoch: 1 pq: 0 rg: 3 | total time: 1.45m | eta: 0.2m
step 00856/01000 (85.60%) | loss: 6.736919 | lrm: 1.00 | dt: 101.13ms | tok/sec: 10,125 | bf16_mfu: 0.00 | epoch: 1 pq: 0 rg: 3 | total time: 1.45m | eta: 0.2m
step 00857/01000 (85.70%) | loss: 6.693815 | lrm: 1.00 | dt: 103.46ms | tok/sec: 9,897 | bf16_mfu: 0.00 | epoch: 1 pq: 0 rg: 3 | total time: 1.45m | eta: 0.2m
step 00858/01000 (85.80%) | loss: 6.729195 | lrm: 1.00 | dt: 100.95ms | tok/sec: 10,143 | bf16_mfu: 0.00 | epoch: 1 pq: 0 rg: 3 | total time: 1.46m | eta: 0.2m
step 00859/01000 (85.90%) | loss: 6.782169 | lrm: 1.00 | dt: 101.11ms | tok/sec: 10,127 | bf16_mfu: 0.00 | epoch: 1 pq: 0 rg: 3 | total time: 1.46m | eta: 0.2m
step 00860/01000 (86.00%) | loss: 6.804533 | lrm: 1.00 | dt: 101.07ms | tok/sec: 10,131 | bf16_mfu: 0.00 | epoch: 1 pq: 0 rg: 3 | total time: 1.46m | eta: 0.2m
step 00861/01000 (86.10%) | loss: 6.799210 | lrm: 1.00 | dt: 104.02ms | tok/sec: 9,843 | bf16_mfu: 0.00 | epoch: 1 pq: 0 rg: 3 | total time: 1.46m | eta: 0.2m
step 00862/01000 (86.20%) | loss: 6.850348 | lrm: 1.00 | dt: 103.51ms | tok/sec: 9,892 | bf16_mfu: 0.00 | epoch: 1 pq: 0 rg: 3 | total time: 1.46m | eta: 0.2m
step 00863/01000 (86.30%) | loss: 6.839582 | lrm: 1.00 | dt: 99.22ms | tok/sec: 10,320 | bf16_mfu: 0.00 | epoch: 1 pq: 0 rg: 3 | total time: 1.46m | eta: 0.2m
step 00864/01000 (86.40%) | loss: 6.843156 | lrm: 1.00 | dt: 99.11ms | tok/sec: 10,331 | bf16_mfu: 0.00 | epoch: 1 pq: 0 rg: 3 | total time: 1.47m | eta: 0.2m
step 00865/01000 (86.50%) | loss: 6.790100 | lrm: 1.00 | dt: 102.51ms | tok/sec: 9,988 | bf16_mfu: 0.00 | epoch: 1 pq: 0 rg: 3 | total time: 1.47m | eta: 0.2m
step 00866/01000 (86.60%) | loss: 6.780176 | lrm: 1.00 | dt: 98.93ms | tok/sec: 10,351 | bf16_mfu: 0.00 | epoch: 1 pq: 0 rg: 3 | total time: 1.47m | eta: 0.2m
step 00867/01000 (86.70%) | loss: 6.693428 | lrm: 1.00 | dt: 99.17ms | tok/sec: 10,326 | bf16_mfu: 0.00 | epoch: 1 pq: 0 rg: 3 | total time: 1.47m | eta: 0.2m
step 00868/01000 (86.80%) | loss: 6.630627 | lrm: 1.00 | dt: 99.01ms | tok/sec: 10,342 | bf16_mfu: 0.00 | epoch: 1 pq: 0 rg: 3 | total time: 1.47m | eta: 0.2m
step 00869/01000 (86.90%) | loss: 6.617782 | lrm: 1.00 | dt: 99.70ms | tok/sec: 10,270 | bf16_mfu: 0.00 | epoch: 1 pq: 0 rg: 3 | total time: 1.47m | eta: 0.2m
step 00870/01000 (87.00%) | loss: 6.589196 | lrm: 1.00 | dt: 100.52ms | tok/sec: 10,187 | bf16_mfu: 0.00 | epoch: 1 pq: 0 rg: 3 | total time: 1.48m | eta: 0.2m
step 00871/01000 (87.10%) | loss: 6.570575 | lrm: 1.00 | dt: 99.49ms | tok/sec: 10,292 | bf16_mfu: 0.00 | epoch: 1 pq: 0 rg: 3 | total time: 1.48m | eta: 0.2m
step 00872/01000 (87.20%) | loss: 6.519334 | lrm: 1.00 | dt: 99.92ms | tok/sec: 10,248 | bf16_mfu: 0.00 | epoch: 1 pq: 0 rg: 3 | total time: 1.48m | eta: 0.2m
step 00873/01000 (87.30%) | loss: 6.509861 | lrm: 1.00 | dt: 100.02ms | tok/sec: 10,238 | bf16_mfu: 0.00 | epoch: 1 pq: 0 rg: 3 | total time: 1.48m | eta: 0.2m
step 00874/01000 (87.40%) | loss: 6.448916 | lrm: 1.00 | dt: 99.32ms | tok/sec: 10,310 | bf16_mfu: 0.00 | epoch: 1 pq: 0 rg: 3 | total time: 1.48m | eta: 0.2m
step 00875/01000 (87.50%) | loss: 6.502103 | lrm: 1.00 | dt: 100.78ms | tok/sec: 10,160 | bf16_mfu: 0.00 | epoch: 1 pq: 0 rg: 3 | total time: 1.48m | eta: 0.2m
step 00876/01000 (87.60%) | loss: 6.549792 | lrm: 1.00 | dt: 99.53ms | tok/sec: 10,288 | bf16_mfu: 0.00 | epoch: 1 pq: 0 rg: 3 | total time: 1.49m | eta: 0.2m
step 00877/01000 (87.70%) | loss: 6.612971 | lrm: 1.00 | dt: 99.85ms | tok/sec: 10,255 | bf16_mfu: 0.00 | epoch: 1 pq: 0 rg: 3 | total time: 1.49m | eta: 0.2m
step 00878/01000 (87.80%) | loss: 6.589712 | lrm: 1.00 | dt: 99.25ms | tok/sec: 10,317 | bf16_mfu: 0.00 | epoch: 1 pq: 0 rg: 3 | total time: 1.49m | eta: 0.2m
step 00879/01000 (87.90%) | loss: 6.584954 | lrm: 1.00 | dt: 99.26ms | tok/sec: 10,315 | bf16_mfu: 0.00 | epoch: 1 pq: 0 rg: 3 | total time: 1.49m | eta: 0.2m
step 00880/01000 (88.00%) | loss: 6.636178 | lrm: 1.00 | dt: 100.91ms | tok/sec: 10,147 | bf16_mfu: 0.00 | epoch: 1 pq: 0 rg: 3 | total time: 1.49m | eta: 0.2m
step 00881/01000 (88.10%) | loss: 6.576004 | lrm: 1.00 | dt: 99.57ms | tok/sec: 10,283 | bf16_mfu: 0.00 | epoch: 1 pq: 0 rg: 3 | total time: 1.49m | eta: 0.2m
step 00882/01000 (88.20%) | loss: 6.579971 | lrm: 1.00 | dt: 99.49ms | tok/sec: 10,292 | bf16_mfu: 0.00 | epoch: 1 pq: 0 rg: 3 | total time: 1.50m | eta: 0.2m
step 00883/01000 (88.30%) | loss: 6.570887 | lrm: 1.00 | dt: 98.67ms | tok/sec: 10,377 | bf16_mfu: 0.00 | epoch: 1 pq: 0 rg: 3 | total time: 1.50m | eta: 0.2m
step 00884/01000 (88.40%) | loss: 6.564336 | lrm: 1.00 | dt: 99.39ms | tok/sec: 10,302 | bf16_mfu: 0.00 | epoch: 1 pq: 0 rg: 3 | total time: 1.50m | eta: 0.2m
step 00885/01000 (88.50%) | loss: 6.656610 | lrm: 1.00 | dt: 99.76ms | tok/sec: 10,264 | bf16_mfu: 0.00 | epoch: 1 pq: 0 rg: 3 | total time: 1.50m | eta: 0.2m
step 00886/01000 (88.60%) | loss: 6.643028 | lrm: 1.00 | dt: 98.61ms | tok/sec: 10,384 | bf16_mfu: 0.00 | epoch: 1 pq: 0 rg: 3 | total time: 1.50m | eta: 0.2m
step 00887/01000 (88.70%) | loss: 6.609104 | lrm: 1.00 | dt: 98.54ms | tok/sec: 10,392 | bf16_mfu: 0.00 | epoch: 1 pq: 0 rg: 3 | total time: 1.50m | eta: 0.2m
step 00888/01000 (88.80%) | loss: 6.609639 | lrm: 1.00 | dt: 110.49ms | tok/sec: 9,267 | bf16_mfu: 0.00 | epoch: 1 pq: 0 rg: 3 | total time: 1.51m | eta: 0.2m
step 00889/01000 (88.90%) | loss: 6.642721 | lrm: 1.00 | dt: 99.36ms | tok/sec: 10,306 | bf16_mfu: 0.00 | epoch: 1 pq: 0 rg: 3 | total time: 1.51m | eta: 0.2m
step 00890/01000 (89.00%) | loss: 6.706247 | lrm: 1.00 | dt: 145.58ms | tok/sec: 7,033 | bf16_mfu: 0.00 | epoch: 1 pq: 0 rg: 3 | total time: 1.51m | eta: 0.2m
step 00891/01000 (89.10%) | loss: 6.694450 | lrm: 1.00 | dt: 113.39ms | tok/sec: 9,030 | bf16_mfu: 0.00 | epoch: 1 pq: 0 rg: 3 | total time: 1.51m | eta: 0.2m
step 00892/01000 (89.20%) | loss: 6.687334 | lrm: 1.00 | dt: 100.53ms | tok/sec: 10,186 | bf16_mfu: 0.00 | epoch: 1 pq: 0 rg: 3 | total time: 1.51m | eta: 0.2m
step 00893/01000 (89.30%) | loss: 6.622714 | lrm: 1.00 | dt: 100.26ms | tok/sec: 10,213 | bf16_mfu: 0.00 | epoch: 1 pq: 0 rg: 3 | total time: 1.52m | eta: 0.2m
step 00894/01000 (89.40%) | loss: 6.629249 | lrm: 1.00 | dt: 101.31ms | tok/sec: 10,107 | bf16_mfu: 0.00 | epoch: 1 pq: 0 rg: 3 | total time: 1.52m | eta: 0.2m
step 00895/01000 (89.50%) | loss: 6.577989 | lrm: 1.00 | dt: 100.49ms | tok/sec: 10,189 | bf16_mfu: 0.00 | epoch: 1 pq: 0 rg: 3 | total time: 1.52m | eta: 0.2m
step 00896/01000 (89.60%) | loss: 6.536252 | lrm: 1.00 | dt: 99.92ms | tok/sec: 10,247 | bf16_mfu: 0.00 | epoch: 1 pq: 0 rg: 3 | total time: 1.52m | eta: 0.2m
step 00897/01000 (89.70%) | loss: 6.578691 | lrm: 1.00 | dt: 100.44ms | tok/sec: 10,195 | bf16_mfu: 0.00 | epoch: 1 pq: 0 rg: 3 | total time: 1.52m | eta: 0.2m
step 00898/01000 (89.80%) | loss: 6.598696 | lrm: 1.00 | dt: 100.33ms | tok/sec: 10,206 | bf16_mfu: 0.00 | epoch: 1 pq: 0 rg: 3 | total time: 1.52m | eta: 0.2m
step 00899/01000 (89.90%) | loss: 6.586216 | lrm: 1.00 | dt: 100.88ms | tok/sec: 10,150 | bf16_mfu: 0.00 | epoch: 1 pq: 0 rg: 3 | total time: 1.53m | eta: 0.2m
step 00900/01000 (90.00%) | loss: 6.657249 | lrm: 1.00 | dt: 100.62ms | tok/sec: 10,176 | bf16_mfu: 0.00 | epoch: 1 pq: 0 rg: 3 | total time: 1.53m | eta: 0.2m
step 00901/01000 (90.10%) | loss: 6.611262 | lrm: 0.99 | dt: 100.57ms | tok/sec: 10,181 | bf16_mfu: 0.00 | epoch: 1 pq: 0 rg: 3 | total time: 1.53m | eta: 0.2m
step 00902/01000 (90.20%) | loss: 6.622466 | lrm: 0.98 | dt: 100.06ms | tok/sec: 10,234 | bf16_mfu: 0.00 | epoch: 1 pq: 0 rg: 3 | total time: 1.53m | eta: 0.2m
step 00903/01000 (90.30%) | loss: 6.663986 | lrm: 0.97 | dt: 99.95ms | tok/sec: 10,245 | bf16_mfu: 0.00 | epoch: 1 pq: 0 rg: 3 | total time: 1.53m | eta: 0.2m
step 00904/01000 (90.40%) | loss: 6.718172 | lrm: 0.96 | dt: 100.58ms | tok/sec: 10,181 | bf16_mfu: 0.00 | epoch: 1 pq: 0 rg: 3 | total time: 1.53m | eta: 0.2m
step 00905/01000 (90.50%) | loss: 6.663635 | lrm: 0.95 | dt: 100.44ms | tok/sec: 10,195 | bf16_mfu: 0.00 | epoch: 1 pq: 0 rg: 3 | total time: 1.54m | eta: 0.2m
step 00906/01000 (90.60%) | loss: 6.589792 | lrm: 0.94 | dt: 100.55ms | tok/sec: 10,184 | bf16_mfu: 0.00 | epoch: 1 pq: 0 rg: 3 | total time: 1.54m | eta: 0.2m
step 00907/01000 (90.70%) | loss: 6.603563 | lrm: 0.93 | dt: 100.98ms | tok/sec: 10,140 | bf16_mfu: 0.00 | epoch: 1 pq: 0 rg: 3 | total time: 1.54m | eta: 0.2m
step 00908/01000 (90.80%) | loss: 6.644442 | lrm: 0.92 | dt: 100.75ms | tok/sec: 10,163 | bf16_mfu: 0.00 | epoch: 1 pq: 0 rg: 3 | total time: 1.54m | eta: 0.2m
step 00909/01000 (90.90%) | loss: 6.717617 | lrm: 0.91 | dt: 102.53ms | tok/sec: 9,987 | bf16_mfu: 0.00 | epoch: 1 pq: 0 rg: 3 | total time: 1.54m | eta: 0.2m
step 00910/01000 (91.00%) | loss: 6.693470 | lrm: 0.91 | dt: 100.91ms | tok/sec: 10,147 | bf16_mfu: 0.00 | epoch: 1 pq: 0 rg: 3 | total time: 1.54m | eta: 0.2m
step 00911/01000 (91.10%) | loss: 6.671320 | lrm: 0.90 | dt: 100.47ms | tok/sec: 10,191 | bf16_mfu: 0.00 | epoch: 1 pq: 0 rg: 3 | total time: 1.55m | eta: 0.2m
step 00912/01000 (91.20%) | loss: 6.749930 | lrm: 0.89 | dt: 100.56ms | tok/sec: 10,183 | bf16_mfu: 0.00 | epoch: 1 pq: 0 rg: 3 | total time: 1.55m | eta: 0.2m
step 00913/01000 (91.30%) | loss: 6.759587 | lrm: 0.88 | dt: 100.59ms | tok/sec: 10,180 | bf16_mfu: 0.00 | epoch: 1 pq: 0 rg: 3 | total time: 1.55m | eta: 0.1m
step 00914/01000 (91.40%) | loss: 6.687258 | lrm: 0.87 | dt: 104.38ms | tok/sec: 9,810 | bf16_mfu: 0.00 | epoch: 1 pq: 0 rg: 3 | total time: 1.55m | eta: 0.1m
step 00915/01000 (91.50%) | loss: 6.568229 | lrm: 0.86 | dt: 108.08ms | tok/sec: 9,474 | bf16_mfu: 0.00 | epoch: 1 pq: 0 rg: 3 | total time: 1.55m | eta: 0.1m
step 00916/01000 (91.60%) | loss: 6.549478 | lrm: 0.85 | dt: 107.69ms | tok/sec: 9,508 | bf16_mfu: 0.00 | epoch: 1 pq: 0 rg: 3 | total time: 1.55m | eta: 0.1m2026-04-21 00:27:55,359 - nanochat.checkpoint_manager - [32m[1mINFO[0m - Saved model parameters to: /Users/evergreen/.cache/nanochat/base_checkpoints/d4/model_001000.pt
2026-04-21 00:27:55,360 - nanochat.checkpoint_manager - [32m[1mINFO[0m - Saved metadata to: /Users/evergreen/.cache/nanochat/base_checkpoints/d4/meta_001000.json
2026-04-21 00:27:55,510 - nanochat.checkpoint_manager - [32m[1mINFO[0m - Saved optimizer state to: /Users/evergreen/.cache/nanochat/base_checkpoints/d4/optim_001000_rank0.pt

step 00917/01000 (91.70%) | loss: 6.488542 | lrm: 0.84 | dt: 110.99ms | tok/sec: 9,226 | bf16_mfu: 0.00 | epoch: 1 pq: 0 rg: 3 | total time: 1.56m | eta: 0.1m
step 00918/01000 (91.80%) | loss: 6.538777 | lrm: 0.83 | dt: 107.86ms | tok/sec: 9,494 | bf16_mfu: 0.00 | epoch: 1 pq: 0 rg: 3 | total time: 1.56m | eta: 0.1m
step 00919/01000 (91.90%) | loss: 6.553570 | lrm: 0.82 | dt: 106.83ms | tok/sec: 9,585 | bf16_mfu: 0.00 | epoch: 1 pq: 0 rg: 3 | total time: 1.56m | eta: 0.1m
step 00920/01000 (92.00%) | loss: 6.527393 | lrm: 0.81 | dt: 111.86ms | tok/sec: 9,153 | bf16_mfu: 0.00 | epoch: 1 pq: 0 rg: 3 | total time: 1.56m | eta: 0.1m
step 00921/01000 (92.10%) | loss: 6.608279 | lrm: 0.80 | dt: 108.86ms | tok/sec: 9,406 | bf16_mfu: 0.00 | epoch: 1 pq: 0 rg: 3 | total time: 1.56m | eta: 0.1m
step 00922/01000 (92.20%) | loss: 6.590043 | lrm: 0.79 | dt: 105.77ms | tok/sec: 9,681 | bf16_mfu: 0.00 | epoch: 1 pq: 0 rg: 3 | total time: 1.56m | eta: 0.1m
step 00923/01000 (92.30%) | loss: 6.610382 | lrm: 0.78 | dt: 107.51ms | tok/sec: 9,524 | bf16_mfu: 0.00 | epoch: 1 pq: 0 rg: 3 | total time: 1.57m | eta: 0.1m
step 00924/01000 (92.40%) | loss: 6.632704 | lrm: 0.77 | dt: 112.72ms | tok/sec: 9,084 | bf16_mfu: 0.00 | epoch: 1 pq: 0 rg: 3 | total time: 1.57m | eta: 0.1m
step 00925/01000 (92.50%) | loss: 6.599643 | lrm: 0.76 | dt: 103.36ms | tok/sec: 9,906 | bf16_mfu: 0.00 | epoch: 1 pq: 0 rg: 3 | total time: 1.57m | eta: 0.1m
step 00926/01000 (92.60%) | loss: 6.644113 | lrm: 0.75 | dt: 107.32ms | tok/sec: 9,541 | bf16_mfu: 0.00 | epoch: 1 pq: 0 rg: 3 | total time: 1.57m | eta: 0.1m
step 00927/01000 (92.70%) | loss: 6.659621 | lrm: 0.74 | dt: 107.40ms | tok/sec: 9,534 | bf16_mfu: 0.00 | epoch: 1 pq: 0 rg: 3 | total time: 1.57m | eta: 0.1m
step 00928/01000 (92.80%) | loss: 6.726598 | lrm: 0.73 | dt: 103.97ms | tok/sec: 9,849 | bf16_mfu: 0.00 | epoch: 1 pq: 0 rg: 3 | total time: 1.58m | eta: 0.1m
step 00929/01000 (92.90%) | loss: 6.685980 | lrm: 0.72 | dt: 101.26ms | tok/sec: 10,112 | bf16_mfu: 0.00 | epoch: 1 pq: 0 rg: 3 | total time: 1.58m | eta: 0.1m
step 00930/01000 (93.00%) | loss: 6.695946 | lrm: 0.71 | dt: 100.60ms | tok/sec: 10,178 | bf16_mfu: 0.00 | epoch: 1 pq: 0 rg: 3 | total time: 1.58m | eta: 0.1m
step 00931/01000 (93.10%) | loss: 6.690710 | lrm: 0.71 | dt: 101.35ms | tok/sec: 10,103 | bf16_mfu: 0.00 | epoch: 1 pq: 0 rg: 3 | total time: 1.58m | eta: 0.1m
step 00932/01000 (93.20%) | loss: 6.951423 | lrm: 0.70 | dt: 100.97ms | tok/sec: 10,141 | bf16_mfu: 0.00 | epoch: 1 pq: 0 rg: 3 | total time: 1.58m | eta: 0.1m
step 00933/01000 (93.30%) | loss: 6.882091 | lrm: 0.69 | dt: 101.83ms | tok/sec: 10,055 | bf16_mfu: 0.00 | epoch: 1 pq: 0 rg: 3 | total time: 1.58m | eta: 0.1m
step 00934/01000 (93.40%) | loss: 6.911198 | lrm: 0.68 | dt: 101.27ms | tok/sec: 10,111 | bf16_mfu: 0.00 | epoch: 1 pq: 0 rg: 3 | total time: 1.59m | eta: 0.1m
step 00935/01000 (93.50%) | loss: 6.899037 | lrm: 0.67 | dt: 100.71ms | tok/sec: 10,168 | bf16_mfu: 0.00 | epoch: 1 pq: 0 rg: 3 | total time: 1.59m | eta: 0.1m
step 00936/01000 (93.60%) | loss: 6.853031 | lrm: 0.66 | dt: 101.21ms | tok/sec: 10,117 | bf16_mfu: 0.00 | epoch: 1 pq: 0 rg: 3 | total time: 1.59m | eta: 0.1m
step 00937/01000 (93.70%) | loss: 6.844524 | lrm: 0.65 | dt: 111.22ms | tok/sec: 9,207 | bf16_mfu: 0.00 | epoch: 1 pq: 0 rg: 3 | total time: 1.59m | eta: 0.1m
step 00938/01000 (93.80%) | loss: 6.794876 | lrm: 0.64 | dt: 101.64ms | tok/sec: 10,074 | bf16_mfu: 0.00 | epoch: 1 pq: 0 rg: 3 | total time: 1.59m | eta: 0.1m
step 00939/01000 (93.90%) | loss: 6.790492 | lrm: 0.63 | dt: 100.96ms | tok/sec: 10,142 | bf16_mfu: 0.00 | epoch: 1 pq: 0 rg: 3 | total time: 1.59m | eta: 0.1m
step 00940/01000 (94.00%) | loss: 6.717620 | lrm: 0.62 | dt: 101.05ms | tok/sec: 10,133 | bf16_mfu: 0.00 | epoch: 1 pq: 0 rg: 3 | total time: 1.60m | eta: 0.1m
step 00941/01000 (94.10%) | loss: 6.641691 | lrm: 0.61 | dt: 100.86ms | tok/sec: 10,152 | bf16_mfu: 0.00 | epoch: 1 pq: 0 rg: 3 | total time: 1.60m | eta: 0.1m
step 00942/01000 (94.20%) | loss: 6.609079 | lrm: 0.60 | dt: 100.82ms | tok/sec: 10,156 | bf16_mfu: 0.00 | epoch: 1 pq: 0 rg: 3 | total time: 1.60m | eta: 0.1m
step 00943/01000 (94.30%) | loss: 6.543560 | lrm: 0.59 | dt: 102.36ms | tok/sec: 10,003 | bf16_mfu: 0.00 | epoch: 1 pq: 0 rg: 3 | total time: 1.60m | eta: 0.1m
step 00944/01000 (94.40%) | loss: 6.548221 | lrm: 0.58 | dt: 101.35ms | tok/sec: 10,103 | bf16_mfu: 0.00 | epoch: 1 pq: 0 rg: 3 | total time: 1.60m | eta: 0.1m
step 00945/01000 (94.50%) | loss: 6.561768 | lrm: 0.57 | dt: 101.55ms | tok/sec: 10,083 | bf16_mfu: 0.00 | epoch: 1 pq: 0 rg: 3 | total time: 1.60m | eta: 0.1m
step 00946/01000 (94.60%) | loss: 6.525858 | lrm: 0.56 | dt: 101.34ms | tok/sec: 10,104 | bf16_mfu: 0.00 | epoch: 1 pq: 0 rg: 3 | total time: 1.61m | eta: 0.1m
step 00947/01000 (94.70%) | loss: 6.525424 | lrm: 0.55 | dt: 101.19ms | tok/sec: 10,119 | bf16_mfu: 0.00 | epoch: 1 pq: 0 rg: 3 | total time: 1.61m | eta: 0.1m
step 00948/01000 (94.80%) | loss: 6.521626 | lrm: 0.54 | dt: 101.45ms | tok/sec: 10,093 | bf16_mfu: 0.00 | epoch: 1 pq: 0 rg: 3 | total time: 1.61m | eta: 0.1m
step 00949/01000 (94.90%) | loss: 6.513682 | lrm: 0.53 | dt: 102.22ms | tok/sec: 10,018 | bf16_mfu: 0.00 | epoch: 1 pq: 0 rg: 3 | total time: 1.61m | eta: 0.1m
step 00950/01000 (95.00%) | loss: 6.527480 | lrm: 0.53 | dt: 101.22ms | tok/sec: 10,116 | bf16_mfu: 0.00 | epoch: 1 pq: 0 rg: 3 | total time: 1.61m | eta: 0.1m
step 00951/01000 (95.10%) | loss: 6.520878 | lrm: 0.52 | dt: 100.54ms | tok/sec: 10,184 | bf16_mfu: 0.00 | epoch: 1 pq: 0 rg: 3 | total time: 1.61m | eta: 0.1m
step 00952/01000 (95.20%) | loss: 6.596727 | lrm: 0.51 | dt: 101.07ms | tok/sec: 10,131 | bf16_mfu: 0.00 | epoch: 1 pq: 0 rg: 3 | total time: 1.62m | eta: 0.1m
step 00953/01000 (95.30%) | loss: 6.573092 | lrm: 0.50 | dt: 101.51ms | tok/sec: 10,087 | bf16_mfu: 0.00 | epoch: 1 pq: 0 rg: 3 | total time: 1.62m | eta: 0.1m
step 00954/01000 (95.40%) | loss: 6.575932 | lrm: 0.49 | dt: 101.22ms | tok/sec: 10,116 | bf16_mfu: 0.00 | epoch: 1 pq: 0 rg: 3 | total time: 1.62m | eta: 0.1m
step 00955/01000 (95.50%) | loss: 6.603602 | lrm: 0.48 | dt: 100.99ms | tok/sec: 10,139 | bf16_mfu: 0.00 | epoch: 1 pq: 0 rg: 3 | total time: 1.62m | eta: 0.1m
step 00956/01000 (95.60%) | loss: 6.584775 | lrm: 0.47 | dt: 100.48ms | tok/sec: 10,191 | bf16_mfu: 0.00 | epoch: 1 pq: 0 rg: 3 | total time: 1.62m | eta: 0.1m
step 00957/01000 (95.70%) | loss: 6.506716 | lrm: 0.46 | dt: 101.34ms | tok/sec: 10,104 | bf16_mfu: 0.00 | epoch: 1 pq: 0 rg: 3 | total time: 1.62m | eta: 0.1m
step 00958/01000 (95.80%) | loss: 6.536591 | lrm: 0.45 | dt: 101.49ms | tok/sec: 10,089 | bf16_mfu: 0.00 | epoch: 1 pq: 0 rg: 3 | total time: 1.63m | eta: 0.1m
step 00959/01000 (95.90%) | loss: 6.531563 | lrm: 0.44 | dt: 101.12ms | tok/sec: 10,126 | bf16_mfu: 0.00 | epoch: 1 pq: 0 rg: 3 | total time: 1.63m | eta: 0.1m
step 00960/01000 (96.00%) | loss: 6.531527 | lrm: 0.43 | dt: 102.00ms | tok/sec: 10,039 | bf16_mfu: 0.00 | epoch: 1 pq: 0 rg: 3 | total time: 1.63m | eta: 0.1m
step 00961/01000 (96.10%) | loss: 6.532189 | lrm: 0.42 | dt: 102.17ms | tok/sec: 10,022 | bf16_mfu: 0.00 | epoch: 1 pq: 0 rg: 3 | total time: 1.63m | eta: 0.1m
step 00962/01000 (96.20%) | loss: 6.413559 | lrm: 0.41 | dt: 100.95ms | tok/sec: 10,143 | bf16_mfu: 0.00 | epoch: 1 pq: 0 rg: 3 | total time: 1.63m | eta: 0.1m
step 00963/01000 (96.30%) | loss: 6.460208 | lrm: 0.40 | dt: 101.48ms | tok/sec: 10,090 | bf16_mfu: 0.00 | epoch: 1 pq: 0 rg: 3 | total time: 1.63m | eta: 0.1m
step 00964/01000 (96.40%) | loss: 6.463618 | lrm: 0.39 | dt: 100.31ms | tok/sec: 10,208 | bf16_mfu: 0.00 | epoch: 1 pq: 0 rg: 3 | total time: 1.64m | eta: 0.1m
step 00965/01000 (96.50%) | loss: 6.489264 | lrm: 0.38 | dt: 105.57ms | tok/sec: 9,699 | bf16_mfu: 0.00 | epoch: 1 pq: 0 rg: 3 | total time: 1.64m | eta: 0.1m
step 00966/01000 (96.60%) | loss: 6.429455 | lrm: 0.37 | dt: 101.22ms | tok/sec: 10,116 | bf16_mfu: 0.00 | epoch: 1 pq: 0 rg: 3 | total time: 1.64m | eta: 0.1m
step 00967/01000 (96.70%) | loss: 6.414542 | lrm: 0.36 | dt: 100.41ms | tok/sec: 10,198 | bf16_mfu: 0.00 | epoch: 1 pq: 0 rg: 3 | total time: 1.64m | eta: 0.1m
step 00968/01000 (96.80%) | loss: 6.377078 | lrm: 0.35 | dt: 99.93ms | tok/sec: 10,247 | bf16_mfu: 0.00 | epoch: 1 pq: 0 rg: 3 | total time: 1.64m | eta: 0.1m
step 00969/01000 (96.90%) | loss: 6.394728 | lrm: 0.34 | dt: 103.19ms | tok/sec: 9,923 | bf16_mfu: 0.00 | epoch: 1 pq: 0 rg: 3 | total time: 1.65m | eta: 0.1m
step 00970/01000 (97.00%) | loss: 6.347297 | lrm: 0.33 | dt: 99.51ms | tok/sec: 10,290 | bf16_mfu: 0.00 | epoch: 1 pq: 0 rg: 3 | total time: 1.65m | eta: 0.1m
step 00971/01000 (97.10%) | loss: 6.353853 | lrm: 0.33 | dt: 100.16ms | tok/sec: 10,223 | bf16_mfu: 0.00 | epoch: 1 pq: 0 rg: 3 | total time: 1.65m | eta: 0.0m
step 00972/01000 (97.20%) | loss: 6.412911 | lrm: 0.32 | dt: 138.38ms | tok/sec: 7,399 | bf16_mfu: 0.00 | epoch: 1 pq: 0 rg: 3 | total time: 1.65m | eta: 0.0m
step 00973/01000 (97.30%) | loss: 6.379450 | lrm: 0.31 | dt: 118.51ms | tok/sec: 8,640 | bf16_mfu: 0.00 | epoch: 1 pq: 0 rg: 3 | total time: 1.65m | eta: 0.0m
step 00974/01000 (97.40%) | loss: 6.353770 | lrm: 0.30 | dt: 100.98ms | tok/sec: 10,141 | bf16_mfu: 0.00 | epoch: 1 pq: 0 rg: 3 | total time: 1.65m | eta: 0.0m
step 00975/01000 (97.50%) | loss: 6.364088 | lrm: 0.29 | dt: 102.60ms | tok/sec: 9,980 | bf16_mfu: 0.00 | epoch: 1 pq: 0 rg: 3 | total time: 1.66m | eta: 0.0m
step 00976/01000 (97.60%) | loss: 6.345678 | lrm: 0.28 | dt: 105.79ms | tok/sec: 9,679 | bf16_mfu: 0.00 | epoch: 1 pq: 0 rg: 3 | total time: 1.66m | eta: 0.0m
step 00977/01000 (97.70%) | loss: 6.299791 | lrm: 0.27 | dt: 108.22ms | tok/sec: 9,462 | bf16_mfu: 0.00 | epoch: 1 pq: 0 rg: 3 | total time: 1.66m | eta: 0.0m
step 00978/01000 (97.80%) | loss: 6.352744 | lrm: 0.26 | dt: 106.04ms | tok/sec: 9,656 | bf16_mfu: 0.00 | epoch: 1 pq: 0 rg: 3 | total time: 1.66m | eta: 0.0m
step 00979/01000 (97.90%) | loss: 6.406994 | lrm: 0.25 | dt: 107.72ms | tok/sec: 9,506 | bf16_mfu: 0.00 | epoch: 1 pq: 0 rg: 3 | total time: 1.66m | eta: 0.0m
step 00980/01000 (98.00%) | loss: 6.354484 | lrm: 0.24 | dt: 107.83ms | tok/sec: 9,496 | bf16_mfu: 0.00 | epoch: 1 pq: 0 rg: 3 | total time: 1.66m | eta: 0.0m
step 00981/01000 (98.10%) | loss: 6.372867 | lrm: 0.23 | dt: 110.20ms | tok/sec: 9,292 | bf16_mfu: 0.00 | epoch: 1 pq: 0 rg: 3 | total time: 1.67m | eta: 0.0m
step 00982/01000 (98.20%) | loss: 6.380734 | lrm: 0.22 | dt: 111.94ms | tok/sec: 9,147 | bf16_mfu: 0.00 | epoch: 1 pq: 0 rg: 3 | total time: 1.67m | eta: 0.0m
step 00983/01000 (98.30%) | loss: 6.354884 | lrm: 0.21 | dt: 136.75ms | tok/sec: 7,488 | bf16_mfu: 0.00 | epoch: 1 pq: 0 rg: 4 | total time: 1.67m | eta: 0.0m
step 00984/01000 (98.40%) | loss: 6.377846 | lrm: 0.20 | dt: 114.84ms | tok/sec: 8,916 | bf16_mfu: 0.00 | epoch: 1 pq: 0 rg: 4 | total time: 1.67m | eta: 0.0m
step 00985/01000 (98.50%) | loss: 6.390901 | lrm: 0.19 | dt: 113.33ms | tok/sec: 9,035 | bf16_mfu: 0.00 | epoch: 1 pq: 0 rg: 4 | total time: 1.67m | eta: 0.0m
step 00986/01000 (98.60%) | loss: 6.391406 | lrm: 0.18 | dt: 120.37ms | tok/sec: 8,507 | bf16_mfu: 0.00 | epoch: 1 pq: 0 rg: 4 | total time: 1.68m | eta: 0.0m
step 00987/01000 (98.70%) | loss: 6.377722 | lrm: 0.17 | dt: 132.63ms | tok/sec: 7,720 | bf16_mfu: 0.00 | epoch: 1 pq: 0 rg: 4 | total time: 1.68m | eta: 0.0m
step 00988/01000 (98.80%) | loss: 6.362207 | lrm: 0.16 | dt: 129.01ms | tok/sec: 7,937 | bf16_mfu: 0.00 | epoch: 1 pq: 0 rg: 4 | total time: 1.68m | eta: 0.0m
step 00989/01000 (98.90%) | loss: 6.346409 | lrm: 0.15 | dt: 128.70ms | tok/sec: 7,956 | bf16_mfu: 0.00 | epoch: 1 pq: 0 rg: 4 | total time: 1.68m | eta: 0.0m
step 00990/01000 (99.00%) | loss: 6.356228 | lrm: 0.15 | dt: 139.17ms | tok/sec: 7,358 | bf16_mfu: 0.00 | epoch: 1 pq: 0 rg: 4 | total time: 1.69m | eta: 0.0m
step 00991/01000 (99.10%) | loss: 6.421381 | lrm: 0.14 | dt: 142.34ms | tok/sec: 7,194 | bf16_mfu: 0.00 | epoch: 1 pq: 0 rg: 4 | total time: 1.69m | eta: 0.0m
step 00992/01000 (99.20%) | loss: 6.461149 | lrm: 0.13 | dt: 139.19ms | tok/sec: 7,356 | bf16_mfu: 0.00 | epoch: 1 pq: 0 rg: 4 | total time: 1.69m | eta: 0.0m
step 00993/01000 (99.30%) | loss: 6.471450 | lrm: 0.12 | dt: 135.34ms | tok/sec: 7,566 | bf16_mfu: 0.00 | epoch: 1 pq: 0 rg: 4 | total time: 1.69m | eta: 0.0m
step 00994/01000 (99.40%) | loss: 6.500549 | lrm: 0.11 | dt: 123.77ms | tok/sec: 8,273 | bf16_mfu: 0.00 | epoch: 1 pq: 0 rg: 4 | total time: 1.69m | eta: 0.0m
step 00995/01000 (99.50%) | loss: 6.477252 | lrm: 0.10 | dt: 131.70ms | tok/sec: 7,775 | bf16_mfu: 0.00 | epoch: 1 pq: 0 rg: 4 | total time: 1.70m | eta: 0.0m
step 00996/01000 (99.60%) | loss: 6.456219 | lrm: 0.09 | dt: 123.57ms | tok/sec: 8,286 | bf16_mfu: 0.00 | epoch: 1 pq: 0 rg: 4 | total time: 1.70m | eta: 0.0m
step 00997/01000 (99.70%) | loss: 6.435802 | lrm: 0.08 | dt: 117.04ms | tok/sec: 8,748 | bf16_mfu: 0.00 | epoch: 1 pq: 0 rg: 4 | total time: 1.70m | eta: 0.0m
step 00998/01000 (99.80%) | loss: 6.477341 | lrm: 0.07 | dt: 118.95ms | tok/sec: 8,608 | bf16_mfu: 0.00 | epoch: 1 pq: 0 rg: 4 | total time: 1.70m | eta: 0.0m
step 00999/01000 (99.90%) | loss: 6.554268 | lrm: 0.06 | dt: 116.84ms | tok/sec: 8,764 | bf16_mfu: 0.00 | epoch: 1 pq: 0 rg: 4 | total time: 1.70m | eta: 0.0m
Peak memory usage: 0.00MiB
Total training time: 1.70m
