/Users/evergreen/miniforge3/envs/py3_12/lib/python3.12/site-packages/requests/__init__.py:113: RequestsDependencyWarning: urllib3 (2.6.2) or chardet (6.0.0.post1)/charset_normalizer (3.4.4) doesn't match a supported version!
  warnings.warn(
/Users/evergreen/miniforge3/envs/py3_12/lib/python3.12/site-packages/pydantic/_internal/_generate_schema.py:2249: UnsupportedFieldAttributeWarning: The 'repr' attribute with value False was provided to the `Field()` function, which has no effect in the context it was used. 'repr' is field-specific metadata, and can only be attached to a model field using `Annotated` metadata or by assignment. This may have happened because an `Annotated` type alias using the `type` statement was used, or if the `Field()` function was attached to a single member of a union type.
  warnings.warn(
/Users/evergreen/miniforge3/envs/py3_12/lib/python3.12/site-packages/pydantic/_internal/_generate_schema.py:2249: UnsupportedFieldAttributeWarning: The 'frozen' attribute with value True was provided to the `Field()` function, which has no effect in the context it was used. 'frozen' is field-specific metadata, and can only be attached to a model field using `Annotated` metadata or by assignment. This may have happened because an `Annotated` type alias using the `type` statement was used, or if the `Field()` function was attached to a single member of a union type.
  warnings.warn(
2026-04-21 00:39:49,686 - nanochat.common - [32m[1mINFO[0m - Distributed world size: 1

                                                       █████                █████
                                                      ░░███                ░░███
     ████████    ██████   ████████    ██████   ██████  ░███████    ██████  ███████
    ░░███░░███  ░░░░░███ ░░███░░███  ███░░███ ███░░███ ░███░░███  ░░░░░███░░░███░
     ░███ ░███   ███████  ░███ ░███ ░███ ░███░███ ░░░  ░███ ░███   ███████  ░███
     ░███ ░███  ███░░███  ░███ ░███ ░███ ░███░███  ███ ░███ ░███  ███░░███  ░███ ███
     ████ █████░░████████ ████ █████░░██████ ░░██████  ████ █████░░███████  ░░█████
    ░░░░ ░░░░░  ░░░░░░░░ ░░░░ ░░░░░  ░░░░░░   ░░░░░░  ░░░░ ░░░░░  ░░░░░░░░   ░░░░░
    
Autodetected device type: mps
COMPUTE_DTYPE: torch.float32 (auto-detected: no CUDA (CPU/MPS))
!!!!!!!!!!!!!!!!!!!!!!!!!!!!!!!!!!!!!!!!!!!!!!!!!!!!!!!!!!!!!!!!!!!!!!!!!!!!!!!!
WARNING: Flash Attention 3 not available, using PyTorch SDPA fallback
WARNING: Training will be less efficient without FA3
WARNING: SDPA has no support for sliding window attention (window_pattern='SSSL'). Your GPU utilization will be terrible.
WARNING: Recommend using --window-pattern L for full context attention without alternating sliding window patterns.
!!!!!!!!!!!!!!!!!!!!!!!!!!!!!!!!!!!!!!!!!!!!!!!!!!!!!!!!!!!!!!!!!!!!!!!!!!!!!!!!
Vocab size: 32,768
Model config:
{
  "sequence_len": 512,
  "vocab_size": 32768,
  "n_layer": 4,
  "n_head": 1,
  "n_kv_head": 1,
  "n_embd": 128,
  "window_pattern": "SSSL",
  "mlp_activation": "relu"
}
Attention c_proj init: gaussian, std=1/sqrt(n_embd)
MLP activation: relu
MLP c_proj init: gaussian, std=1/sqrt(4*n_embd)
Skipping torch.compile on MPS because the Metal backend is still experimental
Parameter counts:
wte                     : 4,194,304
value_embeds            : 8,388,608
lm_head                 : 4,194,304
transformer_matrices    : 786,456
scalars                 : 34
total                   : 17,563,706
Estimated FLOPs per token: 3.126082e+07
Scaling LRs by 0.0442 for batch size 1,024 (reference: 524,288)
Scaling weight decay from 0.280000 to 0.084016 for depth 4
Scaling the LR for the AdamW parameters ∝1/√(128/768) = 2.449490
VO product Muon pairs active: 4, skipped: 0
Using user-provided number of iterations: 1,000
Total number of training tokens: 1,024,000
Tokens : Scaling params ratio: 0.21
Total training FLOPs estimate: 3.201108e+13
Tokens / micro-batch / rank: 1 x 512 = 512
Tokens / micro-batch: 512
Total batch size 1,024 => gradient accumulation steps: 2
step 00000/01000 (0.00%) | loss: 10.396892 | lrm: 0.03 | dt: 744.31ms | tok/sec: 1,375 | bf16_mfu: 0.00 | epoch: 1 pq: 0 rg: 0 | total time: 0.00m
step 00001/01000 (0.10%) | loss: 10.396684 | lrm: 0.05 | dt: 118.39ms | tok/sec: 8,649 | bf16_mfu: 0.00 | epoch: 1 pq: 0 rg: 0 | total time: 0.00m
step 00002/01000 (0.20%) | loss: 10.397181 | lrm: 0.07 | dt: 105.71ms | tok/sec: 9,687 | bf16_mfu: 0.00 | epoch: 1 pq: 0 rg: 0 | total time: 0.00m
step 00003/01000 (0.30%) | loss: 10.397078 | lrm: 0.10 | dt: 109.06ms | tok/sec: 9,389 | bf16_mfu: 0.00 | epoch: 1 pq: 0 rg: 0 | total time: 0.00m
step 00004/01000 (0.40%) | loss: 10.396722 | lrm: 0.12 | dt: 106.96ms | tok/sec: 9,573 | bf16_mfu: 0.00 | epoch: 1 pq: 0 rg: 0 | total time: 0.00m
step 00005/01000 (0.50%) | loss: 10.396095 | lrm: 0.15 | dt: 127.44ms | tok/sec: 8,035 | bf16_mfu: 0.00 | epoch: 1 pq: 0 rg: 1 | total time: 0.00m
step 00006/01000 (0.60%) | loss: 10.394873 | lrm: 0.17 | dt: 109.49ms | tok/sec: 9,352 | bf16_mfu: 0.00 | epoch: 1 pq: 0 rg: 1 | total time: 0.00m
step 00007/01000 (0.70%) | loss: 10.393658 | lrm: 0.20 | dt: 108.62ms | tok/sec: 9,427 | bf16_mfu: 0.00 | epoch: 1 pq: 0 rg: 1 | total time: 0.00m
step 00008/01000 (0.80%) | loss: 10.391931 | lrm: 0.23 | dt: 108.43ms | tok/sec: 9,443 | bf16_mfu: 0.00 | epoch: 1 pq: 0 rg: 1 | total time: 0.00m
step 00009/01000 (0.90%) | loss: 10.390134 | lrm: 0.25 | dt: 108.17ms | tok/sec: 9,466 | bf16_mfu: 0.00 | epoch: 1 pq: 0 rg: 1 | total time: 0.00m
step 00010/01000 (1.00%) | loss: 10.388303 | lrm: 0.28 | dt: 110.11ms | tok/sec: 9,299 | bf16_mfu: 0.00 | epoch: 1 pq: 0 rg: 1 | total time: 0.00m
step 00011/01000 (1.10%) | loss: 10.385366 | lrm: 0.30 | dt: 115.45ms | tok/sec: 8,869 | bf16_mfu: 0.00 | epoch: 1 pq: 0 rg: 1 | total time: 0.00m | eta: 1.9m
step 00012/01000 (1.20%) | loss: 10.380599 | lrm: 0.33 | dt: 128.64ms | tok/sec: 7,960 | bf16_mfu: 0.00 | epoch: 1 pq: 0 rg: 1 | total time: 0.00m | eta: 2.0m
step 00013/01000 (1.30%) | loss: 10.375656 | lrm: 0.35 | dt: 135.66ms | tok/sec: 7,548 | bf16_mfu: 0.00 | epoch: 1 pq: 0 rg: 1 | total time: 0.01m | eta: 2.1m
step 00014/01000 (1.40%) | loss: 10.369607 | lrm: 0.38 | dt: 162.78ms | tok/sec: 6,290 | bf16_mfu: 0.00 | epoch: 1 pq: 0 rg: 1 | total time: 0.01m | eta: 2.2m
step 00015/01000 (1.50%) | loss: 10.361809 | lrm: 0.40 | dt: 220.80ms | tok/sec: 4,637 | bf16_mfu: 0.00 | epoch: 1 pq: 0 rg: 1 | total time: 0.01m | eta: 2.5m
step 00016/01000 (1.60%) | loss: 10.351601 | lrm: 0.42 | dt: 372.04ms | tok/sec: 2,752 | bf16_mfu: 0.00 | epoch: 1 pq: 0 rg: 1 | total time: 0.02m | eta: 3.1m
step 00017/01000 (1.70%) | loss: 10.337347 | lrm: 0.45 | dt: 1148.65ms | tok/sec: 891 | bf16_mfu: 0.00 | epoch: 1 pq: 0 rg: 1 | total time: 0.04m | eta: 5.3m
step 00018/01000 (1.80%) | loss: 10.319893 | lrm: 0.47 | dt: 301.90ms | tok/sec: 3,391 | bf16_mfu: 0.00 | epoch: 1 pq: 0 rg: 1 | total time: 0.04m | eta: 5.3m
step 00019/01000 (1.90%) | loss: 10.306626 | lrm: 0.50 | dt: 192.65ms | tok/sec: 5,315 | bf16_mfu: 0.00 | epoch: 1 pq: 0 rg: 1 | total time: 0.05m | eta: 5.0m
step 00020/01000 (2.00%) | loss: 10.285063 | lrm: 0.53 | dt: 164.23ms | tok/sec: 6,234 | bf16_mfu: 0.00 | epoch: 1 pq: 0 rg: 1 | total time: 0.05m | eta: 4.8m
step 00021/01000 (2.10%) | loss: 10.261859 | lrm: 0.55 | dt: 153.83ms | tok/sec: 6,656 | bf16_mfu: 0.00 | epoch: 1 pq: 0 rg: 1 | total time: 0.05m | eta: 4.6m
step 00022/01000 (2.20%) | loss: 10.229845 | lrm: 0.57 | dt: 150.79ms | tok/sec: 6,790 | bf16_mfu: 0.00 | epoch: 1 pq: 0 rg: 1 | total time: 0.05m | eta: 4.4m
step 00023/01000 (2.30%) | loss: 10.198687 | lrm: 0.60 | dt: 134.84ms | tok/sec: 7,594 | bf16_mfu: 0.00 | epoch: 1 pq: 0 rg: 1 | total time: 0.06m | eta: 4.2m
step 00024/01000 (2.40%) | loss: 10.167460 | lrm: 0.62 | dt: 138.26ms | tok/sec: 7,406 | bf16_mfu: 0.00 | epoch: 1 pq: 0 rg: 1 | total time: 0.06m | eta: 4.1m
step 00025/01000 (2.50%) | loss: 10.134872 | lrm: 0.65 | dt: 132.40ms | tok/sec: 7,734 | bf16_mfu: 0.00 | epoch: 1 pq: 0 rg: 1 | total time: 0.06m | eta: 4.0m
step 00026/01000 (2.60%) | loss: 10.097014 | lrm: 0.68 | dt: 137.13ms | tok/sec: 7,467 | bf16_mfu: 0.00 | epoch: 1 pq: 0 rg: 1 | total time: 0.06m | eta: 3.8m
step 00027/01000 (2.70%) | loss: 10.045572 | lrm: 0.70 | dt: 142.91ms | tok/sec: 7,165 | bf16_mfu: 0.00 | epoch: 1 pq: 0 rg: 1 | total time: 0.07m | eta: 3.8m
step 00028/01000 (2.80%) | loss: 9.995616 | lrm: 0.72 | dt: 135.40ms | tok/sec: 7,562 | bf16_mfu: 0.00 | epoch: 1 pq: 0 rg: 1 | total time: 0.07m | eta: 3.7m
step 00029/01000 (2.90%) | loss: 9.954150 | lrm: 0.75 | dt: 148.01ms | tok/sec: 6,918 | bf16_mfu: 0.00 | epoch: 1 pq: 0 rg: 1 | total time: 0.07m | eta: 3.6m
step 00030/01000 (3.00%) | loss: 9.887753 | lrm: 0.78 | dt: 144.39ms | tok/sec: 7,092 | bf16_mfu: 0.00 | epoch: 1 pq: 0 rg: 1 | total time: 0.07m | eta: 3.5m
step 00031/01000 (3.10%) | loss: 9.841440 | lrm: 0.80 | dt: 189.70ms | tok/sec: 5,397 | bf16_mfu: 0.00 | epoch: 1 pq: 0 rg: 1 | total time: 0.08m | eta: 3.5m
step 00032/01000 (3.20%) | loss: 9.797786 | lrm: 0.82 | dt: 341.31ms | tok/sec: 3,000 | bf16_mfu: 0.00 | epoch: 1 pq: 0 rg: 1 | total time: 0.08m | eta: 3.6m
step 00033/01000 (3.30%) | loss: 9.728085 | lrm: 0.85 | dt: 190.77ms | tok/sec: 5,367 | bf16_mfu: 0.00 | epoch: 1 pq: 0 rg: 1 | total time: 0.08m | eta: 3.6m
step 00034/01000 (3.40%) | loss: 9.654083 | lrm: 0.88 | dt: 263.39ms | tok/sec: 3,887 | bf16_mfu: 0.00 | epoch: 1 pq: 0 rg: 1 | total time: 0.09m | eta: 3.6m
step 00035/01000 (3.50%) | loss: 9.598499 | lrm: 0.90 | dt: 283.83ms | tok/sec: 3,607 | bf16_mfu: 0.00 | epoch: 1 pq: 0 rg: 1 | total time: 0.09m | eta: 3.6m
step 00036/01000 (3.60%) | loss: 9.568451 | lrm: 0.93 | dt: 297.26ms | tok/sec: 3,444 | bf16_mfu: 0.00 | epoch: 1 pq: 0 rg: 1 | total time: 0.10m | eta: 3.7m
step 00037/01000 (3.70%) | loss: 9.485433 | lrm: 0.95 | dt: 267.01ms | tok/sec: 3,835 | bf16_mfu: 0.00 | epoch: 1 pq: 0 rg: 1 | total time: 0.10m | eta: 3.7m
step 00038/01000 (3.80%) | loss: 9.410977 | lrm: 0.97 | dt: 230.62ms | tok/sec: 4,440 | bf16_mfu: 0.00 | epoch: 1 pq: 0 rg: 1 | total time: 0.11m | eta: 3.7m
step 00039/01000 (3.90%) | loss: 9.352650 | lrm: 1.00 | dt: 308.61ms | tok/sec: 3,318 | bf16_mfu: 0.00 | epoch: 1 pq: 0 rg: 1 | total time: 0.11m | eta: 3.7m
step 00040/01000 (4.00%) | loss: 9.303723 | lrm: 1.00 | dt: 219.72ms | tok/sec: 4,660 | bf16_mfu: 0.00 | epoch: 1 pq: 0 rg: 1 | total time: 0.12m | eta: 3.7m
step 00041/01000 (4.10%) | loss: 9.243534 | lrm: 1.00 | dt: 239.02ms | tok/sec: 4,284 | bf16_mfu: 0.00 | epoch: 1 pq: 0 rg: 1 | total time: 0.12m | eta: 3.7m
step 00042/01000 (4.20%) | loss: 9.171554 | lrm: 1.00 | dt: 256.12ms | tok/sec: 3,998 | bf16_mfu: 0.00 | epoch: 1 pq: 0 rg: 1 | total time: 0.12m | eta: 3.7m
step 00043/01000 (4.30%) | loss: 9.100062 | lrm: 1.00 | dt: 229.88ms | tok/sec: 4,454 | bf16_mfu: 0.00 | epoch: 1 pq: 0 rg: 1 | total time: 0.13m | eta: 3.7m
step 00044/01000 (4.40%) | loss: 9.025679 | lrm: 1.00 | dt: 361.18ms | tok/sec: 2,835 | bf16_mfu: 0.00 | epoch: 1 pq: 0 rg: 1 | total time: 0.13m | eta: 3.8m
step 00045/01000 (4.50%) | loss: 8.984198 | lrm: 1.00 | dt: 242.09ms | tok/sec: 4,229 | bf16_mfu: 0.00 | epoch: 1 pq: 0 rg: 1 | total time: 0.14m | eta: 3.8m
step 00046/01000 (4.60%) | loss: 8.920186 | lrm: 1.00 | dt: 193.04ms | tok/sec: 5,304 | bf16_mfu: 0.00 | epoch: 1 pq: 0 rg: 1 | total time: 0.14m | eta: 3.7m
step 00047/01000 (4.70%) | loss: 8.854961 | lrm: 1.00 | dt: 208.99ms | tok/sec: 4,899 | bf16_mfu: 0.00 | epoch: 1 pq: 0 rg: 1 | total time: 0.14m | eta: 3.7m
step 00048/01000 (4.80%) | loss: 8.812202 | lrm: 1.00 | dt: 241.60ms | tok/sec: 4,238 | bf16_mfu: 0.00 | epoch: 1 pq: 0 rg: 1 | total time: 0.15m | eta: 3.7m
step 00049/01000 (4.90%) | loss: 8.737031 | lrm: 1.00 | dt: 207.60ms | tok/sec: 4,932 | bf16_mfu: 0.00 | epoch: 1 pq: 0 rg: 1 | total time: 0.15m | eta: 3.7m
step 00050/01000 (5.00%) | loss: 8.666946 | lrm: 1.00 | dt: 231.64ms | tok/sec: 4,420 | bf16_mfu: 0.00 | epoch: 1 pq: 0 rg: 1 | total time: 0.16m | eta: 3.7m
step 00051/01000 (5.10%) | loss: 8.617889 | lrm: 1.00 | dt: 210.88ms | tok/sec: 4,855 | bf16_mfu: 0.00 | epoch: 1 pq: 0 rg: 1 | total time: 0.16m | eta: 3.7m
step 00052/01000 (5.20%) | loss: 8.565170 | lrm: 1.00 | dt: 245.17ms | tok/sec: 4,176 | bf16_mfu: 0.00 | epoch: 1 pq: 0 rg: 1 | total time: 0.16m | eta: 3.7m
step 00053/01000 (5.30%) | loss: 8.503241 | lrm: 1.00 | dt: 216.08ms | tok/sec: 4,738 | bf16_mfu: 0.00 | epoch: 1 pq: 0 rg: 1 | total time: 0.17m | eta: 3.7m
step 00054/01000 (5.40%) | loss: 8.463203 | lrm: 1.00 | dt: 244.43ms | tok/sec: 4,189 | bf16_mfu: 0.00 | epoch: 1 pq: 0 rg: 1 | total time: 0.17m | eta: 3.7m
step 00055/01000 (5.50%) | loss: 8.436192 | lrm: 1.00 | dt: 231.83ms | tok/sec: 4,417 | bf16_mfu: 0.00 | epoch: 1 pq: 0 rg: 1 | total time: 0.18m | eta: 3.7m
step 00056/01000 (5.60%) | loss: 8.393556 | lrm: 1.00 | dt: 436.35ms | tok/sec: 2,346 | bf16_mfu: 0.00 | epoch: 1 pq: 0 rg: 1 | total time: 0.18m | eta: 3.7m
step 00057/01000 (5.70%) | loss: 8.356101 | lrm: 1.00 | dt: 290.99ms | tok/sec: 3,519 | bf16_mfu: 0.00 | epoch: 1 pq: 0 rg: 1 | total time: 0.19m | eta: 3.8m
step 00058/01000 (5.80%) | loss: 8.276701 | lrm: 1.00 | dt: 180.88ms | tok/sec: 5,661 | bf16_mfu: 0.00 | epoch: 1 pq: 0 rg: 1 | total time: 0.19m | eta: 3.7m
step 00059/01000 (5.90%) | loss: 8.233257 | lrm: 1.00 | dt: 164.16ms | tok/sec: 6,237 | bf16_mfu: 0.00 | epoch: 1 pq: 0 rg: 1 | total time: 0.19m | eta: 3.7m
step 00060/01000 (6.00%) | loss: 8.173969 | lrm: 1.00 | dt: 207.04ms | tok/sec: 4,945 | bf16_mfu: 0.00 | epoch: 1 pq: 0 rg: 1 | total time: 0.20m | eta: 3.7m
step 00061/01000 (6.10%) | loss: 8.131171 | lrm: 1.00 | dt: 227.58ms | tok/sec: 4,499 | bf16_mfu: 0.00 | epoch: 1 pq: 0 rg: 1 | total time: 0.20m | eta: 3.7m
step 00062/01000 (6.20%) | loss: 8.112656 | lrm: 1.00 | dt: 190.13ms | tok/sec: 5,385 | bf16_mfu: 0.00 | epoch: 1 pq: 0 rg: 1 | total time: 0.20m | eta: 3.7m
step 00063/01000 (6.30%) | loss: 8.103139 | lrm: 1.00 | dt: 181.74ms | tok/sec: 5,634 | bf16_mfu: 0.00 | epoch: 1 pq: 0 rg: 1 | total time: 0.21m | eta: 3.7m
step 00064/01000 (6.40%) | loss: 8.030128 | lrm: 1.00 | dt: 184.27ms | tok/sec: 5,557 | bf16_mfu: 0.00 | epoch: 1 pq: 0 rg: 1 | total time: 0.21m | eta: 3.6m
step 00065/01000 (6.50%) | loss: 8.014667 | lrm: 1.00 | dt: 196.42ms | tok/sec: 5,213 | bf16_mfu: 0.00 | epoch: 1 pq: 0 rg: 1 | total time: 0.21m | eta: 3.6m
step 00066/01000 (6.60%) | loss: 7.992989 | lrm: 1.00 | dt: 175.33ms | tok/sec: 5,840 | bf16_mfu: 0.00 | epoch: 1 pq: 0 rg: 1 | total time: 0.22m | eta: 3.6m
step 00067/01000 (6.70%) | loss: 7.955842 | lrm: 1.00 | dt: 201.56ms | tok/sec: 5,080 | bf16_mfu: 0.00 | epoch: 1 pq: 0 rg: 1 | total time: 0.22m | eta: 3.6m
step 00068/01000 (6.80%) | loss: 7.937405 | lrm: 1.00 | dt: 327.66ms | tok/sec: 3,125 | bf16_mfu: 0.00 | epoch: 1 pq: 0 rg: 1 | total time: 0.22m | eta: 3.6m
step 00069/01000 (6.90%) | loss: 7.906522 | lrm: 1.00 | dt: 229.95ms | tok/sec: 4,453 | bf16_mfu: 0.00 | epoch: 1 pq: 0 rg: 1 | total time: 0.23m | eta: 3.6m
step 00070/01000 (7.00%) | loss: 7.881529 | lrm: 1.00 | dt: 192.71ms | tok/sec: 5,313 | bf16_mfu: 0.00 | epoch: 1 pq: 0 rg: 1 | total time: 0.23m | eta: 3.6m
step 00071/01000 (7.10%) | loss: 7.876382 | lrm: 1.00 | dt: 201.67ms | tok/sec: 5,077 | bf16_mfu: 0.00 | epoch: 1 pq: 0 rg: 1 | total time: 0.24m | eta: 3.6m
step 00072/01000 (7.20%) | loss: 7.985391 | lrm: 1.00 | dt: 204.65ms | tok/sec: 5,003 | bf16_mfu: 0.00 | epoch: 1 pq: 0 rg: 1 | total time: 0.24m | eta: 3.6m
step 00073/01000 (7.30%) | loss: 7.948366 | lrm: 1.00 | dt: 209.77ms | tok/sec: 4,881 | bf16_mfu: 0.00 | epoch: 1 pq: 0 rg: 1 | total time: 0.24m | eta: 3.6m
step 00074/01000 (7.40%) | loss: 7.897022 | lrm: 1.00 | dt: 204.45ms | tok/sec: 5,008 | bf16_mfu: 0.00 | epoch: 1 pq: 0 rg: 1 | total time: 0.25m | eta: 3.5m
step 00075/01000 (7.50%) | loss: 7.916444 | lrm: 1.00 | dt: 194.08ms | tok/sec: 5,276 | bf16_mfu: 0.00 | epoch: 1 pq: 0 rg: 1 | total time: 0.25m | eta: 3.5m
step 00076/01000 (7.60%) | loss: 7.864036 | lrm: 1.00 | dt: 204.17ms | tok/sec: 5,015 | bf16_mfu: 0.00 | epoch: 1 pq: 0 rg: 1 | total time: 0.25m | eta: 3.5m
step 00077/01000 (7.70%) | loss: 7.873839 | lrm: 1.00 | dt: 209.19ms | tok/sec: 4,895 | bf16_mfu: 0.00 | epoch: 1 pq: 0 rg: 1 | total time: 0.26m | eta: 3.5m
step 00078/01000 (7.80%) | loss: 7.829685 | lrm: 1.00 | dt: 213.77ms | tok/sec: 4,790 | bf16_mfu: 0.00 | epoch: 1 pq: 0 rg: 1 | total time: 0.26m | eta: 3.5m
step 00079/01000 (7.90%) | loss: 7.824796 | lrm: 1.00 | dt: 228.61ms | tok/sec: 4,479 | bf16_mfu: 0.00 | epoch: 1 pq: 0 rg: 1 | total time: 0.26m | eta: 3.5m
step 00080/01000 (8.00%) | loss: 7.798835 | lrm: 1.00 | dt: 200.14ms | tok/sec: 5,116 | bf16_mfu: 0.00 | epoch: 1 pq: 0 rg: 1 | total time: 0.27m | eta: 3.5m
step 00081/01000 (8.10%) | loss: 7.829091 | lrm: 1.00 | dt: 202.02ms | tok/sec: 5,068 | bf16_mfu: 0.00 | epoch: 1 pq: 0 rg: 1 | total time: 0.27m | eta: 3.5m
step 00082/01000 (8.20%) | loss: 7.852875 | lrm: 1.00 | dt: 216.27ms | tok/sec: 4,734 | bf16_mfu: 0.00 | epoch: 1 pq: 0 rg: 1 | total time: 0.27m | eta: 3.5m
step 00083/01000 (8.30%) | loss: 7.864500 | lrm: 1.00 | dt: 223.53ms | tok/sec: 4,580 | bf16_mfu: 0.00 | epoch: 1 pq: 0 rg: 1 | total time: 0.28m | eta: 3.5m
step 00084/01000 (8.40%) | loss: 7.852344 | lrm: 1.00 | dt: 334.91ms | tok/sec: 3,057 | bf16_mfu: 0.00 | epoch: 1 pq: 0 rg: 1 | total time: 0.28m | eta: 3.5m
step 00085/01000 (8.50%) | loss: 7.835885 | lrm: 1.00 | dt: 371.08ms | tok/sec: 2,759 | bf16_mfu: 0.00 | epoch: 1 pq: 0 rg: 1 | total time: 0.29m | eta: 3.5m
step 00086/01000 (8.60%) | loss: 7.841065 | lrm: 1.00 | dt: 229.20ms | tok/sec: 4,467 | bf16_mfu: 0.00 | epoch: 1 pq: 0 rg: 1 | total time: 0.29m | eta: 3.5m
step 00087/01000 (8.70%) | loss: 7.844218 | lrm: 1.00 | dt: 249.05ms | tok/sec: 4,111 | bf16_mfu: 0.00 | epoch: 1 pq: 0 rg: 1 | total time: 0.30m | eta: 3.5m
step 00088/01000 (8.80%) | loss: 7.845623 | lrm: 1.00 | dt: 216.64ms | tok/sec: 4,726 | bf16_mfu: 0.00 | epoch: 1 pq: 0 rg: 1 | total time: 0.30m | eta: 3.5m
step 00089/01000 (8.90%) | loss: 7.815468 | lrm: 1.00 | dt: 221.09ms | tok/sec: 4,631 | bf16_mfu: 0.00 | epoch: 1 pq: 0 rg: 1 | total time: 0.30m | eta: 3.5m
step 00090/01000 (9.00%) | loss: 7.787684 | lrm: 1.00 | dt: 209.38ms | tok/sec: 4,890 | bf16_mfu: 0.00 | epoch: 1 pq: 0 rg: 1 | total time: 0.31m | eta: 3.5m
step 00091/01000 (9.10%) | loss: 7.798674 | lrm: 1.00 | dt: 193.26ms | tok/sec: 5,298 | bf16_mfu: 0.00 | epoch: 1 pq: 0 rg: 1 | total time: 0.31m | eta: 3.5m
step 00092/01000 (9.20%) | loss: 7.789289 | lrm: 1.00 | dt: 225.85ms | tok/sec: 4,533 | bf16_mfu: 0.00 | epoch: 1 pq: 0 rg: 1 | total time: 0.31m | eta: 3.5m
step 00093/01000 (9.30%) | loss: 7.825477 | lrm: 1.00 | dt: 210.18ms | tok/sec: 4,871 | bf16_mfu: 0.00 | epoch: 1 pq: 0 rg: 1 | total time: 0.32m | eta: 3.5m
step 00094/01000 (9.40%) | loss: 7.834485 | lrm: 1.00 | dt: 222.49ms | tok/sec: 4,602 | bf16_mfu: 0.00 | epoch: 1 pq: 0 rg: 1 | total time: 0.32m | eta: 3.5m
step 00095/01000 (9.50%) | loss: 7.830549 | lrm: 1.00 | dt: 222.67ms | tok/sec: 4,598 | bf16_mfu: 0.00 | epoch: 1 pq: 0 rg: 1 | total time: 0.33m | eta: 3.5m
step 00096/01000 (9.60%) | loss: 7.783218 | lrm: 1.00 | dt: 238.03ms | tok/sec: 4,302 | bf16_mfu: 0.00 | epoch: 1 pq: 0 rg: 1 | total time: 0.33m | eta: 3.5m
step 00097/01000 (9.70%) | loss: 7.794983 | lrm: 1.00 | dt: 242.17ms | tok/sec: 4,228 | bf16_mfu: 0.00 | epoch: 1 pq: 0 rg: 1 | total time: 0.33m | eta: 3.5m
step 00098/01000 (9.80%) | loss: 7.782501 | lrm: 1.00 | dt: 297.45ms | tok/sec: 3,442 | bf16_mfu: 0.00 | epoch: 1 pq: 0 rg: 1 | total time: 0.34m | eta: 3.5m
step 00099/01000 (9.90%) | loss: 7.760505 | lrm: 1.00 | dt: 215.99ms | tok/sec: 4,740 | bf16_mfu: 0.00 | epoch: 1 pq: 0 rg: 1 | total time: 0.34m | eta: 3.5m
step 00100/01000 (10.00%) | loss: 7.790933 | lrm: 1.00 | dt: 459.26ms | tok/sec: 2,229 | bf16_mfu: 0.00 | epoch: 1 pq: 0 rg: 1 | total time: 0.35m | eta: 3.5m
step 00101/01000 (10.10%) | loss: 7.811278 | lrm: 1.00 | dt: 218.89ms | tok/sec: 4,678 | bf16_mfu: 0.00 | epoch: 1 pq: 0 rg: 1 | total time: 0.35m | eta: 3.5m
step 00102/01000 (10.20%) | loss: 7.779301 | lrm: 1.00 | dt: 196.37ms | tok/sec: 5,214 | bf16_mfu: 0.00 | epoch: 1 pq: 0 rg: 1 | total time: 0.36m | eta: 3.5m
step 00103/01000 (10.30%) | loss: 7.749964 | lrm: 1.00 | dt: 217.53ms | tok/sec: 4,707 | bf16_mfu: 0.00 | epoch: 1 pq: 0 rg: 1 | total time: 0.36m | eta: 3.5m
step 00104/01000 (10.40%) | loss: 7.755149 | lrm: 1.00 | dt: 216.49ms | tok/sec: 4,729 | bf16_mfu: 0.00 | epoch: 1 pq: 0 rg: 1 | total time: 0.36m | eta: 3.5m
step 00105/01000 (10.50%) | loss: 7.796536 | lrm: 1.00 | dt: 197.56ms | tok/sec: 5,183 | bf16_mfu: 0.00 | epoch: 1 pq: 0 rg: 1 | total time: 0.37m | eta: 3.5m
step 00106/01000 (10.60%) | loss: 7.801065 | lrm: 1.00 | dt: 186.78ms | tok/sec: 5,482 | bf16_mfu: 0.00 | epoch: 1 pq: 0 rg: 1 | total time: 0.37m | eta: 3.4m
step 00107/01000 (10.70%) | loss: 7.790722 | lrm: 1.00 | dt: 211.85ms | tok/sec: 4,833 | bf16_mfu: 0.00 | epoch: 1 pq: 0 rg: 1 | total time: 0.37m | eta: 3.4m
step 00108/01000 (10.80%) | loss: 7.757630 | lrm: 1.00 | dt: 175.20ms | tok/sec: 5,844 | bf16_mfu: 0.00 | epoch: 1 pq: 0 rg: 1 | total time: 0.38m | eta: 3.4m
step 00109/01000 (10.90%) | loss: 7.720190 | lrm: 1.00 | dt: 209.50ms | tok/sec: 4,887 | bf16_mfu: 0.00 | epoch: 1 pq: 0 rg: 1 | total time: 0.38m | eta: 3.4m
step 00110/01000 (11.00%) | loss: 7.716677 | lrm: 1.00 | dt: 195.04ms | tok/sec: 5,250 | bf16_mfu: 0.00 | epoch: 1 pq: 0 rg: 1 | total time: 0.38m | eta: 3.4m
step 00111/01000 (11.10%) | loss: 7.743768 | lrm: 1.00 | dt: 371.24ms | tok/sec: 2,758 | bf16_mfu: 0.00 | epoch: 1 pq: 0 rg: 1 | total time: 0.39m | eta: 3.4m
step 00112/01000 (11.20%) | loss: 7.741370 | lrm: 1.00 | dt: 184.81ms | tok/sec: 5,540 | bf16_mfu: 0.00 | epoch: 1 pq: 0 rg: 1 | total time: 0.39m | eta: 3.4m
step 00113/01000 (11.30%) | loss: 7.717364 | lrm: 1.00 | dt: 231.90ms | tok/sec: 4,415 | bf16_mfu: 0.00 | epoch: 1 pq: 0 rg: 1 | total time: 0.40m | eta: 3.4m
step 00114/01000 (11.40%) | loss: 7.713748 | lrm: 1.00 | dt: 180.66ms | tok/sec: 5,668 | bf16_mfu: 0.00 | epoch: 1 pq: 0 rg: 1 | total time: 0.40m | eta: 3.4m
step 00115/01000 (11.50%) | loss: 7.676875 | lrm: 1.00 | dt: 203.32ms | tok/sec: 5,036 | bf16_mfu: 0.00 | epoch: 1 pq: 0 rg: 1 | total time: 0.40m | eta: 3.4m
step 00116/01000 (11.60%) | loss: 7.685540 | lrm: 1.00 | dt: 206.27ms | tok/sec: 4,964 | bf16_mfu: 0.00 | epoch: 1 pq: 0 rg: 1 | total time: 0.41m | eta: 3.4m
step 00117/01000 (11.70%) | loss: 7.624276 | lrm: 1.00 | dt: 209.27ms | tok/sec: 4,893 | bf16_mfu: 0.00 | epoch: 1 pq: 0 rg: 1 | total time: 0.41m | eta: 3.4m
step 00118/01000 (11.80%) | loss: 7.588998 | lrm: 1.00 | dt: 216.47ms | tok/sec: 4,730 | bf16_mfu: 0.00 | epoch: 1 pq: 0 rg: 1 | total time: 0.41m | eta: 3.4m
step 00119/01000 (11.90%) | loss: 7.608150 | lrm: 1.00 | dt: 232.55ms | tok/sec: 4,403 | bf16_mfu: 0.00 | epoch: 1 pq: 0 rg: 1 | total time: 0.42m | eta: 3.4m
step 00120/01000 (12.00%) | loss: 7.632394 | lrm: 1.00 | dt: 231.02ms | tok/sec: 4,432 | bf16_mfu: 0.00 | epoch: 1 pq: 0 rg: 1 | total time: 0.42m | eta: 3.4m
step 00121/01000 (12.10%) | loss: 7.649836 | lrm: 1.00 | dt: 231.15ms | tok/sec: 4,429 | bf16_mfu: 0.00 | epoch: 1 pq: 0 rg: 1 | total time: 0.42m | eta: 3.4m
step 00122/01000 (12.20%) | loss: 7.638287 | lrm: 1.00 | dt: 215.54ms | tok/sec: 4,750 | bf16_mfu: 0.00 | epoch: 1 pq: 0 rg: 1 | total time: 0.43m | eta: 3.4m
step 00123/01000 (12.30%) | loss: 7.619593 | lrm: 1.00 | dt: 248.42ms | tok/sec: 4,122 | bf16_mfu: 0.00 | epoch: 1 pq: 0 rg: 1 | total time: 0.43m | eta: 3.4m
step 00124/01000 (12.40%) | loss: 7.618856 | lrm: 1.00 | dt: 356.04ms | tok/sec: 2,876 | bf16_mfu: 0.00 | epoch: 1 pq: 0 rg: 1 | total time: 0.44m | eta: 3.4m
step 00125/01000 (12.50%) | loss: 7.617289 | lrm: 1.00 | dt: 207.62ms | tok/sec: 4,932 | bf16_mfu: 0.00 | epoch: 1 pq: 0 rg: 1 | total time: 0.44m | eta: 3.4m
step 00126/01000 (12.60%) | loss: 7.601726 | lrm: 1.00 | dt: 266.15ms | tok/sec: 3,847 | bf16_mfu: 0.00 | epoch: 1 pq: 0 rg: 1 | total time: 0.45m | eta: 3.4m
step 00127/01000 (12.70%) | loss: 7.584299 | lrm: 1.00 | dt: 179.88ms | tok/sec: 5,692 | bf16_mfu: 0.00 | epoch: 1 pq: 0 rg: 1 | total time: 0.45m | eta: 3.4m
step 00128/01000 (12.80%) | loss: 7.588628 | lrm: 1.00 | dt: 201.31ms | tok/sec: 5,086 | bf16_mfu: 0.00 | epoch: 1 pq: 0 rg: 1 | total time: 0.45m | eta: 3.3m
step 00129/01000 (12.90%) | loss: 7.597923 | lrm: 1.00 | dt: 183.14ms | tok/sec: 5,591 | bf16_mfu: 0.00 | epoch: 1 pq: 0 rg: 1 | total time: 0.46m | eta: 3.3m
step 00130/01000 (13.00%) | loss: 7.624646 | lrm: 1.00 | dt: 205.91ms | tok/sec: 4,972 | bf16_mfu: 0.00 | epoch: 1 pq: 0 rg: 1 | total time: 0.46m | eta: 3.3m
step 00131/01000 (13.10%) | loss: 7.624992 | lrm: 1.00 | dt: 185.63ms | tok/sec: 5,516 | bf16_mfu: 0.00 | epoch: 1 pq: 0 rg: 1 | total time: 0.46m | eta: 3.3m
step 00132/01000 (13.20%) | loss: 7.591757 | lrm: 1.00 | dt: 218.08ms | tok/sec: 4,695 | bf16_mfu: 0.00 | epoch: 1 pq: 0 rg: 1 | total time: 0.47m | eta: 3.3m
step 00133/01000 (13.30%) | loss: 7.569473 | lrm: 1.00 | dt: 177.23ms | tok/sec: 5,777 | bf16_mfu: 0.00 | epoch: 1 pq: 0 rg: 1 | total time: 0.47m | eta: 3.3m
step 00134/01000 (13.40%) | loss: 7.539783 | lrm: 1.00 | dt: 227.91ms | tok/sec: 4,492 | bf16_mfu: 0.00 | epoch: 1 pq: 0 rg: 1 | total time: 0.47m | eta: 3.3m
step 00135/01000 (13.50%) | loss: 7.502155 | lrm: 1.00 | dt: 209.27ms | tok/sec: 4,893 | bf16_mfu: 0.00 | epoch: 1 pq: 0 rg: 1 | total time: 0.48m | eta: 3.3m
step 00136/01000 (13.60%) | loss: 7.497038 | lrm: 1.00 | dt: 283.41ms | tok/sec: 3,613 | bf16_mfu: 0.00 | epoch: 1 pq: 0 rg: 1 | total time: 0.48m | eta: 3.3m
step 00137/01000 (13.70%) | loss: 7.553037 | lrm: 1.00 | dt: 449.07ms | tok/sec: 2,280 | bf16_mfu: 0.00 | epoch: 1 pq: 0 rg: 1 | total time: 0.49m | eta: 3.3m
step 00138/01000 (13.80%) | loss: 7.536282 | lrm: 1.00 | dt: 222.94ms | tok/sec: 4,593 | bf16_mfu: 0.00 | epoch: 1 pq: 0 rg: 1 | total time: 0.49m | eta: 3.3m
step 00139/01000 (13.90%) | loss: 7.509536 | lrm: 1.00 | dt: 275.61ms | tok/sec: 3,715 | bf16_mfu: 0.00 | epoch: 1 pq: 0 rg: 1 | total time: 0.50m | eta: 3.3m
step 00140/01000 (14.00%) | loss: 7.553927 | lrm: 1.00 | dt: 216.31ms | tok/sec: 4,733 | bf16_mfu: 0.00 | epoch: 1 pq: 0 rg: 1 | total time: 0.50m | eta: 3.3m
step 00141/01000 (14.10%) | loss: 7.584515 | lrm: 1.00 | dt: 223.93ms | tok/sec: 4,572 | bf16_mfu: 0.00 | epoch: 1 pq: 0 rg: 1 | total time: 0.50m | eta: 3.3m
step 00142/01000 (14.20%) | loss: 7.546146 | lrm: 1.00 | dt: 209.98ms | tok/sec: 4,876 | bf16_mfu: 0.00 | epoch: 1 pq: 0 rg: 1 | total time: 0.51m | eta: 3.3m
step 00143/01000 (14.30%) | loss: 7.554720 | lrm: 1.00 | dt: 201.77ms | tok/sec: 5,074 | bf16_mfu: 0.00 | epoch: 1 pq: 0 rg: 1 | total time: 0.51m | eta: 3.3m
step 00144/01000 (14.40%) | loss: 7.566090 | lrm: 1.00 | dt: 225.84ms | tok/sec: 4,534 | bf16_mfu: 0.00 | epoch: 1 pq: 0 rg: 1 | total time: 0.51m | eta: 3.3m
step 00145/01000 (14.50%) | loss: 7.531634 | lrm: 1.00 | dt: 205.10ms | tok/sec: 4,992 | bf16_mfu: 0.00 | epoch: 1 pq: 0 rg: 1 | total time: 0.52m | eta: 3.3m
step 00146/01000 (14.60%) | loss: 7.514748 | lrm: 1.00 | dt: 233.08ms | tok/sec: 4,393 | bf16_mfu: 0.00 | epoch: 1 pq: 0 rg: 1 | total time: 0.52m | eta: 3.3m
step 00147/01000 (14.70%) | loss: 7.515240 | lrm: 1.00 | dt: 219.96ms | tok/sec: 4,655 | bf16_mfu: 0.00 | epoch: 1 pq: 0 rg: 1 | total time: 0.53m | eta: 3.3m
step 00148/01000 (14.80%) | loss: 7.511228 | lrm: 1.00 | dt: 246.50ms | tok/sec: 4,154 | bf16_mfu: 0.00 | epoch: 1 pq: 0 rg: 1 | total time: 0.53m | eta: 3.3m
step 00149/01000 (14.90%) | loss: 7.501284 | lrm: 1.00 | dt: 230.08ms | tok/sec: 4,450 | bf16_mfu: 0.00 | epoch: 1 pq: 0 rg: 1 | total time: 0.53m | eta: 3.3m
step 00150/01000 (15.00%) | loss: 7.469792 | lrm: 1.00 | dt: 254.88ms | tok/sec: 4,017 | bf16_mfu: 0.00 | epoch: 1 pq: 0 rg: 1 | total time: 0.54m | eta: 3.3m
step 00151/01000 (15.10%) | loss: 7.422972 | lrm: 1.00 | dt: 316.04ms | tok/sec: 3,240 | bf16_mfu: 0.00 | epoch: 1 pq: 0 rg: 1 | total time: 0.54m | eta: 3.3m
step 00152/01000 (15.20%) | loss: 7.431606 | lrm: 1.00 | dt: 410.61ms | tok/sec: 2,493 | bf16_mfu: 0.00 | epoch: 1 pq: 0 rg: 1 | total time: 0.55m | eta: 3.3m
step 00153/01000 (15.30%) | loss: 7.421674 | lrm: 1.00 | dt: 185.44ms | tok/sec: 5,521 | bf16_mfu: 0.00 | epoch: 1 pq: 0 rg: 1 | total time: 0.55m | eta: 3.3m
step 00154/01000 (15.40%) | loss: 7.393533 | lrm: 1.00 | dt: 215.16ms | tok/sec: 4,759 | bf16_mfu: 0.00 | epoch: 1 pq: 0 rg: 1 | total time: 0.56m | eta: 3.3m
step 00155/01000 (15.50%) | loss: 7.340694 | lrm: 1.00 | dt: 240.55ms | tok/sec: 4,256 | bf16_mfu: 0.00 | epoch: 1 pq: 0 rg: 1 | total time: 0.56m | eta: 3.3m
step 00156/01000 (15.60%) | loss: 7.401709 | lrm: 1.00 | dt: 217.95ms | tok/sec: 4,698 | bf16_mfu: 0.00 | epoch: 1 pq: 0 rg: 1 | total time: 0.56m | eta: 3.3m
step 00157/01000 (15.70%) | loss: 7.456452 | lrm: 1.00 | dt: 166.92ms | tok/sec: 6,134 | bf16_mfu: 0.00 | epoch: 1 pq: 0 rg: 1 | total time: 0.57m | eta: 3.3m
step 00158/01000 (15.80%) | loss: 7.467595 | lrm: 1.00 | dt: 187.16ms | tok/sec: 5,471 | bf16_mfu: 0.00 | epoch: 1 pq: 0 rg: 1 | total time: 0.57m | eta: 3.2m
step 00159/01000 (15.90%) | loss: 7.446745 | lrm: 1.00 | dt: 171.50ms | tok/sec: 5,970 | bf16_mfu: 0.00 | epoch: 1 pq: 0 rg: 1 | total time: 0.57m | eta: 3.2m
step 00160/01000 (16.00%) | loss: 7.489087 | lrm: 1.00 | dt: 172.28ms | tok/sec: 5,943 | bf16_mfu: 0.00 | epoch: 1 pq: 0 rg: 1 | total time: 0.58m | eta: 3.2m
step 00161/01000 (16.10%) | loss: 7.443474 | lrm: 1.00 | dt: 175.71ms | tok/sec: 5,827 | bf16_mfu: 0.00 | epoch: 1 pq: 0 rg: 1 | total time: 0.58m | eta: 3.2m
step 00162/01000 (16.20%) | loss: 7.380838 | lrm: 1.00 | dt: 185.57ms | tok/sec: 5,518 | bf16_mfu: 0.00 | epoch: 1 pq: 0 rg: 1 | total time: 0.58m | eta: 3.2m
step 00163/01000 (16.30%) | loss: 7.447305 | lrm: 1.00 | dt: 175.20ms | tok/sec: 5,844 | bf16_mfu: 0.00 | epoch: 1 pq: 0 rg: 1 | total time: 0.58m | eta: 3.2m
step 00164/01000 (16.40%) | loss: 7.435531 | lrm: 1.00 | dt: 324.59ms | tok/sec: 3,154 | bf16_mfu: 0.00 | epoch: 1 pq: 0 rg: 1 | total time: 0.59m | eta: 3.2m
step 00165/01000 (16.50%) | loss: 7.439126 | lrm: 1.00 | dt: 187.43ms | tok/sec: 5,463 | bf16_mfu: 0.00 | epoch: 1 pq: 0 rg: 1 | total time: 0.59m | eta: 3.2m
step 00166/01000 (16.60%) | loss: 7.449397 | lrm: 1.00 | dt: 210.69ms | tok/sec: 4,860 | bf16_mfu: 0.00 | epoch: 1 pq: 0 rg: 1 | total time: 0.60m | eta: 3.2m
step 00167/01000 (16.70%) | loss: 7.458121 | lrm: 1.00 | dt: 215.61ms | tok/sec: 4,749 | bf16_mfu: 0.00 | epoch: 1 pq: 0 rg: 1 | total time: 0.60m | eta: 3.2m
step 00168/01000 (16.80%) | loss: 7.441830 | lrm: 1.00 | dt: 228.05ms | tok/sec: 4,490 | bf16_mfu: 0.00 | epoch: 1 pq: 0 rg: 1 | total time: 0.60m | eta: 3.2m
step 00169/01000 (16.90%) | loss: 7.489927 | lrm: 1.00 | dt: 226.99ms | tok/sec: 4,511 | bf16_mfu: 0.00 | epoch: 1 pq: 0 rg: 1 | total time: 0.61m | eta: 3.2m
step 00170/01000 (17.00%) | loss: 7.546724 | lrm: 1.00 | dt: 279.78ms | tok/sec: 3,659 | bf16_mfu: 0.00 | epoch: 1 pq: 0 rg: 1 | total time: 0.61m | eta: 3.2m
step 00171/01000 (17.10%) | loss: 7.534584 | lrm: 1.00 | dt: 231.49ms | tok/sec: 4,423 | bf16_mfu: 0.00 | epoch: 1 pq: 0 rg: 1 | total time: 0.62m | eta: 3.2m
step 00172/01000 (17.20%) | loss: 7.536449 | lrm: 1.00 | dt: 246.94ms | tok/sec: 4,146 | bf16_mfu: 0.00 | epoch: 1 pq: 0 rg: 1 | total time: 0.62m | eta: 3.2m
step 00173/01000 (17.30%) | loss: 7.518785 | lrm: 1.00 | dt: 202.07ms | tok/sec: 5,067 | bf16_mfu: 0.00 | epoch: 1 pq: 0 rg: 1 | total time: 0.62m | eta: 3.2m
step 00174/01000 (17.40%) | loss: 7.466469 | lrm: 1.00 | dt: 460.50ms | tok/sec: 2,223 | bf16_mfu: 0.00 | epoch: 1 pq: 0 rg: 1 | total time: 0.63m | eta: 3.2m
step 00175/01000 (17.50%) | loss: 7.470310 | lrm: 1.00 | dt: 262.25ms | tok/sec: 3,904 | bf16_mfu: 0.00 | epoch: 1 pq: 0 rg: 1 | total time: 0.64m | eta: 3.2m
step 00176/01000 (17.60%) | loss: 7.479498 | lrm: 1.00 | dt: 238.98ms | tok/sec: 4,284 | bf16_mfu: 0.00 | epoch: 1 pq: 0 rg: 1 | total time: 0.64m | eta: 3.2m
step 00177/01000 (17.70%) | loss: 7.477435 | lrm: 1.00 | dt: 172.59ms | tok/sec: 5,933 | bf16_mfu: 0.00 | epoch: 1 pq: 0 rg: 1 | total time: 0.64m | eta: 3.2m
step 00178/01000 (17.80%) | loss: 7.538515 | lrm: 1.00 | dt: 216.32ms | tok/sec: 4,733 | bf16_mfu: 0.00 | epoch: 1 pq: 0 rg: 1 | total time: 0.65m | eta: 3.2m
step 00179/01000 (17.90%) | loss: 7.552482 | lrm: 1.00 | dt: 190.45ms | tok/sec: 5,376 | bf16_mfu: 0.00 | epoch: 1 pq: 0 rg: 1 | total time: 0.65m | eta: 3.2m
step 00180/01000 (18.00%) | loss: 7.522282 | lrm: 1.00 | dt: 203.62ms | tok/sec: 5,028 | bf16_mfu: 0.00 | epoch: 1 pq: 0 rg: 1 | total time: 0.65m | eta: 3.2m
step 00181/01000 (18.10%) | loss: 7.501724 | lrm: 1.00 | dt: 221.33ms | tok/sec: 4,626 | bf16_mfu: 0.00 | epoch: 1 pq: 0 rg: 1 | total time: 0.66m | eta: 3.1m
step 00182/01000 (18.20%) | loss: 7.411477 | lrm: 1.00 | dt: 189.76ms | tok/sec: 5,396 | bf16_mfu: 0.00 | epoch: 1 pq: 0 rg: 1 | total time: 0.66m | eta: 3.1m
step 00183/01000 (18.30%) | loss: 7.372994 | lrm: 1.00 | dt: 202.55ms | tok/sec: 5,055 | bf16_mfu: 0.00 | epoch: 1 pq: 0 rg: 1 | total time: 0.66m | eta: 3.1m
step 00184/01000 (18.40%) | loss: 7.328570 | lrm: 1.00 | dt: 200.31ms | tok/sec: 5,112 | bf16_mfu: 0.00 | epoch: 1 pq: 0 rg: 1 | total time: 0.67m | eta: 3.1m
step 00185/01000 (18.50%) | loss: 7.327132 | lrm: 1.00 | dt: 229.42ms | tok/sec: 4,463 | bf16_mfu: 0.00 | epoch: 1 pq: 0 rg: 1 | total time: 0.67m | eta: 3.1m
step 00186/01000 (18.60%) | loss: 7.343392 | lrm: 1.00 | dt: 216.70ms | tok/sec: 4,725 | bf16_mfu: 0.00 | epoch: 1 pq: 0 rg: 1 | total time: 0.67m | eta: 3.1m
step 00187/01000 (18.70%) | loss: 7.315463 | lrm: 1.00 | dt: 229.56ms | tok/sec: 4,460 | bf16_mfu: 0.00 | epoch: 1 pq: 0 rg: 1 | total time: 0.68m | eta: 3.1m
step 00188/01000 (18.80%) | loss: 7.350157 | lrm: 1.00 | dt: 447.84ms | tok/sec: 2,286 | bf16_mfu: 0.00 | epoch: 1 pq: 0 rg: 1 | total time: 0.69m | eta: 3.1m
step 00189/01000 (18.90%) | loss: 7.313747 | lrm: 1.00 | dt: 271.40ms | tok/sec: 3,773 | bf16_mfu: 0.00 | epoch: 1 pq: 0 rg: 1 | total time: 0.69m | eta: 3.1m
step 00190/01000 (19.00%) | loss: 7.250059 | lrm: 1.00 | dt: 207.36ms | tok/sec: 4,938 | bf16_mfu: 0.00 | epoch: 1 pq: 0 rg: 1 | total time: 0.69m | eta: 3.1m
step 00191/01000 (19.10%) | loss: 7.244004 | lrm: 1.00 | dt: 280.55ms | tok/sec: 3,650 | bf16_mfu: 0.00 | epoch: 1 pq: 0 rg: 1 | total time: 0.70m | eta: 3.1m
step 00192/01000 (19.20%) | loss: 7.284177 | lrm: 1.00 | dt: 225.97ms | tok/sec: 4,531 | bf16_mfu: 0.00 | epoch: 1 pq: 0 rg: 1 | total time: 0.70m | eta: 3.1m
step 00193/01000 (19.30%) | loss: 7.255444 | lrm: 1.00 | dt: 238.32ms | tok/sec: 4,296 | bf16_mfu: 0.00 | epoch: 1 pq: 0 rg: 1 | total time: 0.71m | eta: 3.1m
step 00194/01000 (19.40%) | loss: 7.222373 | lrm: 1.00 | dt: 187.09ms | tok/sec: 5,473 | bf16_mfu: 0.00 | epoch: 1 pq: 0 rg: 1 | total time: 0.71m | eta: 3.1m
step 00195/01000 (19.50%) | loss: 7.244501 | lrm: 1.00 | dt: 192.46ms | tok/sec: 5,320 | bf16_mfu: 0.00 | epoch: 1 pq: 0 rg: 1 | total time: 0.71m | eta: 3.1m
step 00196/01000 (19.60%) | loss: 7.243323 | lrm: 1.00 | dt: 185.05ms | tok/sec: 5,533 | bf16_mfu: 0.00 | epoch: 1 pq: 0 rg: 1 | total time: 0.72m | eta: 3.1m
step 00197/01000 (19.70%) | loss: 7.243177 | lrm: 1.00 | dt: 204.39ms | tok/sec: 5,009 | bf16_mfu: 0.00 | epoch: 1 pq: 0 rg: 1 | total time: 0.72m | eta: 3.1m
step 00198/01000 (19.80%) | loss: 7.214625 | lrm: 1.00 | dt: 204.11ms | tok/sec: 5,017 | bf16_mfu: 0.00 | epoch: 1 pq: 0 rg: 1 | total time: 0.72m | eta: 3.1m
step 00199/01000 (19.90%) | loss: 7.223875 | lrm: 1.00 | dt: 211.63ms | tok/sec: 4,838 | bf16_mfu: 0.00 | epoch: 1 pq: 0 rg: 1 | total time: 0.73m | eta: 3.1m
step 00200/01000 (20.00%) | loss: 7.211361 | lrm: 1.00 | dt: 234.70ms | tok/sec: 4,362 | bf16_mfu: 0.00 | epoch: 1 pq: 0 rg: 1 | total time: 0.73m | eta: 3.1m
step 00201/01000 (20.10%) | loss: 7.223626 | lrm: 1.00 | dt: 199.67ms | tok/sec: 5,128 | bf16_mfu: 0.00 | epoch: 1 pq: 0 rg: 1 | total time: 0.73m | eta: 3.1m
step 00202/01000 (20.20%) | loss: 7.176359 | lrm: 1.00 | dt: 225.43ms | tok/sec: 4,542 | bf16_mfu: 0.00 | epoch: 1 pq: 0 rg: 1 | total time: 0.74m | eta: 3.1m
step 00203/01000 (20.30%) | loss: 7.204225 | lrm: 1.00 | dt: 210.44ms | tok/sec: 4,865 | bf16_mfu: 0.00 | epoch: 1 pq: 0 rg: 1 | total time: 0.74m | eta: 3.1m
step 00204/01000 (20.40%) | loss: 7.201341 | lrm: 1.00 | dt: 387.57ms | tok/sec: 2,642 | bf16_mfu: 0.00 | epoch: 1 pq: 0 rg: 1 | total time: 0.75m | eta: 3.1m
step 00205/01000 (20.50%) | loss: 7.199752 | lrm: 1.00 | dt: 239.77ms | tok/sec: 4,270 | bf16_mfu: 0.00 | epoch: 1 pq: 0 rg: 1 | total time: 0.75m | eta: 3.1m
step 00206/01000 (20.60%) | loss: 7.186416 | lrm: 1.00 | dt: 216.66ms | tok/sec: 4,726 | bf16_mfu: 0.00 | epoch: 1 pq: 0 rg: 1 | total time: 0.75m | eta: 3.1m
step 00207/01000 (20.70%) | loss: 7.198760 | lrm: 1.00 | dt: 202.68ms | tok/sec: 5,052 | bf16_mfu: 0.00 | epoch: 1 pq: 0 rg: 1 | total time: 0.76m | eta: 3.0m
step 00208/01000 (20.80%) | loss: 7.187279 | lrm: 1.00 | dt: 248.67ms | tok/sec: 4,117 | bf16_mfu: 0.00 | epoch: 1 pq: 0 rg: 1 | total time: 0.76m | eta: 3.0m
step 00209/01000 (20.90%) | loss: 7.158176 | lrm: 1.00 | dt: 241.36ms | tok/sec: 4,242 | bf16_mfu: 0.00 | epoch: 1 pq: 0 rg: 1 | total time: 0.77m | eta: 3.0m
step 00210/01000 (21.00%) | loss: 7.151765 | lrm: 1.00 | dt: 184.45ms | tok/sec: 5,551 | bf16_mfu: 0.00 | epoch: 1 pq: 0 rg: 1 | total time: 0.77m | eta: 3.0m
step 00211/01000 (21.10%) | loss: 7.189445 | lrm: 1.00 | dt: 196.05ms | tok/sec: 5,223 | bf16_mfu: 0.00 | epoch: 1 pq: 0 rg: 1 | total time: 0.77m | eta: 3.0m
step 00212/01000 (21.20%) | loss: 7.193286 | lrm: 1.00 | dt: 173.40ms | tok/sec: 5,905 | bf16_mfu: 0.00 | epoch: 1 pq: 0 rg: 1 | total time: 0.77m | eta: 3.0m
step 00213/01000 (21.30%) | loss: 7.204091 | lrm: 1.00 | dt: 187.78ms | tok/sec: 5,453 | bf16_mfu: 0.00 | epoch: 1 pq: 0 rg: 1 | total time: 0.78m | eta: 3.0m
step 00214/01000 (21.40%) | loss: 7.236959 | lrm: 1.00 | dt: 167.19ms | tok/sec: 6,124 | bf16_mfu: 0.00 | epoch: 1 pq: 0 rg: 1 | total time: 0.78m | eta: 3.0m
step 00215/01000 (21.50%) | loss: 7.166022 | lrm: 1.00 | dt: 176.84ms | tok/sec: 5,790 | bf16_mfu: 0.00 | epoch: 1 pq: 0 rg: 1 | total time: 0.78m | eta: 3.0m
step 00216/01000 (21.60%) | loss: 7.129672 | lrm: 1.00 | dt: 318.68ms | tok/sec: 3,213 | bf16_mfu: 0.00 | epoch: 1 pq: 0 rg: 1 | total time: 0.79m | eta: 3.0m
step 00217/01000 (21.70%) | loss: 7.173604 | lrm: 1.00 | dt: 175.49ms | tok/sec: 5,834 | bf16_mfu: 0.00 | epoch: 1 pq: 0 rg: 1 | total time: 0.79m | eta: 3.0m
step 00218/01000 (21.80%) | loss: 7.196280 | lrm: 1.00 | dt: 204.11ms | tok/sec: 5,016 | bf16_mfu: 0.00 | epoch: 1 pq: 0 rg: 1 | total time: 0.80m | eta: 3.0m
step 00219/01000 (21.90%) | loss: 7.254311 | lrm: 1.00 | dt: 192.08ms | tok/sec: 5,331 | bf16_mfu: 0.00 | epoch: 1 pq: 0 rg: 1 | total time: 0.80m | eta: 3.0m
step 00220/01000 (22.00%) | loss: 7.280736 | lrm: 1.00 | dt: 216.83ms | tok/sec: 4,722 | bf16_mfu: 0.00 | epoch: 1 pq: 0 rg: 1 | total time: 0.80m | eta: 3.0m
step 00221/01000 (22.10%) | loss: 7.264414 | lrm: 1.00 | dt: 258.98ms | tok/sec: 3,954 | bf16_mfu: 0.00 | epoch: 1 pq: 0 rg: 1 | total time: 0.81m | eta: 3.0m
step 00222/01000 (22.20%) | loss: 7.277397 | lrm: 1.00 | dt: 222.70ms | tok/sec: 4,598 | bf16_mfu: 0.00 | epoch: 1 pq: 0 rg: 1 | total time: 0.81m | eta: 3.0m
step 00223/01000 (22.30%) | loss: 7.262215 | lrm: 1.00 | dt: 252.36ms | tok/sec: 4,057 | bf16_mfu: 0.00 | epoch: 1 pq: 0 rg: 1 | total time: 0.81m | eta: 3.0m
step 00224/01000 (22.40%) | loss: 7.284479 | lrm: 1.00 | dt: 211.84ms | tok/sec: 4,833 | bf16_mfu: 0.00 | epoch: 1 pq: 0 rg: 1 | total time: 0.82m | eta: 3.0m
step 00225/01000 (22.50%) | loss: 7.306799 | lrm: 1.00 | dt: 276.45ms | tok/sec: 3,704 | bf16_mfu: 0.00 | epoch: 1 pq: 0 rg: 1 | total time: 0.82m | eta: 3.0m
step 00226/01000 (22.60%) | loss: 7.316247 | lrm: 1.00 | dt: 250.94ms | tok/sec: 4,080 | bf16_mfu: 0.00 | epoch: 1 pq: 0 rg: 1 | total time: 0.83m | eta: 3.0m
step 00227/01000 (22.70%) | loss: 7.282552 | lrm: 1.00 | dt: 454.61ms | tok/sec: 2,252 | bf16_mfu: 0.00 | epoch: 1 pq: 0 rg: 1 | total time: 0.83m | eta: 3.0m
step 00228/01000 (22.80%) | loss: 7.361467 | lrm: 1.00 | dt: 200.75ms | tok/sec: 5,100 | bf16_mfu: 0.00 | epoch: 1 pq: 0 rg: 1 | total time: 0.84m | eta: 3.0m
step 00229/01000 (22.90%) | loss: 7.345258 | lrm: 1.00 | dt: 276.67ms | tok/sec: 3,701 | bf16_mfu: 0.00 | epoch: 1 pq: 0 rg: 1 | total time: 0.84m | eta: 3.0m
step 00230/01000 (23.00%) | loss: 7.388101 | lrm: 1.00 | dt: 202.04ms | tok/sec: 5,068 | bf16_mfu: 0.00 | epoch: 1 pq: 0 rg: 1 | total time: 0.85m | eta: 3.0m
step 00231/01000 (23.10%) | loss: 7.329744 | lrm: 1.00 | dt: 231.64ms | tok/sec: 4,420 | bf16_mfu: 0.00 | epoch: 1 pq: 0 rg: 1 | total time: 0.85m | eta: 3.0m
step 00232/01000 (23.20%) | loss: 7.299352 | lrm: 1.00 | dt: 213.35ms | tok/sec: 4,799 | bf16_mfu: 0.00 | epoch: 1 pq: 0 rg: 1 | total time: 0.85m | eta: 3.0m
step 00233/01000 (23.30%) | loss: 7.305600 | lrm: 1.00 | dt: 199.98ms | tok/sec: 5,120 | bf16_mfu: 0.00 | epoch: 1 pq: 0 rg: 1 | total time: 0.86m | eta: 2.9m
step 00234/01000 (23.40%) | loss: 7.328252 | lrm: 1.00 | dt: 220.48ms | tok/sec: 4,644 | bf16_mfu: 0.00 | epoch: 1 pq: 0 rg: 1 | total time: 0.86m | eta: 2.9m
step 00235/01000 (23.50%) | loss: 7.313221 | lrm: 1.00 | dt: 228.98ms | tok/sec: 4,471 | bf16_mfu: 0.00 | epoch: 1 pq: 0 rg: 1 | total time: 0.86m | eta: 2.9m
step 00236/01000 (23.60%) | loss: 7.293912 | lrm: 1.00 | dt: 212.51ms | tok/sec: 4,818 | bf16_mfu: 0.00 | epoch: 1 pq: 0 rg: 1 | total time: 0.87m | eta: 2.9m
step 00237/01000 (23.70%) | loss: 7.247892 | lrm: 1.00 | dt: 227.86ms | tok/sec: 4,494 | bf16_mfu: 0.00 | epoch: 1 pq: 0 rg: 1 | total time: 0.87m | eta: 2.9m
step 00238/01000 (23.80%) | loss: 7.261644 | lrm: 1.00 | dt: 206.52ms | tok/sec: 4,958 | bf16_mfu: 0.00 | epoch: 1 pq: 0 rg: 1 | total time: 0.87m | eta: 2.9m
step 00239/01000 (23.90%) | loss: 7.245209 | lrm: 1.00 | dt: 247.03ms | tok/sec: 4,145 | bf16_mfu: 0.00 | epoch: 1 pq: 0 rg: 1 | total time: 0.88m | eta: 2.9m
step 00240/01000 (24.00%) | loss: 7.269442 | lrm: 1.00 | dt: 492.39ms | tok/sec: 2,079 | bf16_mfu: 0.00 | epoch: 1 pq: 0 rg: 1 | total time: 0.89m | eta: 2.9m
step 00241/01000 (24.10%) | loss: 7.308371 | lrm: 1.00 | dt: 240.13ms | tok/sec: 4,264 | bf16_mfu: 0.00 | epoch: 1 pq: 0 rg: 1 | total time: 0.89m | eta: 2.9m
step 00242/01000 (24.20%) | loss: 7.246583 | lrm: 1.00 | dt: 288.57ms | tok/sec: 3,548 | bf16_mfu: 0.00 | epoch: 1 pq: 0 rg: 1 | total time: 0.90m | eta: 2.9m
step 00243/01000 (24.30%) | loss: 7.279572 | lrm: 1.00 | dt: 246.42ms | tok/sec: 4,155 | bf16_mfu: 0.00 | epoch: 1 pq: 0 rg: 1 | total time: 0.90m | eta: 2.9m
step 00244/01000 (24.40%) | loss: 7.300500 | lrm: 1.00 | dt: 191.38ms | tok/sec: 5,350 | bf16_mfu: 0.00 | epoch: 1 pq: 0 rg: 1 | total time: 0.90m | eta: 2.9m
step 00245/01000 (24.50%) | loss: 7.257474 | lrm: 1.00 | dt: 175.60ms | tok/sec: 5,831 | bf16_mfu: 0.00 | epoch: 1 pq: 0 rg: 1 | total time: 0.91m | eta: 2.9m
step 00246/01000 (24.60%) | loss: 7.246487 | lrm: 1.00 | dt: 171.29ms | tok/sec: 5,978 | bf16_mfu: 0.00 | epoch: 1 pq: 0 rg: 1 | total time: 0.91m | eta: 2.9m
step 00247/01000 (24.70%) | loss: 7.220040 | lrm: 1.00 | dt: 183.10ms | tok/sec: 5,592 | bf16_mfu: 0.00 | epoch: 1 pq: 0 rg: 1 | total time: 0.91m | eta: 2.9m
step 00248/01000 (24.80%) | loss: 7.214391 | lrm: 1.00 | dt: 167.03ms | tok/sec: 6,130 | bf16_mfu: 0.00 | epoch: 1 pq: 0 rg: 1 | total time: 0.91m | eta: 2.9m
step 00249/01000 (24.90%) | loss: 7.234246 | lrm: 1.00 | dt: 214.70ms | tok/sec: 4,769 | bf16_mfu: 0.00 | epoch: 1 pq: 0 rg: 2 | total time: 0.92m | eta: 2.9m
step 00250/01000 (25.00%) | loss: 7.265151 | lrm: 1.00 | dt: 174.64ms | tok/sec: 5,863 | bf16_mfu: 0.00 | epoch: 1 pq: 0 rg: 2 | total time: 0.92m | eta: 2.9m
step 00251/01000 (25.10%) | loss: 7.217514 | lrm: 1.00 | dt: 176.78ms | tok/sec: 5,792 | bf16_mfu: 0.00 | epoch: 1 pq: 0 rg: 2 | total time: 0.92m | eta: 2.9m
step 00252/01000 (25.20%) | loss: 7.218972 | lrm: 1.00 | dt: 206.91ms | tok/sec: 4,949 | bf16_mfu: 0.00 | epoch: 1 pq: 0 rg: 2 | total time: 0.93m | eta: 2.9m
step 00253/01000 (25.30%) | loss: 7.242563 | lrm: 1.00 | dt: 197.28ms | tok/sec: 5,190 | bf16_mfu: 0.00 | epoch: 1 pq: 0 rg: 2 | total time: 0.93m | eta: 2.9m
step 00254/01000 (25.40%) | loss: 7.163995 | lrm: 1.00 | dt: 215.30ms | tok/sec: 4,756 | bf16_mfu: 0.00 | epoch: 1 pq: 0 rg: 2 | total time: 0.93m | eta: 2.9m
step 00255/01000 (25.50%) | loss: 7.131791 | lrm: 1.00 | dt: 229.39ms | tok/sec: 4,463 | bf16_mfu: 0.00 | epoch: 1 pq: 0 rg: 2 | total time: 0.94m | eta: 2.9m
step 00256/01000 (25.60%) | loss: 7.119040 | lrm: 1.00 | dt: 234.28ms | tok/sec: 4,370 | bf16_mfu: 0.00 | epoch: 1 pq: 0 rg: 2 | total time: 0.94m | eta: 2.8m
step 00257/01000 (25.70%) | loss: 7.099530 | lrm: 1.00 | dt: 401.66ms | tok/sec: 2,549 | bf16_mfu: 0.00 | epoch: 1 pq: 0 rg: 2 | total time: 0.95m | eta: 2.9m
step 00258/01000 (25.80%) | loss: 7.084858 | lrm: 1.00 | dt: 192.97ms | tok/sec: 5,306 | bf16_mfu: 0.00 | epoch: 1 pq: 0 rg: 2 | total time: 0.95m | eta: 2.8m
step 00259/01000 (25.90%) | loss: 7.083274 | lrm: 1.00 | dt: 229.27ms | tok/sec: 4,466 | bf16_mfu: 0.00 | epoch: 1 pq: 0 rg: 2 | total time: 0.96m | eta: 2.8m
step 00260/01000 (26.00%) | loss: 7.109064 | lrm: 1.00 | dt: 194.80ms | tok/sec: 5,256 | bf16_mfu: 0.00 | epoch: 1 pq: 0 rg: 2 | total time: 0.96m | eta: 2.8m
step 00261/01000 (26.10%) | loss: 7.109255 | lrm: 1.00 | dt: 237.71ms | tok/sec: 4,307 | bf16_mfu: 0.00 | epoch: 1 pq: 0 rg: 2 | total time: 0.96m | eta: 2.8m
step 00262/01000 (26.20%) | loss: 7.067444 | lrm: 1.00 | dt: 248.96ms | tok/sec: 4,113 | bf16_mfu: 0.00 | epoch: 1 pq: 0 rg: 2 | total time: 0.97m | eta: 2.8m
step 00263/01000 (26.30%) | loss: 7.044340 | lrm: 1.00 | dt: 204.23ms | tok/sec: 5,014 | bf16_mfu: 0.00 | epoch: 1 pq: 0 rg: 2 | total time: 0.97m | eta: 2.8m
step 00264/01000 (26.40%) | loss: 7.050492 | lrm: 1.00 | dt: 189.67ms | tok/sec: 5,398 | bf16_mfu: 0.00 | epoch: 1 pq: 0 rg: 2 | total time: 0.97m | eta: 2.8m
step 00265/01000 (26.50%) | loss: 7.021467 | lrm: 1.00 | dt: 199.66ms | tok/sec: 5,128 | bf16_mfu: 0.00 | epoch: 1 pq: 0 rg: 2 | total time: 0.98m | eta: 2.8m
step 00266/01000 (26.60%) | loss: 6.973708 | lrm: 1.00 | dt: 245.86ms | tok/sec: 4,164 | bf16_mfu: 0.00 | epoch: 1 pq: 0 rg: 2 | total time: 0.98m | eta: 2.8m
step 00267/01000 (26.70%) | loss: 7.045449 | lrm: 1.00 | dt: 197.03ms | tok/sec: 5,197 | bf16_mfu: 0.00 | epoch: 1 pq: 0 rg: 2 | total time: 0.98m | eta: 2.8m
step 00268/01000 (26.80%) | loss: 7.098621 | lrm: 1.00 | dt: 332.72ms | tok/sec: 3,077 | bf16_mfu: 0.00 | epoch: 1 pq: 0 rg: 2 | total time: 0.99m | eta: 2.8m
step 00269/01000 (26.90%) | loss: 7.122876 | lrm: 1.00 | dt: 222.39ms | tok/sec: 4,604 | bf16_mfu: 0.00 | epoch: 1 pq: 0 rg: 2 | total time: 0.99m | eta: 2.8m
step 00270/01000 (27.00%) | loss: 7.098509 | lrm: 1.00 | dt: 228.83ms | tok/sec: 4,474 | bf16_mfu: 0.00 | epoch: 1 pq: 0 rg: 2 | total time: 1.00m | eta: 2.8m
step 00271/01000 (27.10%) | loss: 7.101060 | lrm: 1.00 | dt: 203.21ms | tok/sec: 5,039 | bf16_mfu: 0.00 | epoch: 1 pq: 0 rg: 2 | total time: 1.00m | eta: 2.8m
step 00272/01000 (27.20%) | loss: 7.117697 | lrm: 1.00 | dt: 227.12ms | tok/sec: 4,508 | bf16_mfu: 0.00 | epoch: 1 pq: 0 rg: 2 | total time: 1.00m | eta: 2.8m
step 00273/01000 (27.30%) | loss: 7.142732 | lrm: 1.00 | dt: 203.75ms | tok/sec: 5,025 | bf16_mfu: 0.00 | epoch: 1 pq: 0 rg: 2 | total time: 1.01m | eta: 2.8m
step 00274/01000 (27.40%) | loss: 7.163922 | lrm: 1.00 | dt: 240.90ms | tok/sec: 4,250 | bf16_mfu: 0.00 | epoch: 1 pq: 0 rg: 2 | total time: 1.01m | eta: 2.8m
step 00275/01000 (27.50%) | loss: 7.146490 | lrm: 1.00 | dt: 250.85ms | tok/sec: 4,082 | bf16_mfu: 0.00 | epoch: 1 pq: 0 rg: 2 | total time: 1.02m | eta: 2.8m
step 00276/01000 (27.60%) | loss: 7.183628 | lrm: 1.00 | dt: 249.09ms | tok/sec: 4,110 | bf16_mfu: 0.00 | epoch: 1 pq: 0 rg: 2 | total time: 1.02m | eta: 2.8m
step 00277/01000 (27.70%) | loss: 7.192992 | lrm: 1.00 | dt: 234.64ms | tok/sec: 4,364 | bf16_mfu: 0.00 | epoch: 1 pq: 0 rg: 2 | total time: 1.02m | eta: 2.8m
step 00278/01000 (27.80%) | loss: 7.197408 | lrm: 1.00 | dt: 381.72ms | tok/sec: 2,682 | bf16_mfu: 0.00 | epoch: 1 pq: 0 rg: 2 | total time: 1.03m | eta: 2.8m
step 00279/01000 (27.90%) | loss: 7.153239 | lrm: 1.00 | dt: 234.12ms | tok/sec: 4,373 | bf16_mfu: 0.00 | epoch: 1 pq: 0 rg: 2 | total time: 1.03m | eta: 2.8m
step 00280/01000 (28.00%) | loss: 7.135767 | lrm: 1.00 | dt: 266.24ms | tok/sec: 3,846 | bf16_mfu: 0.00 | epoch: 1 pq: 0 rg: 2 | total time: 1.04m | eta: 2.8m
step 00281/01000 (28.10%) | loss: 7.183311 | lrm: 1.00 | dt: 244.57ms | tok/sec: 4,187 | bf16_mfu: 0.00 | epoch: 1 pq: 0 rg: 2 | total time: 1.04m | eta: 2.8m
step 00282/01000 (28.20%) | loss: 7.114790 | lrm: 1.00 | dt: 245.48ms | tok/sec: 4,171 | bf16_mfu: 0.00 | epoch: 1 pq: 0 rg: 2 | total time: 1.05m | eta: 2.8m
step 00283/01000 (28.30%) | loss: 7.132745 | lrm: 1.00 | dt: 218.69ms | tok/sec: 4,682 | bf16_mfu: 0.00 | epoch: 1 pq: 0 rg: 2 | total time: 1.05m | eta: 2.8m
step 00284/01000 (28.40%) | loss: 7.081166 | lrm: 1.00 | dt: 251.08ms | tok/sec: 4,078 | bf16_mfu: 0.00 | epoch: 1 pq: 0 rg: 2 | total time: 1.06m | eta: 2.8m
step 00285/01000 (28.50%) | loss: 7.088114 | lrm: 1.00 | dt: 228.21ms | tok/sec: 4,487 | bf16_mfu: 0.00 | epoch: 1 pq: 0 rg: 2 | total time: 1.06m | eta: 2.8m
step 00286/01000 (28.60%) | loss: 7.045751 | lrm: 1.00 | dt: 245.65ms | tok/sec: 4,168 | bf16_mfu: 0.00 | epoch: 1 pq: 0 rg: 2 | total time: 1.06m | eta: 2.8m
step 00287/01000 (28.70%) | loss: 7.072371 | lrm: 1.00 | dt: 245.22ms | tok/sec: 4,175 | bf16_mfu: 0.00 | epoch: 1 pq: 0 rg: 2 | total time: 1.07m | eta: 2.7m
step 00288/01000 (28.80%) | loss: 6.993140 | lrm: 1.00 | dt: 275.36ms | tok/sec: 3,718 | bf16_mfu: 0.00 | epoch: 1 pq: 0 rg: 2 | total time: 1.07m | eta: 2.7m
step 00289/01000 (28.90%) | loss: 6.989826 | lrm: 1.00 | dt: 181.59ms | tok/sec: 5,639 | bf16_mfu: 0.00 | epoch: 1 pq: 0 rg: 2 | total time: 1.07m | eta: 2.7m
step 00290/01000 (29.00%) | loss: 7.038071 | lrm: 1.00 | dt: 224.99ms | tok/sec: 4,551 | bf16_mfu: 0.00 | epoch: 1 pq: 0 rg: 2 | total time: 1.08m | eta: 2.7m
step 00291/01000 (29.10%) | loss: 6.940775 | lrm: 1.00 | dt: 203.60ms | tok/sec: 5,029 | bf16_mfu: 0.00 | epoch: 1 pq: 0 rg: 2 | total time: 1.08m | eta: 2.7m
step 00292/01000 (29.20%) | loss: 6.916941 | lrm: 1.00 | dt: 405.06ms | tok/sec: 2,528 | bf16_mfu: 0.00 | epoch: 1 pq: 0 rg: 2 | total time: 1.09m | eta: 2.7m
step 00293/01000 (29.30%) | loss: 6.900777 | lrm: 1.00 | dt: 239.48ms | tok/sec: 4,275 | bf16_mfu: 0.00 | epoch: 1 pq: 0 rg: 2 | total time: 1.09m | eta: 2.7m
step 00294/01000 (29.40%) | loss: 6.829671 | lrm: 1.00 | dt: 215.94ms | tok/sec: 4,742 | bf16_mfu: 0.00 | epoch: 1 pq: 0 rg: 2 | total time: 1.10m | eta: 2.7m
step 00295/01000 (29.50%) | loss: 6.816864 | lrm: 1.00 | dt: 212.08ms | tok/sec: 4,828 | bf16_mfu: 0.00 | epoch: 1 pq: 0 rg: 2 | total time: 1.10m | eta: 2.7m
step 00296/01000 (29.60%) | loss: 6.913635 | lrm: 1.00 | dt: 190.00ms | tok/sec: 5,389 | bf16_mfu: 0.00 | epoch: 1 pq: 0 rg: 2 | total time: 1.10m | eta: 2.7m
step 00297/01000 (29.70%) | loss: 6.929087 | lrm: 1.00 | dt: 182.08ms | tok/sec: 5,623 | bf16_mfu: 0.00 | epoch: 1 pq: 0 rg: 2 | total time: 1.11m | eta: 2.7m
step 00298/01000 (29.80%) | loss: 6.892750 | lrm: 1.00 | dt: 217.21ms | tok/sec: 4,714 | bf16_mfu: 0.00 | epoch: 1 pq: 0 rg: 2 | total time: 1.11m | eta: 2.7m
step 00299/01000 (29.90%) | loss: 6.948229 | lrm: 1.00 | dt: 196.86ms | tok/sec: 5,201 | bf16_mfu: 0.00 | epoch: 1 pq: 0 rg: 2 | total time: 1.11m | eta: 2.7m
step 00300/01000 (30.00%) | loss: 6.937708 | lrm: 1.00 | dt: 216.60ms | tok/sec: 4,727 | bf16_mfu: 0.00 | epoch: 1 pq: 0 rg: 2 | total time: 1.12m | eta: 2.7m
step 00301/01000 (30.10%) | loss: 7.044367 | lrm: 1.00 | dt: 210.74ms | tok/sec: 4,859 | bf16_mfu: 0.00 | epoch: 1 pq: 0 rg: 2 | total time: 1.12m | eta: 2.7m
step 00302/01000 (30.20%) | loss: 6.981559 | lrm: 1.00 | dt: 193.84ms | tok/sec: 5,282 | bf16_mfu: 0.00 | epoch: 1 pq: 0 rg: 2 | total time: 1.12m | eta: 2.7m
step 00303/01000 (30.30%) | loss: 6.988543 | lrm: 1.00 | dt: 197.31ms | tok/sec: 5,189 | bf16_mfu: 0.00 | epoch: 1 pq: 0 rg: 2 | total time: 1.13m | eta: 2.7m
step 00304/01000 (30.40%) | loss: 7.089427 | lrm: 1.00 | dt: 234.87ms | tok/sec: 4,359 | bf16_mfu: 0.00 | epoch: 1 pq: 0 rg: 2 | total time: 1.13m | eta: 2.7m
step 00305/01000 (30.50%) | loss: 7.023965 | lrm: 1.00 | dt: 209.32ms | tok/sec: 4,892 | bf16_mfu: 0.00 | epoch: 1 pq: 0 rg: 2 | total time: 1.13m | eta: 2.7m
step 00306/01000 (30.60%) | loss: 7.020202 | lrm: 1.00 | dt: 254.26ms | tok/sec: 4,027 | bf16_mfu: 0.00 | epoch: 1 pq: 0 rg: 2 | total time: 1.14m | eta: 2.7m
step 00307/01000 (30.70%) | loss: 6.981594 | lrm: 1.00 | dt: 219.08ms | tok/sec: 4,674 | bf16_mfu: 0.00 | epoch: 1 pq: 0 rg: 2 | total time: 1.14m | eta: 2.7m
step 00308/01000 (30.80%) | loss: 6.960258 | lrm: 1.00 | dt: 394.72ms | tok/sec: 2,594 | bf16_mfu: 0.00 | epoch: 1 pq: 0 rg: 2 | total time: 1.15m | eta: 2.7m
step 00309/01000 (30.90%) | loss: 7.026423 | lrm: 1.00 | dt: 172.64ms | tok/sec: 5,931 | bf16_mfu: 0.00 | epoch: 1 pq: 0 rg: 2 | total time: 1.15m | eta: 2.7m
step 00310/01000 (31.00%) | loss: 7.053474 | lrm: 1.00 | dt: 248.35ms | tok/sec: 4,123 | bf16_mfu: 0.00 | epoch: 1 pq: 0 rg: 2 | total time: 1.16m | eta: 2.7m
step 00311/01000 (31.10%) | loss: 7.136447 | lrm: 1.00 | dt: 196.44ms | tok/sec: 5,212 | bf16_mfu: 0.00 | epoch: 1 pq: 0 rg: 2 | total time: 1.16m | eta: 2.7m
step 00312/01000 (31.20%) | loss: 7.068168 | lrm: 1.00 | dt: 216.92ms | tok/sec: 4,720 | bf16_mfu: 0.00 | epoch: 1 pq: 0 rg: 2 | total time: 1.16m | eta: 2.6m
step 00313/01000 (31.30%) | loss: 7.138753 | lrm: 1.00 | dt: 193.65ms | tok/sec: 5,288 | bf16_mfu: 0.00 | epoch: 1 pq: 0 rg: 2 | total time: 1.17m | eta: 2.6m
step 00314/01000 (31.40%) | loss: 7.114865 | lrm: 1.00 | dt: 243.98ms | tok/sec: 4,197 | bf16_mfu: 0.00 | epoch: 1 pq: 0 rg: 2 | total time: 1.17m | eta: 2.6m
step 00315/01000 (31.50%) | loss: 7.076401 | lrm: 1.00 | dt: 212.98ms | tok/sec: 4,807 | bf16_mfu: 0.00 | epoch: 1 pq: 0 rg: 2 | total time: 1.17m | eta: 2.6m
step 00316/01000 (31.60%) | loss: 7.096151 | lrm: 1.00 | dt: 230.28ms | tok/sec: 4,446 | bf16_mfu: 0.00 | epoch: 1 pq: 0 rg: 2 | total time: 1.18m | eta: 2.6m
step 00317/01000 (31.70%) | loss: 7.118480 | lrm: 1.00 | dt: 242.23ms | tok/sec: 4,227 | bf16_mfu: 0.00 | epoch: 1 pq: 0 rg: 2 | total time: 1.18m | eta: 2.6m
step 00318/01000 (31.80%) | loss: 7.107711 | lrm: 1.00 | dt: 251.28ms | tok/sec: 4,075 | bf16_mfu: 0.00 | epoch: 1 pq: 0 rg: 2 | total time: 1.19m | eta: 2.6m
step 00319/01000 (31.90%) | loss: 7.127200 | lrm: 1.00 | dt: 367.41ms | tok/sec: 2,787 | bf16_mfu: 0.00 | epoch: 1 pq: 0 rg: 2 | total time: 1.19m | eta: 2.6m
step 00320/01000 (32.00%) | loss: 7.161573 | lrm: 1.00 | dt: 201.24ms | tok/sec: 5,088 | bf16_mfu: 0.00 | epoch: 1 pq: 0 rg: 2 | total time: 1.19m | eta: 2.6m
step 00321/01000 (32.10%) | loss: 7.103765 | lrm: 1.00 | dt: 194.71ms | tok/sec: 5,259 | bf16_mfu: 0.00 | epoch: 1 pq: 0 rg: 2 | total time: 1.20m | eta: 2.6m
step 00322/01000 (32.20%) | loss: 7.089271 | lrm: 1.00 | dt: 225.93ms | tok/sec: 4,532 | bf16_mfu: 0.00 | epoch: 1 pq: 0 rg: 2 | total time: 1.20m | eta: 2.6m
step 00323/01000 (32.30%) | loss: 7.053598 | lrm: 1.00 | dt: 251.80ms | tok/sec: 4,066 | bf16_mfu: 0.00 | epoch: 1 pq: 0 rg: 2 | total time: 1.21m | eta: 2.6m
step 00324/01000 (32.40%) | loss: 7.103373 | lrm: 1.00 | dt: 223.71ms | tok/sec: 4,577 | bf16_mfu: 0.00 | epoch: 1 pq: 0 rg: 2 | total time: 1.21m | eta: 2.6m
step 00325/01000 (32.50%) | loss: 7.082999 | lrm: 1.00 | dt: 231.99ms | tok/sec: 4,413 | bf16_mfu: 0.00 | epoch: 1 pq: 0 rg: 2 | total time: 1.21m | eta: 2.6m
step 00326/01000 (32.60%) | loss: 7.005096 | lrm: 1.00 | dt: 222.46ms | tok/sec: 4,603 | bf16_mfu: 0.00 | epoch: 1 pq: 0 rg: 2 | total time: 1.22m | eta: 2.6m
step 00327/01000 (32.70%) | loss: 7.061602 | lrm: 1.00 | dt: 239.03ms | tok/sec: 4,284 | bf16_mfu: 0.00 | epoch: 1 pq: 0 rg: 2 | total time: 1.22m | eta: 2.6m
step 00328/01000 (32.80%) | loss: 7.295109 | lrm: 1.00 | dt: 251.67ms | tok/sec: 4,068 | bf16_mfu: 0.00 | epoch: 1 pq: 0 rg: 2 | total time: 1.23m | eta: 2.6m
step 00329/01000 (32.90%) | loss: 7.262273 | lrm: 1.00 | dt: 415.19ms | tok/sec: 2,466 | bf16_mfu: 0.00 | epoch: 1 pq: 0 rg: 2 | total time: 1.23m | eta: 2.6m
step 00330/01000 (33.00%) | loss: 7.253051 | lrm: 1.00 | dt: 226.02ms | tok/sec: 4,530 | bf16_mfu: 0.00 | epoch: 1 pq: 0 rg: 2 | total time: 1.24m | eta: 2.6m
step 00331/01000 (33.10%) | loss: 7.269118 | lrm: 1.00 | dt: 251.48ms | tok/sec: 4,071 | bf16_mfu: 0.00 | epoch: 1 pq: 0 rg: 2 | total time: 1.24m | eta: 2.6m
step 00332/01000 (33.20%) | loss: 7.268580 | lrm: 1.00 | dt: 249.38ms | tok/sec: 4,106 | bf16_mfu: 0.00 | epoch: 1 pq: 0 rg: 2 | total time: 1.24m | eta: 2.6m
step 00333/01000 (33.30%) | loss: 7.272369 | lrm: 1.00 | dt: 183.66ms | tok/sec: 5,575 | bf16_mfu: 0.00 | epoch: 1 pq: 0 rg: 2 | total time: 1.25m | eta: 2.6m
step 00334/01000 (33.40%) | loss: 7.250096 | lrm: 1.00 | dt: 172.94ms | tok/sec: 5,921 | bf16_mfu: 0.00 | epoch: 1 pq: 0 rg: 2 | total time: 1.25m | eta: 2.6m
step 00335/01000 (33.50%) | loss: 7.281953 | lrm: 1.00 | dt: 183.64ms | tok/sec: 5,576 | bf16_mfu: 0.00 | epoch: 1 pq: 0 rg: 2 | total time: 1.25m | eta: 2.6m
step 00336/01000 (33.60%) | loss: 7.272579 | lrm: 1.00 | dt: 179.13ms | tok/sec: 5,716 | bf16_mfu: 0.00 | epoch: 1 pq: 0 rg: 2 | total time: 1.26m | eta: 2.6m
step 00337/01000 (33.70%) | loss: 7.249850 | lrm: 1.00 | dt: 171.00ms | tok/sec: 5,988 | bf16_mfu: 0.00 | epoch: 1 pq: 0 rg: 2 | total time: 1.26m | eta: 2.6m
step 00338/01000 (33.80%) | loss: 7.187168 | lrm: 1.00 | dt: 187.45ms | tok/sec: 5,462 | bf16_mfu: 0.00 | epoch: 1 pq: 0 rg: 2 | total time: 1.26m | eta: 2.5m
step 00339/01000 (33.90%) | loss: 7.136375 | lrm: 1.00 | dt: 174.04ms | tok/sec: 5,883 | bf16_mfu: 0.00 | epoch: 1 pq: 0 rg: 2 | total time: 1.27m | eta: 2.5m
step 00340/01000 (34.00%) | loss: 7.081358 | lrm: 1.00 | dt: 193.57ms | tok/sec: 5,290 | bf16_mfu: 0.00 | epoch: 1 pq: 0 rg: 2 | total time: 1.27m | eta: 2.5m
step 00341/01000 (34.10%) | loss: 7.043926 | lrm: 1.00 | dt: 206.92ms | tok/sec: 4,948 | bf16_mfu: 0.00 | epoch: 1 pq: 0 rg: 2 | total time: 1.27m | eta: 2.5m
step 00342/01000 (34.20%) | loss: 7.044206 | lrm: 1.00 | dt: 193.33ms | tok/sec: 5,296 | bf16_mfu: 0.00 | epoch: 1 pq: 0 rg: 2 | total time: 1.28m | eta: 2.5m
step 00343/01000 (34.30%) | loss: 6.967032 | lrm: 1.00 | dt: 225.61ms | tok/sec: 4,538 | bf16_mfu: 0.00 | epoch: 1 pq: 0 rg: 2 | total time: 1.28m | eta: 2.5m
step 00344/01000 (34.40%) | loss: 6.987605 | lrm: 1.00 | dt: 427.66ms | tok/sec: 2,394 | bf16_mfu: 0.00 | epoch: 1 pq: 0 rg: 2 | total time: 1.29m | eta: 2.5m
step 00345/01000 (34.50%) | loss: 6.942487 | lrm: 1.00 | dt: 279.50ms | tok/sec: 3,663 | bf16_mfu: 0.00 | epoch: 1 pq: 0 rg: 2 | total time: 1.29m | eta: 2.5m
step 00346/01000 (34.60%) | loss: 7.004706 | lrm: 1.00 | dt: 256.24ms | tok/sec: 3,996 | bf16_mfu: 0.00 | epoch: 1 pq: 0 rg: 2 | total time: 1.30m | eta: 2.5m
step 00347/01000 (34.70%) | loss: 7.030908 | lrm: 1.00 | dt: 205.73ms | tok/sec: 4,977 | bf16_mfu: 0.00 | epoch: 1 pq: 0 rg: 2 | total time: 1.30m | eta: 2.5m
step 00348/01000 (34.80%) | loss: 7.106342 | lrm: 1.00 | dt: 198.18ms | tok/sec: 5,166 | bf16_mfu: 0.00 | epoch: 1 pq: 0 rg: 2 | total time: 1.30m | eta: 2.5m
step 00349/01000 (34.90%) | loss: 7.069607 | lrm: 1.00 | dt: 195.08ms | tok/sec: 5,249 | bf16_mfu: 0.00 | epoch: 1 pq: 0 rg: 2 | total time: 1.31m | eta: 2.5m
step 00350/01000 (35.00%) | loss: 7.030709 | lrm: 1.00 | dt: 184.85ms | tok/sec: 5,539 | bf16_mfu: 0.00 | epoch: 1 pq: 0 rg: 2 | total time: 1.31m | eta: 2.5m
step 00351/01000 (35.10%) | loss: 7.017009 | lrm: 1.00 | dt: 196.00ms | tok/sec: 5,224 | bf16_mfu: 0.00 | epoch: 1 pq: 0 rg: 2 | total time: 1.31m | eta: 2.5m
step 00352/01000 (35.20%) | loss: 7.170902 | lrm: 1.00 | dt: 184.75ms | tok/sec: 5,542 | bf16_mfu: 0.00 | epoch: 1 pq: 0 rg: 2 | total time: 1.31m | eta: 2.5m
step 00353/01000 (35.30%) | loss: 7.184980 | lrm: 1.00 | dt: 196.71ms | tok/sec: 5,205 | bf16_mfu: 0.00 | epoch: 1 pq: 0 rg: 2 | total time: 1.32m | eta: 2.5m
step 00354/01000 (35.40%) | loss: 7.188760 | lrm: 1.00 | dt: 207.59ms | tok/sec: 4,932 | bf16_mfu: 0.00 | epoch: 1 pq: 0 rg: 2 | total time: 1.32m | eta: 2.5m
step 00355/01000 (35.50%) | loss: 7.059109 | lrm: 1.00 | dt: 220.18ms | tok/sec: 4,650 | bf16_mfu: 0.00 | epoch: 1 pq: 0 rg: 2 | total time: 1.32m | eta: 2.5m
step 00356/01000 (35.60%) | loss: 7.084984 | lrm: 1.00 | dt: 225.97ms | tok/sec: 4,531 | bf16_mfu: 0.00 | epoch: 1 pq: 0 rg: 2 | total time: 1.33m | eta: 2.5m
step 00357/01000 (35.70%) | loss: 7.051582 | lrm: 1.00 | dt: 230.57ms | tok/sec: 4,441 | bf16_mfu: 0.00 | epoch: 1 pq: 0 rg: 2 | total time: 1.33m | eta: 2.5m
step 00358/01000 (35.80%) | loss: 7.022597 | lrm: 1.00 | dt: 210.24ms | tok/sec: 4,870 | bf16_mfu: 0.00 | epoch: 1 pq: 0 rg: 2 | total time: 1.34m | eta: 2.5m
step 00359/01000 (35.90%) | loss: 7.028447 | lrm: 1.00 | dt: 222.53ms | tok/sec: 4,601 | bf16_mfu: 0.00 | epoch: 1 pq: 0 rg: 2 | total time: 1.34m | eta: 2.5m
step 00360/01000 (36.00%) | loss: 7.049954 | lrm: 1.00 | dt: 238.49ms | tok/sec: 4,293 | bf16_mfu: 0.00 | epoch: 1 pq: 0 rg: 2 | total time: 1.34m | eta: 2.5m
step 00361/01000 (36.10%) | loss: 7.037447 | lrm: 1.00 | dt: 409.37ms | tok/sec: 2,501 | bf16_mfu: 0.00 | epoch: 1 pq: 0 rg: 2 | total time: 1.35m | eta: 2.5m
step 00362/01000 (36.20%) | loss: 7.072604 | lrm: 1.00 | dt: 247.21ms | tok/sec: 4,142 | bf16_mfu: 0.00 | epoch: 1 pq: 0 rg: 2 | total time: 1.35m | eta: 2.5m
step 00363/01000 (36.30%) | loss: 7.036438 | lrm: 1.00 | dt: 227.01ms | tok/sec: 4,510 | bf16_mfu: 0.00 | epoch: 1 pq: 0 rg: 2 | total time: 1.36m | eta: 2.5m
step 00364/01000 (36.40%) | loss: 7.026436 | lrm: 1.00 | dt: 261.51ms | tok/sec: 3,915 | bf16_mfu: 0.00 | epoch: 1 pq: 0 rg: 2 | total time: 1.36m | eta: 2.4m
step 00365/01000 (36.50%) | loss: 7.053090 | lrm: 1.00 | dt: 225.32ms | tok/sec: 4,544 | bf16_mfu: 0.00 | epoch: 1 pq: 0 rg: 2 | total time: 1.37m | eta: 2.4m
step 00366/01000 (36.60%) | loss: 7.084407 | lrm: 1.00 | dt: 220.96ms | tok/sec: 4,634 | bf16_mfu: 0.00 | epoch: 1 pq: 0 rg: 2 | total time: 1.37m | eta: 2.4m
step 00367/01000 (36.70%) | loss: 7.069141 | lrm: 1.00 | dt: 203.86ms | tok/sec: 5,022 | bf16_mfu: 0.00 | epoch: 1 pq: 0 rg: 2 | total time: 1.37m | eta: 2.4m
step 00368/01000 (36.80%) | loss: 7.105148 | lrm: 1.00 | dt: 219.29ms | tok/sec: 4,669 | bf16_mfu: 0.00 | epoch: 1 pq: 0 rg: 2 | total time: 1.38m | eta: 2.4m
step 00369/01000 (36.90%) | loss: 7.065002 | lrm: 1.00 | dt: 231.95ms | tok/sec: 4,414 | bf16_mfu: 0.00 | epoch: 1 pq: 0 rg: 2 | total time: 1.38m | eta: 2.4m
step 00370/01000 (37.00%) | loss: 6.950142 | lrm: 1.00 | dt: 209.51ms | tok/sec: 4,887 | bf16_mfu: 0.00 | epoch: 1 pq: 0 rg: 2 | total time: 1.38m | eta: 2.4m
step 00371/01000 (37.10%) | loss: 6.985004 | lrm: 1.00 | dt: 360.92ms | tok/sec: 2,837 | bf16_mfu: 0.00 | epoch: 1 pq: 0 rg: 2 | total time: 1.39m | eta: 2.4m
step 00372/01000 (37.20%) | loss: 7.054166 | lrm: 1.00 | dt: 215.04ms | tok/sec: 4,761 | bf16_mfu: 0.00 | epoch: 1 pq: 0 rg: 2 | total time: 1.39m | eta: 2.4m
step 00373/01000 (37.30%) | loss: 7.059388 | lrm: 1.00 | dt: 230.38ms | tok/sec: 4,444 | bf16_mfu: 0.00 | epoch: 1 pq: 0 rg: 2 | total time: 1.40m | eta: 2.4m
step 00374/01000 (37.40%) | loss: 6.981966 | lrm: 1.00 | dt: 239.15ms | tok/sec: 4,281 | bf16_mfu: 0.00 | epoch: 1 pq: 0 rg: 2 | total time: 1.40m | eta: 2.4m
step 00375/01000 (37.50%) | loss: 6.979878 | lrm: 1.00 | dt: 250.75ms | tok/sec: 4,083 | bf16_mfu: 0.00 | epoch: 1 pq: 0 rg: 2 | total time: 1.41m | eta: 2.4m
step 00376/01000 (37.60%) | loss: 6.970489 | lrm: 1.00 | dt: 229.24ms | tok/sec: 4,466 | bf16_mfu: 0.00 | epoch: 1 pq: 0 rg: 2 | total time: 1.41m | eta: 2.4m
step 00377/01000 (37.70%) | loss: 6.972234 | lrm: 1.00 | dt: 236.68ms | tok/sec: 4,326 | bf16_mfu: 0.00 | epoch: 1 pq: 0 rg: 2 | total time: 1.41m | eta: 2.4m
step 00378/01000 (37.80%) | loss: 6.919486 | lrm: 1.00 | dt: 313.67ms | tok/sec: 3,264 | bf16_mfu: 0.00 | epoch: 1 pq: 0 rg: 2 | total time: 1.42m | eta: 2.4m
step 00379/01000 (37.90%) | loss: 6.819422 | lrm: 1.00 | dt: 189.66ms | tok/sec: 5,399 | bf16_mfu: 0.00 | epoch: 1 pq: 0 rg: 2 | total time: 1.42m | eta: 2.4m
step 00380/01000 (38.00%) | loss: 6.831930 | lrm: 1.00 | dt: 177.67ms | tok/sec: 5,763 | bf16_mfu: 0.00 | epoch: 1 pq: 0 rg: 2 | total time: 1.43m | eta: 2.4m
step 00381/01000 (38.10%) | loss: 6.817730 | lrm: 1.00 | dt: 234.04ms | tok/sec: 4,375 | bf16_mfu: 0.00 | epoch: 1 pq: 0 rg: 2 | total time: 1.43m | eta: 2.4m
step 00382/01000 (38.20%) | loss: 6.851600 | lrm: 1.00 | dt: 190.05ms | tok/sec: 5,388 | bf16_mfu: 0.00 | epoch: 1 pq: 0 rg: 2 | total time: 1.43m | eta: 2.4m
step 00383/01000 (38.30%) | loss: 6.830040 | lrm: 1.00 | dt: 221.20ms | tok/sec: 4,629 | bf16_mfu: 0.00 | epoch: 1 pq: 0 rg: 2 | total time: 1.44m | eta: 2.4m
step 00384/01000 (38.40%) | loss: 6.842564 | lrm: 1.00 | dt: 218.51ms | tok/sec: 4,686 | bf16_mfu: 0.00 | epoch: 1 pq: 0 rg: 2 | total time: 1.44m | eta: 2.4m
step 00385/01000 (38.50%) | loss: 6.840473 | lrm: 1.00 | dt: 190.61ms | tok/sec: 5,372 | bf16_mfu: 0.00 | epoch: 1 pq: 0 rg: 2 | total time: 1.44m | eta: 2.4m
step 00386/01000 (38.60%) | loss: 6.861947 | lrm: 1.00 | dt: 350.88ms | tok/sec: 2,918 | bf16_mfu: 0.00 | epoch: 1 pq: 0 rg: 2 | total time: 1.45m | eta: 2.4m
step 00387/01000 (38.70%) | loss: 6.901069 | lrm: 1.00 | dt: 200.16ms | tok/sec: 5,115 | bf16_mfu: 0.00 | epoch: 1 pq: 0 rg: 2 | total time: 1.45m | eta: 2.4m
step 00388/01000 (38.80%) | loss: 6.908210 | lrm: 1.00 | dt: 229.32ms | tok/sec: 4,465 | bf16_mfu: 0.00 | epoch: 1 pq: 0 rg: 2 | total time: 1.46m | eta: 2.4m
step 00389/01000 (38.90%) | loss: 6.964865 | lrm: 1.00 | dt: 200.23ms | tok/sec: 5,114 | bf16_mfu: 0.00 | epoch: 1 pq: 0 rg: 2 | total time: 1.46m | eta: 2.4m
step 00390/01000 (39.00%) | loss: 6.949016 | lrm: 1.00 | dt: 207.36ms | tok/sec: 4,938 | bf16_mfu: 0.00 | epoch: 1 pq: 0 rg: 2 | total time: 1.46m | eta: 2.3m
step 00391/01000 (39.10%) | loss: 6.942925 | lrm: 1.00 | dt: 217.33ms | tok/sec: 4,711 | bf16_mfu: 0.00 | epoch: 1 pq: 0 rg: 2 | total time: 1.47m | eta: 2.3m
step 00392/01000 (39.20%) | loss: 6.966189 | lrm: 1.00 | dt: 268.79ms | tok/sec: 3,809 | bf16_mfu: 0.00 | epoch: 1 pq: 0 rg: 2 | total time: 1.47m | eta: 2.3m
step 00393/01000 (39.30%) | loss: 6.959090 | lrm: 1.00 | dt: 204.49ms | tok/sec: 5,007 | bf16_mfu: 0.00 | epoch: 1 pq: 0 rg: 2 | total time: 1.47m | eta: 2.3m
step 00394/01000 (39.40%) | loss: 6.951069 | lrm: 1.00 | dt: 213.75ms | tok/sec: 4,790 | bf16_mfu: 0.00 | epoch: 1 pq: 0 rg: 2 | total time: 1.48m | eta: 2.3m
step 00395/01000 (39.50%) | loss: 6.946378 | lrm: 1.00 | dt: 195.94ms | tok/sec: 5,226 | bf16_mfu: 0.00 | epoch: 1 pq: 0 rg: 2 | total time: 1.48m | eta: 2.3m
step 00396/01000 (39.60%) | loss: 6.907938 | lrm: 1.00 | dt: 420.38ms | tok/sec: 2,435 | bf16_mfu: 0.00 | epoch: 1 pq: 0 rg: 2 | total time: 1.49m | eta: 2.3m
step 00397/01000 (39.70%) | loss: 6.907860 | lrm: 1.00 | dt: 233.22ms | tok/sec: 4,390 | bf16_mfu: 0.00 | epoch: 1 pq: 0 rg: 2 | total time: 1.49m | eta: 2.3m
step 00398/01000 (39.80%) | loss: 6.923233 | lrm: 1.00 | dt: 174.53ms | tok/sec: 5,867 | bf16_mfu: 0.00 | epoch: 1 pq: 0 rg: 2 | total time: 1.49m | eta: 2.3m
step 00399/01000 (39.90%) | loss: 6.907707 | lrm: 1.00 | dt: 195.33ms | tok/sec: 5,242 | bf16_mfu: 0.00 | epoch: 1 pq: 0 rg: 2 | total time: 1.50m | eta: 2.3m
step 00400/01000 (40.00%) | loss: 6.912024 | lrm: 1.00 | dt: 250.71ms | tok/sec: 4,084 | bf16_mfu: 0.00 | epoch: 1 pq: 0 rg: 2 | total time: 1.50m | eta: 2.3m
step 00401/01000 (40.10%) | loss: 6.899834 | lrm: 1.00 | dt: 201.33ms | tok/sec: 5,086 | bf16_mfu: 0.00 | epoch: 1 pq: 0 rg: 2 | total time: 1.51m | eta: 2.3m
step 00402/01000 (40.20%) | loss: 6.929263 | lrm: 1.00 | dt: 196.76ms | tok/sec: 5,204 | bf16_mfu: 0.00 | epoch: 1 pq: 0 rg: 2 | total time: 1.51m | eta: 2.3m
step 00403/01000 (40.30%) | loss: 6.964740 | lrm: 1.00 | dt: 229.68ms | tok/sec: 4,458 | bf16_mfu: 0.00 | epoch: 1 pq: 0 rg: 2 | total time: 1.51m | eta: 2.3m
step 00404/01000 (40.40%) | loss: 6.963556 | lrm: 1.00 | dt: 179.77ms | tok/sec: 5,696 | bf16_mfu: 0.00 | epoch: 1 pq: 0 rg: 2 | total time: 1.52m | eta: 2.3m
step 00405/01000 (40.50%) | loss: 6.928587 | lrm: 1.00 | dt: 190.31ms | tok/sec: 5,380 | bf16_mfu: 0.00 | epoch: 1 pq: 0 rg: 2 | total time: 1.52m | eta: 2.3m
step 00406/01000 (40.60%) | loss: 6.942458 | lrm: 1.00 | dt: 196.82ms | tok/sec: 5,202 | bf16_mfu: 0.00 | epoch: 1 pq: 0 rg: 2 | total time: 1.52m | eta: 2.3m
step 00407/01000 (40.70%) | loss: 6.941748 | lrm: 1.00 | dt: 227.39ms | tok/sec: 4,503 | bf16_mfu: 0.00 | epoch: 1 pq: 0 rg: 2 | total time: 1.53m | eta: 2.3m
step 00408/01000 (40.80%) | loss: 6.890771 | lrm: 1.00 | dt: 230.94ms | tok/sec: 4,434 | bf16_mfu: 0.00 | epoch: 1 pq: 0 rg: 2 | total time: 1.53m | eta: 2.3m
step 00409/01000 (40.90%) | loss: 6.879336 | lrm: 1.00 | dt: 237.20ms | tok/sec: 4,317 | bf16_mfu: 0.00 | epoch: 1 pq: 0 rg: 2 | total time: 1.53m | eta: 2.3m
step 00410/01000 (41.00%) | loss: 6.919283 | lrm: 1.00 | dt: 258.52ms | tok/sec: 3,960 | bf16_mfu: 0.00 | epoch: 1 pq: 0 rg: 2 | total time: 1.54m | eta: 2.3m
step 00411/01000 (41.10%) | loss: 6.894551 | lrm: 1.00 | dt: 249.61ms | tok/sec: 4,102 | bf16_mfu: 0.00 | epoch: 1 pq: 0 rg: 2 | total time: 1.54m | eta: 2.3m
step 00412/01000 (41.20%) | loss: 6.910625 | lrm: 1.00 | dt: 469.94ms | tok/sec: 2,179 | bf16_mfu: 0.00 | epoch: 1 pq: 0 rg: 2 | total time: 1.55m | eta: 2.3m
step 00413/01000 (41.30%) | loss: 6.897445 | lrm: 1.00 | dt: 244.68ms | tok/sec: 4,185 | bf16_mfu: 0.00 | epoch: 1 pq: 0 rg: 2 | total time: 1.55m | eta: 2.3m
step 00414/01000 (41.40%) | loss: 6.906460 | lrm: 1.00 | dt: 213.70ms | tok/sec: 4,791 | bf16_mfu: 0.00 | epoch: 1 pq: 0 rg: 2 | total time: 1.56m | eta: 2.3m
step 00415/01000 (41.50%) | loss: 6.919469 | lrm: 1.00 | dt: 259.89ms | tok/sec: 3,940 | bf16_mfu: 0.00 | epoch: 1 pq: 0 rg: 2 | total time: 1.56m | eta: 2.3m
step 00416/01000 (41.60%) | loss: 6.894364 | lrm: 1.00 | dt: 217.02ms | tok/sec: 4,718 | bf16_mfu: 0.00 | epoch: 1 pq: 0 rg: 2 | total time: 1.57m | eta: 2.3m
step 00417/01000 (41.70%) | loss: 6.890961 | lrm: 1.00 | dt: 226.35ms | tok/sec: 4,523 | bf16_mfu: 0.00 | epoch: 1 pq: 0 rg: 2 | total time: 1.57m | eta: 2.2m
step 00418/01000 (41.80%) | loss: 6.938331 | lrm: 1.00 | dt: 197.78ms | tok/sec: 5,177 | bf16_mfu: 0.00 | epoch: 1 pq: 0 rg: 2 | total time: 1.57m | eta: 2.2m
step 00419/01000 (41.90%) | loss: 6.977834 | lrm: 1.00 | dt: 197.50ms | tok/sec: 5,184 | bf16_mfu: 0.00 | epoch: 1 pq: 0 rg: 2 | total time: 1.58m | eta: 2.2m
step 00420/01000 (42.00%) | loss: 6.996491 | lrm: 1.00 | dt: 224.88ms | tok/sec: 4,553 | bf16_mfu: 0.00 | epoch: 1 pq: 0 rg: 2 | total time: 1.58m | eta: 2.2m
step 00421/01000 (42.10%) | loss: 7.033796 | lrm: 1.00 | dt: 202.13ms | tok/sec: 5,065 | bf16_mfu: 0.00 | epoch: 1 pq: 0 rg: 2 | total time: 1.58m | eta: 2.2m
step 00422/01000 (42.20%) | loss: 7.128628 | lrm: 1.00 | dt: 404.01ms | tok/sec: 2,534 | bf16_mfu: 0.00 | epoch: 1 pq: 0 rg: 2 | total time: 1.59m | eta: 2.2m
step 00423/01000 (42.30%) | loss: 7.021466 | lrm: 1.00 | dt: 219.99ms | tok/sec: 4,654 | bf16_mfu: 0.00 | epoch: 1 pq: 0 rg: 2 | total time: 1.59m | eta: 2.2m
step 00424/01000 (42.40%) | loss: 6.989238 | lrm: 1.00 | dt: 234.21ms | tok/sec: 4,372 | bf16_mfu: 0.00 | epoch: 1 pq: 0 rg: 2 | total time: 1.60m | eta: 2.2m
step 00425/01000 (42.50%) | loss: 7.019597 | lrm: 1.00 | dt: 233.80ms | tok/sec: 4,379 | bf16_mfu: 0.00 | epoch: 1 pq: 0 rg: 2 | total time: 1.60m | eta: 2.2m
step 00426/01000 (42.60%) | loss: 6.931291 | lrm: 1.00 | dt: 223.25ms | tok/sec: 4,586 | bf16_mfu: 0.00 | epoch: 1 pq: 0 rg: 2 | total time: 1.61m | eta: 2.2m
step 00427/01000 (42.70%) | loss: 6.956232 | lrm: 1.00 | dt: 192.91ms | tok/sec: 5,308 | bf16_mfu: 0.00 | epoch: 1 pq: 0 rg: 2 | total time: 1.61m | eta: 2.2m
step 00428/01000 (42.80%) | loss: 6.863646 | lrm: 1.00 | dt: 243.10ms | tok/sec: 4,212 | bf16_mfu: 0.00 | epoch: 1 pq: 0 rg: 2 | total time: 1.61m | eta: 2.2m
step 00429/01000 (42.90%) | loss: 6.822738 | lrm: 1.00 | dt: 232.76ms | tok/sec: 4,399 | bf16_mfu: 0.00 | epoch: 1 pq: 0 rg: 2 | total time: 1.62m | eta: 2.2m
step 00430/01000 (43.00%) | loss: 6.785264 | lrm: 1.00 | dt: 212.02ms | tok/sec: 4,829 | bf16_mfu: 0.00 | epoch: 1 pq: 0 rg: 2 | total time: 1.62m | eta: 2.2m
step 00431/01000 (43.10%) | loss: 6.773529 | lrm: 1.00 | dt: 218.20ms | tok/sec: 4,692 | bf16_mfu: 0.00 | epoch: 1 pq: 0 rg: 2 | total time: 1.62m | eta: 2.2m
step 00432/01000 (43.20%) | loss: 6.721285 | lrm: 1.00 | dt: 262.51ms | tok/sec: 3,900 | bf16_mfu: 0.00 | epoch: 1 pq: 0 rg: 2 | total time: 1.63m | eta: 2.2m
step 00433/01000 (43.30%) | loss: 6.778548 | lrm: 1.00 | dt: 247.47ms | tok/sec: 4,137 | bf16_mfu: 0.00 | epoch: 1 pq: 0 rg: 2 | total time: 1.63m | eta: 2.2m
step 00434/01000 (43.40%) | loss: 6.826090 | lrm: 1.00 | dt: 219.17ms | tok/sec: 4,672 | bf16_mfu: 0.00 | epoch: 1 pq: 0 rg: 2 | total time: 1.64m | eta: 2.2m
step 00435/01000 (43.50%) | loss: 6.784496 | lrm: 1.00 | dt: 218.46ms | tok/sec: 4,687 | bf16_mfu: 0.00 | epoch: 1 pq: 0 rg: 2 | total time: 1.64m | eta: 2.2m
step 00436/01000 (43.60%) | loss: 6.788035 | lrm: 1.00 | dt: 204.08ms | tok/sec: 5,017 | bf16_mfu: 0.00 | epoch: 1 pq: 0 rg: 2 | total time: 1.64m | eta: 2.2m
step 00437/01000 (43.70%) | loss: 6.894101 | lrm: 1.00 | dt: 339.32ms | tok/sec: 3,017 | bf16_mfu: 0.00 | epoch: 1 pq: 0 rg: 2 | total time: 1.65m | eta: 2.2m
step 00438/01000 (43.80%) | loss: 6.898325 | lrm: 1.00 | dt: 165.93ms | tok/sec: 6,171 | bf16_mfu: 0.00 | epoch: 1 pq: 0 rg: 2 | total time: 1.65m | eta: 2.2m
step 00439/01000 (43.90%) | loss: 6.834167 | lrm: 1.00 | dt: 232.91ms | tok/sec: 4,396 | bf16_mfu: 0.00 | epoch: 1 pq: 0 rg: 2 | total time: 1.65m | eta: 2.2m
step 00440/01000 (44.00%) | loss: 6.846140 | lrm: 1.00 | dt: 206.69ms | tok/sec: 4,954 | bf16_mfu: 0.00 | epoch: 1 pq: 0 rg: 2 | total time: 1.66m | eta: 2.2m
step 00441/01000 (44.10%) | loss: 6.809170 | lrm: 1.00 | dt: 206.85ms | tok/sec: 4,950 | bf16_mfu: 0.00 | epoch: 1 pq: 0 rg: 2 | total time: 1.66m | eta: 2.2m
step 00442/01000 (44.20%) | loss: 6.819758 | lrm: 1.00 | dt: 185.24ms | tok/sec: 5,527 | bf16_mfu: 0.00 | epoch: 1 pq: 0 rg: 2 | total time: 1.66m | eta: 2.2m
step 00443/01000 (44.30%) | loss: 6.781695 | lrm: 1.00 | dt: 195.43ms | tok/sec: 5,239 | bf16_mfu: 0.00 | epoch: 1 pq: 0 rg: 2 | total time: 1.67m | eta: 2.1m
step 00444/01000 (44.40%) | loss: 6.821830 | lrm: 1.00 | dt: 224.74ms | tok/sec: 4,556 | bf16_mfu: 0.00 | epoch: 1 pq: 0 rg: 2 | total time: 1.67m | eta: 2.1m
step 00445/01000 (44.50%) | loss: 6.840253 | lrm: 1.00 | dt: 205.66ms | tok/sec: 4,979 | bf16_mfu: 0.00 | epoch: 1 pq: 0 rg: 2 | total time: 1.68m | eta: 2.1m
step 00446/01000 (44.60%) | loss: 6.848149 | lrm: 1.00 | dt: 245.43ms | tok/sec: 4,172 | bf16_mfu: 0.00 | epoch: 1 pq: 0 rg: 2 | total time: 1.68m | eta: 2.1m
step 00447/01000 (44.70%) | loss: 6.810901 | lrm: 1.00 | dt: 241.14ms | tok/sec: 4,246 | bf16_mfu: 0.00 | epoch: 1 pq: 0 rg: 2 | total time: 1.68m | eta: 2.1m
step 00448/01000 (44.80%) | loss: 6.831790 | lrm: 1.00 | dt: 471.39ms | tok/sec: 2,172 | bf16_mfu: 0.00 | epoch: 1 pq: 0 rg: 2 | total time: 1.69m | eta: 2.1m
step 00449/01000 (44.90%) | loss: 6.894470 | lrm: 1.00 | dt: 271.92ms | tok/sec: 3,765 | bf16_mfu: 0.00 | epoch: 1 pq: 0 rg: 2 | total time: 1.70m | eta: 2.1m
step 00450/01000 (45.00%) | loss: 6.922529 | lrm: 1.00 | dt: 247.67ms | tok/sec: 4,134 | bf16_mfu: 0.00 | epoch: 1 pq: 0 rg: 2 | total time: 1.70m | eta: 2.1m
step 00451/01000 (45.10%) | loss: 6.921940 | lrm: 1.00 | dt: 251.56ms | tok/sec: 4,070 | bf16_mfu: 0.00 | epoch: 1 pq: 0 rg: 2 | total time: 1.70m | eta: 2.1m
step 00452/01000 (45.20%) | loss: 6.985113 | lrm: 1.00 | dt: 222.13ms | tok/sec: 4,609 | bf16_mfu: 0.00 | epoch: 1 pq: 0 rg: 2 | total time: 1.71m | eta: 2.1m
step 00453/01000 (45.30%) | loss: 7.018158 | lrm: 1.00 | dt: 205.09ms | tok/sec: 4,992 | bf16_mfu: 0.00 | epoch: 1 pq: 0 rg: 2 | total time: 1.71m | eta: 2.1m
step 00454/01000 (45.40%) | loss: 7.040802 | lrm: 1.00 | dt: 214.79ms | tok/sec: 4,767 | bf16_mfu: 0.00 | epoch: 1 pq: 0 rg: 2 | total time: 1.71m | eta: 2.1m
step 00455/01000 (45.50%) | loss: 7.008104 | lrm: 1.00 | dt: 194.84ms | tok/sec: 5,255 | bf16_mfu: 0.00 | epoch: 1 pq: 0 rg: 2 | total time: 1.72m | eta: 2.1m
step 00456/01000 (45.60%) | loss: 6.969448 | lrm: 1.00 | dt: 224.40ms | tok/sec: 4,563 | bf16_mfu: 0.00 | epoch: 1 pq: 0 rg: 2 | total time: 1.72m | eta: 2.1m
step 00457/01000 (45.70%) | loss: 7.010578 | lrm: 1.00 | dt: 235.05ms | tok/sec: 4,356 | bf16_mfu: 0.00 | epoch: 1 pq: 0 rg: 2 | total time: 1.73m | eta: 2.1m
step 00458/01000 (45.80%) | loss: 6.970034 | lrm: 1.00 | dt: 205.42ms | tok/sec: 4,984 | bf16_mfu: 0.00 | epoch: 1 pq: 0 rg: 2 | total time: 1.73m | eta: 2.1m
step 00459/01000 (45.90%) | loss: 6.962309 | lrm: 1.00 | dt: 235.56ms | tok/sec: 4,347 | bf16_mfu: 0.00 | epoch: 1 pq: 0 rg: 2 | total time: 1.73m | eta: 2.1m
step 00460/01000 (46.00%) | loss: 6.901755 | lrm: 1.00 | dt: 231.25ms | tok/sec: 4,428 | bf16_mfu: 0.00 | epoch: 1 pq: 0 rg: 2 | total time: 1.74m | eta: 2.1m
step 00461/01000 (46.10%) | loss: 6.845720 | lrm: 1.00 | dt: 233.23ms | tok/sec: 4,390 | bf16_mfu: 0.00 | epoch: 1 pq: 0 rg: 2 | total time: 1.74m | eta: 2.1m
step 00462/01000 (46.20%) | loss: 6.862446 | lrm: 1.00 | dt: 420.48ms | tok/sec: 2,435 | bf16_mfu: 0.00 | epoch: 1 pq: 0 rg: 2 | total time: 1.75m | eta: 2.1m
step 00463/01000 (46.30%) | loss: 6.822688 | lrm: 1.00 | dt: 207.12ms | tok/sec: 4,944 | bf16_mfu: 0.00 | epoch: 1 pq: 0 rg: 2 | total time: 1.75m | eta: 2.1m
step 00464/01000 (46.40%) | loss: 6.686952 | lrm: 1.00 | dt: 283.30ms | tok/sec: 3,614 | bf16_mfu: 0.00 | epoch: 1 pq: 0 rg: 2 | total time: 1.76m | eta: 2.1m
step 00465/01000 (46.50%) | loss: 6.715312 | lrm: 1.00 | dt: 233.72ms | tok/sec: 4,381 | bf16_mfu: 0.00 | epoch: 1 pq: 0 rg: 2 | total time: 1.76m | eta: 2.1m
step 00466/01000 (46.60%) | loss: 6.752063 | lrm: 1.00 | dt: 226.77ms | tok/sec: 4,515 | bf16_mfu: 0.00 | epoch: 1 pq: 0 rg: 2 | total time: 1.76m | eta: 2.1m
step 00467/01000 (46.70%) | loss: 6.807111 | lrm: 1.00 | dt: 250.85ms | tok/sec: 4,082 | bf16_mfu: 0.00 | epoch: 1 pq: 0 rg: 2 | total time: 1.77m | eta: 2.1m
step 00468/01000 (46.80%) | loss: 6.833367 | lrm: 1.00 | dt: 196.72ms | tok/sec: 5,205 | bf16_mfu: 0.00 | epoch: 1 pq: 0 rg: 2 | total time: 1.77m | eta: 2.1m
step 00469/01000 (46.90%) | loss: 6.863865 | lrm: 1.00 | dt: 188.67ms | tok/sec: 5,427 | bf16_mfu: 0.00 | epoch: 1 pq: 0 rg: 2 | total time: 1.77m | eta: 2.1m
step 00470/01000 (47.00%) | loss: 6.900513 | lrm: 1.00 | dt: 192.07ms | tok/sec: 5,331 | bf16_mfu: 0.00 | epoch: 1 pq: 0 rg: 2 | total time: 1.78m | eta: 2.0m
step 00471/01000 (47.10%) | loss: 6.921841 | lrm: 1.00 | dt: 191.13ms | tok/sec: 5,357 | bf16_mfu: 0.00 | epoch: 1 pq: 0 rg: 2 | total time: 1.78m | eta: 2.0m
step 00472/01000 (47.20%) | loss: 6.912857 | lrm: 1.00 | dt: 171.68ms | tok/sec: 5,964 | bf16_mfu: 0.00 | epoch: 1 pq: 0 rg: 2 | total time: 1.78m | eta: 2.0m
step 00473/01000 (47.30%) | loss: 6.951669 | lrm: 1.00 | dt: 199.70ms | tok/sec: 5,127 | bf16_mfu: 0.00 | epoch: 1 pq: 0 rg: 2 | total time: 1.79m | eta: 2.0m
step 00474/01000 (47.40%) | loss: 6.884740 | lrm: 1.00 | dt: 179.39ms | tok/sec: 5,708 | bf16_mfu: 0.00 | epoch: 1 pq: 0 rg: 2 | total time: 1.79m | eta: 2.0m
step 00475/01000 (47.50%) | loss: 6.848707 | lrm: 1.00 | dt: 192.37ms | tok/sec: 5,322 | bf16_mfu: 0.00 | epoch: 1 pq: 0 rg: 2 | total time: 1.79m | eta: 2.0m
step 00476/01000 (47.60%) | loss: 6.814071 | lrm: 1.00 | dt: 346.58ms | tok/sec: 2,954 | bf16_mfu: 0.00 | epoch: 1 pq: 0 rg: 2 | total time: 1.80m | eta: 2.0m
step 00477/01000 (47.70%) | loss: 6.804869 | lrm: 1.00 | dt: 191.26ms | tok/sec: 5,353 | bf16_mfu: 0.00 | epoch: 1 pq: 0 rg: 2 | total time: 1.80m | eta: 2.0m
step 00478/01000 (47.80%) | loss: 6.794700 | lrm: 1.00 | dt: 186.14ms | tok/sec: 5,501 | bf16_mfu: 0.00 | epoch: 1 pq: 0 rg: 2 | total time: 1.81m | eta: 2.0m
step 00479/01000 (47.90%) | loss: 6.836798 | lrm: 1.00 | dt: 215.48ms | tok/sec: 4,752 | bf16_mfu: 0.00 | epoch: 1 pq: 0 rg: 2 | total time: 1.81m | eta: 2.0m
step 00480/01000 (48.00%) | loss: 6.817526 | lrm: 1.00 | dt: 213.05ms | tok/sec: 4,806 | bf16_mfu: 0.00 | epoch: 1 pq: 0 rg: 2 | total time: 1.81m | eta: 2.0m
step 00481/01000 (48.10%) | loss: 6.818504 | lrm: 1.00 | dt: 190.65ms | tok/sec: 5,371 | bf16_mfu: 0.00 | epoch: 1 pq: 0 rg: 2 | total time: 1.82m | eta: 2.0m
step 00482/01000 (48.20%) | loss: 6.791248 | lrm: 1.00 | dt: 197.38ms | tok/sec: 5,187 | bf16_mfu: 0.00 | epoch: 1 pq: 0 rg: 2 | total time: 1.82m | eta: 2.0m
step 00483/01000 (48.30%) | loss: 6.841031 | lrm: 1.00 | dt: 199.25ms | tok/sec: 5,139 | bf16_mfu: 0.00 | epoch: 1 pq: 0 rg: 2 | total time: 1.82m | eta: 2.0m
step 00484/01000 (48.40%) | loss: 6.819746 | lrm: 1.00 | dt: 201.09ms | tok/sec: 5,092 | bf16_mfu: 0.00 | epoch: 1 pq: 0 rg: 2 | total time: 1.83m | eta: 2.0m
step 00485/01000 (48.50%) | loss: 6.800071 | lrm: 1.00 | dt: 192.94ms | tok/sec: 5,307 | bf16_mfu: 0.00 | epoch: 1 pq: 0 rg: 2 | total time: 1.83m | eta: 2.0m
step 00486/01000 (48.60%) | loss: 6.841197 | lrm: 1.00 | dt: 211.98ms | tok/sec: 4,830 | bf16_mfu: 0.00 | epoch: 1 pq: 0 rg: 2 | total time: 1.83m | eta: 2.0m
step 00487/01000 (48.70%) | loss: 6.936351 | lrm: 1.00 | dt: 202.98ms | tok/sec: 5,044 | bf16_mfu: 0.00 | epoch: 1 pq: 0 rg: 2 | total time: 1.84m | eta: 2.0m
step 00488/01000 (48.80%) | loss: 6.958616 | lrm: 1.00 | dt: 208.24ms | tok/sec: 4,917 | bf16_mfu: 0.00 | epoch: 1 pq: 0 rg: 2 | total time: 1.84m | eta: 2.0m
step 00489/01000 (48.90%) | loss: 6.977308 | lrm: 1.00 | dt: 196.88ms | tok/sec: 5,201 | bf16_mfu: 0.00 | epoch: 1 pq: 0 rg: 2 | total time: 1.84m | eta: 2.0m
step 00490/01000 (49.00%) | loss: 6.989989 | lrm: 1.00 | dt: 219.92ms | tok/sec: 4,656 | bf16_mfu: 0.00 | epoch: 1 pq: 0 rg: 2 | total time: 1.85m | eta: 2.0m
step 00491/01000 (49.10%) | loss: 6.869467 | lrm: 1.00 | dt: 216.12ms | tok/sec: 4,738 | bf16_mfu: 0.00 | epoch: 1 pq: 0 rg: 2 | total time: 1.85m | eta: 2.0m
step 00492/01000 (49.20%) | loss: 6.837610 | lrm: 1.00 | dt: 416.05ms | tok/sec: 2,461 | bf16_mfu: 0.00 | epoch: 1 pq: 0 rg: 2 | total time: 1.86m | eta: 2.0m
step 00493/01000 (49.30%) | loss: 6.741879 | lrm: 1.00 | dt: 187.10ms | tok/sec: 5,472 | bf16_mfu: 0.00 | epoch: 1 pq: 0 rg: 2 | total time: 1.86m | eta: 2.0m
step 00494/01000 (49.40%) | loss: 6.692183 | lrm: 1.00 | dt: 221.41ms | tok/sec: 4,624 | bf16_mfu: 0.00 | epoch: 1 pq: 0 rg: 2 | total time: 1.86m | eta: 1.9m
step 00495/01000 (49.50%) | loss: 6.717280 | lrm: 1.00 | dt: 190.67ms | tok/sec: 5,370 | bf16_mfu: 0.00 | epoch: 1 pq: 0 rg: 2 | total time: 1.87m | eta: 1.9m
step 00496/01000 (49.60%) | loss: 6.596998 | lrm: 1.00 | dt: 233.42ms | tok/sec: 4,387 | bf16_mfu: 0.00 | epoch: 1 pq: 0 rg: 2 | total time: 1.87m | eta: 1.9m
step 00497/01000 (49.70%) | loss: 6.623975 | lrm: 1.00 | dt: 216.05ms | tok/sec: 4,739 | bf16_mfu: 0.00 | epoch: 1 pq: 0 rg: 2 | total time: 1.87m | eta: 1.9m
step 00498/01000 (49.80%) | loss: 6.588208 | lrm: 1.00 | dt: 234.94ms | tok/sec: 4,358 | bf16_mfu: 0.00 | epoch: 1 pq: 0 rg: 2 | total time: 1.88m | eta: 1.9m
step 00499/01000 (49.90%) | loss: 6.652092 | lrm: 1.00 | dt: 226.40ms | tok/sec: 4,523 | bf16_mfu: 0.00 | epoch: 1 pq: 0 rg: 2 | total time: 1.88m | eta: 1.9m
step 00500/01000 (50.00%) | loss: 6.680907 | lrm: 1.00 | dt: 294.11ms | tok/sec: 3,481 | bf16_mfu: 0.00 | epoch: 1 pq: 0 rg: 2 | total time: 1.89m | eta: 1.9m
step 00501/01000 (50.10%) | loss: 6.778140 | lrm: 1.00 | dt: 400.25ms | tok/sec: 2,558 | bf16_mfu: 0.00 | epoch: 1 pq: 0 rg: 2 | total time: 1.89m | eta: 1.9m
step 00502/01000 (50.20%) | loss: 6.770868 | lrm: 1.00 | dt: 265.97ms | tok/sec: 3,850 | bf16_mfu: 0.00 | epoch: 1 pq: 0 rg: 2 | total time: 1.90m | eta: 1.9m
step 00503/01000 (50.30%) | loss: 6.780883 | lrm: 1.00 | dt: 225.32ms | tok/sec: 4,544 | bf16_mfu: 0.00 | epoch: 1 pq: 0 rg: 2 | total time: 1.90m | eta: 1.9m
step 00504/01000 (50.40%) | loss: 6.770160 | lrm: 1.00 | dt: 200.61ms | tok/sec: 5,104 | bf16_mfu: 0.00 | epoch: 1 pq: 0 rg: 2 | total time: 1.90m | eta: 1.9m
step 00505/01000 (50.50%) | loss: 6.726048 | lrm: 1.00 | dt: 232.68ms | tok/sec: 4,400 | bf16_mfu: 0.00 | epoch: 1 pq: 0 rg: 2 | total time: 1.91m | eta: 1.9m
step 00506/01000 (50.60%) | loss: 6.763298 | lrm: 1.00 | dt: 263.56ms | tok/sec: 3,885 | bf16_mfu: 0.00 | epoch: 1 pq: 0 rg: 2 | total time: 1.91m | eta: 1.9m
step 00507/01000 (50.70%) | loss: 6.748441 | lrm: 1.00 | dt: 237.21ms | tok/sec: 4,316 | bf16_mfu: 0.00 | epoch: 1 pq: 0 rg: 2 | total time: 1.92m | eta: 1.9m
step 00508/01000 (50.80%) | loss: 6.701617 | lrm: 1.00 | dt: 234.19ms | tok/sec: 4,372 | bf16_mfu: 0.00 | epoch: 1 pq: 0 rg: 2 | total time: 1.92m | eta: 1.9m
step 00509/01000 (50.90%) | loss: 6.714661 | lrm: 1.00 | dt: 209.61ms | tok/sec: 4,885 | bf16_mfu: 0.00 | epoch: 1 pq: 0 rg: 2 | total time: 1.92m | eta: 1.9m
step 00510/01000 (51.00%) | loss: 6.715724 | lrm: 1.00 | dt: 233.65ms | tok/sec: 4,382 | bf16_mfu: 0.00 | epoch: 1 pq: 0 rg: 2 | total time: 1.93m | eta: 1.9m
step 00511/01000 (51.10%) | loss: 6.701903 | lrm: 1.00 | dt: 251.92ms | tok/sec: 4,064 | bf16_mfu: 0.00 | epoch: 1 pq: 0 rg: 2 | total time: 1.93m | eta: 1.9m
step 00512/01000 (51.20%) | loss: 6.683107 | lrm: 1.00 | dt: 406.55ms | tok/sec: 2,518 | bf16_mfu: 0.00 | epoch: 1 pq: 0 rg: 2 | total time: 1.94m | eta: 1.9m
step 00513/01000 (51.30%) | loss: 6.715975 | lrm: 1.00 | dt: 321.23ms | tok/sec: 3,187 | bf16_mfu: 0.00 | epoch: 1 pq: 0 rg: 2 | total time: 1.94m | eta: 1.9m
step 00514/01000 (51.40%) | loss: 6.710890 | lrm: 1.00 | dt: 203.92ms | tok/sec: 5,021 | bf16_mfu: 0.00 | epoch: 1 pq: 0 rg: 2 | total time: 1.95m | eta: 1.9m
step 00515/01000 (51.50%) | loss: 6.721100 | lrm: 1.00 | dt: 256.34ms | tok/sec: 3,994 | bf16_mfu: 0.00 | epoch: 1 pq: 0 rg: 2 | total time: 1.95m | eta: 1.9m
step 00516/01000 (51.60%) | loss: 6.731085 | lrm: 1.00 | dt: 191.29ms | tok/sec: 5,353 | bf16_mfu: 0.00 | epoch: 1 pq: 0 rg: 2 | total time: 1.96m | eta: 1.9m
step 00517/01000 (51.70%) | loss: 6.746229 | lrm: 1.00 | dt: 171.27ms | tok/sec: 5,978 | bf16_mfu: 0.00 | epoch: 1 pq: 0 rg: 2 | total time: 1.96m | eta: 1.9m
step 00518/01000 (51.80%) | loss: 6.813518 | lrm: 1.00 | dt: 159.12ms | tok/sec: 6,435 | bf16_mfu: 0.00 | epoch: 1 pq: 0 rg: 2 | total time: 1.96m | eta: 1.9m
step 00519/01000 (51.90%) | loss: 6.743577 | lrm: 1.00 | dt: 155.68ms | tok/sec: 6,577 | bf16_mfu: 0.00 | epoch: 1 pq: 0 rg: 2 | total time: 1.96m | eta: 1.9m
step 00520/01000 (52.00%) | loss: 6.767354 | lrm: 1.00 | dt: 150.65ms | tok/sec: 6,797 | bf16_mfu: 0.00 | epoch: 1 pq: 0 rg: 2 | total time: 1.97m | eta: 1.9m
step 00521/01000 (52.10%) | loss: 6.757813 | lrm: 1.00 | dt: 168.45ms | tok/sec: 6,079 | bf16_mfu: 0.00 | epoch: 1 pq: 0 rg: 2 | total time: 1.97m | eta: 1.8m
step 00522/01000 (52.20%) | loss: 6.732382 | lrm: 1.00 | dt: 159.89ms | tok/sec: 6,404 | bf16_mfu: 0.00 | epoch: 1 pq: 0 rg: 2 | total time: 1.97m | eta: 1.8m
step 00523/01000 (52.30%) | loss: 6.739968 | lrm: 1.00 | dt: 179.68ms | tok/sec: 5,699 | bf16_mfu: 0.00 | epoch: 1 pq: 0 rg: 2 | total time: 1.97m | eta: 1.8m
step 00524/01000 (52.40%) | loss: 6.737427 | lrm: 1.00 | dt: 171.61ms | tok/sec: 5,967 | bf16_mfu: 0.00 | epoch: 1 pq: 0 rg: 2 | total time: 1.98m | eta: 1.8m
step 00525/01000 (52.50%) | loss: 6.652070 | lrm: 1.00 | dt: 176.63ms | tok/sec: 5,797 | bf16_mfu: 0.00 | epoch: 1 pq: 0 rg: 2 | total time: 1.98m | eta: 1.8m
step 00526/01000 (52.60%) | loss: 6.664418 | lrm: 1.00 | dt: 472.48ms | tok/sec: 2,167 | bf16_mfu: 0.00 | epoch: 1 pq: 0 rg: 2 | total time: 1.99m | eta: 1.8m
step 00527/01000 (52.70%) | loss: 6.730413 | lrm: 1.00 | dt: 196.79ms | tok/sec: 5,203 | bf16_mfu: 0.00 | epoch: 1 pq: 0 rg: 2 | total time: 1.99m | eta: 1.8m
step 00528/01000 (52.80%) | loss: 6.748257 | lrm: 1.00 | dt: 289.03ms | tok/sec: 3,542 | bf16_mfu: 0.00 | epoch: 1 pq: 0 rg: 2 | total time: 2.00m | eta: 1.8m
step 00529/01000 (52.90%) | loss: 6.721414 | lrm: 1.00 | dt: 235.32ms | tok/sec: 4,351 | bf16_mfu: 0.00 | epoch: 1 pq: 0 rg: 2 | total time: 2.00m | eta: 1.8m
step 00530/01000 (53.00%) | loss: 6.725941 | lrm: 1.00 | dt: 227.79ms | tok/sec: 4,495 | bf16_mfu: 0.00 | epoch: 1 pq: 0 rg: 2 | total time: 2.00m | eta: 1.8m
step 00531/01000 (53.10%) | loss: 6.769296 | lrm: 1.00 | dt: 193.91ms | tok/sec: 5,280 | bf16_mfu: 0.00 | epoch: 1 pq: 0 rg: 2 | total time: 2.01m | eta: 1.8m
step 00532/01000 (53.20%) | loss: 6.806984 | lrm: 1.00 | dt: 186.05ms | tok/sec: 5,503 | bf16_mfu: 0.00 | epoch: 1 pq: 0 rg: 2 | total time: 2.01m | eta: 1.8m
step 00533/01000 (53.30%) | loss: 6.753069 | lrm: 1.00 | dt: 199.18ms | tok/sec: 5,141 | bf16_mfu: 0.00 | epoch: 1 pq: 0 rg: 2 | total time: 2.01m | eta: 1.8m
step 00534/01000 (53.40%) | loss: 6.755673 | lrm: 1.00 | dt: 192.12ms | tok/sec: 5,330 | bf16_mfu: 0.00 | epoch: 1 pq: 0 rg: 2 | total time: 2.02m | eta: 1.8m
step 00535/01000 (53.50%) | loss: 6.745524 | lrm: 1.00 | dt: 196.75ms | tok/sec: 5,204 | bf16_mfu: 0.00 | epoch: 1 pq: 0 rg: 2 | total time: 2.02m | eta: 1.8m
step 00536/01000 (53.60%) | loss: 6.776201 | lrm: 1.00 | dt: 178.80ms | tok/sec: 5,727 | bf16_mfu: 0.00 | epoch: 1 pq: 0 rg: 2 | total time: 2.02m | eta: 1.8m
step 00537/01000 (53.70%) | loss: 6.813358 | lrm: 1.00 | dt: 194.28ms | tok/sec: 5,270 | bf16_mfu: 0.00 | epoch: 1 pq: 0 rg: 2 | total time: 2.03m | eta: 1.8m
step 00538/01000 (53.80%) | loss: 6.792034 | lrm: 1.00 | dt: 231.66ms | tok/sec: 4,420 | bf16_mfu: 0.00 | epoch: 1 pq: 0 rg: 2 | total time: 2.03m | eta: 1.8m
step 00539/01000 (53.90%) | loss: 6.819416 | lrm: 1.00 | dt: 211.66ms | tok/sec: 4,837 | bf16_mfu: 0.00 | epoch: 1 pq: 0 rg: 2 | total time: 2.03m | eta: 1.8m
step 00540/01000 (54.00%) | loss: 6.840436 | lrm: 1.00 | dt: 365.68ms | tok/sec: 2,800 | bf16_mfu: 0.00 | epoch: 1 pq: 0 rg: 2 | total time: 2.04m | eta: 1.8m
step 00541/01000 (54.10%) | loss: 6.774200 | lrm: 1.00 | dt: 199.09ms | tok/sec: 5,143 | bf16_mfu: 0.00 | epoch: 1 pq: 0 rg: 2 | total time: 2.04m | eta: 1.8m
step 00542/01000 (54.20%) | loss: 6.721760 | lrm: 1.00 | dt: 202.38ms | tok/sec: 5,059 | bf16_mfu: 0.00 | epoch: 1 pq: 0 rg: 2 | total time: 2.05m | eta: 1.8m
step 00543/01000 (54.30%) | loss: 6.770099 | lrm: 1.00 | dt: 253.98ms | tok/sec: 4,031 | bf16_mfu: 0.00 | epoch: 1 pq: 0 rg: 2 | total time: 2.05m | eta: 1.8m
step 00544/01000 (54.40%) | loss: 6.793488 | lrm: 1.00 | dt: 268.03ms | tok/sec: 3,820 | bf16_mfu: 0.00 | epoch: 1 pq: 0 rg: 2 | total time: 2.06m | eta: 1.8m
step 00545/01000 (54.50%) | loss: 6.823285 | lrm: 1.00 | dt: 243.05ms | tok/sec: 4,213 | bf16_mfu: 0.00 | epoch: 1 pq: 0 rg: 2 | total time: 2.06m | eta: 1.8m
step 00546/01000 (54.60%) | loss: 6.818697 | lrm: 1.00 | dt: 271.04ms | tok/sec: 3,778 | bf16_mfu: 0.00 | epoch: 1 pq: 0 rg: 2 | total time: 2.06m | eta: 1.7m
step 00547/01000 (54.70%) | loss: 6.799819 | lrm: 1.00 | dt: 227.57ms | tok/sec: 4,499 | bf16_mfu: 0.00 | epoch: 1 pq: 0 rg: 2 | total time: 2.07m | eta: 1.7m
step 00548/01000 (54.80%) | loss: 6.839580 | lrm: 1.00 | dt: 223.13ms | tok/sec: 4,589 | bf16_mfu: 0.00 | epoch: 1 pq: 0 rg: 2 | total time: 2.07m | eta: 1.7m
step 00549/01000 (54.90%) | loss: 6.787249 | lrm: 1.00 | dt: 217.80ms | tok/sec: 4,701 | bf16_mfu: 0.00 | epoch: 1 pq: 0 rg: 2 | total time: 2.08m | eta: 1.7m
step 00550/01000 (55.00%) | loss: 6.733524 | lrm: 1.00 | dt: 225.13ms | tok/sec: 4,548 | bf16_mfu: 0.00 | epoch: 1 pq: 0 rg: 2 | total time: 2.08m | eta: 1.7m
step 00551/01000 (55.10%) | loss: 6.725499 | lrm: 1.00 | dt: 212.70ms | tok/sec: 4,814 | bf16_mfu: 0.00 | epoch: 1 pq: 0 rg: 2 | total time: 2.08m | eta: 1.7m
step 00552/01000 (55.20%) | loss: 6.674415 | lrm: 1.00 | dt: 244.33ms | tok/sec: 4,191 | bf16_mfu: 0.00 | epoch: 1 pq: 0 rg: 2 | total time: 2.09m | eta: 1.7m
step 00553/01000 (55.30%) | loss: 6.686600 | lrm: 1.00 | dt: 436.54ms | tok/sec: 2,345 | bf16_mfu: 0.00 | epoch: 1 pq: 0 rg: 2 | total time: 2.09m | eta: 1.7m
step 00554/01000 (55.40%) | loss: 6.701796 | lrm: 1.00 | dt: 204.95ms | tok/sec: 4,996 | bf16_mfu: 0.00 | epoch: 1 pq: 0 rg: 2 | total time: 2.10m | eta: 1.7m
step 00555/01000 (55.50%) | loss: 6.669253 | lrm: 1.00 | dt: 234.52ms | tok/sec: 4,366 | bf16_mfu: 0.00 | epoch: 1 pq: 0 rg: 2 | total time: 2.10m | eta: 1.7m
step 00556/01000 (55.60%) | loss: 6.611236 | lrm: 1.00 | dt: 215.35ms | tok/sec: 4,755 | bf16_mfu: 0.00 | epoch: 1 pq: 0 rg: 2 | total time: 2.10m | eta: 1.7m
step 00557/01000 (55.70%) | loss: 6.618438 | lrm: 1.00 | dt: 238.68ms | tok/sec: 4,290 | bf16_mfu: 0.00 | epoch: 1 pq: 0 rg: 2 | total time: 2.11m | eta: 1.7m
step 00558/01000 (55.80%) | loss: 6.588228 | lrm: 1.00 | dt: 235.51ms | tok/sec: 4,347 | bf16_mfu: 0.00 | epoch: 1 pq: 0 rg: 2 | total time: 2.11m | eta: 1.7m
step 00559/01000 (55.90%) | loss: 6.620330 | lrm: 1.00 | dt: 259.55ms | tok/sec: 3,945 | bf16_mfu: 0.00 | epoch: 1 pq: 0 rg: 2 | total time: 2.12m | eta: 1.7m
step 00560/01000 (56.00%) | loss: 6.660365 | lrm: 1.00 | dt: 250.83ms | tok/sec: 4,082 | bf16_mfu: 0.00 | epoch: 1 pq: 0 rg: 2 | total time: 2.12m | eta: 1.7m
step 00561/01000 (56.10%) | loss: 6.688835 | lrm: 1.00 | dt: 183.84ms | tok/sec: 5,570 | bf16_mfu: 0.00 | epoch: 1 pq: 0 rg: 2 | total time: 2.12m | eta: 1.7m
step 00562/01000 (56.20%) | loss: 6.697595 | lrm: 1.00 | dt: 210.81ms | tok/sec: 4,857 | bf16_mfu: 0.00 | epoch: 1 pq: 0 rg: 2 | total time: 2.13m | eta: 1.7m
step 00563/01000 (56.30%) | loss: 6.695019 | lrm: 1.00 | dt: 223.07ms | tok/sec: 4,590 | bf16_mfu: 0.00 | epoch: 1 pq: 0 rg: 2 | total time: 2.13m | eta: 1.7m
step 00564/01000 (56.40%) | loss: 6.743390 | lrm: 1.00 | dt: 230.72ms | tok/sec: 4,438 | bf16_mfu: 0.00 | epoch: 1 pq: 0 rg: 2 | total time: 2.14m | eta: 1.7m
step 00565/01000 (56.50%) | loss: 6.808091 | lrm: 1.00 | dt: 234.68ms | tok/sec: 4,363 | bf16_mfu: 0.00 | epoch: 1 pq: 0 rg: 2 | total time: 2.14m | eta: 1.7m
step 00566/01000 (56.60%) | loss: 6.770551 | lrm: 1.00 | dt: 221.49ms | tok/sec: 4,623 | bf16_mfu: 0.00 | epoch: 1 pq: 0 rg: 2 | total time: 2.14m | eta: 1.7m
step 00567/01000 (56.70%) | loss: 6.750312 | lrm: 1.00 | dt: 224.81ms | tok/sec: 4,555 | bf16_mfu: 0.00 | epoch: 1 pq: 0 rg: 2 | total time: 2.15m | eta: 1.7m
step 00568/01000 (56.80%) | loss: 6.813921 | lrm: 1.00 | dt: 201.70ms | tok/sec: 5,076 | bf16_mfu: 0.00 | epoch: 1 pq: 0 rg: 2 | total time: 2.15m | eta: 1.7m
step 00569/01000 (56.90%) | loss: 6.817149 | lrm: 1.00 | dt: 389.44ms | tok/sec: 2,629 | bf16_mfu: 0.00 | epoch: 1 pq: 0 rg: 2 | total time: 2.16m | eta: 1.7m
step 00570/01000 (57.00%) | loss: 6.808246 | lrm: 1.00 | dt: 172.44ms | tok/sec: 5,938 | bf16_mfu: 0.00 | epoch: 1 pq: 0 rg: 2 | total time: 2.16m | eta: 1.7m
step 00571/01000 (57.10%) | loss: 6.748436 | lrm: 1.00 | dt: 201.04ms | tok/sec: 5,093 | bf16_mfu: 0.00 | epoch: 1 pq: 0 rg: 2 | total time: 2.16m | eta: 1.7m
step 00572/01000 (57.20%) | loss: 6.739587 | lrm: 1.00 | dt: 228.36ms | tok/sec: 4,484 | bf16_mfu: 0.00 | epoch: 1 pq: 0 rg: 2 | total time: 2.17m | eta: 1.6m
step 00573/01000 (57.30%) | loss: 6.713537 | lrm: 1.00 | dt: 264.25ms | tok/sec: 3,875 | bf16_mfu: 0.00 | epoch: 1 pq: 0 rg: 2 | total time: 2.17m | eta: 1.6m
step 00574/01000 (57.40%) | loss: 6.741813 | lrm: 1.00 | dt: 177.63ms | tok/sec: 5,764 | bf16_mfu: 0.00 | epoch: 1 pq: 0 rg: 2 | total time: 2.17m | eta: 1.6m
step 00575/01000 (57.50%) | loss: 6.730962 | lrm: 1.00 | dt: 175.17ms | tok/sec: 5,845 | bf16_mfu: 0.00 | epoch: 1 pq: 0 rg: 2 | total time: 2.18m | eta: 1.6m
step 00576/01000 (57.60%) | loss: 6.705790 | lrm: 1.00 | dt: 201.89ms | tok/sec: 5,071 | bf16_mfu: 0.00 | epoch: 1 pq: 0 rg: 2 | total time: 2.18m | eta: 1.6m
step 00577/01000 (57.70%) | loss: 6.734645 | lrm: 1.00 | dt: 194.80ms | tok/sec: 5,256 | bf16_mfu: 0.00 | epoch: 1 pq: 0 rg: 2 | total time: 2.18m | eta: 1.6m
step 00578/01000 (57.80%) | loss: 6.694818 | lrm: 1.00 | dt: 214.95ms | tok/sec: 4,763 | bf16_mfu: 0.00 | epoch: 1 pq: 0 rg: 2 | total time: 2.19m | eta: 1.6m
step 00579/01000 (57.90%) | loss: 6.683916 | lrm: 1.00 | dt: 180.31ms | tok/sec: 5,679 | bf16_mfu: 0.00 | epoch: 1 pq: 0 rg: 2 | total time: 2.19m | eta: 1.6m
step 00580/01000 (58.00%) | loss: 6.679096 | lrm: 1.00 | dt: 193.88ms | tok/sec: 5,281 | bf16_mfu: 0.00 | epoch: 1 pq: 0 rg: 2 | total time: 2.19m | eta: 1.6m
step 00581/01000 (58.10%) | loss: 6.763754 | lrm: 1.00 | dt: 321.92ms | tok/sec: 3,180 | bf16_mfu: 0.00 | epoch: 1 pq: 0 rg: 2 | total time: 2.20m | eta: 1.6m
step 00582/01000 (58.20%) | loss: 6.715101 | lrm: 1.00 | dt: 244.12ms | tok/sec: 4,194 | bf16_mfu: 0.00 | epoch: 1 pq: 0 rg: 2 | total time: 2.20m | eta: 1.6m
step 00583/01000 (58.30%) | loss: 6.767708 | lrm: 1.00 | dt: 198.71ms | tok/sec: 5,153 | bf16_mfu: 0.00 | epoch: 1 pq: 0 rg: 2 | total time: 2.21m | eta: 1.6m
step 00584/01000 (58.40%) | loss: 6.759917 | lrm: 1.00 | dt: 196.31ms | tok/sec: 5,216 | bf16_mfu: 0.00 | epoch: 1 pq: 0 rg: 2 | total time: 2.21m | eta: 1.6m
step 00585/01000 (58.50%) | loss: 6.757743 | lrm: 1.00 | dt: 247.95ms | tok/sec: 4,129 | bf16_mfu: 0.00 | epoch: 1 pq: 0 rg: 2 | total time: 2.21m | eta: 1.6m
step 00586/01000 (58.60%) | loss: 6.817427 | lrm: 1.00 | dt: 224.65ms | tok/sec: 4,558 | bf16_mfu: 0.00 | epoch: 1 pq: 0 rg: 2 | total time: 2.22m | eta: 1.6m
step 00587/01000 (58.70%) | loss: 6.793292 | lrm: 1.00 | dt: 230.14ms | tok/sec: 4,449 | bf16_mfu: 0.00 | epoch: 1 pq: 0 rg: 2 | total time: 2.22m | eta: 1.6m
step 00588/01000 (58.80%) | loss: 6.815585 | lrm: 1.00 | dt: 233.79ms | tok/sec: 4,380 | bf16_mfu: 0.00 | epoch: 1 pq: 0 rg: 2 | total time: 2.22m | eta: 1.6m
step 00589/01000 (58.90%) | loss: 6.788560 | lrm: 1.00 | dt: 267.27ms | tok/sec: 3,831 | bf16_mfu: 0.00 | epoch: 1 pq: 0 rg: 2 | total time: 2.23m | eta: 1.6m
step 00590/01000 (59.00%) | loss: 6.800381 | lrm: 1.00 | dt: 256.21ms | tok/sec: 3,996 | bf16_mfu: 0.00 | epoch: 1 pq: 0 rg: 2 | total time: 2.23m | eta: 1.6m
step 00591/01000 (59.10%) | loss: 6.864564 | lrm: 1.00 | dt: 413.18ms | tok/sec: 2,478 | bf16_mfu: 0.00 | epoch: 1 pq: 0 rg: 2 | total time: 2.24m | eta: 1.6m
step 00592/01000 (59.20%) | loss: 6.852760 | lrm: 1.00 | dt: 205.17ms | tok/sec: 4,990 | bf16_mfu: 0.00 | epoch: 1 pq: 0 rg: 2 | total time: 2.24m | eta: 1.6m
step 00593/01000 (59.30%) | loss: 6.818965 | lrm: 1.00 | dt: 206.40ms | tok/sec: 4,961 | bf16_mfu: 0.00 | epoch: 1 pq: 0 rg: 2 | total time: 2.25m | eta: 1.6m
step 00594/01000 (59.40%) | loss: 6.823420 | lrm: 1.00 | dt: 243.96ms | tok/sec: 4,197 | bf16_mfu: 0.00 | epoch: 1 pq: 0 rg: 2 | total time: 2.25m | eta: 1.6m
step 00595/01000 (59.50%) | loss: 6.854523 | lrm: 1.00 | dt: 213.51ms | tok/sec: 4,796 | bf16_mfu: 0.00 | epoch: 1 pq: 0 rg: 2 | total time: 2.25m | eta: 1.6m
step 00596/01000 (59.60%) | loss: 6.901137 | lrm: 1.00 | dt: 253.36ms | tok/sec: 4,041 | bf16_mfu: 0.00 | epoch: 1 pq: 0 rg: 2 | total time: 2.26m | eta: 1.6m
step 00597/01000 (59.70%) | loss: 6.883175 | lrm: 1.00 | dt: 195.09ms | tok/sec: 5,248 | bf16_mfu: 0.00 | epoch: 1 pq: 0 rg: 2 | total time: 2.26m | eta: 1.6m
step 00598/01000 (59.80%) | loss: 6.932223 | lrm: 1.00 | dt: 184.62ms | tok/sec: 5,546 | bf16_mfu: 0.00 | epoch: 1 pq: 0 rg: 2 | total time: 2.27m | eta: 1.5m
step 00599/01000 (59.90%) | loss: 6.970813 | lrm: 1.00 | dt: 239.14ms | tok/sec: 4,281 | bf16_mfu: 0.00 | epoch: 1 pq: 0 rg: 2 | total time: 2.27m | eta: 1.5m
step 00600/01000 (60.00%) | loss: 7.025097 | lrm: 1.00 | dt: 222.61ms | tok/sec: 4,600 | bf16_mfu: 0.00 | epoch: 1 pq: 0 rg: 2 | total time: 2.27m | eta: 1.5m
step 00601/01000 (60.10%) | loss: 6.972801 | lrm: 1.00 | dt: 233.71ms | tok/sec: 4,381 | bf16_mfu: 0.00 | epoch: 1 pq: 0 rg: 2 | total time: 2.28m | eta: 1.5m
step 00602/01000 (60.20%) | loss: 6.908505 | lrm: 1.00 | dt: 237.16ms | tok/sec: 4,317 | bf16_mfu: 0.00 | epoch: 1 pq: 0 rg: 2 | total time: 2.28m | eta: 1.5m
step 00603/01000 (60.30%) | loss: 6.918180 | lrm: 1.00 | dt: 247.61ms | tok/sec: 4,135 | bf16_mfu: 0.00 | epoch: 1 pq: 0 rg: 2 | total time: 2.28m | eta: 1.5m
step 00604/01000 (60.40%) | loss: 6.924688 | lrm: 1.00 | dt: 427.97ms | tok/sec: 2,392 | bf16_mfu: 0.00 | epoch: 1 pq: 0 rg: 2 | total time: 2.29m | eta: 1.5m
step 00605/01000 (60.50%) | loss: 6.903917 | lrm: 1.00 | dt: 225.13ms | tok/sec: 4,548 | bf16_mfu: 0.00 | epoch: 1 pq: 0 rg: 2 | total time: 2.30m | eta: 1.5m
step 00606/01000 (60.60%) | loss: 6.887137 | lrm: 1.00 | dt: 161.59ms | tok/sec: 6,336 | bf16_mfu: 0.00 | epoch: 1 pq: 0 rg: 2 | total time: 2.30m | eta: 1.5m
step 00607/01000 (60.70%) | loss: 6.916514 | lrm: 1.00 | dt: 152.24ms | tok/sec: 6,726 | bf16_mfu: 0.00 | epoch: 1 pq: 0 rg: 2 | total time: 2.30m | eta: 1.5m
step 00608/01000 (60.80%) | loss: 6.924616 | lrm: 1.00 | dt: 188.05ms | tok/sec: 5,445 | bf16_mfu: 0.00 | epoch: 1 pq: 0 rg: 2 | total time: 2.30m | eta: 1.5m
step 00609/01000 (60.90%) | loss: 6.908973 | lrm: 1.00 | dt: 189.13ms | tok/sec: 5,414 | bf16_mfu: 0.00 | epoch: 1 pq: 0 rg: 2 | total time: 2.31m | eta: 1.5m
step 00610/01000 (61.00%) | loss: 6.935830 | lrm: 1.00 | dt: 183.59ms | tok/sec: 5,577 | bf16_mfu: 0.00 | epoch: 1 pq: 0 rg: 2 | total time: 2.31m | eta: 1.5m
step 00611/01000 (61.10%) | loss: 6.916767 | lrm: 1.00 | dt: 199.66ms | tok/sec: 5,128 | bf16_mfu: 0.00 | epoch: 1 pq: 0 rg: 2 | total time: 2.31m | eta: 1.5m
step 00612/01000 (61.20%) | loss: 6.835857 | lrm: 1.00 | dt: 187.48ms | tok/sec: 5,462 | bf16_mfu: 0.00 | epoch: 1 pq: 0 rg: 2 | total time: 2.32m | eta: 1.5m
step 00613/01000 (61.30%) | loss: 6.788278 | lrm: 1.00 | dt: 194.42ms | tok/sec: 5,267 | bf16_mfu: 0.00 | epoch: 1 pq: 0 rg: 2 | total time: 2.32m | eta: 1.5m
step 00614/01000 (61.40%) | loss: 6.665270 | lrm: 1.00 | dt: 192.97ms | tok/sec: 5,306 | bf16_mfu: 0.00 | epoch: 1 pq: 0 rg: 2 | total time: 2.32m | eta: 1.5m
step 00615/01000 (61.50%) | loss: 6.673159 | lrm: 1.00 | dt: 189.87ms | tok/sec: 5,393 | bf16_mfu: 0.00 | epoch: 1 pq: 0 rg: 2 | total time: 2.33m | eta: 1.5m
step 00616/01000 (61.60%) | loss: 6.568681 | lrm: 1.00 | dt: 196.11ms | tok/sec: 5,221 | bf16_mfu: 0.00 | epoch: 1 pq: 0 rg: 2 | total time: 2.33m | eta: 1.5m
step 00617/01000 (61.70%) | loss: 6.535319 | lrm: 1.00 | dt: 197.03ms | tok/sec: 5,197 | bf16_mfu: 0.00 | epoch: 1 pq: 0 rg: 2 | total time: 2.33m | eta: 1.5m
step 00618/01000 (61.80%) | loss: 6.626726 | lrm: 1.00 | dt: 252.22ms | tok/sec: 4,059 | bf16_mfu: 0.00 | epoch: 1 pq: 0 rg: 3 | total time: 2.34m | eta: 1.5m
step 00619/01000 (61.90%) | loss: 6.653142 | lrm: 1.00 | dt: 197.21ms | tok/sec: 5,192 | bf16_mfu: 0.00 | epoch: 1 pq: 0 rg: 3 | total time: 2.34m | eta: 1.5m
step 00620/01000 (62.00%) | loss: 6.691209 | lrm: 1.00 | dt: 220.05ms | tok/sec: 4,653 | bf16_mfu: 0.00 | epoch: 1 pq: 0 rg: 3 | total time: 2.34m | eta: 1.5m
step 00621/01000 (62.10%) | loss: 6.734253 | lrm: 1.00 | dt: 350.54ms | tok/sec: 2,921 | bf16_mfu: 0.00 | epoch: 1 pq: 0 rg: 3 | total time: 2.35m | eta: 1.5m
step 00622/01000 (62.20%) | loss: 6.693484 | lrm: 1.00 | dt: 228.19ms | tok/sec: 4,487 | bf16_mfu: 0.00 | epoch: 1 pq: 0 rg: 3 | total time: 2.35m | eta: 1.5m
step 00623/01000 (62.30%) | loss: 6.717590 | lrm: 1.00 | dt: 216.81ms | tok/sec: 4,723 | bf16_mfu: 0.00 | epoch: 1 pq: 0 rg: 3 | total time: 2.36m | eta: 1.4m
step 00624/01000 (62.40%) | loss: 6.741129 | lrm: 1.00 | dt: 209.15ms | tok/sec: 4,896 | bf16_mfu: 0.00 | epoch: 1 pq: 0 rg: 3 | total time: 2.36m | eta: 1.4m
step 00625/01000 (62.50%) | loss: 6.718407 | lrm: 1.00 | dt: 187.15ms | tok/sec: 5,471 | bf16_mfu: 0.00 | epoch: 1 pq: 0 rg: 3 | total time: 2.36m | eta: 1.4m
step 00626/01000 (62.60%) | loss: 6.794034 | lrm: 1.00 | dt: 186.09ms | tok/sec: 5,502 | bf16_mfu: 0.00 | epoch: 1 pq: 0 rg: 3 | total time: 2.37m | eta: 1.4m
step 00627/01000 (62.70%) | loss: 6.772080 | lrm: 1.00 | dt: 228.97ms | tok/sec: 4,472 | bf16_mfu: 0.00 | epoch: 1 pq: 0 rg: 3 | total time: 2.37m | eta: 1.4m
step 00628/01000 (62.80%) | loss: 6.700674 | lrm: 1.00 | dt: 194.11ms | tok/sec: 5,275 | bf16_mfu: 0.00 | epoch: 1 pq: 0 rg: 3 | total time: 2.37m | eta: 1.4m
step 00629/01000 (62.90%) | loss: 6.706529 | lrm: 1.00 | dt: 232.61ms | tok/sec: 4,402 | bf16_mfu: 0.00 | epoch: 1 pq: 0 rg: 3 | total time: 2.38m | eta: 1.4m
step 00630/01000 (63.00%) | loss: 6.744565 | lrm: 1.00 | dt: 185.03ms | tok/sec: 5,534 | bf16_mfu: 0.00 | epoch: 1 pq: 0 rg: 3 | total time: 2.38m | eta: 1.4m
step 00631/01000 (63.10%) | loss: 6.740769 | lrm: 1.00 | dt: 220.81ms | tok/sec: 4,637 | bf16_mfu: 0.00 | epoch: 1 pq: 0 rg: 3 | total time: 2.38m | eta: 1.4m
step 00632/01000 (63.20%) | loss: 6.700604 | lrm: 1.00 | dt: 355.64ms | tok/sec: 2,879 | bf16_mfu: 0.00 | epoch: 1 pq: 0 rg: 3 | total time: 2.39m | eta: 1.4m
step 00633/01000 (63.30%) | loss: 6.726185 | lrm: 1.00 | dt: 209.85ms | tok/sec: 4,879 | bf16_mfu: 0.00 | epoch: 1 pq: 0 rg: 3 | total time: 2.39m | eta: 1.4m
step 00634/01000 (63.40%) | loss: 6.702102 | lrm: 1.00 | dt: 254.97ms | tok/sec: 4,016 | bf16_mfu: 0.00 | epoch: 1 pq: 0 rg: 3 | total time: 2.40m | eta: 1.4m
step 00635/01000 (63.50%) | loss: 6.659739 | lrm: 1.00 | dt: 243.17ms | tok/sec: 4,211 | bf16_mfu: 0.00 | epoch: 1 pq: 0 rg: 3 | total time: 2.40m | eta: 1.4m
step 00636/01000 (63.60%) | loss: 6.716427 | lrm: 1.00 | dt: 246.10ms | tok/sec: 4,160 | bf16_mfu: 0.00 | epoch: 1 pq: 0 rg: 3 | total time: 2.41m | eta: 1.4m
step 00637/01000 (63.70%) | loss: 6.622719 | lrm: 1.00 | dt: 276.08ms | tok/sec: 3,709 | bf16_mfu: 0.00 | epoch: 1 pq: 0 rg: 3 | total time: 2.41m | eta: 1.4m
step 00638/01000 (63.80%) | loss: 6.610149 | lrm: 1.00 | dt: 262.69ms | tok/sec: 3,898 | bf16_mfu: 0.00 | epoch: 1 pq: 0 rg: 3 | total time: 2.42m | eta: 1.4m
step 00639/01000 (63.90%) | loss: 6.612400 | lrm: 1.00 | dt: 241.38ms | tok/sec: 4,242 | bf16_mfu: 0.00 | epoch: 1 pq: 0 rg: 3 | total time: 2.42m | eta: 1.4m
step 00640/01000 (64.00%) | loss: 6.553495 | lrm: 1.00 | dt: 242.12ms | tok/sec: 4,229 | bf16_mfu: 0.00 | epoch: 1 pq: 0 rg: 3 | total time: 2.42m | eta: 1.4m
step 00641/01000 (64.10%) | loss: 6.526280 | lrm: 1.00 | dt: 235.83ms | tok/sec: 4,342 | bf16_mfu: 0.00 | epoch: 1 pq: 0 rg: 3 | total time: 2.43m | eta: 1.4m
step 00642/01000 (64.20%) | loss: 6.605514 | lrm: 1.00 | dt: 223.36ms | tok/sec: 4,584 | bf16_mfu: 0.00 | epoch: 1 pq: 0 rg: 3 | total time: 2.43m | eta: 1.4m
step 00643/01000 (64.30%) | loss: 6.597503 | lrm: 1.00 | dt: 215.64ms | tok/sec: 4,748 | bf16_mfu: 0.00 | epoch: 1 pq: 0 rg: 3 | total time: 2.44m | eta: 1.4m
step 00644/01000 (64.40%) | loss: 6.589350 | lrm: 1.00 | dt: 239.75ms | tok/sec: 4,271 | bf16_mfu: 0.00 | epoch: 1 pq: 0 rg: 3 | total time: 2.44m | eta: 1.4m
step 00645/01000 (64.50%) | loss: 6.607519 | lrm: 1.00 | dt: 207.21ms | tok/sec: 4,941 | bf16_mfu: 0.00 | epoch: 1 pq: 0 rg: 3 | total time: 2.44m | eta: 1.4m
step 00646/01000 (64.60%) | loss: 6.649559 | lrm: 1.00 | dt: 421.31ms | tok/sec: 2,430 | bf16_mfu: 0.00 | epoch: 1 pq: 0 rg: 3 | total time: 2.45m | eta: 1.4m
step 00647/01000 (64.70%) | loss: 6.672469 | lrm: 1.00 | dt: 205.67ms | tok/sec: 4,978 | bf16_mfu: 0.00 | epoch: 1 pq: 0 rg: 3 | total time: 2.45m | eta: 1.4m
step 00648/01000 (64.80%) | loss: 6.676602 | lrm: 1.00 | dt: 213.88ms | tok/sec: 4,787 | bf16_mfu: 0.00 | epoch: 1 pq: 0 rg: 3 | total time: 2.46m | eta: 1.4m
step 00649/01000 (64.90%) | loss: 6.695557 | lrm: 1.00 | dt: 268.51ms | tok/sec: 3,813 | bf16_mfu: 0.00 | epoch: 1 pq: 0 rg: 3 | total time: 2.46m | eta: 1.4m
step 00650/01000 (65.00%) | loss: 6.725103 | lrm: 1.00 | dt: 260.34ms | tok/sec: 3,933 | bf16_mfu: 0.00 | epoch: 1 pq: 0 rg: 3 | total time: 2.47m | eta: 1.3m
step 00651/01000 (65.10%) | loss: 6.749146 | lrm: 1.00 | dt: 183.60ms | tok/sec: 5,577 | bf16_mfu: 0.00 | epoch: 1 pq: 0 rg: 3 | total time: 2.47m | eta: 1.3m
step 00652/01000 (65.20%) | loss: 6.736142 | lrm: 1.00 | dt: 220.54ms | tok/sec: 4,643 | bf16_mfu: 0.00 | epoch: 1 pq: 0 rg: 3 | total time: 2.47m | eta: 1.3m
step 00653/01000 (65.30%) | loss: 6.747732 | lrm: 1.00 | dt: 195.76ms | tok/sec: 5,231 | bf16_mfu: 0.00 | epoch: 1 pq: 0 rg: 3 | total time: 2.48m | eta: 1.3m
step 00654/01000 (65.40%) | loss: 6.765484 | lrm: 1.00 | dt: 355.55ms | tok/sec: 2,880 | bf16_mfu: 0.00 | epoch: 1 pq: 0 rg: 3 | total time: 2.48m | eta: 1.3m
step 00655/01000 (65.50%) | loss: 6.765954 | lrm: 1.00 | dt: 163.74ms | tok/sec: 6,253 | bf16_mfu: 0.00 | epoch: 1 pq: 0 rg: 3 | total time: 2.48m | eta: 1.3m
step 00656/01000 (65.60%) | loss: 6.759475 | lrm: 1.00 | dt: 243.23ms | tok/sec: 4,209 | bf16_mfu: 0.00 | epoch: 1 pq: 0 rg: 3 | total time: 2.49m | eta: 1.3m
step 00657/01000 (65.70%) | loss: 6.767695 | lrm: 1.00 | dt: 196.84ms | tok/sec: 5,202 | bf16_mfu: 0.00 | epoch: 1 pq: 0 rg: 3 | total time: 2.49m | eta: 1.3m
step 00658/01000 (65.80%) | loss: 6.770639 | lrm: 1.00 | dt: 213.75ms | tok/sec: 4,790 | bf16_mfu: 0.00 | epoch: 1 pq: 0 rg: 3 | total time: 2.49m | eta: 1.3m
step 00659/01000 (65.90%) | loss: 6.715611 | lrm: 1.00 | dt: 355.59ms | tok/sec: 2,879 | bf16_mfu: 0.00 | epoch: 1 pq: 0 rg: 3 | total time: 2.50m | eta: 1.3m
step 00660/01000 (66.00%) | loss: 6.681712 | lrm: 1.00 | dt: 184.92ms | tok/sec: 5,537 | bf16_mfu: 0.00 | epoch: 1 pq: 0 rg: 3 | total time: 2.50m | eta: 1.3m
step 00661/01000 (66.10%) | loss: 6.704736 | lrm: 1.00 | dt: 198.03ms | tok/sec: 5,171 | bf16_mfu: 0.00 | epoch: 1 pq: 0 rg: 3 | total time: 2.51m | eta: 1.3m
step 00662/01000 (66.20%) | loss: 6.752160 | lrm: 1.00 | dt: 196.23ms | tok/sec: 5,218 | bf16_mfu: 0.00 | epoch: 1 pq: 0 rg: 3 | total time: 2.51m | eta: 1.3m
step 00663/01000 (66.30%) | loss: 6.785318 | lrm: 1.00 | dt: 180.59ms | tok/sec: 5,670 | bf16_mfu: 0.00 | epoch: 1 pq: 0 rg: 3 | total time: 2.51m | eta: 1.3m
step 00664/01000 (66.40%) | loss: 6.785343 | lrm: 1.00 | dt: 188.32ms | tok/sec: 5,437 | bf16_mfu: 0.00 | epoch: 1 pq: 0 rg: 3 | total time: 2.52m | eta: 1.3m
step 00665/01000 (66.50%) | loss: 6.737402 | lrm: 1.00 | dt: 185.12ms | tok/sec: 5,531 | bf16_mfu: 0.00 | epoch: 1 pq: 0 rg: 3 | total time: 2.52m | eta: 1.3m
step 00666/01000 (66.60%) | loss: 6.698584 | lrm: 1.00 | dt: 185.05ms | tok/sec: 5,533 | bf16_mfu: 0.00 | epoch: 1 pq: 0 rg: 3 | total time: 2.52m | eta: 1.3m
step 00667/01000 (66.70%) | loss: 6.671504 | lrm: 1.00 | dt: 184.98ms | tok/sec: 5,535 | bf16_mfu: 0.00 | epoch: 1 pq: 0 rg: 3 | total time: 2.53m | eta: 1.3m
step 00668/01000 (66.80%) | loss: 6.674176 | lrm: 1.00 | dt: 213.54ms | tok/sec: 4,795 | bf16_mfu: 0.00 | epoch: 1 pq: 0 rg: 3 | total time: 2.53m | eta: 1.3m
step 00669/01000 (66.90%) | loss: 6.667387 | lrm: 1.00 | dt: 214.29ms | tok/sec: 4,778 | bf16_mfu: 0.00 | epoch: 1 pq: 0 rg: 3 | total time: 2.53m | eta: 1.3m
step 00670/01000 (67.00%) | loss: 6.649925 | lrm: 1.00 | dt: 238.08ms | tok/sec: 4,301 | bf16_mfu: 0.00 | epoch: 1 pq: 0 rg: 3 | total time: 2.54m | eta: 1.3m
step 00671/01000 (67.10%) | loss: 6.695698 | lrm: 1.00 | dt: 216.28ms | tok/sec: 4,734 | bf16_mfu: 0.00 | epoch: 1 pq: 0 rg: 3 | total time: 2.54m | eta: 1.3m
step 00672/01000 (67.20%) | loss: 6.695564 | lrm: 1.00 | dt: 474.73ms | tok/sec: 2,157 | bf16_mfu: 0.00 | epoch: 1 pq: 0 rg: 3 | total time: 2.55m | eta: 1.3m
step 00673/01000 (67.30%) | loss: 6.671691 | lrm: 1.00 | dt: 231.63ms | tok/sec: 4,420 | bf16_mfu: 0.00 | epoch: 1 pq: 0 rg: 3 | total time: 2.55m | eta: 1.3m
step 00674/01000 (67.40%) | loss: 6.721434 | lrm: 1.00 | dt: 209.83ms | tok/sec: 4,880 | bf16_mfu: 0.00 | epoch: 1 pq: 0 rg: 3 | total time: 2.56m | eta: 1.3m
step 00675/01000 (67.50%) | loss: 6.719474 | lrm: 1.00 | dt: 197.14ms | tok/sec: 5,194 | bf16_mfu: 0.00 | epoch: 1 pq: 0 rg: 3 | total time: 2.56m | eta: 1.3m
step 00676/01000 (67.60%) | loss: 6.814759 | lrm: 1.00 | dt: 231.10ms | tok/sec: 4,430 | bf16_mfu: 0.00 | epoch: 1 pq: 0 rg: 3 | total time: 2.56m | eta: 1.2m
step 00677/01000 (67.70%) | loss: 6.785297 | lrm: 1.00 | dt: 216.84ms | tok/sec: 4,722 | bf16_mfu: 0.00 | epoch: 1 pq: 0 rg: 3 | total time: 2.57m | eta: 1.2m
step 00678/01000 (67.80%) | loss: 6.758262 | lrm: 1.00 | dt: 241.98ms | tok/sec: 4,231 | bf16_mfu: 0.00 | epoch: 1 pq: 0 rg: 3 | total time: 2.57m | eta: 1.2m
step 00679/01000 (67.90%) | loss: 6.769996 | lrm: 1.00 | dt: 212.46ms | tok/sec: 4,819 | bf16_mfu: 0.00 | epoch: 1 pq: 0 rg: 3 | total time: 2.57m | eta: 1.2m
step 00680/01000 (68.00%) | loss: 6.835103 | lrm: 1.00 | dt: 215.85ms | tok/sec: 4,744 | bf16_mfu: 0.00 | epoch: 1 pq: 0 rg: 3 | total time: 2.58m | eta: 1.2m
step 00681/01000 (68.10%) | loss: 6.786945 | lrm: 1.00 | dt: 201.39ms | tok/sec: 5,084 | bf16_mfu: 0.00 | epoch: 1 pq: 0 rg: 3 | total time: 2.58m | eta: 1.2m
step 00682/01000 (68.20%) | loss: 6.794607 | lrm: 1.00 | dt: 210.49ms | tok/sec: 4,864 | bf16_mfu: 0.00 | epoch: 1 pq: 0 rg: 3 | total time: 2.58m | eta: 1.2m
step 00683/01000 (68.30%) | loss: 6.753796 | lrm: 1.00 | dt: 363.68ms | tok/sec: 2,815 | bf16_mfu: 0.00 | epoch: 1 pq: 0 rg: 3 | total time: 2.59m | eta: 1.2m
step 00684/01000 (68.40%) | loss: 6.705368 | lrm: 1.00 | dt: 270.44ms | tok/sec: 3,786 | bf16_mfu: 0.00 | epoch: 1 pq: 0 rg: 3 | total time: 2.60m | eta: 1.2m
step 00685/01000 (68.50%) | loss: 6.638032 | lrm: 1.00 | dt: 215.70ms | tok/sec: 4,747 | bf16_mfu: 0.00 | epoch: 1 pq: 0 rg: 3 | total time: 2.60m | eta: 1.2m
step 00686/01000 (68.60%) | loss: 6.696005 | lrm: 1.00 | dt: 262.70ms | tok/sec: 3,897 | bf16_mfu: 0.00 | epoch: 1 pq: 0 rg: 3 | total time: 2.60m | eta: 1.2m
step 00687/01000 (68.70%) | loss: 6.664896 | lrm: 1.00 | dt: 216.28ms | tok/sec: 4,734 | bf16_mfu: 0.00 | epoch: 1 pq: 0 rg: 3 | total time: 2.61m | eta: 1.2m
step 00688/01000 (68.80%) | loss: 6.686945 | lrm: 1.00 | dt: 209.46ms | tok/sec: 4,888 | bf16_mfu: 0.00 | epoch: 1 pq: 0 rg: 3 | total time: 2.61m | eta: 1.2m
step 00689/01000 (68.90%) | loss: 6.705522 | lrm: 1.00 | dt: 236.56ms | tok/sec: 4,328 | bf16_mfu: 0.00 | epoch: 1 pq: 0 rg: 3 | total time: 2.61m | eta: 1.2m
step 00690/01000 (69.00%) | loss: 6.655732 | lrm: 1.00 | dt: 200.13ms | tok/sec: 5,116 | bf16_mfu: 0.00 | epoch: 1 pq: 0 rg: 3 | total time: 2.62m | eta: 1.2m
step 00691/01000 (69.10%) | loss: 6.708753 | lrm: 1.00 | dt: 300.04ms | tok/sec: 3,412 | bf16_mfu: 0.00 | epoch: 1 pq: 0 rg: 3 | total time: 2.62m | eta: 1.2m
step 00692/01000 (69.20%) | loss: 6.658977 | lrm: 1.00 | dt: 201.47ms | tok/sec: 5,082 | bf16_mfu: 0.00 | epoch: 1 pq: 0 rg: 3 | total time: 2.63m | eta: 1.2m
step 00693/01000 (69.30%) | loss: 6.690041 | lrm: 1.00 | dt: 381.24ms | tok/sec: 2,686 | bf16_mfu: 0.00 | epoch: 1 pq: 0 rg: 3 | total time: 2.63m | eta: 1.2m
step 00694/01000 (69.40%) | loss: 6.658807 | lrm: 1.00 | dt: 238.48ms | tok/sec: 4,293 | bf16_mfu: 0.00 | epoch: 1 pq: 0 rg: 3 | total time: 2.64m | eta: 1.2m
step 00695/01000 (69.50%) | loss: 6.666111 | lrm: 1.00 | dt: 189.34ms | tok/sec: 5,408 | bf16_mfu: 0.00 | epoch: 1 pq: 0 rg: 3 | total time: 2.64m | eta: 1.2m
step 00696/01000 (69.60%) | loss: 6.734476 | lrm: 1.00 | dt: 199.32ms | tok/sec: 5,137 | bf16_mfu: 0.00 | epoch: 1 pq: 0 rg: 3 | total time: 2.64m | eta: 1.2m
step 00697/01000 (69.70%) | loss: 6.611350 | lrm: 1.00 | dt: 209.86ms | tok/sec: 4,879 | bf16_mfu: 0.00 | epoch: 1 pq: 0 rg: 3 | total time: 2.65m | eta: 1.2m
step 00698/01000 (69.80%) | loss: 6.670105 | lrm: 1.00 | dt: 199.63ms | tok/sec: 5,129 | bf16_mfu: 0.00 | epoch: 1 pq: 0 rg: 3 | total time: 2.65m | eta: 1.2m
step 00699/01000 (69.90%) | loss: 6.682913 | lrm: 1.00 | dt: 210.63ms | tok/sec: 4,861 | bf16_mfu: 0.00 | epoch: 1 pq: 0 rg: 3 | total time: 2.65m | eta: 1.2m
step 00700/01000 (70.00%) | loss: 6.718811 | lrm: 1.00 | dt: 221.44ms | tok/sec: 4,624 | bf16_mfu: 0.00 | epoch: 1 pq: 0 rg: 3 | total time: 2.66m | eta: 1.2m
step 00701/01000 (70.10%) | loss: 6.666586 | lrm: 1.00 | dt: 195.88ms | tok/sec: 5,227 | bf16_mfu: 0.00 | epoch: 1 pq: 0 rg: 3 | total time: 2.66m | eta: 1.2m
step 00702/01000 (70.20%) | loss: 6.665084 | lrm: 1.00 | dt: 213.52ms | tok/sec: 4,795 | bf16_mfu: 0.00 | epoch: 1 pq: 0 rg: 3 | total time: 2.66m | eta: 1.1m
step 00703/01000 (70.30%) | loss: 6.698841 | lrm: 1.00 | dt: 196.64ms | tok/sec: 5,207 | bf16_mfu: 0.00 | epoch: 1 pq: 0 rg: 3 | total time: 2.67m | eta: 1.1m
step 00704/01000 (70.40%) | loss: 6.717548 | lrm: 1.00 | dt: 228.81ms | tok/sec: 4,475 | bf16_mfu: 0.00 | epoch: 1 pq: 0 rg: 3 | total time: 2.67m | eta: 1.1m
step 00705/01000 (70.50%) | loss: 6.683079 | lrm: 1.00 | dt: 201.74ms | tok/sec: 5,075 | bf16_mfu: 0.00 | epoch: 1 pq: 0 rg: 3 | total time: 2.67m | eta: 1.1m
step 00706/01000 (70.60%) | loss: 6.550633 | lrm: 1.00 | dt: 262.20ms | tok/sec: 3,905 | bf16_mfu: 0.00 | epoch: 1 pq: 0 rg: 3 | total time: 2.68m | eta: 1.1m
step 00707/01000 (70.70%) | loss: 6.519945 | lrm: 1.00 | dt: 190.90ms | tok/sec: 5,364 | bf16_mfu: 0.00 | epoch: 1 pq: 0 rg: 3 | total time: 2.68m | eta: 1.1m
step 00708/01000 (70.80%) | loss: 6.577637 | lrm: 1.00 | dt: 345.88ms | tok/sec: 2,960 | bf16_mfu: 0.00 | epoch: 1 pq: 0 rg: 3 | total time: 2.69m | eta: 1.1m
step 00709/01000 (70.90%) | loss: 6.580079 | lrm: 1.00 | dt: 232.01ms | tok/sec: 4,413 | bf16_mfu: 0.00 | epoch: 1 pq: 0 rg: 3 | total time: 2.69m | eta: 1.1m
step 00710/01000 (71.00%) | loss: 6.548656 | lrm: 1.00 | dt: 183.52ms | tok/sec: 5,579 | bf16_mfu: 0.00 | epoch: 1 pq: 0 rg: 3 | total time: 2.69m | eta: 1.1m
step 00711/01000 (71.10%) | loss: 6.510861 | lrm: 1.00 | dt: 203.65ms | tok/sec: 5,028 | bf16_mfu: 0.00 | epoch: 1 pq: 0 rg: 3 | total time: 2.70m | eta: 1.1m
step 00712/01000 (71.20%) | loss: 6.561286 | lrm: 1.00 | dt: 211.55ms | tok/sec: 4,840 | bf16_mfu: 0.00 | epoch: 1 pq: 0 rg: 3 | total time: 2.70m | eta: 1.1m
step 00713/01000 (71.30%) | loss: 6.571240 | lrm: 1.00 | dt: 243.04ms | tok/sec: 4,213 | bf16_mfu: 0.00 | epoch: 1 pq: 0 rg: 3 | total time: 2.71m | eta: 1.1m
step 00714/01000 (71.40%) | loss: 6.598991 | lrm: 1.00 | dt: 196.15ms | tok/sec: 5,220 | bf16_mfu: 0.00 | epoch: 1 pq: 0 rg: 3 | total time: 2.71m | eta: 1.1m
step 00715/01000 (71.50%) | loss: 6.559832 | lrm: 1.00 | dt: 211.27ms | tok/sec: 4,846 | bf16_mfu: 0.00 | epoch: 1 pq: 0 rg: 3 | total time: 2.71m | eta: 1.1m
step 00716/01000 (71.60%) | loss: 6.601828 | lrm: 1.00 | dt: 202.32ms | tok/sec: 5,061 | bf16_mfu: 0.00 | epoch: 1 pq: 0 rg: 3 | total time: 2.72m | eta: 1.1m
step 00717/01000 (71.70%) | loss: 6.583684 | lrm: 1.00 | dt: 205.54ms | tok/sec: 4,981 | bf16_mfu: 0.00 | epoch: 1 pq: 0 rg: 3 | total time: 2.72m | eta: 1.1m
step 00718/01000 (71.80%) | loss: 6.591387 | lrm: 1.00 | dt: 229.98ms | tok/sec: 4,452 | bf16_mfu: 0.00 | epoch: 1 pq: 0 rg: 3 | total time: 2.72m | eta: 1.1m
step 00719/01000 (71.90%) | loss: 6.604915 | lrm: 1.00 | dt: 218.17ms | tok/sec: 4,693 | bf16_mfu: 0.00 | epoch: 1 pq: 0 rg: 3 | total time: 2.73m | eta: 1.1m
step 00720/01000 (72.00%) | loss: 6.601646 | lrm: 1.00 | dt: 202.89ms | tok/sec: 5,047 | bf16_mfu: 0.00 | epoch: 1 pq: 0 rg: 3 | total time: 2.73m | eta: 1.1m
step 00721/01000 (72.10%) | loss: 6.613765 | lrm: 1.00 | dt: 190.93ms | tok/sec: 5,363 | bf16_mfu: 0.00 | epoch: 1 pq: 0 rg: 3 | total time: 2.73m | eta: 1.1m
step 00722/01000 (72.20%) | loss: 6.589960 | lrm: 1.00 | dt: 411.64ms | tok/sec: 2,487 | bf16_mfu: 0.00 | epoch: 1 pq: 0 rg: 3 | total time: 2.74m | eta: 1.1m
step 00723/01000 (72.30%) | loss: 6.582423 | lrm: 1.00 | dt: 205.22ms | tok/sec: 4,989 | bf16_mfu: 0.00 | epoch: 1 pq: 0 rg: 3 | total time: 2.74m | eta: 1.1m
step 00724/01000 (72.40%) | loss: 6.552934 | lrm: 1.00 | dt: 279.00ms | tok/sec: 3,670 | bf16_mfu: 0.00 | epoch: 1 pq: 0 rg: 3 | total time: 2.75m | eta: 1.1m
step 00725/01000 (72.50%) | loss: 6.492624 | lrm: 1.00 | dt: 265.78ms | tok/sec: 3,852 | bf16_mfu: 0.00 | epoch: 1 pq: 0 rg: 3 | total time: 2.75m | eta: 1.1m
step 00726/01000 (72.60%) | loss: 6.584313 | lrm: 1.00 | dt: 234.89ms | tok/sec: 4,359 | bf16_mfu: 0.00 | epoch: 1 pq: 0 rg: 3 | total time: 2.76m | eta: 1.1m
step 00727/01000 (72.70%) | loss: 6.575657 | lrm: 1.00 | dt: 196.77ms | tok/sec: 5,204 | bf16_mfu: 0.00 | epoch: 1 pq: 0 rg: 3 | total time: 2.76m | eta: 1.1m
step 00728/01000 (72.80%) | loss: 6.566606 | lrm: 1.00 | dt: 236.36ms | tok/sec: 4,332 | bf16_mfu: 0.00 | epoch: 1 pq: 0 rg: 3 | total time: 2.76m | eta: 1.0m
step 00729/01000 (72.90%) | loss: 6.494233 | lrm: 1.00 | dt: 229.67ms | tok/sec: 4,458 | bf16_mfu: 0.00 | epoch: 1 pq: 0 rg: 3 | total time: 2.77m | eta: 1.0m
step 00730/01000 (73.00%) | loss: 6.491922 | lrm: 1.00 | dt: 205.16ms | tok/sec: 4,991 | bf16_mfu: 0.00 | epoch: 1 pq: 0 rg: 3 | total time: 2.77m | eta: 1.0m
step 00731/01000 (73.10%) | loss: 6.580108 | lrm: 1.00 | dt: 227.50ms | tok/sec: 4,501 | bf16_mfu: 0.00 | epoch: 1 pq: 0 rg: 3 | total time: 2.77m | eta: 1.0m
step 00732/01000 (73.20%) | loss: 6.602117 | lrm: 1.00 | dt: 368.41ms | tok/sec: 2,779 | bf16_mfu: 0.00 | epoch: 1 pq: 0 rg: 3 | total time: 2.78m | eta: 1.0m
step 00733/01000 (73.30%) | loss: 6.579356 | lrm: 1.00 | dt: 235.26ms | tok/sec: 4,352 | bf16_mfu: 0.00 | epoch: 1 pq: 0 rg: 3 | total time: 2.78m | eta: 1.0m
step 00734/01000 (73.40%) | loss: 6.612651 | lrm: 1.00 | dt: 255.55ms | tok/sec: 4,007 | bf16_mfu: 0.00 | epoch: 1 pq: 0 rg: 3 | total time: 2.79m | eta: 1.0m
step 00735/01000 (73.50%) | loss: 6.655656 | lrm: 1.00 | dt: 229.90ms | tok/sec: 4,454 | bf16_mfu: 0.00 | epoch: 1 pq: 0 rg: 3 | total time: 2.79m | eta: 1.0m
step 00736/01000 (73.60%) | loss: 6.696667 | lrm: 1.00 | dt: 227.05ms | tok/sec: 4,510 | bf16_mfu: 0.00 | epoch: 1 pq: 0 rg: 3 | total time: 2.80m | eta: 1.0m
step 00737/01000 (73.70%) | loss: 6.699339 | lrm: 1.00 | dt: 232.17ms | tok/sec: 4,410 | bf16_mfu: 0.00 | epoch: 1 pq: 0 rg: 3 | total time: 2.80m | eta: 1.0m
step 00738/01000 (73.80%) | loss: 6.668627 | lrm: 1.00 | dt: 204.12ms | tok/sec: 5,016 | bf16_mfu: 0.00 | epoch: 1 pq: 0 rg: 3 | total time: 2.80m | eta: 1.0m
step 00739/01000 (73.90%) | loss: 6.646660 | lrm: 1.00 | dt: 244.77ms | tok/sec: 4,183 | bf16_mfu: 0.00 | epoch: 1 pq: 0 rg: 3 | total time: 2.81m | eta: 1.0m
step 00740/01000 (74.00%) | loss: 6.669556 | lrm: 1.00 | dt: 256.24ms | tok/sec: 3,996 | bf16_mfu: 0.00 | epoch: 1 pq: 0 rg: 3 | total time: 2.81m | eta: 1.0m
step 00741/01000 (74.10%) | loss: 6.636466 | lrm: 1.00 | dt: 216.27ms | tok/sec: 4,734 | bf16_mfu: 0.00 | epoch: 1 pq: 0 rg: 3 | total time: 2.82m | eta: 1.0m
step 00742/01000 (74.20%) | loss: 6.629139 | lrm: 1.00 | dt: 215.35ms | tok/sec: 4,754 | bf16_mfu: 0.00 | epoch: 1 pq: 0 rg: 3 | total time: 2.82m | eta: 1.0m
step 00743/01000 (74.30%) | loss: 6.610737 | lrm: 1.00 | dt: 194.23ms | tok/sec: 5,272 | bf16_mfu: 0.00 | epoch: 1 pq: 0 rg: 3 | total time: 2.82m | eta: 1.0m
step 00744/01000 (74.40%) | loss: 6.543870 | lrm: 1.00 | dt: 234.61ms | tok/sec: 4,364 | bf16_mfu: 0.00 | epoch: 1 pq: 0 rg: 3 | total time: 2.83m | eta: 1.0m
step 00745/01000 (74.50%) | loss: 6.555329 | lrm: 1.00 | dt: 430.05ms | tok/sec: 2,381 | bf16_mfu: 0.00 | epoch: 1 pq: 0 rg: 3 | total time: 2.83m | eta: 1.0m
step 00746/01000 (74.60%) | loss: 6.586816 | lrm: 1.00 | dt: 214.85ms | tok/sec: 4,766 | bf16_mfu: 0.00 | epoch: 1 pq: 0 rg: 3 | total time: 2.84m | eta: 1.0m
step 00747/01000 (74.70%) | loss: 6.551990 | lrm: 1.00 | dt: 228.57ms | tok/sec: 4,479 | bf16_mfu: 0.00 | epoch: 1 pq: 0 rg: 3 | total time: 2.84m | eta: 1.0m
step 00748/01000 (74.80%) | loss: 6.501199 | lrm: 1.00 | dt: 184.19ms | tok/sec: 5,559 | bf16_mfu: 0.00 | epoch: 1 pq: 0 rg: 3 | total time: 2.84m | eta: 1.0m
step 00749/01000 (74.90%) | loss: 6.557670 | lrm: 1.00 | dt: 219.36ms | tok/sec: 4,668 | bf16_mfu: 0.00 | epoch: 1 pq: 0 rg: 3 | total time: 2.85m | eta: 1.0m
step 00750/01000 (75.00%) | loss: 6.491908 | lrm: 1.00 | dt: 215.49ms | tok/sec: 4,752 | bf16_mfu: 0.00 | epoch: 1 pq: 0 rg: 3 | total time: 2.85m | eta: 1.0m
step 00751/01000 (75.10%) | loss: 6.508349 | lrm: 1.00 | dt: 184.46ms | tok/sec: 5,551 | bf16_mfu: 0.00 | epoch: 1 pq: 0 rg: 3 | total time: 2.85m | eta: 1.0m
step 00752/01000 (75.20%) | loss: 6.524924 | lrm: 1.00 | dt: 186.72ms | tok/sec: 5,484 | bf16_mfu: 0.00 | epoch: 1 pq: 0 rg: 3 | total time: 2.86m | eta: 1.0m
step 00753/01000 (75.30%) | loss: 6.551116 | lrm: 1.00 | dt: 185.43ms | tok/sec: 5,522 | bf16_mfu: 0.00 | epoch: 1 pq: 0 rg: 3 | total time: 2.86m | eta: 1.0m
step 00754/01000 (75.40%) | loss: 6.580281 | lrm: 1.00 | dt: 187.69ms | tok/sec: 5,455 | bf16_mfu: 0.00 | epoch: 1 pq: 0 rg: 3 | total time: 2.86m | eta: 0.9m
step 00755/01000 (75.50%) | loss: 6.666299 | lrm: 1.00 | dt: 195.10ms | tok/sec: 5,248 | bf16_mfu: 0.00 | epoch: 1 pq: 0 rg: 3 | total time: 2.87m | eta: 0.9m
step 00756/01000 (75.60%) | loss: 6.625087 | lrm: 1.00 | dt: 195.94ms | tok/sec: 5,225 | bf16_mfu: 0.00 | epoch: 1 pq: 0 rg: 3 | total time: 2.87m | eta: 0.9m
step 00757/01000 (75.70%) | loss: 6.658485 | lrm: 1.00 | dt: 177.29ms | tok/sec: 5,775 | bf16_mfu: 0.00 | epoch: 1 pq: 0 rg: 3 | total time: 2.87m | eta: 0.9m
step 00758/01000 (75.80%) | loss: 6.671125 | lrm: 1.00 | dt: 175.36ms | tok/sec: 5,839 | bf16_mfu: 0.00 | epoch: 1 pq: 0 rg: 3 | total time: 2.88m | eta: 0.9m
step 00759/01000 (75.90%) | loss: 6.680385 | lrm: 1.00 | dt: 188.98ms | tok/sec: 5,418 | bf16_mfu: 0.00 | epoch: 1 pq: 0 rg: 3 | total time: 2.88m | eta: 0.9m
step 00760/01000 (76.00%) | loss: 6.614607 | lrm: 1.00 | dt: 389.64ms | tok/sec: 2,628 | bf16_mfu: 0.00 | epoch: 1 pq: 0 rg: 3 | total time: 2.89m | eta: 0.9m
step 00761/01000 (76.10%) | loss: 6.602993 | lrm: 1.00 | dt: 250.65ms | tok/sec: 4,085 | bf16_mfu: 0.00 | epoch: 1 pq: 0 rg: 3 | total time: 2.89m | eta: 0.9m
step 00762/01000 (76.20%) | loss: 6.564877 | lrm: 1.00 | dt: 175.60ms | tok/sec: 5,831 | bf16_mfu: 0.00 | epoch: 1 pq: 0 rg: 3 | total time: 2.89m | eta: 0.9m
step 00763/01000 (76.30%) | loss: 6.530010 | lrm: 1.00 | dt: 222.91ms | tok/sec: 4,593 | bf16_mfu: 0.00 | epoch: 1 pq: 0 rg: 3 | total time: 2.90m | eta: 0.9m
step 00764/01000 (76.40%) | loss: 6.535471 | lrm: 1.00 | dt: 246.93ms | tok/sec: 4,146 | bf16_mfu: 0.00 | epoch: 1 pq: 0 rg: 3 | total time: 2.90m | eta: 0.9m
step 00765/01000 (76.50%) | loss: 6.624987 | lrm: 1.00 | dt: 192.71ms | tok/sec: 5,313 | bf16_mfu: 0.00 | epoch: 1 pq: 0 rg: 3 | total time: 2.90m | eta: 0.9m
step 00766/01000 (76.60%) | loss: 6.549350 | lrm: 1.00 | dt: 208.88ms | tok/sec: 4,902 | bf16_mfu: 0.00 | epoch: 1 pq: 0 rg: 3 | total time: 2.91m | eta: 0.9m
step 00767/01000 (76.70%) | loss: 6.527034 | lrm: 1.00 | dt: 217.26ms | tok/sec: 4,713 | bf16_mfu: 0.00 | epoch: 1 pq: 0 rg: 3 | total time: 2.91m | eta: 0.9m
step 00768/01000 (76.80%) | loss: 6.578258 | lrm: 1.00 | dt: 210.81ms | tok/sec: 4,857 | bf16_mfu: 0.00 | epoch: 1 pq: 0 rg: 3 | total time: 2.91m | eta: 0.9m
step 00769/01000 (76.90%) | loss: 6.571627 | lrm: 1.00 | dt: 207.24ms | tok/sec: 4,941 | bf16_mfu: 0.00 | epoch: 1 pq: 0 rg: 3 | total time: 2.92m | eta: 0.9m
step 00770/01000 (77.00%) | loss: 6.572539 | lrm: 1.00 | dt: 227.69ms | tok/sec: 4,497 | bf16_mfu: 0.00 | epoch: 1 pq: 0 rg: 3 | total time: 2.92m | eta: 0.9m
step 00771/01000 (77.10%) | loss: 6.563398 | lrm: 1.00 | dt: 250.53ms | tok/sec: 4,087 | bf16_mfu: 0.00 | epoch: 1 pq: 0 rg: 3 | total time: 2.93m | eta: 0.9m
step 00772/01000 (77.20%) | loss: 6.573434 | lrm: 1.00 | dt: 238.18ms | tok/sec: 4,299 | bf16_mfu: 0.00 | epoch: 1 pq: 0 rg: 3 | total time: 2.93m | eta: 0.9m
step 00773/01000 (77.30%) | loss: 6.572678 | lrm: 1.00 | dt: 233.63ms | tok/sec: 4,382 | bf16_mfu: 0.00 | epoch: 1 pq: 0 rg: 3 | total time: 2.93m | eta: 0.9m
step 00774/01000 (77.40%) | loss: 6.555390 | lrm: 1.00 | dt: 410.75ms | tok/sec: 2,493 | bf16_mfu: 0.00 | epoch: 1 pq: 0 rg: 3 | total time: 2.94m | eta: 0.9m
step 00775/01000 (77.50%) | loss: 6.592141 | lrm: 1.00 | dt: 236.63ms | tok/sec: 4,327 | bf16_mfu: 0.00 | epoch: 1 pq: 0 rg: 3 | total time: 2.94m | eta: 0.9m
step 00776/01000 (77.60%) | loss: 6.580848 | lrm: 1.00 | dt: 203.48ms | tok/sec: 5,032 | bf16_mfu: 0.00 | epoch: 1 pq: 0 rg: 3 | total time: 2.95m | eta: 0.9m
step 00777/01000 (77.70%) | loss: 6.585516 | lrm: 1.00 | dt: 265.76ms | tok/sec: 3,853 | bf16_mfu: 0.00 | epoch: 1 pq: 0 rg: 3 | total time: 2.95m | eta: 0.9m
step 00778/01000 (77.80%) | loss: 6.603294 | lrm: 1.00 | dt: 228.13ms | tok/sec: 4,488 | bf16_mfu: 0.00 | epoch: 1 pq: 0 rg: 3 | total time: 2.96m | eta: 0.9m
step 00779/01000 (77.90%) | loss: 6.627217 | lrm: 1.00 | dt: 212.67ms | tok/sec: 4,815 | bf16_mfu: 0.00 | epoch: 1 pq: 0 rg: 3 | total time: 2.96m | eta: 0.9m
step 00780/01000 (78.00%) | loss: 6.686758 | lrm: 1.00 | dt: 211.32ms | tok/sec: 4,845 | bf16_mfu: 0.00 | epoch: 1 pq: 0 rg: 3 | total time: 2.96m | eta: 0.8m
step 00781/01000 (78.10%) | loss: 6.680834 | lrm: 1.00 | dt: 236.09ms | tok/sec: 4,337 | bf16_mfu: 0.00 | epoch: 1 pq: 0 rg: 3 | total time: 2.97m | eta: 0.8m
step 00782/01000 (78.20%) | loss: 6.722108 | lrm: 1.00 | dt: 213.37ms | tok/sec: 4,799 | bf16_mfu: 0.00 | epoch: 1 pq: 0 rg: 3 | total time: 2.97m | eta: 0.8m
step 00783/01000 (78.30%) | loss: 6.677053 | lrm: 1.00 | dt: 212.89ms | tok/sec: 4,809 | bf16_mfu: 0.00 | epoch: 1 pq: 0 rg: 3 | total time: 2.97m | eta: 0.8m
step 00784/01000 (78.40%) | loss: 6.634179 | lrm: 1.00 | dt: 389.81ms | tok/sec: 2,626 | bf16_mfu: 0.00 | epoch: 1 pq: 0 rg: 3 | total time: 2.98m | eta: 0.8m
step 00785/01000 (78.50%) | loss: 6.652335 | lrm: 1.00 | dt: 173.04ms | tok/sec: 5,917 | bf16_mfu: 0.00 | epoch: 1 pq: 0 rg: 3 | total time: 2.98m | eta: 0.8m
step 00786/01000 (78.60%) | loss: 6.600441 | lrm: 1.00 | dt: 219.10ms | tok/sec: 4,673 | bf16_mfu: 0.00 | epoch: 1 pq: 0 rg: 3 | total time: 2.99m | eta: 0.8m
step 00787/01000 (78.70%) | loss: 6.663978 | lrm: 1.00 | dt: 190.65ms | tok/sec: 5,371 | bf16_mfu: 0.00 | epoch: 1 pq: 0 rg: 3 | total time: 2.99m | eta: 0.8m
step 00788/01000 (78.80%) | loss: 6.631012 | lrm: 1.00 | dt: 199.74ms | tok/sec: 5,126 | bf16_mfu: 0.00 | epoch: 1 pq: 0 rg: 3 | total time: 2.99m | eta: 0.8m
step 00789/01000 (78.90%) | loss: 6.635800 | lrm: 1.00 | dt: 193.78ms | tok/sec: 5,284 | bf16_mfu: 0.00 | epoch: 1 pq: 0 rg: 3 | total time: 3.00m | eta: 0.8m
step 00790/01000 (79.00%) | loss: 6.658928 | lrm: 1.00 | dt: 175.94ms | tok/sec: 5,820 | bf16_mfu: 0.00 | epoch: 1 pq: 0 rg: 3 | total time: 3.00m | eta: 0.8m
step 00791/01000 (79.10%) | loss: 6.572962 | lrm: 1.00 | dt: 240.51ms | tok/sec: 4,257 | bf16_mfu: 0.00 | epoch: 1 pq: 0 rg: 3 | total time: 3.00m | eta: 0.8m
step 00792/01000 (79.20%) | loss: 6.638801 | lrm: 1.00 | dt: 206.41ms | tok/sec: 4,961 | bf16_mfu: 0.00 | epoch: 1 pq: 0 rg: 3 | total time: 3.01m | eta: 0.8m
step 00793/01000 (79.30%) | loss: 6.594347 | lrm: 1.00 | dt: 226.33ms | tok/sec: 4,524 | bf16_mfu: 0.00 | epoch: 1 pq: 0 rg: 3 | total time: 3.01m | eta: 0.8m
step 00794/01000 (79.40%) | loss: 6.618016 | lrm: 1.00 | dt: 200.26ms | tok/sec: 5,113 | bf16_mfu: 0.00 | epoch: 1 pq: 0 rg: 3 | total time: 3.01m | eta: 0.8m
step 00795/01000 (79.50%) | loss: 6.568240 | lrm: 1.00 | dt: 429.67ms | tok/sec: 2,383 | bf16_mfu: 0.00 | epoch: 1 pq: 0 rg: 3 | total time: 3.02m | eta: 0.8m
step 00796/01000 (79.60%) | loss: 6.637933 | lrm: 1.00 | dt: 228.00ms | tok/sec: 4,491 | bf16_mfu: 0.00 | epoch: 1 pq: 0 rg: 3 | total time: 3.03m | eta: 0.8m
step 00797/01000 (79.70%) | loss: 6.639960 | lrm: 1.00 | dt: 245.75ms | tok/sec: 4,166 | bf16_mfu: 0.00 | epoch: 1 pq: 0 rg: 3 | total time: 3.03m | eta: 0.8m
step 00798/01000 (79.80%) | loss: 6.647147 | lrm: 1.00 | dt: 240.83ms | tok/sec: 4,251 | bf16_mfu: 0.00 | epoch: 1 pq: 0 rg: 3 | total time: 3.03m | eta: 0.8m
step 00799/01000 (79.90%) | loss: 6.644453 | lrm: 1.00 | dt: 196.52ms | tok/sec: 5,210 | bf16_mfu: 0.00 | epoch: 1 pq: 0 rg: 3 | total time: 3.04m | eta: 0.8m
step 00800/01000 (80.00%) | loss: 6.646613 | lrm: 1.00 | dt: 205.79ms | tok/sec: 4,975 | bf16_mfu: 0.00 | epoch: 1 pq: 0 rg: 3 | total time: 3.04m | eta: 0.8m
step 00801/01000 (80.10%) | loss: 6.641566 | lrm: 1.00 | dt: 162.03ms | tok/sec: 6,319 | bf16_mfu: 0.00 | epoch: 1 pq: 0 rg: 3 | total time: 3.04m | eta: 0.8m
step 00802/01000 (80.20%) | loss: 6.678523 | lrm: 1.00 | dt: 171.66ms | tok/sec: 5,965 | bf16_mfu: 0.00 | epoch: 1 pq: 0 rg: 3 | total time: 3.05m | eta: 0.8m
step 00803/01000 (80.30%) | loss: 6.680279 | lrm: 1.00 | dt: 173.81ms | tok/sec: 5,891 | bf16_mfu: 0.00 | epoch: 1 pq: 0 rg: 3 | total time: 3.05m | eta: 0.8m
step 00804/01000 (80.40%) | loss: 6.708119 | lrm: 1.00 | dt: 174.66ms | tok/sec: 5,862 | bf16_mfu: 0.00 | epoch: 1 pq: 0 rg: 3 | total time: 3.05m | eta: 0.8m
step 00805/01000 (80.50%) | loss: 6.689438 | lrm: 1.00 | dt: 174.79ms | tok/sec: 5,858 | bf16_mfu: 0.00 | epoch: 1 pq: 0 rg: 3 | total time: 3.05m | eta: 0.7m
step 00806/01000 (80.60%) | loss: 6.712099 | lrm: 1.00 | dt: 167.39ms | tok/sec: 6,117 | bf16_mfu: 0.00 | epoch: 1 pq: 0 rg: 3 | total time: 3.06m | eta: 0.7m
step 00807/01000 (80.70%) | loss: 6.720214 | lrm: 1.00 | dt: 187.68ms | tok/sec: 5,456 | bf16_mfu: 0.00 | epoch: 1 pq: 0 rg: 3 | total time: 3.06m | eta: 0.7m
step 00808/01000 (80.80%) | loss: 6.728578 | lrm: 1.00 | dt: 175.45ms | tok/sec: 5,836 | bf16_mfu: 0.00 | epoch: 1 pq: 0 rg: 3 | total time: 3.06m | eta: 0.7m
step 00809/01000 (80.90%) | loss: 6.660220 | lrm: 1.00 | dt: 193.19ms | tok/sec: 5,300 | bf16_mfu: 0.00 | epoch: 1 pq: 0 rg: 3 | total time: 3.07m | eta: 0.7m
step 00810/01000 (81.00%) | loss: 6.645676 | lrm: 1.00 | dt: 209.01ms | tok/sec: 4,899 | bf16_mfu: 0.00 | epoch: 1 pq: 0 rg: 3 | total time: 3.07m | eta: 0.7m
step 00811/01000 (81.10%) | loss: 6.667169 | lrm: 1.00 | dt: 229.52ms | tok/sec: 4,461 | bf16_mfu: 0.00 | epoch: 1 pq: 0 rg: 3 | total time: 3.07m | eta: 0.7m
step 00812/01000 (81.20%) | loss: 6.702850 | lrm: 1.00 | dt: 461.39ms | tok/sec: 2,219 | bf16_mfu: 0.00 | epoch: 1 pq: 0 rg: 3 | total time: 3.08m | eta: 0.7m
step 00813/01000 (81.30%) | loss: 6.736623 | lrm: 1.00 | dt: 330.79ms | tok/sec: 3,095 | bf16_mfu: 0.00 | epoch: 1 pq: 0 rg: 3 | total time: 3.09m | eta: 0.7m
step 00814/01000 (81.40%) | loss: 6.724761 | lrm: 1.00 | dt: 209.43ms | tok/sec: 4,889 | bf16_mfu: 0.00 | epoch: 1 pq: 0 rg: 3 | total time: 3.09m | eta: 0.7m
step 00815/01000 (81.50%) | loss: 6.859837 | lrm: 1.00 | dt: 213.67ms | tok/sec: 4,792 | bf16_mfu: 0.00 | epoch: 1 pq: 0 rg: 3 | total time: 3.09m | eta: 0.7m
step 00816/01000 (81.60%) | loss: 6.810600 | lrm: 1.00 | dt: 266.35ms | tok/sec: 3,844 | bf16_mfu: 0.00 | epoch: 1 pq: 0 rg: 3 | total time: 3.10m | eta: 0.7m
step 00817/01000 (81.70%) | loss: 6.836564 | lrm: 1.00 | dt: 204.50ms | tok/sec: 5,007 | bf16_mfu: 0.00 | epoch: 1 pq: 0 rg: 3 | total time: 3.10m | eta: 0.7m
step 00818/01000 (81.80%) | loss: 6.823383 | lrm: 1.00 | dt: 219.04ms | tok/sec: 4,675 | bf16_mfu: 0.00 | epoch: 1 pq: 0 rg: 3 | total time: 3.11m | eta: 0.7m
step 00819/01000 (81.90%) | loss: 6.817146 | lrm: 1.00 | dt: 198.12ms | tok/sec: 5,168 | bf16_mfu: 0.00 | epoch: 1 pq: 0 rg: 3 | total time: 3.11m | eta: 0.7m
step 00820/01000 (82.00%) | loss: 6.856410 | lrm: 1.00 | dt: 208.30ms | tok/sec: 4,915 | bf16_mfu: 0.00 | epoch: 1 pq: 0 rg: 3 | total time: 3.11m | eta: 0.7m
step 00821/01000 (82.10%) | loss: 6.837270 | lrm: 1.00 | dt: 191.14ms | tok/sec: 5,357 | bf16_mfu: 0.00 | epoch: 1 pq: 0 rg: 3 | total time: 3.12m | eta: 0.7m
step 00822/01000 (82.20%) | loss: 6.805109 | lrm: 1.00 | dt: 198.75ms | tok/sec: 5,152 | bf16_mfu: 0.00 | epoch: 1 pq: 0 rg: 3 | total time: 3.12m | eta: 0.7m
step 00823/01000 (82.30%) | loss: 6.759909 | lrm: 1.00 | dt: 220.74ms | tok/sec: 4,638 | bf16_mfu: 0.00 | epoch: 1 pq: 0 rg: 3 | total time: 3.12m | eta: 0.7m
step 00824/01000 (82.40%) | loss: 6.709343 | lrm: 1.00 | dt: 221.68ms | tok/sec: 4,619 | bf16_mfu: 0.00 | epoch: 1 pq: 0 rg: 3 | total time: 3.13m | eta: 0.7m
step 00825/01000 (82.50%) | loss: 6.728202 | lrm: 1.00 | dt: 376.46ms | tok/sec: 2,720 | bf16_mfu: 0.00 | epoch: 1 pq: 0 rg: 3 | total time: 3.13m | eta: 0.7m
step 00826/01000 (82.60%) | loss: 6.770412 | lrm: 1.00 | dt: 268.33ms | tok/sec: 3,816 | bf16_mfu: 0.00 | epoch: 1 pq: 0 rg: 3 | total time: 3.14m | eta: 0.7m
step 00827/01000 (82.70%) | loss: 6.857000 | lrm: 1.00 | dt: 210.39ms | tok/sec: 4,867 | bf16_mfu: 0.00 | epoch: 1 pq: 0 rg: 3 | total time: 3.14m | eta: 0.7m
step 00828/01000 (82.80%) | loss: 6.816399 | lrm: 1.00 | dt: 263.28ms | tok/sec: 3,889 | bf16_mfu: 0.00 | epoch: 1 pq: 0 rg: 3 | total time: 3.14m | eta: 0.7m
step 00829/01000 (82.90%) | loss: 6.836986 | lrm: 1.00 | dt: 226.56ms | tok/sec: 4,519 | bf16_mfu: 0.00 | epoch: 1 pq: 0 rg: 3 | total time: 3.15m | eta: 0.7m
step 00830/01000 (83.00%) | loss: 6.817840 | lrm: 1.00 | dt: 221.02ms | tok/sec: 4,632 | bf16_mfu: 0.00 | epoch: 1 pq: 0 rg: 3 | total time: 3.15m | eta: 0.7m
step 00831/01000 (83.10%) | loss: 6.803950 | lrm: 1.00 | dt: 190.35ms | tok/sec: 5,379 | bf16_mfu: 0.00 | epoch: 1 pq: 0 rg: 3 | total time: 3.16m | eta: 0.6m
step 00832/01000 (83.20%) | loss: 6.750545 | lrm: 1.00 | dt: 224.66ms | tok/sec: 4,558 | bf16_mfu: 0.00 | epoch: 1 pq: 0 rg: 3 | total time: 3.16m | eta: 0.6m
step 00833/01000 (83.30%) | loss: 6.630128 | lrm: 1.00 | dt: 254.61ms | tok/sec: 4,021 | bf16_mfu: 0.00 | epoch: 1 pq: 0 rg: 3 | total time: 3.16m | eta: 0.6m
step 00834/01000 (83.40%) | loss: 6.630424 | lrm: 1.00 | dt: 192.28ms | tok/sec: 5,325 | bf16_mfu: 0.00 | epoch: 1 pq: 0 rg: 3 | total time: 3.17m | eta: 0.6m
step 00835/01000 (83.50%) | loss: 6.639377 | lrm: 1.00 | dt: 233.27ms | tok/sec: 4,389 | bf16_mfu: 0.00 | epoch: 1 pq: 0 rg: 3 | total time: 3.17m | eta: 0.6m
step 00836/01000 (83.60%) | loss: 6.607264 | lrm: 1.00 | dt: 242.07ms | tok/sec: 4,230 | bf16_mfu: 0.00 | epoch: 1 pq: 0 rg: 3 | total time: 3.17m | eta: 0.6m
step 00837/01000 (83.70%) | loss: 6.665786 | lrm: 1.00 | dt: 384.63ms | tok/sec: 2,662 | bf16_mfu: 0.00 | epoch: 1 pq: 0 rg: 3 | total time: 3.18m | eta: 0.6m
step 00838/01000 (83.80%) | loss: 6.695744 | lrm: 1.00 | dt: 168.19ms | tok/sec: 6,088 | bf16_mfu: 0.00 | epoch: 1 pq: 0 rg: 3 | total time: 3.18m | eta: 0.6m
step 00839/01000 (83.90%) | loss: 6.671789 | lrm: 1.00 | dt: 189.10ms | tok/sec: 5,415 | bf16_mfu: 0.00 | epoch: 1 pq: 0 rg: 3 | total time: 3.19m | eta: 0.6m
step 00840/01000 (84.00%) | loss: 6.692371 | lrm: 1.00 | dt: 204.90ms | tok/sec: 4,997 | bf16_mfu: 0.00 | epoch: 1 pq: 0 rg: 3 | total time: 3.19m | eta: 0.6m
step 00841/01000 (84.10%) | loss: 6.649792 | lrm: 1.00 | dt: 210.57ms | tok/sec: 4,862 | bf16_mfu: 0.00 | epoch: 1 pq: 0 rg: 3 | total time: 3.19m | eta: 0.6m
step 00842/01000 (84.20%) | loss: 6.662805 | lrm: 1.00 | dt: 166.15ms | tok/sec: 6,163 | bf16_mfu: 0.00 | epoch: 1 pq: 0 rg: 3 | total time: 3.20m | eta: 0.6m
step 00843/01000 (84.30%) | loss: 6.665041 | lrm: 1.00 | dt: 169.77ms | tok/sec: 6,031 | bf16_mfu: 0.00 | epoch: 1 pq: 0 rg: 3 | total time: 3.20m | eta: 0.6m
step 00844/01000 (84.40%) | loss: 6.689597 | lrm: 1.00 | dt: 214.25ms | tok/sec: 4,779 | bf16_mfu: 0.00 | epoch: 1 pq: 0 rg: 3 | total time: 3.20m | eta: 0.6m
step 00845/01000 (84.50%) | loss: 6.700095 | lrm: 1.00 | dt: 166.57ms | tok/sec: 6,147 | bf16_mfu: 0.00 | epoch: 1 pq: 0 rg: 3 | total time: 3.21m | eta: 0.6m
step 00846/01000 (84.60%) | loss: 6.617000 | lrm: 1.00 | dt: 173.05ms | tok/sec: 5,917 | bf16_mfu: 0.00 | epoch: 1 pq: 0 rg: 3 | total time: 3.21m | eta: 0.6m
step 00847/01000 (84.70%) | loss: 6.651147 | lrm: 1.00 | dt: 189.86ms | tok/sec: 5,393 | bf16_mfu: 0.00 | epoch: 1 pq: 0 rg: 3 | total time: 3.21m | eta: 0.6m
step 00848/01000 (84.80%) | loss: 6.676476 | lrm: 1.00 | dt: 171.53ms | tok/sec: 5,969 | bf16_mfu: 0.00 | epoch: 1 pq: 0 rg: 3 | total time: 3.21m | eta: 0.6m
step 00849/01000 (84.90%) | loss: 6.740610 | lrm: 1.00 | dt: 200.68ms | tok/sec: 5,102 | bf16_mfu: 0.00 | epoch: 1 pq: 0 rg: 3 | total time: 3.22m | eta: 0.6m
step 00850/01000 (85.00%) | loss: 6.718305 | lrm: 1.00 | dt: 207.61ms | tok/sec: 4,932 | bf16_mfu: 0.00 | epoch: 1 pq: 0 rg: 3 | total time: 3.22m | eta: 0.6m
step 00851/01000 (85.10%) | loss: 6.696322 | lrm: 1.00 | dt: 223.83ms | tok/sec: 4,574 | bf16_mfu: 0.00 | epoch: 1 pq: 0 rg: 3 | total time: 3.23m | eta: 0.6m
step 00852/01000 (85.20%) | loss: 6.664410 | lrm: 1.00 | dt: 459.31ms | tok/sec: 2,229 | bf16_mfu: 0.00 | epoch: 1 pq: 0 rg: 3 | total time: 3.23m | eta: 0.6m
step 00853/01000 (85.30%) | loss: 6.723688 | lrm: 1.00 | dt: 193.58ms | tok/sec: 5,289 | bf16_mfu: 0.00 | epoch: 1 pq: 0 rg: 3 | total time: 3.24m | eta: 0.6m
step 00854/01000 (85.40%) | loss: 6.747604 | lrm: 1.00 | dt: 163.64ms | tok/sec: 6,257 | bf16_mfu: 0.00 | epoch: 1 pq: 0 rg: 3 | total time: 3.24m | eta: 0.6m
step 00855/01000 (85.50%) | loss: 6.735133 | lrm: 1.00 | dt: 193.71ms | tok/sec: 5,286 | bf16_mfu: 0.00 | epoch: 1 pq: 0 rg: 3 | total time: 3.24m | eta: 0.6m
step 00856/01000 (85.60%) | loss: 6.753198 | lrm: 1.00 | dt: 254.13ms | tok/sec: 4,029 | bf16_mfu: 0.00 | epoch: 1 pq: 0 rg: 3 | total time: 3.25m | eta: 0.6m
step 00857/01000 (85.70%) | loss: 6.710797 | lrm: 1.00 | dt: 237.93ms | tok/sec: 4,303 | bf16_mfu: 0.00 | epoch: 1 pq: 0 rg: 3 | total time: 3.25m | eta: 0.5m
step 00858/01000 (85.80%) | loss: 6.745840 | lrm: 1.00 | dt: 247.30ms | tok/sec: 4,140 | bf16_mfu: 0.00 | epoch: 1 pq: 0 rg: 3 | total time: 3.25m | eta: 0.5m
step 00859/01000 (85.90%) | loss: 6.797325 | lrm: 1.00 | dt: 208.17ms | tok/sec: 4,919 | bf16_mfu: 0.00 | epoch: 1 pq: 0 rg: 3 | total time: 3.26m | eta: 0.5m
step 00860/01000 (86.00%) | loss: 6.819486 | lrm: 1.00 | dt: 242.74ms | tok/sec: 4,218 | bf16_mfu: 0.00 | epoch: 1 pq: 0 rg: 3 | total time: 3.26m | eta: 0.5m
step 00861/01000 (86.10%) | loss: 6.813903 | lrm: 1.00 | dt: 218.00ms | tok/sec: 4,697 | bf16_mfu: 0.00 | epoch: 1 pq: 0 rg: 3 | total time: 3.27m | eta: 0.5m
step 00862/01000 (86.20%) | loss: 6.864359 | lrm: 1.00 | dt: 251.83ms | tok/sec: 4,066 | bf16_mfu: 0.00 | epoch: 1 pq: 0 rg: 3 | total time: 3.27m | eta: 0.5m
step 00863/01000 (86.30%) | loss: 6.853244 | lrm: 1.00 | dt: 218.08ms | tok/sec: 4,695 | bf16_mfu: 0.00 | epoch: 1 pq: 0 rg: 3 | total time: 3.27m | eta: 0.5m
step 00864/01000 (86.40%) | loss: 6.856261 | lrm: 1.00 | dt: 399.37ms | tok/sec: 2,564 | bf16_mfu: 0.00 | epoch: 1 pq: 0 rg: 3 | total time: 3.28m | eta: 0.5m
step 00865/01000 (86.50%) | loss: 6.801519 | lrm: 1.00 | dt: 285.10ms | tok/sec: 3,591 | bf16_mfu: 0.00 | epoch: 1 pq: 0 rg: 3 | total time: 3.28m | eta: 0.5m
step 00866/01000 (86.60%) | loss: 6.792575 | lrm: 1.00 | dt: 233.58ms | tok/sec: 4,383 | bf16_mfu: 0.00 | epoch: 1 pq: 0 rg: 3 | total time: 3.29m | eta: 0.5m
step 00867/01000 (86.70%) | loss: 6.704731 | lrm: 1.00 | dt: 264.62ms | tok/sec: 3,869 | bf16_mfu: 0.00 | epoch: 1 pq: 0 rg: 3 | total time: 3.29m | eta: 0.5m
step 00868/01000 (86.80%) | loss: 6.641394 | lrm: 1.00 | dt: 202.54ms | tok/sec: 5,055 | bf16_mfu: 0.00 | epoch: 1 pq: 0 rg: 3 | total time: 3.30m | eta: 0.5m
step 00869/01000 (86.90%) | loss: 6.628774 | lrm: 1.00 | dt: 208.75ms | tok/sec: 4,905 | bf16_mfu: 0.00 | epoch: 1 pq: 0 rg: 3 | total time: 3.30m | eta: 0.5m
step 00870/01000 (87.00%) | loss: 6.600656 | lrm: 1.00 | dt: 224.02ms | tok/sec: 4,570 | bf16_mfu: 0.00 | epoch: 1 pq: 0 rg: 3 | total time: 3.30m | eta: 0.5m
step 00871/01000 (87.10%) | loss: 6.585072 | lrm: 1.00 | dt: 197.36ms | tok/sec: 5,188 | bf16_mfu: 0.00 | epoch: 1 pq: 0 rg: 3 | total time: 3.31m | eta: 0.5m
step 00872/01000 (87.20%) | loss: 6.533796 | lrm: 1.00 | dt: 237.05ms | tok/sec: 4,319 | bf16_mfu: 0.00 | epoch: 1 pq: 0 rg: 3 | total time: 3.31m | eta: 0.5m
step 00873/01000 (87.30%) | loss: 6.524411 | lrm: 1.00 | dt: 225.97ms | tok/sec: 4,531 | bf16_mfu: 0.00 | epoch: 1 pq: 0 rg: 3 | total time: 3.31m | eta: 0.5m
step 00874/01000 (87.40%) | loss: 6.464919 | lrm: 1.00 | dt: 218.31ms | tok/sec: 4,690 | bf16_mfu: 0.00 | epoch: 1 pq: 0 rg: 3 | total time: 3.32m | eta: 0.5m
step 00875/01000 (87.50%) | loss: 6.517202 | lrm: 1.00 | dt: 194.61ms | tok/sec: 5,261 | bf16_mfu: 0.00 | epoch: 1 pq: 0 rg: 3 | total time: 3.32m | eta: 0.5m
step 00876/01000 (87.60%) | loss: 6.564046 | lrm: 1.00 | dt: 193.05ms | tok/sec: 5,304 | bf16_mfu: 0.00 | epoch: 1 pq: 0 rg: 3 | total time: 3.32m | eta: 0.5m
step 00877/01000 (87.70%) | loss: 6.627891 | lrm: 1.00 | dt: 355.56ms | tok/sec: 2,880 | bf16_mfu: 0.00 | epoch: 1 pq: 0 rg: 3 | total time: 3.33m | eta: 0.5m
step 00878/01000 (87.80%) | loss: 6.605874 | lrm: 1.00 | dt: 218.51ms | tok/sec: 4,686 | bf16_mfu: 0.00 | epoch: 1 pq: 0 rg: 3 | total time: 3.33m | eta: 0.5m
step 00879/01000 (87.90%) | loss: 6.601897 | lrm: 1.00 | dt: 273.72ms | tok/sec: 3,741 | bf16_mfu: 0.00 | epoch: 1 pq: 0 rg: 3 | total time: 3.34m | eta: 0.5m
step 00880/01000 (88.00%) | loss: 6.652256 | lrm: 1.00 | dt: 193.77ms | tok/sec: 5,284 | bf16_mfu: 0.00 | epoch: 1 pq: 0 rg: 3 | total time: 3.34m | eta: 0.5m
step 00881/01000 (88.10%) | loss: 6.591650 | lrm: 1.00 | dt: 215.07ms | tok/sec: 4,761 | bf16_mfu: 0.00 | epoch: 1 pq: 0 rg: 3 | total time: 3.35m | eta: 0.5m
step 00882/01000 (88.20%) | loss: 6.596877 | lrm: 1.00 | dt: 199.50ms | tok/sec: 5,132 | bf16_mfu: 0.00 | epoch: 1 pq: 0 rg: 3 | total time: 3.35m | eta: 0.5m
step 00883/01000 (88.30%) | loss: 6.588752 | lrm: 1.00 | dt: 194.91ms | tok/sec: 5,253 | bf16_mfu: 0.00 | epoch: 1 pq: 0 rg: 3 | total time: 3.35m | eta: 0.4m
step 00884/01000 (88.40%) | loss: 6.579536 | lrm: 1.00 | dt: 196.32ms | tok/sec: 5,215 | bf16_mfu: 0.00 | epoch: 1 pq: 0 rg: 3 | total time: 3.36m | eta: 0.4m
step 00885/01000 (88.50%) | loss: 6.672291 | lrm: 1.00 | dt: 247.42ms | tok/sec: 4,138 | bf16_mfu: 0.00 | epoch: 1 pq: 0 rg: 3 | total time: 3.36m | eta: 0.4m
step 00886/01000 (88.60%) | loss: 6.659615 | lrm: 1.00 | dt: 222.33ms | tok/sec: 4,605 | bf16_mfu: 0.00 | epoch: 1 pq: 0 rg: 3 | total time: 3.36m | eta: 0.4m
step 00887/01000 (88.70%) | loss: 6.624867 | lrm: 1.00 | dt: 206.86ms | tok/sec: 4,950 | bf16_mfu: 0.00 | epoch: 1 pq: 0 rg: 3 | total time: 3.37m | eta: 0.4m
step 00888/01000 (88.80%) | loss: 6.623494 | lrm: 1.00 | dt: 387.55ms | tok/sec: 2,642 | bf16_mfu: 0.00 | epoch: 1 pq: 0 rg: 3 | total time: 3.37m | eta: 0.4m
step 00889/01000 (88.90%) | loss: 6.655155 | lrm: 1.00 | dt: 164.25ms | tok/sec: 6,234 | bf16_mfu: 0.00 | epoch: 1 pq: 0 rg: 3 | total time: 3.38m | eta: 0.4m
step 00890/01000 (89.00%) | loss: 6.718067 | lrm: 1.00 | dt: 198.78ms | tok/sec: 5,151 | bf16_mfu: 0.00 | epoch: 1 pq: 0 rg: 3 | total time: 3.38m | eta: 0.4m
step 00891/01000 (89.10%) | loss: 6.707108 | lrm: 1.00 | dt: 204.26ms | tok/sec: 5,013 | bf16_mfu: 0.00 | epoch: 1 pq: 0 rg: 3 | total time: 3.38m | eta: 0.4m
step 00892/01000 (89.20%) | loss: 6.701798 | lrm: 1.00 | dt: 183.54ms | tok/sec: 5,579 | bf16_mfu: 0.00 | epoch: 1 pq: 0 rg: 3 | total time: 3.39m | eta: 0.4m
step 00893/01000 (89.30%) | loss: 6.637496 | lrm: 1.00 | dt: 208.26ms | tok/sec: 4,917 | bf16_mfu: 0.00 | epoch: 1 pq: 0 rg: 3 | total time: 3.39m | eta: 0.4m
step 00894/01000 (89.40%) | loss: 6.642321 | lrm: 1.00 | dt: 177.62ms | tok/sec: 5,765 | bf16_mfu: 0.00 | epoch: 1 pq: 0 rg: 3 | total time: 3.39m | eta: 0.4m
step 00895/01000 (89.50%) | loss: 6.592030 | lrm: 1.00 | dt: 203.10ms | tok/sec: 5,041 | bf16_mfu: 0.00 | epoch: 1 pq: 0 rg: 3 | total time: 3.40m | eta: 0.4m
step 00896/01000 (89.60%) | loss: 6.549774 | lrm: 1.00 | dt: 190.89ms | tok/sec: 5,364 | bf16_mfu: 0.00 | epoch: 1 pq: 0 rg: 3 | total time: 3.40m | eta: 0.4m
step 00897/01000 (89.70%) | loss: 6.593026 | lrm: 1.00 | dt: 236.84ms | tok/sec: 4,323 | bf16_mfu: 0.00 | epoch: 1 pq: 0 rg: 3 | total time: 3.40m | eta: 0.4m
step 00898/01000 (89.80%) | loss: 6.614720 | lrm: 1.00 | dt: 185.19ms | tok/sec: 5,529 | bf16_mfu: 0.00 | epoch: 1 pq: 0 rg: 3 | total time: 3.41m | eta: 0.4m
step 00899/01000 (89.90%) | loss: 6.601802 | lrm: 1.00 | dt: 229.85ms | tok/sec: 4,455 | bf16_mfu: 0.00 | epoch: 1 pq: 0 rg: 3 | total time: 3.41m | eta: 0.4m
step 00900/01000 (90.00%) | loss: 6.670155 | lrm: 1.00 | dt: 374.12ms | tok/sec: 2,737 | bf16_mfu: 0.00 | epoch: 1 pq: 0 rg: 3 | total time: 3.42m | eta: 0.4m
step 00901/01000 (90.10%) | loss: 6.625851 | lrm: 0.99 | dt: 254.90ms | tok/sec: 4,017 | bf16_mfu: 0.00 | epoch: 1 pq: 0 rg: 3 | total time: 3.42m | eta: 0.4m
step 00902/01000 (90.20%) | loss: 6.635307 | lrm: 0.98 | dt: 285.67ms | tok/sec: 3,584 | bf16_mfu: 0.00 | epoch: 1 pq: 0 rg: 3 | total time: 3.42m | eta: 0.4m
step 00903/01000 (90.30%) | loss: 6.676627 | lrm: 0.97 | dt: 260.94ms | tok/sec: 3,924 | bf16_mfu: 0.00 | epoch: 1 pq: 0 rg: 3 | total time: 3.43m | eta: 0.4m
step 00904/01000 (90.40%) | loss: 6.730646 | lrm: 0.96 | dt: 255.25ms | tok/sec: 4,011 | bf16_mfu: 0.00 | epoch: 1 pq: 0 rg: 3 | total time: 3.43m | eta: 0.4m
step 00905/01000 (90.50%) | loss: 6.677281 | lrm: 0.95 | dt: 231.69ms | tok/sec: 4,419 | bf16_mfu: 0.00 | epoch: 1 pq: 0 rg: 3 | total time: 3.44m | eta: 0.4m
step 00906/01000 (90.60%) | loss: 6.604108 | lrm: 0.94 | dt: 213.82ms | tok/sec: 4,788 | bf16_mfu: 0.00 | epoch: 1 pq: 0 rg: 3 | total time: 3.44m | eta: 0.4m
step 00907/01000 (90.70%) | loss: 6.618225 | lrm: 0.93 | dt: 239.85ms | tok/sec: 4,269 | bf16_mfu: 0.00 | epoch: 1 pq: 0 rg: 3 | total time: 3.44m | eta: 0.4m
step 00908/01000 (90.80%) | loss: 6.657237 | lrm: 0.92 | dt: 212.59ms | tok/sec: 4,816 | bf16_mfu: 0.00 | epoch: 1 pq: 0 rg: 3 | total time: 3.45m | eta: 0.4m
step 00909/01000 (90.90%) | loss: 6.730005 | lrm: 0.91 | dt: 223.01ms | tok/sec: 4,591 | bf16_mfu: 0.00 | epoch: 1 pq: 0 rg: 3 | total time: 3.45m | eta: 0.3m
step 00910/01000 (91.00%) | loss: 6.705430 | lrm: 0.91 | dt: 231.40ms | tok/sec: 4,425 | bf16_mfu: 0.00 | epoch: 1 pq: 0 rg: 3 | total time: 3.46m | eta: 0.3m
step 00911/01000 (91.10%) | loss: 6.685972 | lrm: 0.90 | dt: 222.06ms | tok/sec: 4,611 | bf16_mfu: 0.00 | epoch: 1 pq: 0 rg: 3 | total time: 3.46m | eta: 0.3m
step 00912/01000 (91.20%) | loss: 6.763966 | lrm: 0.89 | dt: 244.62ms | tok/sec: 4,186 | bf16_mfu: 0.00 | epoch: 1 pq: 0 rg: 3 | total time: 3.46m | eta: 0.3m
step 00913/01000 (91.30%) | loss: 6.774541 | lrm: 0.88 | dt: 226.50ms | tok/sec: 4,521 | bf16_mfu: 0.00 | epoch: 1 pq: 0 rg: 3 | total time: 3.47m | eta: 0.3m
step 00914/01000 (91.40%) | loss: 6.704021 | lrm: 0.87 | dt: 375.99ms | tok/sec: 2,723 | bf16_mfu: 0.00 | epoch: 1 pq: 0 rg: 3 | total time: 3.47m | eta: 0.3m
step 00915/01000 (91.50%) | loss: 6.584515 | lrm: 0.86 | dt: 220.06ms | tok/sec: 4,653 | bf16_mfu: 0.00 | epoch: 1 pq: 0 rg: 3 | total time: 3.48m | eta: 0.3m2026-04-21 00:43:39,931 - nanochat.checkpoint_manager - [32m[1mINFO[0m - Saved model parameters to: /Users/evergreen/.cache/nanochat/base_checkpoints/d4/model_001000.pt
2026-04-21 00:43:39,932 - nanochat.checkpoint_manager - [32m[1mINFO[0m - Saved metadata to: /Users/evergreen/.cache/nanochat/base_checkpoints/d4/meta_001000.json
2026-04-21 00:43:40,232 - nanochat.checkpoint_manager - [32m[1mINFO[0m - Saved optimizer state to: /Users/evergreen/.cache/nanochat/base_checkpoints/d4/optim_001000_rank0.pt

step 00916/01000 (91.60%) | loss: 6.564530 | lrm: 0.85 | dt: 246.20ms | tok/sec: 4,159 | bf16_mfu: 0.00 | epoch: 1 pq: 0 rg: 3 | total time: 3.48m | eta: 0.3m
step 00917/01000 (91.70%) | loss: 6.502801 | lrm: 0.84 | dt: 274.48ms | tok/sec: 3,730 | bf16_mfu: 0.00 | epoch: 1 pq: 0 rg: 3 | total time: 3.49m | eta: 0.3m
step 00918/01000 (91.80%) | loss: 6.549354 | lrm: 0.83 | dt: 232.38ms | tok/sec: 4,406 | bf16_mfu: 0.00 | epoch: 1 pq: 0 rg: 3 | total time: 3.49m | eta: 0.3m
step 00919/01000 (91.90%) | loss: 6.563901 | lrm: 0.82 | dt: 324.94ms | tok/sec: 3,151 | bf16_mfu: 0.00 | epoch: 1 pq: 0 rg: 3 | total time: 3.50m | eta: 0.3m
step 00920/01000 (92.00%) | loss: 6.535556 | lrm: 0.81 | dt: 204.67ms | tok/sec: 5,003 | bf16_mfu: 0.00 | epoch: 1 pq: 0 rg: 3 | total time: 3.50m | eta: 0.3m
step 00921/01000 (92.10%) | loss: 6.617330 | lrm: 0.80 | dt: 196.32ms | tok/sec: 5,215 | bf16_mfu: 0.00 | epoch: 1 pq: 0 rg: 3 | total time: 3.50m | eta: 0.3m
step 00922/01000 (92.20%) | loss: 6.599170 | lrm: 0.79 | dt: 211.40ms | tok/sec: 4,843 | bf16_mfu: 0.00 | epoch: 1 pq: 0 rg: 3 | total time: 3.51m | eta: 0.3m
step 00923/01000 (92.30%) | loss: 6.621336 | lrm: 0.78 | dt: 170.98ms | tok/sec: 5,989 | bf16_mfu: 0.00 | epoch: 1 pq: 0 rg: 3 | total time: 3.51m | eta: 0.3m
step 00924/01000 (92.40%) | loss: 6.645016 | lrm: 0.77 | dt: 205.24ms | tok/sec: 4,989 | bf16_mfu: 0.00 | epoch: 1 pq: 0 rg: 3 | total time: 3.51m | eta: 0.3m
step 00925/01000 (92.50%) | loss: 6.613732 | lrm: 0.76 | dt: 169.83ms | tok/sec: 6,029 | bf16_mfu: 0.00 | epoch: 1 pq: 0 rg: 3 | total time: 3.51m | eta: 0.3m
step 00926/01000 (92.60%) | loss: 6.655713 | lrm: 0.75 | dt: 169.33ms | tok/sec: 6,047 | bf16_mfu: 0.00 | epoch: 1 pq: 0 rg: 3 | total time: 3.52m | eta: 0.3m
step 00927/01000 (92.70%) | loss: 6.669516 | lrm: 0.74 | dt: 186.44ms | tok/sec: 5,492 | bf16_mfu: 0.00 | epoch: 1 pq: 0 rg: 3 | total time: 3.52m | eta: 0.3m
step 00928/01000 (92.80%) | loss: 6.737220 | lrm: 0.73 | dt: 175.98ms | tok/sec: 5,818 | bf16_mfu: 0.00 | epoch: 1 pq: 0 rg: 3 | total time: 3.52m | eta: 0.3m
step 00929/01000 (92.90%) | loss: 6.696862 | lrm: 0.72 | dt: 210.11ms | tok/sec: 4,873 | bf16_mfu: 0.00 | epoch: 1 pq: 0 rg: 3 | total time: 3.53m | eta: 0.3m
step 00930/01000 (93.00%) | loss: 6.708176 | lrm: 0.71 | dt: 188.80ms | tok/sec: 5,423 | bf16_mfu: 0.00 | epoch: 1 pq: 0 rg: 3 | total time: 3.53m | eta: 0.3m
step 00931/01000 (93.10%) | loss: 6.702536 | lrm: 0.71 | dt: 195.88ms | tok/sec: 5,227 | bf16_mfu: 0.00 | epoch: 1 pq: 0 rg: 3 | total time: 3.53m | eta: 0.3m
step 00932/01000 (93.20%) | loss: 6.954515 | lrm: 0.70 | dt: 230.64ms | tok/sec: 4,439 | bf16_mfu: 0.00 | epoch: 1 pq: 0 rg: 3 | total time: 3.54m | eta: 0.3m
step 00933/01000 (93.30%) | loss: 6.885377 | lrm: 0.69 | dt: 199.86ms | tok/sec: 5,123 | bf16_mfu: 0.00 | epoch: 1 pq: 0 rg: 3 | total time: 3.54m | eta: 0.3m
step 00934/01000 (93.40%) | loss: 6.913542 | lrm: 0.68 | dt: 257.64ms | tok/sec: 3,974 | bf16_mfu: 0.00 | epoch: 1 pq: 0 rg: 3 | total time: 3.55m | eta: 0.3m
step 00935/01000 (93.50%) | loss: 6.903911 | lrm: 0.67 | dt: 219.47ms | tok/sec: 4,665 | bf16_mfu: 0.00 | epoch: 1 pq: 0 rg: 3 | total time: 3.55m | eta: 0.2m
step 00936/01000 (93.60%) | loss: 6.859588 | lrm: 0.66 | dt: 464.74ms | tok/sec: 2,203 | bf16_mfu: 0.00 | epoch: 1 pq: 0 rg: 3 | total time: 3.56m | eta: 0.2m
step 00937/01000 (93.70%) | loss: 6.852227 | lrm: 0.65 | dt: 295.21ms | tok/sec: 3,468 | bf16_mfu: 0.00 | epoch: 1 pq: 0 rg: 3 | total time: 3.56m | eta: 0.2m
step 00938/01000 (93.80%) | loss: 6.802985 | lrm: 0.64 | dt: 280.45ms | tok/sec: 3,651 | bf16_mfu: 0.00 | epoch: 1 pq: 0 rg: 3 | total time: 3.57m | eta: 0.2m
step 00939/01000 (93.90%) | loss: 6.802171 | lrm: 0.63 | dt: 210.85ms | tok/sec: 4,856 | bf16_mfu: 0.00 | epoch: 1 pq: 0 rg: 3 | total time: 3.57m | eta: 0.2m
step 00940/01000 (94.00%) | loss: 6.728891 | lrm: 0.62 | dt: 198.68ms | tok/sec: 5,153 | bf16_mfu: 0.00 | epoch: 1 pq: 0 rg: 3 | total time: 3.57m | eta: 0.2m
step 00941/01000 (94.10%) | loss: 6.653558 | lrm: 0.61 | dt: 155.24ms | tok/sec: 6,596 | bf16_mfu: 0.00 | epoch: 1 pq: 0 rg: 3 | total time: 3.58m | eta: 0.2m
step 00942/01000 (94.20%) | loss: 6.620649 | lrm: 0.60 | dt: 159.86ms | tok/sec: 6,405 | bf16_mfu: 0.00 | epoch: 1 pq: 0 rg: 3 | total time: 3.58m | eta: 0.2m
step 00943/01000 (94.30%) | loss: 6.554084 | lrm: 0.59 | dt: 149.97ms | tok/sec: 6,827 | bf16_mfu: 0.00 | epoch: 1 pq: 0 rg: 3 | total time: 3.58m | eta: 0.2m
step 00944/01000 (94.40%) | loss: 6.559010 | lrm: 0.58 | dt: 160.82ms | tok/sec: 6,367 | bf16_mfu: 0.00 | epoch: 1 pq: 0 rg: 3 | total time: 3.58m | eta: 0.2m
step 00945/01000 (94.50%) | loss: 6.571517 | lrm: 0.57 | dt: 159.39ms | tok/sec: 6,424 | bf16_mfu: 0.00 | epoch: 1 pq: 0 rg: 3 | total time: 3.59m | eta: 0.2m
step 00946/01000 (94.60%) | loss: 6.535544 | lrm: 0.56 | dt: 169.42ms | tok/sec: 6,044 | bf16_mfu: 0.00 | epoch: 1 pq: 0 rg: 3 | total time: 3.59m | eta: 0.2m
step 00947/01000 (94.70%) | loss: 6.535109 | lrm: 0.55 | dt: 187.09ms | tok/sec: 5,473 | bf16_mfu: 0.00 | epoch: 1 pq: 0 rg: 3 | total time: 3.59m | eta: 0.2m
step 00948/01000 (94.80%) | loss: 6.533023 | lrm: 0.54 | dt: 343.72ms | tok/sec: 2,979 | bf16_mfu: 0.00 | epoch: 1 pq: 0 rg: 3 | total time: 3.60m | eta: 0.2m
step 00949/01000 (94.90%) | loss: 6.526144 | lrm: 0.53 | dt: 223.23ms | tok/sec: 4,587 | bf16_mfu: 0.00 | epoch: 1 pq: 0 rg: 3 | total time: 3.60m | eta: 0.2m
step 00950/01000 (95.00%) | loss: 6.540593 | lrm: 0.53 | dt: 243.57ms | tok/sec: 4,204 | bf16_mfu: 0.00 | epoch: 1 pq: 0 rg: 3 | total time: 3.61m | eta: 0.2m
step 00951/01000 (95.10%) | loss: 6.532453 | lrm: 0.52 | dt: 247.72ms | tok/sec: 4,133 | bf16_mfu: 0.00 | epoch: 1 pq: 0 rg: 3 | total time: 3.61m | eta: 0.2m
step 00952/01000 (95.20%) | loss: 6.608741 | lrm: 0.51 | dt: 215.56ms | tok/sec: 4,750 | bf16_mfu: 0.00 | epoch: 1 pq: 0 rg: 3 | total time: 3.61m | eta: 0.2m
step 00953/01000 (95.30%) | loss: 6.584504 | lrm: 0.50 | dt: 235.99ms | tok/sec: 4,339 | bf16_mfu: 0.00 | epoch: 1 pq: 0 rg: 3 | total time: 3.62m | eta: 0.2m
step 00954/01000 (95.40%) | loss: 6.587356 | lrm: 0.49 | dt: 303.55ms | tok/sec: 3,373 | bf16_mfu: 0.00 | epoch: 1 pq: 0 rg: 3 | total time: 3.62m | eta: 0.2m
step 00955/01000 (95.50%) | loss: 6.613667 | lrm: 0.48 | dt: 266.21ms | tok/sec: 3,846 | bf16_mfu: 0.00 | epoch: 1 pq: 0 rg: 3 | total time: 3.63m | eta: 0.2m
step 00956/01000 (95.60%) | loss: 6.593812 | lrm: 0.47 | dt: 290.07ms | tok/sec: 3,530 | bf16_mfu: 0.00 | epoch: 1 pq: 0 rg: 3 | total time: 3.63m | eta: 0.2m
step 00957/01000 (95.70%) | loss: 6.516355 | lrm: 0.46 | dt: 438.02ms | tok/sec: 2,337 | bf16_mfu: 0.00 | epoch: 1 pq: 0 rg: 3 | total time: 3.64m | eta: 0.2m
step 00958/01000 (95.80%) | loss: 6.545780 | lrm: 0.45 | dt: 227.85ms | tok/sec: 4,494 | bf16_mfu: 0.00 | epoch: 1 pq: 0 rg: 3 | total time: 3.64m | eta: 0.2m
step 00959/01000 (95.90%) | loss: 6.543077 | lrm: 0.44 | dt: 244.37ms | tok/sec: 4,190 | bf16_mfu: 0.00 | epoch: 1 pq: 0 rg: 3 | total time: 3.65m | eta: 0.2m
step 00960/01000 (96.00%) | loss: 6.542710 | lrm: 0.43 | dt: 234.89ms | tok/sec: 4,359 | bf16_mfu: 0.00 | epoch: 1 pq: 0 rg: 3 | total time: 3.65m | eta: 0.2m
step 00961/01000 (96.10%) | loss: 6.544008 | lrm: 0.42 | dt: 219.03ms | tok/sec: 4,675 | bf16_mfu: 0.00 | epoch: 1 pq: 0 rg: 3 | total time: 3.65m | eta: 0.1m
step 00962/01000 (96.20%) | loss: 6.426975 | lrm: 0.41 | dt: 197.36ms | tok/sec: 5,188 | bf16_mfu: 0.00 | epoch: 1 pq: 0 rg: 3 | total time: 3.66m | eta: 0.1m
step 00963/01000 (96.30%) | loss: 6.475243 | lrm: 0.40 | dt: 194.75ms | tok/sec: 5,257 | bf16_mfu: 0.00 | epoch: 1 pq: 0 rg: 3 | total time: 3.66m | eta: 0.1m
step 00964/01000 (96.40%) | loss: 6.479014 | lrm: 0.39 | dt: 188.32ms | tok/sec: 5,437 | bf16_mfu: 0.00 | epoch: 1 pq: 0 rg: 3 | total time: 3.66m | eta: 0.1m
step 00965/01000 (96.50%) | loss: 6.505178 | lrm: 0.38 | dt: 161.61ms | tok/sec: 6,336 | bf16_mfu: 0.00 | epoch: 1 pq: 0 rg: 3 | total time: 3.67m | eta: 0.1m
step 00966/01000 (96.60%) | loss: 6.445230 | lrm: 0.37 | dt: 174.96ms | tok/sec: 5,852 | bf16_mfu: 0.00 | epoch: 1 pq: 0 rg: 3 | total time: 3.67m | eta: 0.1m
step 00967/01000 (96.70%) | loss: 6.428530 | lrm: 0.36 | dt: 160.89ms | tok/sec: 6,364 | bf16_mfu: 0.00 | epoch: 1 pq: 0 rg: 3 | total time: 3.67m | eta: 0.1m
step 00968/01000 (96.80%) | loss: 6.390158 | lrm: 0.35 | dt: 183.00ms | tok/sec: 5,595 | bf16_mfu: 0.00 | epoch: 1 pq: 0 rg: 3 | total time: 3.68m | eta: 0.1m
step 00969/01000 (96.90%) | loss: 6.407235 | lrm: 0.34 | dt: 361.24ms | tok/sec: 2,834 | bf16_mfu: 0.00 | epoch: 1 pq: 0 rg: 3 | total time: 3.68m | eta: 0.1m
step 00970/01000 (97.00%) | loss: 6.358755 | lrm: 0.33 | dt: 260.57ms | tok/sec: 3,929 | bf16_mfu: 0.00 | epoch: 1 pq: 0 rg: 3 | total time: 3.69m | eta: 0.1m
step 00971/01000 (97.10%) | loss: 6.364501 | lrm: 0.33 | dt: 208.60ms | tok/sec: 4,908 | bf16_mfu: 0.00 | epoch: 1 pq: 0 rg: 3 | total time: 3.69m | eta: 0.1m
step 00972/01000 (97.20%) | loss: 6.425910 | lrm: 0.32 | dt: 251.49ms | tok/sec: 4,071 | bf16_mfu: 0.00 | epoch: 1 pq: 0 rg: 3 | total time: 3.69m | eta: 0.1m
step 00973/01000 (97.30%) | loss: 6.391827 | lrm: 0.31 | dt: 191.19ms | tok/sec: 5,356 | bf16_mfu: 0.00 | epoch: 1 pq: 0 rg: 3 | total time: 3.70m | eta: 0.1m
step 00974/01000 (97.40%) | loss: 6.366641 | lrm: 0.30 | dt: 177.12ms | tok/sec: 5,781 | bf16_mfu: 0.00 | epoch: 1 pq: 0 rg: 3 | total time: 3.70m | eta: 0.1m
step 00975/01000 (97.50%) | loss: 6.378090 | lrm: 0.29 | dt: 199.86ms | tok/sec: 5,123 | bf16_mfu: 0.00 | epoch: 1 pq: 0 rg: 3 | total time: 3.70m | eta: 0.1m
step 00976/01000 (97.60%) | loss: 6.359697 | lrm: 0.28 | dt: 170.91ms | tok/sec: 5,991 | bf16_mfu: 0.00 | epoch: 1 pq: 0 rg: 3 | total time: 3.71m | eta: 0.1m
step 00977/01000 (97.70%) | loss: 6.312626 | lrm: 0.27 | dt: 189.92ms | tok/sec: 5,391 | bf16_mfu: 0.00 | epoch: 1 pq: 0 rg: 3 | total time: 3.71m | eta: 0.1m
step 00978/01000 (97.80%) | loss: 6.365803 | lrm: 0.26 | dt: 185.97ms | tok/sec: 5,506 | bf16_mfu: 0.00 | epoch: 1 pq: 0 rg: 3 | total time: 3.71m | eta: 0.1m
step 00979/01000 (97.90%) | loss: 6.420028 | lrm: 0.25 | dt: 181.39ms | tok/sec: 5,645 | bf16_mfu: 0.00 | epoch: 1 pq: 0 rg: 3 | total time: 3.71m | eta: 0.1m
step 00980/01000 (98.00%) | loss: 6.367435 | lrm: 0.24 | dt: 218.29ms | tok/sec: 4,690 | bf16_mfu: 0.00 | epoch: 1 pq: 0 rg: 3 | total time: 3.72m | eta: 0.1m
step 00981/01000 (98.10%) | loss: 6.383999 | lrm: 0.23 | dt: 199.31ms | tok/sec: 5,137 | bf16_mfu: 0.00 | epoch: 1 pq: 0 rg: 3 | total time: 3.72m | eta: 0.1m
step 00982/01000 (98.20%) | loss: 6.392482 | lrm: 0.22 | dt: 208.55ms | tok/sec: 4,910 | bf16_mfu: 0.00 | epoch: 1 pq: 0 rg: 3 | total time: 3.73m | eta: 0.1m
step 00983/01000 (98.30%) | loss: 6.367955 | lrm: 0.21 | dt: 275.65ms | tok/sec: 3,714 | bf16_mfu: 0.00 | epoch: 1 pq: 0 rg: 4 | total time: 3.73m | eta: 0.1m
step 00984/01000 (98.40%) | loss: 6.390015 | lrm: 0.20 | dt: 192.09ms | tok/sec: 5,330 | bf16_mfu: 0.00 | epoch: 1 pq: 0 rg: 4 | total time: 3.73m | eta: 0.1m
step 00985/01000 (98.50%) | loss: 6.403216 | lrm: 0.19 | dt: 250.28ms | tok/sec: 4,091 | bf16_mfu: 0.00 | epoch: 1 pq: 0 rg: 4 | total time: 3.74m | eta: 0.1m
step 00986/01000 (98.60%) | loss: 6.404384 | lrm: 0.18 | dt: 201.36ms | tok/sec: 5,085 | bf16_mfu: 0.00 | epoch: 1 pq: 0 rg: 4 | total time: 3.74m | eta: 0.1m
step 00987/01000 (98.70%) | loss: 6.391322 | lrm: 0.17 | dt: 380.69ms | tok/sec: 2,689 | bf16_mfu: 0.00 | epoch: 1 pq: 0 rg: 4 | total time: 3.75m | eta: 0.0m
step 00988/01000 (98.80%) | loss: 6.376785 | lrm: 0.16 | dt: 193.42ms | tok/sec: 5,294 | bf16_mfu: 0.00 | epoch: 1 pq: 0 rg: 4 | total time: 3.75m | eta: 0.0m
step 00989/01000 (98.90%) | loss: 6.359678 | lrm: 0.15 | dt: 220.99ms | tok/sec: 4,633 | bf16_mfu: 0.00 | epoch: 1 pq: 0 rg: 4 | total time: 3.75m | eta: 0.0m
step 00990/01000 (99.00%) | loss: 6.370687 | lrm: 0.15 | dt: 216.30ms | tok/sec: 4,734 | bf16_mfu: 0.00 | epoch: 1 pq: 0 rg: 4 | total time: 3.76m | eta: 0.0m
step 00991/01000 (99.10%) | loss: 6.436745 | lrm: 0.14 | dt: 223.23ms | tok/sec: 4,587 | bf16_mfu: 0.00 | epoch: 1 pq: 0 rg: 4 | total time: 3.76m | eta: 0.0m
step 00992/01000 (99.20%) | loss: 6.477120 | lrm: 0.13 | dt: 203.48ms | tok/sec: 5,032 | bf16_mfu: 0.00 | epoch: 1 pq: 0 rg: 4 | total time: 3.76m | eta: 0.0m
step 00993/01000 (99.30%) | loss: 6.487737 | lrm: 0.12 | dt: 215.54ms | tok/sec: 4,750 | bf16_mfu: 0.00 | epoch: 1 pq: 0 rg: 4 | total time: 3.77m | eta: 0.0m
step 00994/01000 (99.40%) | loss: 6.516275 | lrm: 0.11 | dt: 261.76ms | tok/sec: 3,912 | bf16_mfu: 0.00 | epoch: 1 pq: 0 rg: 4 | total time: 3.77m | eta: 0.0m
step 00995/01000 (99.50%) | loss: 6.493487 | lrm: 0.10 | dt: 236.74ms | tok/sec: 4,325 | bf16_mfu: 0.00 | epoch: 1 pq: 0 rg: 4 | total time: 3.78m | eta: 0.0m
step 00996/01000 (99.60%) | loss: 6.472991 | lrm: 0.09 | dt: 284.23ms | tok/sec: 3,602 | bf16_mfu: 0.00 | epoch: 1 pq: 0 rg: 4 | total time: 3.78m | eta: 0.0m
step 00997/01000 (99.70%) | loss: 6.450896 | lrm: 0.08 | dt: 441.40ms | tok/sec: 2,319 | bf16_mfu: 0.00 | epoch: 1 pq: 0 rg: 4 | total time: 3.79m | eta: 0.0m
step 00998/01000 (99.80%) | loss: 6.493165 | lrm: 0.07 | dt: 256.43ms | tok/sec: 3,993 | bf16_mfu: 0.00 | epoch: 1 pq: 0 rg: 4 | total time: 3.79m | eta: 0.0m
step 00999/01000 (99.90%) | loss: 6.569023 | lrm: 0.06 | dt: 256.34ms | tok/sec: 3,994 | bf16_mfu: 0.00 | epoch: 1 pq: 0 rg: 4 | total time: 3.80m | eta: 0.0m
Peak memory usage: 0.00MiB
Total training time: 3.80m
